text,label,source
i cant help but agree with the headline at the bottom bright side the youtube channel is annoying,anger,goemotions
crap well its still horribly high on vancouver island wonderful,anxiety,goemotions
id say british humor isnt for everyone i think he was on point most of the time,cognitive_fog,goemotions
man i remember playing street hockey at desert breeze growing up good times,happiness,goemotions
this is wrong on so many levels,anger,goemotions
thanks bud,happiness,goemotions
this video was close to being the most famous video in history,happiness,goemotions
i already called the county i got married in trying to find out about it but they had nothing on either of us about a divorce im so anxious,anxiety,goemotions
wait how do u know he is a therapist,cognitive_fog,goemotions
interesting i know another millionaire who takes to twitter and rambles in an attempt to distract people from negative news about him,cognitive_fog,goemotions
im now scared to post this link i guess i should stop,anxiety,goemotions
that was just embarrassing we should not be loosing here,anxiety,goemotions
sorry your diverse inclusive baby was aborted,sadness,goemotions
having no position is in itself a position im not sure which party is more likely to split right now,cognitive_fog,goemotions
yeah i don’t like my friend’s opinion either,anger,goemotions
lmao i love this i love speaking nonsense to myself as well,happiness,goemotions
this is a toxic behaviour get rid of him as soon as possible,anger,goemotions
i thought you were and name too,cognitive_fog,goemotions
i wonder if that child puts it on his resume,cognitive_fog,goemotions
eh for the right money you cant go wrong letting the kid earn it,anger,goemotions
thank you for your comment i didnt know phoenix had a subreddit so now im subbed,happiness,goemotions
oh name you idiot,anger,goemotions
i am feeling anxious since morning,anxiety,project_authored
wow jurassic park looks a lot different than in the cinema,cognitive_fog,goemotions
great post glad you had a good time here xpost it to rtravel,happiness,goemotions
these stupid fucking cunts don’t even use “shade” correctly name would toss them off the pier,anger,goemotions
i laughed so hard,happiness,goemotions
hijacking this is a good thingchicks llike guys with balls and chicks with balls,happiness,goemotions
yeah i dont think so lol,happiness,goemotions
those mindsets are extremely dangerous to our democracy,anxiety,goemotions
you shouldnt skip to any scene this is a masterpiece from start to finish,neutral,goemotions
the poor car,sadness,goemotions
im imagining impossible skill checks doc with a pig being in madness 3 with a reverse bear trap on you in the radius of unnerving pressence shutters,neutral,goemotions
oh man i was being facetious it annoyed me so much,anger,goemotions
cute but i dont like where this is going,anger,goemotions
thanks for adding water to an old nightmare,happiness,goemotions
and those are countries ruled according to religion principles,cognitive_fog,goemotions
really sad how often people dont go into the closest lane first and then change lanes when safe to do so,sadness,goemotions
ok my apologies then,sadness,goemotions
the second half of the game was a big disappointment for me i really wish they kept the family around for much longer,sadness,goemotions
that was an horrendous season to an otherwise amazing show,anxiety,goemotions
i completely agree with you just the whole mood against abortion gets my blood boiling,anger,goemotions
theyre not giving you better than this most likely so just open them,neutral,goemotions
im ashamed that while trying to figure out what tke stands for all i can come up with is tau kappa epsilon,anxiety,goemotions
liesaboutflossing sorry if i used the wrong pronoun,sadness,goemotions
idiots gonna idiot,anger,goemotions
i’m sorry i don’t have the box with me,sadness,goemotions
read the linked,neutral,goemotions
happy anniversary ❤,happiness,goemotions
haha thank you i do love a good tea,happiness,goemotions
sir the fuck down this is an intervention we need to talk,anger,goemotions
that would really piss them off,anger,goemotions
very creepy horrorthemed very accurate description and only from a few second piece of an audio recording,anxiety,goemotions
shut up about the sun shut up about the sun,anger,goemotions
eh not sure we shoulda fired name name was regarded as one of the best for quite a long time,cognitive_fog,goemotions
takes a random post from this subreddit when theres no plates,neutral,goemotions
i think that making someone an approved submitter might get around that not 100 sure though,cognitive_fog,goemotions
she did,neutral,goemotions
yeah it’s not exactly rocketpropelled hot wheels cars playing soccer but eh i’m down,sadness,goemotions
name i’m so sorry sweety,sadness,goemotions
ad hominem fallacy,neutral,goemotions
thats a really good one too i am pretty upset to learn how limited my vocabulary is,sadness,goemotions
i cant understand why pepsi and coke are the two most popular sodas or why fans think theyre so different,cognitive_fog,goemotions
please explain how this is stupid,anger,goemotions
did a lousy job my dishes are still dirty,sadness,goemotions
♪… im here without you baby but youre still on my lonely mind i think about you baby and i dream about you all the time ♪,loneliness,domain_relabel
im disappointed name never plays guitar again,sadness,goemotions
this is literally the only thing i know about warhammer orks and i feel kind of bad about that its the coolest concept faithbased technology,anxiety,goemotions
everyone likes name,happiness,goemotions
latestage reddit im afraid its malignant there are only palliative care options available at this point,anxiety,goemotions
misandry is not part of our feminism here don’t make such comments again,anger,goemotions
um yea you’re being creepy stop stalking her,anger,goemotions
youre going to get behind our anointed centrist establishment candidate and youre going to like it how did 2016 turn out for you again,happiness,goemotions
honey mustard,neutral,goemotions
i do hate fortnite dances,anger,goemotions
i love polo shirts,happiness,goemotions
i love it she really snapped,happiness,goemotions
i still have empathy because shes a human with a family every bigots are human,cognitive_fog,goemotions
thats what i thought he can be very lucky to walk away from that,cognitive_fog,goemotions
and she will try so be careful op,anxiety,goemotions
royalty half of them are all related one way or another,neutral,goemotions
the house feels empty and lonely,loneliness,project_authored
but what volumes does the 3rd chart speak,cognitive_fog,goemotions
dream market is also down for me in the usa,anger,goemotions
name isn’t even a homer at this point he’s just dumb,anger,goemotions
i love it that theyre filming this with a phone or something,happiness,goemotions
i agreed with your comment until you told people they shouldn’t be parents for not knowing the difference between deodorant and antiperspirant,anger,goemotions
wow this is terrifying,anxiety,goemotions
hers are just terrible i’ve seen the look great on other people,anxiety,goemotions
this must have been the fastest reply ive ever gotten omg,neutral,goemotions
ill admit i wanted to be upset because i dont identify as a feminist but also that dress is super cute omg you are very talented,sadness,goemotions
i appreciate name diving for that but because he did it lead to wide open korver transition 3 about as automatic as it gets,neutral,goemotions
marlins name of wow talk about a blast from the past i don’t remember him being so highly regarded as a prospect,neutral,goemotions
indeed this episode is for me the best one officially im scared for the finale,anxiety,goemotions
this im sorry but this is a dumb reply ofc it was fake kindness golly,sadness,goemotions
how dare you hate name,anger,goemotions
i cant tell if this is a happy or sad ending 😐,cognitive_fog,goemotions
if 23andme and facebook team up you get a sample and find hee facebook user with the matching sample,neutral,goemotions
i was told ignar was going to be awful by this sub,anxiety,goemotions
petsitting is over didnt know i was lonely without a doggo until now,loneliness,domain_relabel
i am struggling with sadness today,sadness,project_authored
i think you should be able to with enough skill and precision but not in a spam swing fight i agree,anger,goemotions
yeah theres even more registered online scary,anxiety,goemotions
name being discussed as top 1520 pick name top 5 and name early round 2 this would be the most amazing draft ever though lol,happiness,goemotions
agreed to your statement,neutral,goemotions
i tried doing this for my son but he was afraid of it,anxiety,goemotions
what if i dont want the service why should i be forced to purchase that service,cognitive_fog,goemotions
totally came to ask this question too,cognitive_fog,goemotions
go support them then,neutral,goemotions
actually there are some terminals now that let you disable it lmao very sad,sadness,goemotions
detective from svu,neutral,goemotions
oh right that was a huge leap my bad,sadness,goemotions
name s that d shut it down,neutral,goemotions
i feel lonely and isolated,loneliness,project_authored
i am shocked shocked i tell you,anxiety,goemotions
i really didn’t wanna get up to do stuff today,anger,goemotions
it was genetic iirc and he had corrective surgeries on both shoulders eventually,neutral,goemotions
sorry i read that as newly white and it cracked me up,sadness,goemotions
only beijing forbidden city and national museum are great 100 pre day would be enough to find a decent hotel,cognitive_fog,goemotions
really thats very interesting,happiness,goemotions
that only works for the ironclad,neutral,goemotions
yes i love her laugh so much,happiness,goemotions
why is there a huge focus on the living room the perspective confused me so much,cognitive_fog,goemotions
im feeling the same as you exactly the same bro i hope you get better and find someone,sadness,goemotions
my dvr did the same thing as yours damn them,anger,goemotions
thats why i sleep with 4,neutral,goemotions
i am enjoying my day so far,happiness,project_authored
i feel overwhelmed and tense,anxiety,project_authored
sorry you feel that way,sadness,goemotions
oh sorry bud didnt mean to be rude,sadness,goemotions
the guy who tells people to shut up,neutral,goemotions
done it since i was a kid i was very edgy,anxiety,goemotions
and op is not self deprecating,anger,goemotions
thats not how any law works,anger,goemotions
i dont care what idiots think about me,anger,goemotions
i wish name would read our subreddit and comment in here,neutral,goemotions
because name was definitely pregnant with both a boy and a girl when he got on yup,neutral,goemotions
any one of us could be a journalist and that level of journalism feeding the masses is mildly scary,anxiety,goemotions
she even tweeted the ghost adventures crew oh wow,happiness,goemotions
my biggest question is who is name also who are the name also who is name,cognitive_fog,goemotions
and did i say they didnt read the whole thread you bimbo,anger,goemotions
makes me sad ill never be with a beautiful woman,sadness,goemotions
i like your attitude you seem like a good person,happiness,goemotions
hm so sad am i supposed to feel bad for you because you dont look like name phelps btw hes on steroids no doubt,sadness,goemotions
i said this somewhere else but i swear that man in the hood is caucasian but that was actually hilarious,happiness,goemotions
this is the strangest rendition of our national anthem that i’ve ever heard,happiness,goemotions
id like to apologize on behalf of all azwel mains,sadness,goemotions
i feel cheerful and hopeful today,happiness,project_authored
3 name you were too good for this world,sadness,goemotions
you know you make inroads do 5 points better each time few cycles down the lane you have a tossup on your hands,neutral,goemotions
the best boy,neutral,goemotions
spoken like proud slaughterbound crotch fruit,anger,goemotions
how insulting to beavis and butthead,anxiety,goemotions
absolutely it takes me back to a much happier time when i die i hope i go to san junipero,happiness,goemotions
women arent smart enough to see an intellectual kino du art like name multiple times,anger,goemotions
hell win you two games in dramatic fashion and quietly lose you 10 by shooting you out of the game,neutral,goemotions
name i hate my hometown,anger,goemotions
b e n,neutral,goemotions
dammit,anger,goemotions
right because name was a circumcized name who died for our sins,anxiety,goemotions
man is still the most extraordinary machine of alland women are even cooler name,neutral,goemotions
rahway mechanical llc should be able to great guy,happiness,goemotions
watching name play after quite some time she has lost insane amount of weight did this happen after stabbing incident,cognitive_fog,goemotions
i was so scared i thought the kid was going to backpedal into a street,anxiety,goemotions
its extremely common hell you probably have it yourself and just dont know,cognitive_fog,goemotions
that scared me,anxiety,goemotions
this is the first time i’ve ever been reposted i’m honored,happiness,goemotions
i am so sorry my kids are the only thing keeping me going the loneliness is agony,loneliness,domain_relabel
but its such a lovely place i might need help,happiness,goemotions
first i was afraid i was petrified,anxiety,goemotions
thanks for the lead ordered,happiness,goemotions
i feel so guilty that this picture exists i feel like i need to donate to charity after this,sadness,goemotions
especially if youre looking for the linux or mac versions which exist for a large portion of steam games,neutral,goemotions
yeah hes trash,anger,goemotions
very sad news for the man widespread travel disruption is expected for the evening commute,sadness,goemotions
so when a 22 week old infant is born premature does that thing near worthless morally,cognitive_fog,goemotions
your team lacks ethics,anger,goemotions
to show themself in public like that they never did grow up a 11 year old in a 25 year old body sad really,sadness,goemotions
shamelessly stolen from three flavours cornetto posting,anxiety,goemotions
slightly too pissed off with this comment to merely downvote not angry enough to begin tirade lunchbreak ruined,anger,goemotions
my worst fear when i finally get over someone those damn what ifs,anxiety,goemotions
i cant believe people voted us to beat sydney ive become extremely optimistic over the past few months and even i voted sydney,anger,goemotions
i wouldnt get your hopes up until youve been dating a while,anxiety,goemotions
he was recently defending the new brazilian president who is uh not left at all lol,neutral,goemotions
please keep your head up things get better stay strong,happiness,goemotions
he knew what you meant he pretended to be confused to save face that’s disgusting,anger,goemotions
he most likely saw you and just didn’t care sadly,sadness,goemotions
terrifying every time,anxiety,goemotions
yeah i killed this post reddit is a great place and im glad i made my suggestion here,happiness,goemotions
i hope she makes enough for therapy for her kid,happiness,goemotions
psst your spoiler tag is busted dont leave spaces between the and your text,anger,goemotions
now if you are in the bathroom taking care of business cat is being a bro and getting you some privacy bathroom bouncer,neutral,goemotions
i think i should say that i am a student and have no income,neutral,goemotions
it’s definitely around in eastern nebraska you can even get it at runza,neutral,goemotions
i missed this villain of the week feel of the show feels reminiscent of s1 and s2,sadness,goemotions
women have a right to their own bodies your comments are horribly patronizing they indicate that women intellectually develop slower than men which is sexist,anxiety,goemotions
it must be really sad and lonely under your bridge troll,loneliness,domain_relabel
i’m still using a laptop from 2008 and until last month i was using a phone from 2013 actually felt bad upgrading the phone,sadness,goemotions
due to work gotta stay legal edibles aren’t legal yet sadly fortunately not taking it for cancer though just pain,sadness,goemotions
i’m so nervous,anxiety,goemotions
i could go but honestly it is the worst place on earth i have 0 desire to do it,anger,goemotions
i took a picture of a farmer treating his crops with roundup yesterday it was horrifying,anxiety,goemotions
guns go off accidentally all the time don’t point them at someone unless you plan to kill them,anxiety,goemotions
name i really loved your hustle for 35 yards thats why it was so hard to cut you,happiness,goemotions
default mods you people keep saying those words like they mean something,neutral,goemotions
out of curiosity have you read the great partnership by lord rabbi name i have not but i do listen to his parsha podcast,cognitive_fog,goemotions
im afraid if i have a awful time or something like that im going to get worse,anxiety,goemotions
i find it very doglike and adorable i find it very monsterlike and terrifying,anxiety,goemotions
its called bipolar and its fatal,neutral,goemotions
i think im overly defensive tbh but yeah this relationship will be ending when i see him next,anxiety,goemotions
she must have a very boring life,sadness,goemotions
oh neat i didnt realize you guys shot it i figured the company had set up a tripod in that case i retract my complaint,happiness,goemotions
thought i was already there with the terrible title,anxiety,goemotions
what a turnaround,happiness,goemotions
name could rebound and still be overpaid depending on how hard he rebounds,neutral,goemotions
i wish nonbpd people understood the pain of a relationship ending like we do its crippling and lasts forever,sadness,goemotions
i ended up crying and breaking down once i got to my friends house im so sorry that happened to you as well,sadness,goemotions
i am seeing the insane clown posse there in two weeks and i have no idea how i am going to get home covered in faygo,cognitive_fog,goemotions
viva la tank,neutral,goemotions
sorry what i meant to say was if it had been worded differently it wouldnt have the same effect,sadness,goemotions
this is the most scary name can ever be to me cause it’s also the most real he could ever be 😂,anxiety,goemotions
the coolest of beans my friend,happiness,goemotions
those bastards lied to me,anger,goemotions
omg this is hilarious,happiness,goemotions
you seem horrible,anxiety,goemotions
season 2 has been fantastic,neutral,goemotions
i was scared for that white building,anxiety,goemotions
praise the name,neutral,goemotions
luckily everyone regrets myspace,sadness,goemotions
i find your lack of name disturbing,anger,goemotions
this is proper funny actually,happiness,goemotions
this does not sound like a good situation for a child at all imo,anger,goemotions
yes but my point is name raping name makes more sense if she gives birth to name and name not name,neutral,goemotions
“guys watch out the scary looking kid is coming down the hall”,anxiety,goemotions
i like the reference to the good place,happiness,goemotions
i really hate this jersey and it just doesnt seem like a sabres logo despite being the most accurate to the name of the team,anger,goemotions
i feel happy after speaking with my daughter,happiness,project_authored
ah alt right thinking afraid of people who have anything upstairs or between their ears,anxiety,goemotions
welli really am name one of the original neckbeards so maybe,cognitive_fog,goemotions
whatever you do dont give your virginity to anyone you will regret it if you give it up cheaply,sadness,goemotions
i actually find running harder than passing on all madden,sadness,goemotions
because it was a terrible idea,anxiety,goemotions
so not a single mp wants brexit to be canceled you really believe that,cognitive_fog,goemotions
how do you think money is created it is largely controlled by the government and is distributed to create certain results in our society,cognitive_fog,goemotions
that was an awful open shot,anger,goemotions
i know right burger king is clearly superior no wonder he is fa,cognitive_fog,goemotions
your characters so broken,anger,goemotions
you think her being a name is the reason for the hatred really,cognitive_fog,goemotions
that woman is on the fast track to being ostracized from that group real quick,neutral,goemotions
he is just awful enough to do something like that,anger,goemotions
i am embarrassed to admit that i was shocked to find out that his books all had the same exact weight and that you knew what that weight was,anxiety,goemotions
lpt if you need more money just get a better job that pays more,happiness,goemotions
is anyone familiar with what the post was about im guessing it was on the nyc hate crime,cognitive_fog,goemotions
i am irritated and cannot calm down,anger,project_authored
ok well its just an opinion maybe tcu will get it done,neutral,goemotions
stuff like this makes me worry a little less about the future generations,anxiety,goemotions
devils fan here how good is name im watching this game and was wondering how hes been and what his potential is,cognitive_fog,goemotions
fair enough you know him better than any of us do,cognitive_fog,goemotions
this made me stop subconsciously breathing and now i cant stop thinking about it,anxiety,goemotions
fam i fucking love name play gotta be the most exciting dude in the league other than name when he’s hitting everything from 30ft,happiness,goemotions
yeah sorry about that i dont mean it,sadness,goemotions
coming from name even though it’s a hypothetical question it’s still gotta feel scary,anxiety,goemotions
fuck your shitty ass title,anger,goemotions
i will eventually thank you for the kind words,happiness,goemotions
dude is really nice but i’m gonna be so upset if we ignore our huge need for a small forward again,sadness,goemotions
true he probably is just lonely thank you for the kind words,loneliness,domain_relabel
those are hoteps theyre delusional idiots no one takes them seriously,anger,goemotions
i would agree that doesn’t really address the conservative versus altright labeling issue though,sadness,goemotions
til religion are the second biggest religious group in arizonaim starting to see why its been red for so long,cognitive_fog,goemotions
me too they just slow everything down,neutral,goemotions
i’m sorry about your pup at least between the two of them she won’t be neglected i just feel badly for you,sadness,goemotions
what if she runs back to you just for more attention but still no interest in dating,cognitive_fog,goemotions
id really like to see one of these redstriped zebras,happiness,goemotions
everyone knows the name make good stuff shamwow guy,neutral,goemotions
dude she had just lost her baby too,sadness,goemotions
every single patch,neutral,goemotions
im not sure how is this as big an issue as you put it up to be,cognitive_fog,goemotions
the fuck come from nothing now something doesnt matter,anger,goemotions
hi don’t feel alone im here to talk if ya want if not thats cool too remember to try to be optimistic,loneliness,domain_relabel
yes please would make thing less overthinking and stressful,anxiety,goemotions
she liked the bumper sticker so much she decided to get it for herself,happiness,goemotions
the shocking conclusion,anxiety,goemotions
this is so scary keep safe i would put fencing up and become a licensed carrier at that point sounds like crazy druggies,anxiety,goemotions
is it really up to 11,cognitive_fog,goemotions
that sounds frustrating,anger,goemotions
that’s the face of trying your best not to smile at a bad pun,cognitive_fog,goemotions
what a crybaby don’t drink and drive,anger,goemotions
the acl is somewhere inside yes some people also said it was a lateral ligament hope he can recover quickly,happiness,goemotions
youre just upset because it accurately highlights the absurdity of the minimum wage,sadness,goemotions
this is my favorite reddit conversation i’ve seen in a while,happiness,goemotions
yeah that does actually most of this is news to me thanks for actually providing some articles,happiness,goemotions
yeah it’s the opponents club that should be scared of us we are real madrid,anxiety,goemotions
i love arbys,happiness,goemotions
i feel irritated and upset right now,anger,project_authored
invite everyone in the server it fills fast,neutral,goemotions
im a firm climate change believer but jeez that was painful to read sorry this is far from bestof,sadness,goemotions
it didnt last long sadly,sadness,goemotions
true and so sad to see somewhere along the way the governing of a country my mutual consensus turned into a national sport with 2 teams,sadness,goemotions
sorry pal it’s actually one of my least favorites,sadness,goemotions
i dont think the people who agree with this post fully understand how large a legion is,anger,goemotions
i cant imagine buds being very hard to find in hawaii,anger,goemotions
true i guess we all cheer for salt lake since they are directly affiliated with us,cognitive_fog,goemotions
if hes telling the truth he wont get fired for this because hes too essential,neutral,goemotions
that was helpful to hear thanks for your response,happiness,goemotions
fine i hope he has a fine wife and she’s fine if he shall need to pay a fine,happiness,goemotions
i came here for this you and your fancy teeth filled with toxic pfas can bite me,anger,goemotions
i enjoy fixing problems i think of it as a task that i can achieve people get to overworked when they set too unreachable goals,happiness,goemotions
til cheddar cheese didnt originate in the us thank you,happiness,goemotions
yep and because you do you’re going on the highway to hell,anger,goemotions
the faces in that drawing are kinda horrifying,anxiety,goemotions
lmao good luck tryna convince anyone you’re not just a brain washed redpiller tryna start shit just for validation,anger,goemotions
name buddy name being lonely is only much needed solitude in disguise a break from all the shit,loneliness,domain_relabel
sorry about that,sadness,goemotions
wonder which one belongs to name and what would be his final carbon footprint tally for this trip alone,cognitive_fog,goemotions
such a disappointment mobile games are such a shallow replacement for a full sequel what a let down,sadness,goemotions
i am not feeling good,sadness,project_authored
i dont know who wrote what but good call the ds are completely different from one to the other,cognitive_fog,goemotions
of course he will lie cheat and steal to make him self relevant to the public horrible person,anxiety,goemotions
thanks for your advice,happiness,goemotions
hugs my teddy bear and starts crying,sadness,goemotions
sometimes i feel bad if i dont every now and then i mostly talk with her on scig tho,sadness,goemotions
hes not wrong,sadness,goemotions
then name took little donnie two scoops out to get a happy meal because hes been such a good top businessman,happiness,goemotions
what is the least confusing racism to you,cognitive_fog,goemotions
i really hate this family nothing but snakeoil salesmen whos negative influence will reverberate for a new generation of young women who deserve better role models,anger,goemotions
that entire family is so embarrassing,anxiety,goemotions
hey just noticed its your 2nd cakeday fleecethread hug,happiness,goemotions
these people are holding our country back im happy natural selection is taking its course,happiness,goemotions
tiki lounge always smells like sewage im surprise its lasted this long,anger,goemotions
name you people are so fucking dumb,anger,goemotions
im just curious all those people who blamed you for his infidelity what are they saying now,cognitive_fog,goemotions
thats a succinct explanation thanks,happiness,goemotions
short and simple more embarrassing being a janitor or being in the unemployment line,anxiety,goemotions
shut tf up name,anger,goemotions
oh my name thats so awkward,anxiety,goemotions
sadly i’m younger 15,sadness,goemotions
new book or is he talking about 12 rules,cognitive_fog,goemotions
im not trying to intimidate you just saying that what you are doing is wrong and illegal and you should stop doing it,anger,goemotions
i am upset and weak,sadness,project_authored
name combat is terrible and the only reason i don’t play it anymore,anxiety,goemotions
thought they would be his least favorite band,neutral,goemotions
i can relate it kind of breaks your heart and your spirit doesn’t it,cognitive_fog,goemotions
worrying what other people think is what collectivists have brainwashed you to think and feel you are just a coward making excuses for your cowardice,anxiety,goemotions
i’d rather have 50 every time i see a variation of this prompt lol,happiness,goemotions
this is traumatising,sadness,goemotions
what are those baby blue thingies,cognitive_fog,goemotions
not the right sub im afraid,anxiety,goemotions
how much out of curiosity’s sake,cognitive_fog,goemotions
poor wee thing is probably terrified somewhere,anxiety,goemotions
not a single one of these allegations are of russian collusion its more perjury trap nonsense,anger,goemotions
and no one seemed to care except that lonely woman with white hair,loneliness,domain_relabel
i enjoyed the 150 seconds of this person going about their day uneventfully,happiness,goemotions
uploaded sept 20 2016 frysuspiciouseyesjpg,neutral,goemotions
this hurts to watch,sadness,goemotions
haha damn this put a huge smile on my face good job on handling that situation this almost deserves its own post,happiness,goemotions
things can be a little bit true you know it isnt all or nothing do you consider yourself a skeptic by the way,cognitive_fog,goemotions
well that’s horrific,anxiety,goemotions
gotta boost that self esteem,neutral,goemotions
lots of love,happiness,goemotions
its the top comment how weird,anger,goemotions
dude are you okay,cognitive_fog,goemotions
student of the game amazing physical attributes and devastating punching power humble enough to take bits and pieces from legends,anxiety,goemotions
kamala 2020,neutral,goemotions
im still a little surprised at how god awful that defense was the bengals definitely have some talent to work with,anger,goemotions
and if thats the case then there is no helping him it sucks that those people cant be helped,anger,goemotions
mmmm looks like some delicious asbestos tile being rubbed there,cognitive_fog,goemotions
notleynomics helps grow the economy once again thank name we have such good governance,happiness,goemotions
im sorry you felt alone its a terrible suffocating feeling of dread i hope you are feeling better and that you are in good health,loneliness,domain_relabel
oh yeah definitely sometimes i was with three people while on one date,neutral,goemotions
hot bath helps me or just heating pad on my breasts looks awkward but it helps,anxiety,goemotions
i reject that name cant defend now his legs being gone that might have legs,anger,goemotions
name cut spending significantly,neutral,goemotions
yo this name was literally pulling moves out of the hitman games jumping over to your balcony thats terrifying,anxiety,goemotions
that is not a law its a freaking poem that someone decided to write,anger,goemotions
2017s sky high fees proved that this tech fails on a large scale its a disappointing reality,sadness,goemotions
they talked about choosing either stance tho and i thought i read menu which makes me think of morrigan ult,cognitive_fog,goemotions
do you not commute to work its still like that during rush hour traffic,cognitive_fog,goemotions
she got exactly what she wanted,cognitive_fog,goemotions
there are levels of survival we are prepared to accept,neutral,goemotions
uhh speak for yourself maybe youre just too jittery ive not had a problem you simply dont move the stick and it wont move,anxiety,goemotions
no thats stupid,anger,goemotions
you seem pretty upset about this its not an email it is a formal filing it doesnt surprise me you dont understand that though,sadness,goemotions
they are so old and so predictable that they can not see how “silly” they look when they post articles like this,sadness,goemotions
a track would be much more suitable for this kind of recklessness keep this kind of dangerous driving off of public roads,anger,goemotions
i dont like name she is not relevant to the series,anger,goemotions
go you,neutral,goemotions
go pursue that education let name wallow in her own sadness,sadness,goemotions
i’m very sorry for the loss of your friend,sadness,goemotions
and when the 4th quarter needed it most it vanished,sadness,goemotions
i miss being little 😭😭😭,sadness,goemotions
right before that he called name for getting barged in the back and nearly kicked in the face weird performance didnt change the result mind,anger,goemotions
brilliant i have absolutely no idea whats going on,cognitive_fog,goemotions
you can anything you want when you have jordan bone,neutral,goemotions
because idiots in this sub care too much about what other people have on their screen it only tells me that too many people on here are narcissists,anger,goemotions
just sitting in the fast lane fishing for tickets ugh,anger,goemotions
oh that sounds gross now i have this horrible deamon alien like picture in my head 🤢,anxiety,goemotions
that arm flail of “ahhh stranger danger” cracked me up then sealed with a boop,neutral,goemotions
and everybody clapped fuck this loser,anger,goemotions
these name impersonators are getting terrible,anger,goemotions
yup not anymore keep your blood sugar up it really helps and drink water,neutral,goemotions
“people said i was stupid for stretching out my lobe so far that it ripped well who’s stupid now”,anger,goemotions
imagine being scared of a black bear,anxiety,goemotions
i interview applicants and respect people that ask about work life balance and harassment policy are applicants afraid of asking these questions,anxiety,goemotions
this is horrifying,anxiety,goemotions
im sorry dude drumming octopuss,sadness,goemotions
true im just glad i didnt have to go through my high school years we the her,happiness,goemotions
don’t i know it i can’t believe this breading station thing is so enormous,cognitive_fog,goemotions
my first thought was how bloody your hands are when your downed you turned blood and gore off good man,cognitive_fog,goemotions
i’m genuinely surprised that name didn’t believe name lipstick speech like that shit genuinely moved me,sadness,goemotions
i can understand political acrimony but the death of humor is really disappointing very sad indeed,sadness,goemotions
huge difference so important amen sister,cognitive_fog,goemotions
the ideal is not to have hope but to act like you do but if you must chose pick the former,neutral,goemotions
weed has never killed anyone until now,cognitive_fog,goemotions
hahahaha i love this man,happiness,goemotions
put it in a box and wrap it like a present bring it on as carry on,neutral,goemotions
oh hey this is pretty awesome ive never seen such a concise itinerary on one page before,cognitive_fog,goemotions
ive never heard of him do you have a link curious to see if he has any videos on accents im familiar with,cognitive_fog,goemotions
pretty good but i would put the bishop on b4 so that the knight will be in danger of the queen after taking the bishop,anxiety,goemotions
holy shit i’m stupid,anger,goemotions
yeah it’s a repost i saw this same exact post in a different subreddit couple months ago,neutral,goemotions
11 an hour doesnt leave a lot of room to be a hero,anger,goemotions
that moment when you feel isolated in rforeveralone never had anyone like me,loneliness,domain_relabel
you forgot our dear friends from paris,sadness,goemotions
am i the only one who really wants to know exactly what shit went down between them,cognitive_fog,goemotions
you dodged a bullet she sounds like shes easily manipulated and theyre nightmare in laws bad combo,anger,goemotions
im sorry for you but that pic is in the wrong subreddit,sadness,goemotions
youre welcome hope you enjoy them as much as i did,happiness,goemotions
honestly this type of support sounds very shallow it’s not like you’re gonna support women in any way when their babies are born,anger,goemotions
he’s been a duke homer since the 90s lol at this point in his career we know what we’re getting with name,happiness,goemotions
my mood is normal today,neutral,project_authored
that makes sense you had a good reaction time glad no one was hurt,happiness,goemotions
bet thatd cut down on road traffic accidents,neutral,goemotions
i feel worried and overwhelmed,anxiety,project_authored
being lonely without him is far better than being lonely with him good line im stealing that one,loneliness,domain_relabel
holy shit amazing response,happiness,goemotions
don’t worry he’s more afraid of you than you are of him just act tough it’ll workmaybe,anxiety,goemotions
how did i miss that,cognitive_fog,goemotions
agreed you cant count on him every night the entire team is frustrating as hell,anger,goemotions
yep i dont know how are arent up,cognitive_fog,goemotions
origin peak is a volcanic island less than 2000 years old volcanoes can appear very quickly,neutral,goemotions
seeing name score on them was unbelievable how embarrassing,anxiety,goemotions
there is too much pressure on me,anxiety,project_authored
i’m shocked that no one got whooshed by this comment,cognitive_fog,goemotions
i think it it would have been even worse if that was the case,anger,goemotions
your post is cogent rationale and completely confirms what i have always to some degree felt deep down thanks for sharing,happiness,goemotions
it is a regular day for me,neutral,project_authored
typical spewing of logical fallacies by a dotard go back to bestgunnit and play with the other special needs children,neutral,goemotions
possibly cool idea not well thought out,anger,goemotions
sorry thats a mistype i mean equally irresponsible,sadness,goemotions
its disgusting where our society is free tube sites need to be banned,anger,goemotions
as a closing tm that’s terrifying,anxiety,goemotions
some fragile egos seem very upset at the ad womp womp,sadness,goemotions
they 100 know each other maybe not personally,cognitive_fog,goemotions
wasn’t the black saber first seen in the clone wars but otherwise all true,cognitive_fog,goemotions
sad truth is you cant run away from who you are no matter how hard you try,sadness,goemotions
i’m broke dealing with my own mental illness and immediately concerned with just keeping the peace,sadness,goemotions
im not confident in name but he may be the best option,cognitive_fog,goemotions
fuck off,anger,goemotions
uh yeah that was a dumb question and if you thought it was going somewhere you re dead wrong,anger,goemotions
that is crazy,anger,goemotions
updooted like the filthy animal i am,neutral,goemotions
it’s got to be embarrassing at this point,anxiety,goemotions
go in appropriate attire with several copies of your resume and list of references good luck,happiness,goemotions
yeah it’s just a pointless invasive comment when it’s coming from a stranger,anger,goemotions
same can be said for fragile liberals who cant handle cultural traditions and keep trying to push the envelope,anger,goemotions
he broke the wheel so bad its going backwards,sadness,goemotions
yes that is so true why didn’t i think of that,cognitive_fog,goemotions
in sorry but that seems like quite a shallow grave,sadness,goemotions
ive read his and name further response and feel curious on the gofundme creators authenticity butnthats just me yay for positivity,cognitive_fog,goemotions
this is good what is it es carne de burro heh my names name,cognitive_fog,goemotions
today has been emotionally difficult,sadness,project_authored
im so glad name is better looking than how hes depicted in ufc ea 3,happiness,goemotions
no just a bastard pastry,anger,goemotions
oh sorry ill do that,sadness,goemotions
after name comment the stock prices fell and the name was never heard from again crab juice went up 4 points,neutral,goemotions
what did i ever do to you,cognitive_fog,goemotions
a mad men fan nice unfortunately i dont have any idea where to get this at,cognitive_fog,goemotions
its soooo cringy that i had to watch it again,anxiety,goemotions
im thinking like an old guy who doesnt want to deal with the responsibility of head coaching anymore,anxiety,goemotions
classic imperialism at its finest,neutral,goemotions
great for him to admit it not many people are that humble,happiness,goemotions
pls come back,neutral,goemotions
i feel disappointed and low,sadness,project_authored
i drove to alaska from washington state a couple years ago in a tractor trailer those roads are already pretty interesting,cognitive_fog,goemotions
i mean yeah tbh,neutral,goemotions
you clearly dont have a clue about name career so dont start worrying about it now,anxiety,goemotions
sub chill i see what you did there,cognitive_fog,goemotions
i was petrified,anxiety,goemotions
that sounds terrible,anxiety,goemotions
general population are scared of press,anxiety,goemotions
i guess thanks,happiness,goemotions
literally wasn’t the worst effort of the season,anger,goemotions
that weighs heavy on the heart i’m so sorry for your loss,sadness,goemotions
i do not feel good today,sadness,project_authored
name just make one shot and we’ll be happy,happiness,goemotions
wasn’t it 99 of the world’s population like how in the fuck is that even possible,cognitive_fog,goemotions
i enjoy that general area sections 203205 are good sections pricewide and view wise,happiness,goemotions
im afraid ill pick something else,anxiety,goemotions
oh god how i always wish she shows up to the lonely hearts party every time i watch that episode,loneliness,domain_relabel
wow i think youve done all you can,happiness,goemotions
of course man i really appreciate this but its okay i can just message you through here its fine,happiness,goemotions
this is so accurate,neutral,goemotions
i am mad about what happened this morning,anger,project_authored
the word nourish makes me cringe now tbh,anxiety,goemotions
florida he got two,neutral,goemotions
just watched this last night ron u make ma heart melt 😭,sadness,goemotions
well quite now i’m all annoyed,anger,goemotions
real class a asshole there,anger,goemotions
that feeling when you hire a really horny electrical engineer to make a comic,happiness,goemotions
cannot confirm i don’t see any dictatorship yet,cognitive_fog,goemotions
im sorry for your loss from the picture it looks like he had a great life if that helps,sadness,goemotions
its like an arts school but with dangerous easily weaponizable spells being flung all over the place,anxiety,goemotions
fournier with at least one air ball a game,neutral,goemotions
excellent analysis,happiness,goemotions
its very normal in most parts of the world it just rightfully appears horrifying to those in 1st world countries,anxiety,goemotions
ive been married 31 years and name still waiting whos the beta now name,neutral,goemotions
i love how his armor got bigger and bigger as he got progressively fatter,happiness,goemotions
you dont get to judge me,anger,goemotions
love that guy,happiness,goemotions
i can feel that mans feelings and im crying,sadness,goemotions
thank you for explaining,happiness,goemotions
i know what i said son,neutral,goemotions
nothing much is happening today,neutral,project_authored
nah youre fine this is why all souchefs are heathen,cognitive_fog,goemotions
if it gets caught it cant breed😱,anger,goemotions
many thanks,happiness,goemotions
you could notice he was a little bit nervous i think that was the main reason for his way of playing in this game,anxiety,goemotions
the 5 days got an audible name out of me thats terrifying,anxiety,goemotions
should probably go see some sort of doctor tbh,neutral,goemotions
very succinct and accurate,neutral,goemotions
infp i’m a very selfless person which helped me find friends but not a love interest or a partner,sadness,goemotions
i’d be afraid to get high after that yo,anxiety,goemotions
damn also awesome for the victims and others who spoke out about the abuse,anger,goemotions
name has a very high release point he throws like a 63 qb he also has a giant hands,neutral,goemotions
i feel sad and low today,sadness,project_authored
also hate the little 2 wheeled zapper,anger,goemotions
but i have to admit its catchy this is not and has not ever been an inherently positive characteristic about any song,sadness,goemotions
oh heck owo,neutral,goemotions
edgy bro,anxiety,goemotions
name is my 2nd favorite qb after name very high ceiling and name always seems to get the best out of his qbs,happiness,goemotions
my ego is pretty ok my funometer is a little off and needs calibration probably though,cognitive_fog,goemotions
a sorry lot,sadness,goemotions
seeing people overtaking on the right makes me anxious,anxiety,goemotions
sorry pal but your just england’s b team,sadness,goemotions
i feel i should do this even after living here for 7 years ive barely done any touristy things shame on me,anxiety,goemotions
truly wretched,sadness,goemotions
two different writers have two differing opinions im shocked just absolutely shocked i tell you,cognitive_fog,goemotions
depends on the drug weed makes me antisocial and when im in public i feel paranoid and i feel like everyone knows im high,anxiety,goemotions
i love this now when commies say they had the word libertarian first we can say we had class analysis first,happiness,goemotions
did it taste good i bet it tasted good,happiness,goemotions
spent time with them argue with them laugh with them cry with them we all get lonely when we are old,loneliness,domain_relabel
i think we still have a decent shot at the playoffs because the hornets are also really bad but i would rather miss it and tank tbh,happiness,goemotions
i had a big omnibus edition it was great but a good 45 inches thick,cognitive_fog,goemotions
we got some good sex scenes or is it blue balling bs,cognitive_fog,goemotions
that’s what i meant sorry bout that never fold aks pre,sadness,goemotions
not starting it at that temperature is a great way to drain your car of an ability to start pick your poison,anger,goemotions
i want to cry and rest,sadness,project_authored
i’m sorry mr name,sadness,goemotions
very insightful and tragic post op thank you for sharing and raising awareness as someone who has been through the trenches,happiness,goemotions
that whole name bit of im not gonna rape you im a little boy is oddly on target,neutral,goemotions
it was a few years ago now i’m afraid i don’t have it or i would,anxiety,goemotions
does it tickle inside your nostril i always imagined it would be annoying,anger,goemotions
i avoid them like the plague and report them,anger,goemotions
sometimes i think its like the movie shallow hal you see the person for who they really are on the inside and its terrifying,anxiety,goemotions
i wanted to romance name more than ive wanted to romance more than any other character in the series such an awesome dude,happiness,goemotions
ah i was also confused but i think they mean friends around the same age,cognitive_fog,goemotions
55 here of course i could never catch me one of those wonderful incels,sadness,goemotions
thanks for the recommendation hopefully my ulta will have some to swatch,happiness,goemotions
actually whoosh doesnt apply here because the criteria for whooshing is different,anger,goemotions
tournament was a blast met some really cool people loved it all thanks for holding it would love to do it again someday,happiness,goemotions
sounds like my sil with mehubby but shes a bitch and we never liked her anyways so neither of us really care lol,anger,goemotions
no no totally justified,cognitive_fog,goemotions
that is so creepy and scary imagine if he really was a dr and the only one available in your hmo,anxiety,goemotions
probably scared they’re gonna get flashed by a camera,anxiety,goemotions
sadly i think this is true maybe this is the incentive adults need to get into action,sadness,goemotions
lol this lasted long,happiness,goemotions
this is my fiancé and i hate it,anger,goemotions
and i can’t blame you whyy they are beautiful little bugs,anger,goemotions
words of wisdom do spend that cash in upgrading your ability cards,happiness,goemotions
happy new year everyone,happiness,goemotions
this was such a genius character even reading quotes makes me breakout laughing every time,happiness,goemotions
i hate that its over an interstate bridge so people traveling from the west from other states have to look at it edit because its fucking corny,anger,goemotions
gotta wonder how a fake bc could possibly result from a mixup,cognitive_fog,goemotions
imagine if you lived here and these people were your parents welcome to my reality,neutral,goemotions
that poor girl who said shed help out is about to get a surprise when she finds out she has to pay for the coffee,cognitive_fog,goemotions
the only death that made me feel any emotion and it wasn’t even the death itself,sadness,goemotions
a complete lack of selfreflection is a prerequisite for being a name supporter,sadness,goemotions
look on the bright side i dont know what your bright side is but just look at it,cognitive_fog,goemotions
only a dozen times that’s nothing you can do that in one evening you’re giving up before you even tried,anger,goemotions
death of fear is certain,anxiety,goemotions
apologies i take it all back as i’ve just seen his latest effort,sadness,goemotions
dont let your high expectations of government disappoint you,sadness,goemotions
maybe a wall of traffic,neutral,goemotions
whhhaaa really when was this,cognitive_fog,goemotions
dude i think youve just proven my point,cognitive_fog,goemotions
so then what do i do should i tell priests will they kick me out,cognitive_fog,goemotions
it should go well with kratom anyway i need to just eliminate anxiety and not have cravings,anxiety,goemotions
hope they had fun in the snow,happiness,goemotions
it’s pretty cringe,anxiety,goemotions
the huge attention paid by powerful male republicans takes makes a lot more sense when you consider this might be what they thought it was about,neutral,goemotions
greasy bastards are getting part of what they deserve some fines just don’t seem to be enough sometimes,anger,goemotions
and that still doesn’t debate the fact that he’s all about the money,cognitive_fog,goemotions
if youre cold and lonely theyre cold and lonely bring them in,loneliness,domain_relabel
you look like a failed attempt to gene splice name and name dna,sadness,goemotions
i am feeling hopeless and tired,sadness,project_authored
i’m kind of scared to talk to my manager about it,anxiety,goemotions
so sorry to hear that matey what a good dog give him lots of pets,sadness,goemotions
some of them will have to get new vehicles to meet the requirements that means we get cleaner air wheres the problem exactly,cognitive_fog,goemotions
qb coach too shit,anger,goemotions
i do not understand what happened,cognitive_fog,project_authored
she sucks but you don’t sound much better,anger,goemotions
sadly enough i was thinking the same,sadness,goemotions
it could be bait and switch which would be a surprise,cognitive_fog,goemotions
yeah it helps me too but i still dont feel well rested the next day,sadness,goemotions
name bless you fellow name what a wonderful testimony of the changes that name can make in us,happiness,goemotions
yikes what a loony bird,anger,goemotions
wooah o didnt know name had a son xd,cognitive_fog,goemotions
which one is he playing,cognitive_fog,goemotions
i feel angry and frustrated today,anger,project_authored
to this day i get nervous reading anything with name name in it,anxiety,goemotions
congrats happy for you,happiness,goemotions
i like how the ceremony goes right out the window after he delivers the rings to get all the pets,happiness,goemotions
clearly there is only one way to solve this dilemma communism,cognitive_fog,goemotions
i pray that you will have strenght to fight for yourself and go nc,happiness,goemotions
that number 3 is soooo familiar and sad,sadness,goemotions
well yeah youve gotta paint it white yourselves,anger,goemotions
f actor here as well also willing to learn anything and everything involving film,cognitive_fog,goemotions
i want to keep name name and name also name but he doesnt want to stay everyone else can go,neutral,goemotions
stumbling out of a closet in full name outfit im afraid its not,anxiety,goemotions
this is so true,cognitive_fog,goemotions
oh man this gave me some flashbacks to awesome times playing with my dad,happiness,goemotions
ahhh good old social forced slavery for real good advice thanks,happiness,goemotions
its ok i still have no idea how to add,cognitive_fog,goemotions
as name wishes he didnt want to be buried so they had is ashes thrown in a lake in india as name wanted please respect his wishes,sadness,goemotions
those other countries clearly exploited to shit dats cuz its not mah name you with your big brain logic,anger,goemotions
yea i wouldve lost it there,cognitive_fog,goemotions
does anybody have a serious answer to this,cognitive_fog,goemotions
breath little dude breath,neutral,goemotions
name is gorgeous and so are you,cognitive_fog,goemotions
i’m so sorry for your loss if you ever want to queue pm me for my steam,sadness,goemotions
ripped but not bulky is anything but unremarkable so attractive talented and rich i cant imagine what women see in guys like that,cognitive_fog,goemotions
what in the fuck now is garbage,anger,goemotions
dunno mate italy lookin strong,happiness,goemotions
depends on whats causing the hallucinations,neutral,goemotions
so we are really going to miss the playoffs in the same season as the 10 game win streak they are who we thought they were,sadness,goemotions
no noodlebox for you then sorry,sadness,goemotions
just bulk until you can control yourself again,neutral,goemotions
should start at 1mg and see how you feel,cognitive_fog,goemotions
ohhh this sounds interesting what pod,cognitive_fog,goemotions
its not about claiming its yours its just about where it is from,neutral,goemotions
the guy is clearly kidding not sure how you missed that,cognitive_fog,goemotions
name why im curious what youre thinking,cognitive_fog,goemotions
people who had theirs stolen or bought a base model with crappy wheels,neutral,goemotions
that’s sex discrimination the male class has their own bathrooms but the female does not,anger,goemotions
are you happy at your work,cognitive_fog,goemotions
very sorry for your loss,sadness,goemotions
i would make that face too if i just realized i was hc of the new york jets,cognitive_fog,goemotions
for the night is dark and full of terrors,anxiety,goemotions
pressing q everytime garrosh tries to throw someone helps tho if u wanna play support play like one thanks,happiness,goemotions
i meanthey both seem true to me,cognitive_fog,goemotions
yep just pc this time sorry,sadness,goemotions
oohhh so you go to school on a military base is your mom or dad in the military or both,cognitive_fog,goemotions
i keep wondering about armpit waxing but the potential pain scares me,anxiety,goemotions
goldfish are awesome pets they are cheaper to replace than they are to feed d,happiness,goemotions
dirty southern wankers,anger,goemotions
you are totally right complete waste of time,anger,goemotions
you are nervous just focus on the other stuff my dude,anxiety,goemotions
the title made me laugh so much after reading this glad things are going great with your wife many more happy years to you three,happiness,goemotions
you guys are so cute together good luck with the destressing,happiness,goemotions
is it because of the accents you thought they were the same,cognitive_fog,goemotions
id be shocked if he knew much of anything about the eu,anxiety,goemotions
good luck friend,happiness,goemotions
yeah i love my friends and my own cats on drugs theyre the perfect buddies i love being with them when im tripping,happiness,goemotions
the character missions are still there but they just unlock an outfit now,neutral,goemotions
i miss my family and feel alone,loneliness,project_authored
honestly wish i could do this i miss my long hair sometimes,sadness,goemotions
if they killed off women they’d start finding reasons to kill eachother off soon enough too,neutral,goemotions
name i hope we get lucky again great job with the write up i don’t follow college ball too much so this helps a ton,happiness,goemotions
ok thats why i was so confused of why i saw two name,cognitive_fog,goemotions
an escort is a person who provides a service do you refer to waiters as it,neutral,goemotions
gone girl 2 looks like its gonna be great,happiness,goemotions
go to class,neutral,goemotions
i definetly love some epistemology,happiness,goemotions
oh name i cant tell anymore,anger,goemotions
call ambulance or police for a wellness check but make her pay the ambulance fees callout fees not op it should teach her real fast,anger,goemotions
i love the north east can’t say much for the rest though,happiness,goemotions
name damn it i hate when enemy keepers use their hands and stuff to keep the ball outside their goal make a mistake pls,anger,goemotions
ok ok we got it,neutral,goemotions
thanks for the insight,happiness,goemotions
that was such a bad yellow he had the height and positional advantage such a bad challenge,anger,goemotions
i am not sure what day it is,cognitive_fog,project_authored
this picture really drives home that the cis can be super terrifying when they want to,anxiety,goemotions
cali is getting rain this weekend so going to miss that,sadness,goemotions
the sound isnt mixed terribly like in high school kids and a nice taxidermised bear in the usa a beautiful day,anxiety,goemotions
no shit stupidest idea having a safe place for junkies to get fucked up,anger,goemotions
tribe member they arent native so thats annoying to me because i am,anger,goemotions
i literally teared up reading this that poor poor guy he has a great attitude but thats heartbreaking,sadness,goemotions
this is horrific,anxiety,goemotions
like i said previously i realise they werent commonly called asylum seekers until recently however that doesnt mean that previously they werent asylum seekers,cognitive_fog,goemotions
i gathered that part from the boulder barnes and noble part was just curious if we were ever in the same ward,cognitive_fog,goemotions
i wish i wasn’t a failure of a person,sadness,goemotions
its free real essential oils,neutral,goemotions
wow really i watched a fair bit of kr contenders i guess i just wasn’t paying that much attention,cognitive_fog,goemotions
lol additionally “learning” physiotherapy as if we dptspts didnt spend our own 3 years learning,happiness,goemotions
replace that friend with a whole pile of desillusioned friends and you might as well me,happiness,goemotions
good i want them to remain crazed more winning for us,happiness,goemotions
name now you have my attention do you want your fun fact or no,cognitive_fog,goemotions
my mind is restless and stressed,anxiety,project_authored
thanks man that feels good to hear i’m glad someone is on my side and finally understanding how i feel about this season😄👍,happiness,goemotions
tried that for a year and still scrawny and look young 😂,sadness,goemotions
beat me to it just because the news makes it seem like there is a pandemic of school shootings it is exceedingly unlikely to happen,anger,goemotions
excited for you guys to be there see you there name,happiness,goemotions
well it depends on your level class and how good you roll,cognitive_fog,goemotions
were worse to animals than we were 100 years ago js,anger,goemotions
hulu is awful for this the volume on their commercials is deafening,anger,goemotions
how crazy is that matrix confirmed,happiness,goemotions
you dont understand what money is,neutral,goemotions
did you mean all of massachusetts or just boston because im pretty sure western mass drives well,happiness,goemotions
tell that to rpolygrumps very very nsfw dude they scare me more than this sub,anxiety,goemotions
so are leftists ones you will get banned for disagreeing with someone reeeeing at trump,anger,goemotions
i used to build a ramp and jump over other kids on my bike ala name i was amazed at the time,happiness,goemotions
good meme nice meme,sadness,goemotions
this converstaion reminds me of this old name cartoon apparently some people were upset by it,sadness,goemotions
kid still sad after eating food because it wasnt a happy meal,sadness,goemotions
it’s a shitpost 😐 also don’t tell me to shut up you’re not my mom or are you,anger,goemotions
its still usually allowed if the first thing touched is ball,neutral,goemotions
i like putting myself in the girls shoes so i love romances,happiness,goemotions
i am okay and nothing unusual happened,neutral,project_authored
i think she has a good chance,happiness,goemotions
i remember when wall wal mart tried to overtake the german market eat this wal mart,neutral,goemotions
thanks dude,happiness,goemotions
that was an oldfashioned good old hockey brawl what a fight name definitely got the best of him though,happiness,goemotions
best pen in baseball even though id still take name over name,sadness,goemotions
stop spreading false hope,anger,goemotions
thats called lust and is completely normal just dont get obsessive and do things to keep you busy and dont be afraid of them feelings,cognitive_fog,goemotions
very sure they are metal,cognitive_fog,goemotions
name is from the bay im sure he believes name is the greatest of all time as well,neutral,goemotions
if they actually want to prevent abortions they should be fighting for universal healthcare comprehensive sex ed and civilized parental leave policies,happiness,goemotions
any response helps and makes me feel like i’m not alonethank you❤️,happiness,goemotions
you’re not being used but she has no right to tell you what to do with your money,anger,goemotions
yuck no im waiting until marriage obvs,anger,goemotions
bds is a discriminatory bigoted hateful movement its not just oh i disagree with some things that israel has done,anger,goemotions
name forbid someone make a joke around you,anger,goemotions
nah its still funny i think it would be less funny if it was my country tho,happiness,goemotions
shouldve just given him the sum you usually pay and transfer the burden of awkwardness onto him,anxiety,goemotions
upvoted because she follows name,neutral,goemotions
im using mine on the consumer cellular customers that come in mad at me because they have to set up an apple account to use their iphone,anger,goemotions
the only part of church im sad my kids will miss,sadness,goemotions
24 minutes is not enough time to wash long hair 1015 minutes minimum stay strong,cognitive_fog,goemotions
i fucking love danbo thanks for putting it back in my head i see my future self there in a few hours,happiness,goemotions
its my masterpiece,happiness,goemotions
lmk if u come across anything,neutral,goemotions
love the cafe zoetrope such a charming place beautiful building too,happiness,goemotions
such an ignorant comment his reasoning is public information and is right,anger,goemotions
what and you’re not a vegetable s,cognitive_fog,goemotions
yeah i think most of what name says is sensible policy but this would be a step too far,happiness,goemotions
like i said i’m glad that’s working out for him but for most of the world being gainfully employed societal norms absolutely matter,happiness,goemotions
holy shit he hit him hard,anger,goemotions
thats an adorable horsie,happiness,goemotions
hahahaha the seedy underbelly of the competitve choir world exposed,happiness,goemotions
what did it say the mods on rrant deleted it,cognitive_fog,goemotions
no your are disrespectful at least i pay my respects,anger,goemotions
a is just horrifying if she were to die i’d want her to go painlessly,anxiety,goemotions
when i drove refers i was always afraid this would happen to me i always shut my doors im just a worrier,anxiety,goemotions
really visually haunting though for me it makes me think of strange alternate futures and dystopian scifi worlds,anxiety,goemotions
it’s also extremely expensive and school options are limited just a thought i’m all about advancing your career,sadness,goemotions
me me big sad,sadness,goemotions
wow that is shockingly uncool,anger,goemotions
what the fuck got that song on repeat right now,neutral,goemotions
yeah yikes i have no idea what happened there,cognitive_fog,goemotions
you know when i typed legal tender i had a horrible feeling i was going down a rabbit hole,anxiety,goemotions
did he just hecking kill name,cognitive_fog,goemotions
yeah you motherfucker,anger,goemotions
we really missing jv,sadness,goemotions
wow no wonder everyone is driving mopeds around thats all theres room for,cognitive_fog,goemotions
yeah but even then i feel like they could’ve went about it better,sadness,goemotions
you sick fuck it has heads and arms we can’t eat that,anger,goemotions
disgusting amount of oil,anger,goemotions
its so really sad how praising the creator name has become something associated with terrorism astaghfirullah,sadness,goemotions
naw man asain men have an easier time most of my asain friend are pretty boy fuckbois lol,happiness,goemotions
oh my name i can’t handle this,sadness,goemotions
lol still makes me laugh,happiness,goemotions
but should i and who would i report that too since none of us 3 are in the same country,neutral,goemotions
only solves her loneliness though that kid is not reproducing with anybody unless theyre not the only ones left on earth,loneliness,domain_relabel
i am practicing an speech for tonight when he drops by to see my dad i am every level of nervous,anxiety,goemotions
proud of you,happiness,goemotions
youre pushing me to adopting irrational and nonsensical beliefs dogs are cats now,anger,goemotions
i hope you are getting your levels tested you can do some damage to yourself if theyre too high,happiness,goemotions
dude wants to help his mother cool i do the same my mom lives in my basement but he is doing it with my money,anger,goemotions
i made my own sauce for chicken dishes this week i am happy lgd,happiness,goemotions
haha the death and suffering here haha he had kids haha he was a philanthropist haha you might be a sociopath,happiness,goemotions
thank you 😁,happiness,goemotions
thats how i used to feel but contracting oneitis added a heaping shitpile of loneliness and agony on top,loneliness,domain_relabel
what a legend true spidey meme master,neutral,goemotions
i said im curious to see how many women would do it,cognitive_fog,goemotions
i’d tell her nothing that freaking weirdo would just never see my kid the end disgusting,anger,goemotions
this is scary,anxiety,goemotions
this is one of the worst ive seen,anger,goemotions
hurr durr put well regulated back in the constitution ok name the fucking name,anger,goemotions
fuck you i was in the bed,anger,goemotions
i feel stable and ordinary,neutral,project_authored
heh i remember that commercial was pretty cringy,anxiety,goemotions
yikes as someone who dislocates things often name this scares me,anxiety,goemotions
yeah how dare he ask if you were feeling ok,anger,goemotions
this thread is one of worst things ive ever read,anger,goemotions
i’m afraid it will eventually go that way,anxiety,goemotions
i’m tryin to make the community better and bring this to peoples attention he’s a filthy cheater,anger,goemotions
i miss this show so much,sadness,goemotions
this really hurts my feelings,sadness,goemotions
2009 kpop stays legendary,neutral,goemotions
same i didnt want to stress and try the impossible winning 23 ranked matches in a day oof,neutral,goemotions
once you pop you can’t stop wait a minute,cognitive_fog,goemotions
go pack from rva,neutral,goemotions
i am confused about my routine,cognitive_fog,project_authored
i’m starting to worry that name is not okay,anxiety,goemotions
i ask them straight why they dont respect my decision that usually fixes it,cognitive_fog,goemotions
in that case i’m appalled,anxiety,goemotions
was the same with me for a couple of years before puberty i was frequently mistaken for an adult woman,anxiety,goemotions
this girl wasnt molested she was a young legal girl who thought it was cool to get with someone her dads age,anger,goemotions
i wouldnt necessarily call you and addict but you definetly have unhealthy relationship with mdma,anger,goemotions
i feel down since the morning,sadness,project_authored
thats really kind thanks stranger,happiness,goemotions
oh wow that’s nice of new york,cognitive_fog,goemotions
do you hate china then,cognitive_fog,goemotions
name has a drive that name doesnt at all he cares more about his hair than buying a house for his mom from what i have seen,anxiety,goemotions
i really hope we win tomorrow 500 halfway through the season would be insanely satisfying also i want to win lol,happiness,goemotions
you can see the regret in the eyes,sadness,goemotions
till they bark at the racists in your subreddit,neutral,goemotions
if you were better than the players you met every day you would be able to get better stats while playing against them,cognitive_fog,goemotions
hey we all love south park friend,happiness,goemotions
worried me there,anxiety,goemotions
that espn intro made me emotional 😭,sadness,goemotions
so green bay doesnt get him id be sad for the kid,sadness,goemotions
you wash your hands with hand sanitizer 🤔,cognitive_fog,goemotions
when your boss catches on to your fake call ins so you need a doctors note for a punctured lung,neutral,goemotions
stop using that excuse he hasnt been dominant since returning,anger,goemotions
i concur redact the label,neutral,goemotions
hey just noticed its your 2nd cakeday name hug,neutral,goemotions
aaaand im still here i dont have a alt account but whoever you reported im sure is alive and well youre terrible,anxiety,goemotions
this probably not a good file to keep on your phone if you are accessing this from within,anger,goemotions
sorry every time i try a link post my post fails i’m just doing a text post,sadness,goemotions
name has to have a shot tough son of a bitch also name name,anger,goemotions
i missed the part where that’s my problem cancels sm4,neutral,goemotions
honestly i realized they’re not really gatekeeping but name last comment shows the gatekeeping,cognitive_fog,goemotions
i feel sorry for this little girl shes legitimely scared,sadness,goemotions
please you deserve life you know it deep down inside,sadness,goemotions
i think you can find it in pieces on youtube but cw seed should work it’s odd that it isn’t,neutral,goemotions
we look like hawks at this time good old days,cognitive_fog,goemotions
the crime here is using the shaker parmesan crap,neutral,goemotions
i am just going through my routine,neutral,project_authored
thanks thats very helpful because i cant seem to decifer all of the levels of irony in some posts on this subreddit haha,happiness,goemotions
i am not well today,sadness,project_authored
if you just slam on the brakes and accommodate these assholes they usually dont even realize theyve done anything wrong,anger,goemotions
i love this movie one of my favorite little touches is the music name character is listening to,happiness,goemotions
it makes anyone unattractive,neutral,goemotions
rngbased access to very important mechanics is frustrating for some people,anger,goemotions
themmuns have everywhere infiltrated so they do,neutral,goemotions
ive seen some unfunny comment sections on rjokes but this one takes the cake,anger,goemotions
how did that tree not grow,cognitive_fog,goemotions
i could not agree with you more these selfish women crying abuse to manipulate,anger,goemotions
peta approved im out i hate peta even more than i hate mlms,anger,goemotions
it is like how i imagine name and name people seeing wooden ships across the water the first time,cognitive_fog,goemotions
happy birthday and im really glad i wont be feeling like you when you wake up tomorrow,happiness,goemotions
thats true but you see one man can really make a difference name i loved the movie,happiness,goemotions
deflections dont help your cause,anger,goemotions
oh that’s so sad that she thinks anyone cares about her opinion,sadness,goemotions
im afraid you have your terms mixed up,anxiety,goemotions
thank you ill try my best at least im not binging while im here,happiness,goemotions
i’ve read this exact same story except the car was a red porsche,cognitive_fog,goemotions
had to been done thank me later,neutral,goemotions
he’s a brave man,neutral,goemotions
paid 166 in arlington todaylove this,happiness,goemotions
i feel like this is just a really old meme lol,happiness,goemotions
name is so good at drafting too but he just struggles as a head coach i’d be ok with this,sadness,goemotions
you should’ve baked it in the oven huge difference in quality one of my favorite lonely friday night netflix meals,loneliness,domain_relabel
neat idea but it looks terrible as a tool its faster to just separate with your hands,anxiety,goemotions
im also scared,anxiety,goemotions
ashamed of being british,sadness,goemotions
i wonder the same thing where could i go where no one would ever find me i usually come around to dropping myself in the millworks,cognitive_fog,goemotions
for some reason im reminded of this,cognitive_fog,goemotions
i agree its needs a bit more due to the 88mm gun i’ve got the heat t round which really is kinda useless,anger,goemotions
outside of belpedio we really dont have a lot of decent call ups on d ps its amazing how much name has improved this year,neutral,goemotions
missing this roster 😢😢😢,sadness,goemotions
yea its a tricky one we need more buttons,anxiety,goemotions
the sad thing is relatively speaking these are actually pretty good living conditions check out harris ranch,sadness,goemotions
absolutely is sorry i just came by to say howdy back until i saw all the hubbah name,sadness,goemotions
im a woman and i lost mine at 26 was just a later bloomer this obsession with virginity is odd,sadness,goemotions
then he stabbed like five cops and hid in a haystack,anxiety,goemotions
i pirate anything i want to watch that is not on those platforms,neutral,goemotions
i dont know what the main broadcast is like but the mnf crew is amazing,cognitive_fog,goemotions
the city would have that removed so quickly to keep the cash cow mooing,neutral,goemotions
i think seager and urias will be better than any free agency acquisition we can possibly make if both are healthy,cognitive_fog,goemotions
the name he asked if i was was some foreign name it was so far off from my actual name i thought it was a joke at first,cognitive_fog,goemotions
bet you 20 she had more in her than 005 hell more than 008 hmm,neutral,goemotions
it kind of was for some people,neutral,goemotions
as a democrat even i am afraid of a super majority,anxiety,goemotions
this morning was great and i smiled a lot,happiness,project_authored
wifi and 4g are microwaves and it is radiation,neutral,goemotions
this cut so terribly deep and touched places i had hidden away im at a loss for words,sadness,goemotions
would of,neutral,goemotions
meanwhile my sister won’t even hug my goodbye when i drop her off at school,sadness,goemotions
never argue with religious people you cant win they think name is real after all,anger,goemotions
i just use a very generic “this card wont seem to process for some reason do you have another form of payment you could try”,cognitive_fog,goemotions
its free karma,neutral,goemotions
good for him most guys are like name and would take her back in an instant,happiness,goemotions
they can’t ask for much hes on his last year it’s similar to us and name,neutral,goemotions
thank you for this ❤️❤️🦵🏼,happiness,goemotions
rest in peaches j2d or whatever his name was nice meme,neutral,goemotions
you nailed the crazy eyes she scary,anxiety,goemotions
you have mental problems dude get off the internet and get a life,anxiety,goemotions
i gotta say that was a well fought period i was worried a couple times,anxiety,goemotions
i understand that but i enjoy the silence and lonely feeling i have,loneliness,domain_relabel
exactlywe need a car tunnel and then let the old road to be allowed for truck traffic,neutral,goemotions
im with the photo guy it would be an awful feeling to watch your date flirt with some other dude on your date,anger,goemotions
always and on a shallower note he is aging so well the handsome devil,anxiety,goemotions
how dare you assume my mortality o,anger,goemotions
youre right its all very murky,anxiety,goemotions
so i heard how is she havent seen her in a while,cognitive_fog,goemotions
considering you are also a child i cant say im surprised by your edgy hot take,cognitive_fog,goemotions
looks like he has a history of being an awful human,anger,goemotions
yet somehow that doesnt make death threats any less scary because of the fear the 000001 of them will try to follow through on that threat,anxiety,goemotions
why is that a concern their not language students nor are they part of an international language program,cognitive_fog,goemotions
yeah but youre not anymore im afraid,anxiety,goemotions
was not one of those players still want to go back to the mw2 days totally would if i still had my ps3,sadness,goemotions
dude let’s just offer them a choice between remaining and staying democracy lmao,happiness,goemotions
ugh im sorry man jerk off until your heart is content and dont apologize for it,sadness,goemotions
i dont just cringe i feel literal embarrassment for anyone who has watched it,anxiety,goemotions
if shes making inapropriate claims thats a problem too im not exactly sure what your point is,cognitive_fog,goemotions
wow how many beds is 22 wards,cognitive_fog,goemotions
they arent wrong here in illinois,cognitive_fog,goemotions
john 316 what are you on about edit also if this is the case then why is literally every genealogy in the torah by father,cognitive_fog,goemotions
girlfriend is straight off of shop hush social app and onto reddit someone tell her its slightly embarrassing,anxiety,goemotions
thats way dangerous to keep then together they may break out and start feedig on the other ear buds to gain heir strength,anger,goemotions
lincoln osiris,neutral,goemotions
i lost a six pack this way once for a good year every traffic stop became a field sobriety test,sadness,goemotions
cant believe he took the time to count that they both seem a bit obssesed,cognitive_fog,goemotions
how dare you shes in your flair too,anger,goemotions
its practically non existent im mostly afraid to initiate a hug because im afraid i dont knowforgot how to hug,anxiety,goemotions
its very convenient,happiness,goemotions
i think my family would leave tscc if that happened they are so sexiest,neutral,goemotions
i wish someone would talk with me,loneliness,project_authored
yah i unfortunately was sitting and watching this documentary with my mother that was very awkward,anxiety,goemotions
i would just beat up someone i really hate my brother,anger,goemotions
ive only seen the beginning of this videountil today,cognitive_fog,goemotions
youd better not cry,sadness,goemotions
oh certainly this winter has been mild it just started taking a dump on us the last week or so,neutral,goemotions
judging by this comment i’m sure women find you to be a real treat,neutral,goemotions
omg terrifying,anxiety,goemotions
in my eyes 6 la liga’s in a span of 18 years is just embarrassing,anxiety,goemotions
even if it does and they win a tourney name is gone after this year lol,neutral,goemotions
oh their theme gives me anxiety,anxiety,goemotions
i can’t help but notice they didn’t show name name or the most dramatic transformation of all name,neutral,goemotions
unfortunately successful and rich people blame foreigners too,sadness,goemotions
why im not familar with the situation this is the best nebraska team in decades from what i can see,cognitive_fog,goemotions
dont feel bad i am sure the otters are getting taken care care of just fine,sadness,goemotions
oh wow thanks so this person was going for that,happiness,goemotions
pilots omg you are not alone there,anger,goemotions
forever you are watching the name put 800000 people into unemployment because upholding name policies and ideas are anathema because they align with president name,neutral,goemotions
huge office fan and i agree name and name are annoying,anger,goemotions
the op is basically saying the sb is a product on a shelf with a price tag stating her time and body are commodities,neutral,goemotions
preach the nuthuggers and happy go lucky blind sheep if the front office are nowhere to be found so disappointed in this team,sadness,goemotions
6lbs is a lap dog if someone shoots that cause theyre scared its aggressive,anxiety,goemotions
come back,neutral,goemotions
im always stuck in platinum because every match is a loss no healer what so ever,sadness,goemotions
a mod like this especially if its exclusive to your servers would be full no matter what,neutral,goemotions
gotta love texas high school football for exposing me early,happiness,goemotions
i like your colour choices and i can feel your love of the city keep up the art sending you lots of love and healing,happiness,goemotions
shes thicc gigiddy,neutral,goemotions
just hit my 3pl8 squat been looking forward to this for a long time so really happy i finally got it now on to 4,happiness,goemotions
like an idiot,anger,goemotions
bro this is awesome,happiness,goemotions
dude has come up big in big situations time after time to doubt his talent and clutch ness is dumb,anger,goemotions
give it time,neutral,goemotions
thank you 😊,happiness,goemotions
like name and name,neutral,goemotions
haha even the name don’t want you hahah,happiness,goemotions
sounds good ya ill have to listen to those thanks,happiness,goemotions
grey socks and leather sandals that hurts me through the screen,sadness,goemotions
scary times we live in,anxiety,goemotions
im so sorry that your partner doesnt understand that you no longer want to put hormones in your body,sadness,goemotions
food pranks really irk me 😔,anger,goemotions
you got shafted,neutral,goemotions
good luck and godspeed,happiness,goemotions
so sorry for your loss,sadness,goemotions
no if anything the exact opposite couldn’t be further from the truth,neutral,goemotions
are you really that brain deadidiot,anger,goemotions
you make less than zero sense,anger,goemotions
did you know your post about your comment being downvoted is also being downvoted,cognitive_fog,goemotions
did he drug her or was she actually drunk when she ordered,cognitive_fog,goemotions
today feels normal and steady,neutral,project_authored
please dont use it as toothpaste it will destroy your teeth,sadness,goemotions
and i dub thee name an uninteresting name for an uninteresting person who has done absolutely nothing with their life,sadness,goemotions
we had a clown banging on dorm windows on campus with a knife in 2016 was terrifying,anxiety,goemotions
justifying a potential rape because its name and she should feel thankful wow,anger,goemotions
ah the classic i dont deserve you argument,anger,goemotions
ya know i hate lying but i guess id make an exception for this,anger,goemotions
arrogance of the highest order,anger,goemotions
omg is this the one that wore white 😳,cognitive_fog,goemotions
the last message was particularly painful to read,sadness,goemotions
and some of us wish to die first so we dont have to deal with the loneliness,loneliness,domain_relabel
i apologize if i came across that way it was not my intention i meant only to state a fact,sadness,goemotions
and people have the audacity to ask me what’s special about this series,neutral,goemotions
oats have proteins similar enough to gluten avenins that they can actually cause problems for some people with ceiliacs maybe thatd work,neutral,goemotions
woo new sci fi thanks,happiness,goemotions
ive never heard him say this news to me,anxiety,goemotions
thanks for clearing that up for me now i know that i do not need to rush a playthrough of the game,happiness,goemotions
never stop playing them i love going against legions and never see them enough in this game,happiness,goemotions
with that attitude i guess he won’t mind when you dumb him,anger,goemotions
here you go sis be warned tho top cringe,neutral,goemotions
grandoozys lineup was diverse yet managed to disappoint rock jam and edm fans thats a recipe for failure,neutral,goemotions
i just made french toast chili for lunchdinner,neutral,goemotions
soyou can link those then right,cognitive_fog,goemotions
super curious commenting to check in,cognitive_fog,goemotions
are we talking about name or name,cognitive_fog,goemotions
i am still just a little salty that he isn’t,neutral,goemotions
im still so sad we never got to see name witnessing his miracle babys first steps ☹️,sadness,goemotions
this whole sub makes me sad,sadness,goemotions
name is phenomenal it’ll be a sad day once he’s gone,sadness,goemotions
fuck a newspaper,anger,goemotions
meta if you feel otherwise please speak now or forever hold your bow,neutral,goemotions
im so sorry this is no way to be live or be treated its so immature and emotionallyabusive i really hope your circumstances improve,sadness,goemotions
were sorry all circuits are busy now due name lost keys try your call again,sadness,goemotions
considering that the majority of people who play poker still open limp im surprised these posts arent more common,cognitive_fog,goemotions
the school should make a list of sexual assaulters the boys who engage in this should be shamed publicly,anxiety,goemotions
nice find,neutral,goemotions
there’s a fairly strong intersection between white supremacists and antivacs from what i’ve noticed,cognitive_fog,goemotions
i have two and nothing has ever happened to me the media doesnt want you to show your support because they want supporters to feel isolated,loneliness,domain_relabel
that’s scary,anxiety,goemotions
to me the best smell a person can have is just a clean smell,neutral,goemotions
spiders in the corners of the house and praying mantis on the curtains best anti fly setup ever,neutral,goemotions
nope im good to go my goal this year is to drop a packet for warrant officer,anger,goemotions
this looks like dont hug me im scared,anxiety,goemotions
you seem worried name,cognitive_fog,goemotions
go on twitter,neutral,goemotions
if she deleted your snapchat just because you showed up to a bingo then it seems shes a bit of a bad person,anger,goemotions
this is very serious how dare you guys mock this serious science,anger,goemotions
congratulations welcome to the world new person,happiness,goemotions
i wish its too tiny to see from up here,neutral,goemotions
weebles wobble but they dont fall down,neutral,goemotions
i do like how he instantly turns to the pilot like dude turn around i dropped my phone,happiness,goemotions
youre simply suggesting betrayal in a different form,anger,goemotions
creep factor midnight virgins gonna be scared,anxiety,goemotions
seeing that knife on this subreddit put the fear of name in me,anxiety,goemotions
imagine wanting a crockpot that cooks enough for one person whats the point,cognitive_fog,goemotions
i see you flaired it with helpso what do you need help with,cognitive_fog,goemotions
that made me feel bad for nw,sadness,goemotions
i have no one to speak with today,loneliness,project_authored
get dunked on,neutral,goemotions
i am furious that nobody listened to me,anger,project_authored
whats your source for that just curious and yes i know it sounds like a tired contrarian statement,cognitive_fog,goemotions
yes views are a real thing that matters the very fact that a person makes an effort to appeal to voters is not,neutral,goemotions
thats amazing,happiness,goemotions
what a cringeworthy load of kak this is wow i have no words,anxiety,goemotions
name fucking name please no,anger,goemotions
just imagine disney characters without gloves yes its that horrifying,anxiety,goemotions
someone on reddit said hes like a football expert version of name on bojack horseman,neutral,goemotions
dude coyotes are no joke good job name,happiness,goemotions
i don’t want everybody to live the same way as me i just wanted to express the stupidity of it,anger,goemotions
i love you i think that helps me a lot,happiness,goemotions
great about to rewrite my many todo lists,cognitive_fog,goemotions
got it thank you,happiness,goemotions
thats your justification youre a terrible person correction youre a terrible child get some help,anxiety,goemotions
you can request a hand count at bottle drop i think,neutral,goemotions
this ones pretty fucking funny also lol to that kid with that shotgun the kick would break his shoulder in half,happiness,goemotions
sometimes it’s annoying but i think it’s at an okay place right now,anger,goemotions
you can be partners without being codependant you can also keep your individuality without worrying or hurting your relationship its all about communication,neutral,goemotions
me too i have so much shit and i can’t imagine taking any of it into my car and piling it that high wtf,anger,goemotions
i like name so far but i know im alone in that,loneliness,domain_relabel
yes and i wish people werent so afraid to say it as many times as necessary,anxiety,goemotions
i wonder how people who are in collegeundergrad who are in stable relationships do it,cognitive_fog,goemotions
i’m to scared to tell them,anxiety,goemotions
no no this sub has so much to offer so many great pictures to see you have a great place here,cognitive_fog,goemotions
thats just sad if its for a game,sadness,goemotions
which totally makes it less funny for a person like me who has never seen this before and laughed,happiness,goemotions
my wife is out for shabbos and im so lonely without her,loneliness,domain_relabel
willing to replace name for her,neutral,goemotions
name is scary,anxiety,goemotions
but but the lizards would eat the bugs,cognitive_fog,goemotions
well thats survival sweety run away live to fight another day you on the other hand are the one that learns the hard way and ends up dying first,anxiety,goemotions
these people have absolutely no confidence in their ability to make a living it’s pathetic,sadness,goemotions
im curious because this reminds me of where i used to go to school what town is it,cognitive_fog,goemotions
that movie really scared me when i was a kid,anxiety,goemotions
it happens so much that it really scares me tbh,anxiety,goemotions
if everyone liked exactly the same thing there would be a few very worn out girls and billions of lonely horny guys,loneliness,domain_relabel
nae bother happy to bring musical joy in to any household,happiness,goemotions
im a revolver guy so ive always admired the rhino and its low bore axis design the rhino and the kimber k6s are on my list,cognitive_fog,goemotions
mixed drinks are tastier and i hate raw clear spirits in particular,anger,goemotions
“i don’t need no more sisters i got enough last year” cut to shocked mid drag faces in the werk room,anger,goemotions
i wanna add on that the perk i was talking about is on the dagger from the pack which you can get standalone for 250 helix points,neutral,goemotions
but religion monks dont speak,cognitive_fog,goemotions
the older i get the more it hurts,sadness,goemotions
this has happened to me with the girls i tried to connect with irl as well as fa lonely girls from this very sub,loneliness,domain_relabel
that is incredibly disheartening,sadness,goemotions
thats the stuff of nightmares right there,anxiety,goemotions
a big fat phony,neutral,goemotions
thanks for answering,happiness,goemotions
magic city is a strip club in atl if you didnt know,neutral,goemotions
lol posting it on my story ya i was expecting alot of hate from my post xd my friends know me tho lol,happiness,goemotions
she just wants to make sure she has good casting for her character in the lifetime movie,neutral,goemotions
what a fuckin n,anger,goemotions
they just forgot to key in your lunch breaks still be happy you’re getting 40,neutral,goemotions
definite fridge horror moment for that movie that poor man,sadness,goemotions
i hope this grossed u out ur welcome 😎,happiness,goemotions
you cant argue that these are the same when clearly one of them has a monopoly over the market,anger,goemotions
that was truly disgusting,anger,goemotions
i also relate and regret,sadness,goemotions
i’m scared for y’all saying undone,anxiety,goemotions
and i answered sorry if you cant follow i agree that having a pet involves unnecessarily having power over a small animal,sadness,goemotions
im surprised that this is still happening despite the threats of an invasion of manbij,anxiety,goemotions
i will have one of each please not just far left and right all any doubles you might have as well thanks byeee,happiness,goemotions
yeah this is always my first thought when i read this kind of stuff kinda sad to be honest,sadness,goemotions
name doesnt know the pain of chronic masturbation though so i think name has the right,neutral,goemotions
exactly its like a deepity only longer and wronger,cognitive_fog,goemotions
devastating to hear of any news like this,sadness,goemotions
850 damage dealt but no kill,sadness,goemotions
this just really motivated me thanks,happiness,goemotions
i watching the jump and name pierce just said he created the step back what,neutral,goemotions
team chaplain edit to the downvoters he actually acts as team chaplain,neutral,goemotions
insensitive tweets dont help though,anger,goemotions
midland has a ton of smart people a lot of petroleum engineers,cognitive_fog,goemotions
can i see it,cognitive_fog,goemotions
cursed image,anger,goemotions
so theyre just not going to change it like they did in the louisville game thats cool,neutral,goemotions
yeah i could definitely see that which is sad,sadness,goemotions
i regret that i have but one upvote to give for your post very powerful,sadness,goemotions
expectations was amazing this ain’t it,anger,goemotions
name approved this comment,neutral,goemotions
sapa is pretty good but takashi is by far the best quality sushi in salt lake,neutral,goemotions
if this is actually how it goes i won’t feel so bad going from 5 to 8 in week 17,sadness,goemotions
my problem is i like to get high,neutral,goemotions
it still seems dangerous,anxiety,goemotions
those little whippersnappers are always generationgapping us 😂,neutral,goemotions
oof okay thanks for the info hopefully he fares better with our linetes,happiness,goemotions
still pretty embarrasing though p,anxiety,goemotions
today is neither good nor bad,neutral,project_authored
ok 🤷‍♀️ i believe in you you can do it,happiness,goemotions
be brave you have our support,neutral,goemotions
yeah i’m at the dh store so it’s far but not that far people really are horrible,anxiety,goemotions
bad news dude youre almost 100 years past that,sadness,goemotions
theyre all so cute heres mine,happiness,goemotions
youve never played against a good support name then,sadness,goemotions
more worried about the multitrillion dollars in entitlement programs than 5 on a wall,anxiety,goemotions
name is so cute and name is a very dashing name,neutral,goemotions
hahaha that’s amazing good for you,happiness,goemotions
i agree with everything you said i still fell sad for her but this is the consequences of her own choices,sadness,goemotions
i like abram wayyyy more that rapp i hope we can snag abram so we can use our first two picks to fill other holes,happiness,goemotions
sorry to hear that brother why do you feel more lonely now compared to usual,loneliness,domain_relabel
this is amazing man kick some ass make good food get paid congratulations,happiness,goemotions
im so nervous,anxiety,goemotions
i dont know the loneliness goes from mental pain to physical discomfort and pain,loneliness,domain_relabel
i have bought this but not played im scared hold me,anxiety,goemotions
that hurt too much to watch twice,sadness,goemotions
omg,neutral,goemotions
i worry that as soon as vr and ar take off itll be the nail in the coffin and we will be trapped,anxiety,goemotions
well i bought cheese when i went and was shocked at the great variety and lower prices that probably skewed my view,anxiety,goemotions
simultaneously terrible and awesome facial hair,sadness,goemotions
i was dispointed in 5 it was clearly thrown in to sell 3 as they wanted to make 3 not 5 d,sadness,goemotions
not for long,neutral,goemotions
crosspost from same community,cognitive_fog,goemotions
oh don’t worry i have an oil for that,anxiety,goemotions
can you stop living with this person engaging in it will only make it more toxic,anger,goemotions
curious as to why hes been passed up so many times now,cognitive_fog,goemotions
i feel left out and alone,loneliness,project_authored
how many of each have been killed or injured,cognitive_fog,goemotions
thats honestly less than i expected,sadness,goemotions
its not healthy though its processed lol i see what you did there pun intended,happiness,goemotions
oof somebody doesn’t like anyone to make jokes or enjoy anything it least we’re not complete pricks douche,anger,goemotions
so you are the only occupant in the dwelling that drives,cognitive_fog,goemotions
karma what a great example for us all sir,sadness,goemotions
yep exactly and he never demands the ball as well hes afraid of it,anxiety,goemotions
tell us more about this magical potion how do we craft it,cognitive_fog,goemotions
same thing with depression it’s becoming a trend and i hate it,anger,goemotions
they look like great bros sorry for your loss 3,sadness,goemotions
name no wife no child and felt lonely enough to ask the name for a clone of himself he then raised as his son,loneliness,domain_relabel
sorry mate you’ve got the wrong sub this is for bad uk,sadness,goemotions
very weird game but will definitely take the w,anxiety,goemotions
when its time its time,neutral,goemotions
ill be honest i just want new stories not prequels doing things in the past are just too limiting with storytelling,anger,goemotions
i agree it seems the recruiter is a poor communicator and i think that is where some of my apprehension is coming from,anxiety,goemotions
can you explain to me what sw brt means,cognitive_fog,goemotions
boys this team is 🔥🚒,neutral,goemotions
i like it i hope that answer is okay with you because i might lose sleep if its not,happiness,goemotions
yeah name couldnt do it name couldnt do it its probably not gonna happen again,neutral,goemotions
nobody said they dont have the right its still embarrassing,anxiety,goemotions
roll a blunt walk over and strike a conversation or mind your fcking business,anger,goemotions
shouldnt be driving baked anyways even if you think you can gives us stoners a bad rap,sadness,goemotions
yep shes completely isolated part of the abuse,loneliness,domain_relabel
she has not laid her hands on her phone to call another man in x years,anger,goemotions
thanks i desperately need to connect with other women,happiness,goemotions
read a book you fucking crook,anger,goemotions
you dont really work for the tsa if they arent paying you you are a slave go home,anger,goemotions
this comment made me very nervous,anxiety,goemotions
i saw your missing post and hoped you found your baby im sorry for your heartache,sadness,goemotions
i am grateful for my family,happiness,project_authored
i’m sorry,sadness,goemotions
name face looks like some actressmodel who i can picture in my head but i cant remember her name,cognitive_fog,goemotions
redpill is a modern name for an old sentiment and anyways matrix came out 20 years ago,cognitive_fog,goemotions
name is such an iconic runway model 🤣🤣🤣🤣🤣🤣🤣🤣🤣🤣🤣🤣🤣🤣👍🏻👍🏻👍🏻👍🏻,neutral,goemotions
its kind of worrying that you genuinely believe that leftwing people are actively trying to destroy their own country approaching usa levels of ridiculous viewpoints,anxiety,goemotions
if you buy a membership for yourself and your friends you can easily buy tickets to most games,neutral,goemotions
this is an incredible insight ive never thought of before loyalty vs disloyalty compared to care vs harm i mean,cognitive_fog,goemotions
people need to stop excusing bad behavior,anger,goemotions
what’s the clip from i’m scared to put “teen boy good kisser 900 number” into youtube,anxiety,goemotions
i wish i could forget about the redesign sadly reddit is adamant about reminding me all the time it exists,sadness,goemotions
i remember saying name messed up the timeline worse than name over a year ago,sadness,goemotions
so much lonely,loneliness,domain_relabel
yeah that happens t,cognitive_fog,goemotions
its just a hug,neutral,goemotions
i was afraid things would if we kept seeing each other which is why i brought this up to her now rather than later,anxiety,goemotions
please revise your post to include whatever your talking about because i have no idea what your referencing,cognitive_fog,goemotions
i am not good today,sadness,project_authored
honestly scared to see what happens,anxiety,goemotions
i think the main problem here is you missed that the person originally said franchises and not specifically overwatch that is burning,cognitive_fog,goemotions
i saw that comment and wondered if someone was going to post it here i almost feel bad maybe they’re lonely,loneliness,domain_relabel
bonus her infamous bizarre introduction video truly frightening,anxiety,goemotions
yea feel sad for that kid that native guy is an anti name activist who destroyed his life,sadness,goemotions
not in the slightest im actually dumbfounded,cognitive_fog,goemotions
i’m tired from working hard and i want someone to snuggle me to sleep,anxiety,goemotions
lol this was cosmetic thankfully both of mine are alive and well,happiness,goemotions
glucose guardian salmonblue you are doing amazing sweetie,happiness,goemotions
old can be a dangerous place gotta stay safe somehow,anxiety,goemotions
this is peak dundee,cognitive_fog,goemotions
i just spent the whole week sneaking away to smoke and trying to get into some girls shorts,neutral,goemotions
my father needs to read this i may be wrong tho,cognitive_fog,goemotions
it involves a relationship with a girl so i need a girls input sorry i’m not sexist or anything,sadness,goemotions
consciousness level the other is confused the other is dumb you are here the other is evil,cognitive_fog,goemotions
nier 1 is 2030 hours per playthrough nier automata is about 10 hours per route,neutral,goemotions
poor and lonely,loneliness,domain_relabel
i’m going to die right now i’m so scared tears and snot everywhere,anxiety,goemotions
name would never use name hes a good boy,happiness,goemotions
does that violate the nap or not hmm🤔,cognitive_fog,goemotions
lsd or the fungal kind out of curiosity,cognitive_fog,goemotions
is that the cobbler in the background of the family portrait this is great,cognitive_fog,goemotions
i dont understand the question do you stand to lose something by acting like an adult with integrity,cognitive_fog,goemotions
oh im sorry you holding up okay,sadness,goemotions
yeah somebody needs to seek counseling immediately,cognitive_fog,goemotions
in 5 days bones would not be crusted oversorry not buying it,sadness,goemotions
i didnt realize belgium was behind on climate change,cognitive_fog,goemotions
sorry for your loss mate,sadness,goemotions
i am here to tell you that it really will work out okay i have certainly felt like you before it sucks to feel lonely,loneliness,domain_relabel
thats actually kinda funny just hoping you dont ask for a transfer to the womens facilities,happiness,goemotions
the article was about legal delivery you big dummy i too love when people without knowledge of a situation respond like they know what’s what,anger,goemotions
this is considered being successful at this point in their lives if you live downtown lol,happiness,goemotions
that facial hairguy just finished playing red dead redemption 2 probably,neutral,goemotions
i grew up in a cornish village not much murder to be honest but plenty of drugs and pub lockins,neutral,goemotions
name to the fox lady “my record vs you would be 70”,neutral,goemotions
who was the molester in the family cause the way you worded it confused me,cognitive_fog,goemotions
new to the area i would think its due to the cold i havent seen my neighborhood this dark,cognitive_fog,goemotions
i am very angry about being ignored,anger,project_authored
oh man i love name shes so consistently good,happiness,goemotions
im sorry that america funded a coup but i get to have my medicare aoc,sadness,goemotions
mine is entirely too interested in any and all candlerelated mitzvot she basks in the shabbat candlelight and was absolutely spellbound by her first hannukah,neutral,goemotions
can i speak to the suns manager,cognitive_fog,goemotions
that just sounds like a show that would piss me off tbh,anger,goemotions
i dont know about that is that something,cognitive_fog,goemotions
but where,cognitive_fog,goemotions
i understand it but still cant ask questions i am too afraid,anxiety,goemotions
and isolated rooms when i had to go in with my baby with chickenpox they put us in a room where no one else was,loneliness,domain_relabel
fucking seriously,anger,goemotions
could this be an indication as to how the majority of the country wants the law,cognitive_fog,goemotions
wasnt he eagles top try scorer last year despite being a forward,neutral,goemotions
it better not as i only bought the bloody thing last week sorry guess im still in shock from the kettle dying,sadness,goemotions
what did the dyslexic atheist insomniac do last night he stayed up all night wondering if there was a dog,cognitive_fog,goemotions
youre telling me you dont get your meth from there,neutral,goemotions
saw thundamentals live happy that this song got in top 30,happiness,goemotions
i agree there’s no salt on that pretzelmonstrosity,sadness,goemotions
really i thought it had or at least it should guess im better off leaving too,sadness,goemotions
i don’t get this question as they know full well exactly why i am not married,cognitive_fog,goemotions
all the ladies can stay at my place,neutral,goemotions
important part of this surprising its not there,sadness,goemotions
i feel like that’s the least disgusting option imagine a penis or vaginal canal made out of fingers,anger,goemotions
yeah i am ill private message you a link to my profile thank you,happiness,goemotions
oh my god del monico horrific even the ambient smell in the hallways makes me gag,anxiety,goemotions
im afraid im gonna have to go with what he said about an hour ago unicorns he just ruled out any sort of,anxiety,goemotions
gotta hang tough,neutral,goemotions
this is why i’m afraid to fly,anxiety,goemotions
that made me laugh and if my mum’s mind was still here she’d laugh too,happiness,goemotions
i kill you scum,anger,goemotions
name there are somany but my favorite are hold you in my arms name dont forget me way out west name name,happiness,goemotions
im sorry it happened like that for you i really cant imagine,sadness,goemotions
name was speaking as a mans,neutral,goemotions
yes please do im worried about her d,anxiety,goemotions
this situation makes me feel angry,anger,project_authored
link pls i need to see this i bet he dropped it,cognitive_fog,goemotions
didn’t know if you knew so i was just trying to give context to your statement sorry,sadness,goemotions
im sorry for you loss man truly i am,sadness,goemotions
dont yall scream communist at everything and burn nike stuff for no legitimate reason,cognitive_fog,goemotions
hates the patriarchyhas an iphone designed by a man so hypocrite can be added to the list of bullshit that makes up your personality,anger,goemotions
name is a cute woman a shyster but cute,neutral,goemotions
i am 33 and i still regret things i said in the 5th grade,sadness,goemotions
theres an online service we had to upload everything to that checks it against all the other uploads it has received worldwide to detect plagiarism,neutral,goemotions
damn good thing i got those experts to tell me that id never have guessed,happiness,goemotions
even that game winning kick was close our kickers are cursed,sadness,goemotions
im 25 and i still dont have a license im terrified of driving and get anxiety every time im behind the wheel,anxiety,goemotions
i feel isolated from everyone,loneliness,project_authored
thanks for remembering i have since added to my post,happiness,goemotions
good thing you listened to your gut ran and made a lot of noise yikes glad youre ok,happiness,goemotions
i feel worried and stressed today,anxiety,project_authored
id punt her to another planet if she said that about my dog wtf is wrong with people 😠,anger,goemotions
thanks for posting this,happiness,goemotions
i was afraid of that,anxiety,goemotions
i was thinking that as well after i posted some nasty stuff settles on ceiling tiles,anger,goemotions
omg if the name and name run ill have the worst of time deciding who to vote for,cognitive_fog,goemotions
amazing doggo 😍,happiness,goemotions
everyone is born an atheist some gets afflicted with religion usually via their parents,anxiety,goemotions
guns katanas people need to recognize this so gun obsession stops being cool with virgins,neutral,goemotions
and the isle of man,neutral,goemotions
i have a boobs but a penis it’s quite the embarrassment,anxiety,goemotions
name gets punched in the head and gets a penalty,sadness,goemotions
is name also running as democrat,cognitive_fog,goemotions
but terrible people is my type,anxiety,goemotions
sorry but isnt this a little too obvious as the old saying the early bird catches the worm,sadness,goemotions
the fact that truechristian and truechristianity are so religion is extremely telling the faith is dishearteningly fractured,sadness,goemotions
from one eating disorder to another thats not recovery thats just sad,sadness,goemotions
i’m disappointed that no one has suggested taking her up oxo tower yet,sadness,goemotions
the second overall pick is pretty embarrassing,anxiety,goemotions
well hes right the evil is a choice its not inherent,cognitive_fog,goemotions
that last bit is part of the embarrassment actually,anxiety,goemotions
i like you youre smart cheeky and funny well played,happiness,goemotions
only 150 calories for two so its not as awful as a tub of ice cream still a bad message though,anger,goemotions
edward lear lovely chap,happiness,goemotions
cant relate because the sadness and loneliness is constant 😎,loneliness,domain_relabel
sorry bucko rnecrophilia got taken down i think your in the wrong place buddy here i’ll call you an uber take care of yourself,sadness,goemotions
well this is terrifying,anxiety,goemotions
just give me 20 million dollars and let me retire early gg wp life,neutral,goemotions
no just take care of your body fuck that,anger,goemotions
a burned hand teaches best after that advice about fire goes to the heart,cognitive_fog,goemotions
tell them i was born autistic,neutral,goemotions
this is extremely state specific,neutral,goemotions
how did limewire make money,cognitive_fog,goemotions
i am under pressure and cannot relax,anxiety,project_authored
i feel thankful and comfortable,happiness,project_authored
i joined the casuals on the couch and curled up in horror while watching this,anxiety,goemotions
i do not want to dwell into an unfruitful discussion with a troll,anger,goemotions
id rather just let them fester over there and deal with them when they hatch from their spores,neutral,goemotions
would love it if name showed up as church lady and played a solo on it,happiness,goemotions
i do have eap and was lucky enough to get 10 sessions using it i’ll chat with my boss tomorrow about taking time off thank you,happiness,goemotions
ive had good luck reselling on stubhub they take a cut but it is secure and easy to do,happiness,goemotions
it does imo i like being proud of india and i can not be proud if name wins,happiness,goemotions
great movie almost timeless,happiness,goemotions
this is beautiful and heartbreaking,sadness,goemotions
i was living for him now he left me im not gonna live anymore,sadness,goemotions
human nature also leads us to greed violence and aggression natural doesn’t equal good cancer is natural,anger,goemotions
spurs gonna get two in a row over us embarrassing,anxiety,goemotions
you’re a gorgeous bride d i love the looks you chose,happiness,goemotions
because its straight up untrue its a new ce idea but anyone relying on the sentiment is going to be repeatedly disappointed,sadness,goemotions
would i pull my gun if that were happening to me absolutely,cognitive_fog,goemotions
rover has treated us well,happiness,goemotions
i know shes literally only just been revealed but i love the name name,happiness,goemotions
yeah however you spell it i don’t play with them,anger,goemotions
possible spoiler what about the name animation,cognitive_fog,goemotions
name is available,neutral,goemotions
i just give a dead stare and say id rather be dead than pregnant i rarely get a response,neutral,goemotions
i can’t figure out how to pm you but i have a question about something on another post mom of 2 here 😂,cognitive_fog,goemotions
this is terrifying,anxiety,goemotions
wow you are quite the romantic,happiness,goemotions
i am not okay today,sadness,project_authored
i’m glad you had a great time here wishing you safe travels,happiness,goemotions
pauses clip to make sure thats not me were good what a disappointing name,sadness,goemotions
i miss having someone near me,loneliness,project_authored
tanks being strong is the reason why adcs get buffed,anxiety,goemotions
no mayo no care,anger,goemotions
this man looks so much older without the cap,cognitive_fog,goemotions
since you called me out for saying that i am defending the attacker then just point out which sentence i wrote led you to that conclusion,neutral,goemotions
thats a lot of words to say im upset that women dont want to date me,sadness,goemotions
looks cool i want it now,happiness,goemotions
i didnt realize its been posted that often good to know it was new to me,cognitive_fog,goemotions
clean break easier to not obsess when their life isn’t being thrown in your face,neutral,goemotions
i guess im confused why beliefs are not voluntary the link talks about conclusions based on that but doesnt seem to address the premise,cognitive_fog,goemotions
google “video game addiction” you’re already at step one you know you have a problem,cognitive_fog,goemotions
thanks for the advice it does presuppose that i am able to have that conversation with him though will give some thought to how to do it,happiness,goemotions
i wonder how many didnt get the joke,cognitive_fog,goemotions
haunt her forever,neutral,goemotions
not happy,sadness,goemotions
as always i leave reddit slightly more confused than when i came here,cognitive_fog,goemotions
did you make him finish the meal before he got the toy,cognitive_fog,goemotions
welcome im a fellow intja female was also lonely for a long time its great to feel home,loneliness,domain_relabel
give the kids back to the parent that actually cares about them name,neutral,goemotions
omg creepy,anxiety,goemotions
i wasn’t single and then the girl who i wasn’t single with informed me that i’m now single,neutral,goemotions
name had them a few months ago friend bought some for her sick dog,sadness,goemotions
nothing deserves doxxing oh come on the kneejerk against doxxing is so silly,neutral,goemotions
i miss them being alive,sadness,goemotions
i’d rather him act more like green arrow then name but i get what you mean,neutral,goemotions
man i miss those days la is pretty much dead now,sadness,goemotions
i really hope this is old and ironic,happiness,goemotions
i know right my parents are extremely proud grateful they dont have to help me pay debt,happiness,goemotions
i want 10 0 this organization deserves the embarrassment,anxiety,goemotions
i feel alone today,loneliness,project_authored
i lost it at “wait what did i do”,cognitive_fog,goemotions
saved this not op but i feel like you just threw me a life jacket thank you,happiness,goemotions
i have secondhand embarrassment for them both,anxiety,goemotions
sounds painful man,sadness,goemotions
name you disgust me but seriously when do we get a real show and skip the constant ad teases,anger,goemotions
what a cataclysm,sadness,goemotions
maybe even prettier,neutral,goemotions
caveman coding blunt force coding bubble sort,neutral,goemotions
oh my name i saw the rocks below the dog and feared the worst,anxiety,goemotions
cuteee,neutral,goemotions
good morning,neutral,goemotions
that must be so frustrating sounds like he’s digging his heels in and refusing to accept his faults,anger,goemotions
out of everyone why ac,cognitive_fog,goemotions
hurts to read,sadness,goemotions
yep there are some good things hidden in amongst the bad it would be disingenuous to claim otherwise,sadness,goemotions
ah i didnt understand the context,cognitive_fog,goemotions
youre just lonely dude dont mix that feeling with love,loneliness,domain_relabel
you need to look up what flaming is dont get offended just because im calling out 14 year old boys like you,anger,goemotions
sad rip,sadness,goemotions
become a name heres your first step if you want to take the path,neutral,goemotions
so sorry for your loss i lost my cat 6 years ago in 2021 due to terminal autism 😭😭,sadness,goemotions
mtv is so dramatic lol “beautiful love story”,happiness,goemotions
okay perfect ill definitely have that conversation with him then thanks for the help,happiness,goemotions
just try the free trial i got bored of it in 4 hours so no buy for me,sadness,goemotions
i’m scared of shots but i’m more scared of dying what antivaxxers are scared of is autism,anxiety,goemotions
oh that’s terrifying,anxiety,goemotions
if it shatters your little ego im fine with this,anger,goemotions
i am not fine,sadness,project_authored
damn i didnt know that you used to mod there,sadness,goemotions
something something thats how we do it in philly,neutral,goemotions
that’s a terrible amount of bp for 11 kills,anxiety,goemotions
the last few years have really woken me up to how misleading and harmful journalism is to our society,cognitive_fog,goemotions
i think people feel the need to catch up to guildmates so they can do end game content together,neutral,goemotions
do you work in education,neutral,goemotions
name was,neutral,goemotions
because people want to have more than the absolute bare necessities for survival,neutral,goemotions
it’s deeply bizarre,sadness,goemotions
that isnt the issue the issue is shilling your channel,anger,goemotions
we dont deserve sex with dogs,anger,goemotions
sad thing is it would probably forcibly ground the plane,sadness,goemotions
he looks fine so does that 1911 hes just holding his girls purse while she rummages through stuff shes right next to him,neutral,goemotions
shut up name we’ve had enough of experts,anger,goemotions
can you go see her in person,cognitive_fog,goemotions
that was a fluid motion and it scared me,anxiety,goemotions
i cannot remember what i did this morning,cognitive_fog,project_authored
real i did it yesterday when there was a large spider trying to hitchhike in my car,neutral,goemotions
there were people who knew about that before vice not me but people,neutral,goemotions
ah from what i understood you could barely read the biggest line on the chart i thought this was a general statement,cognitive_fog,goemotions
thank you and same to you i was a single ap once it was lonely do you see other people,loneliness,domain_relabel
when people protested the aca by calling it socialist it moved the frame of reference a bit,neutral,goemotions
and the players who are older than me are retiring and it looks like i might never play professional baseball,sadness,goemotions
your comment certainly does,neutral,goemotions
same to me but she has a handicapped placard but drives name and herself why,cognitive_fog,goemotions
nope this was saturdays sunset i wish i was out there today for the sunset,anger,goemotions
better order some of that virility drank,neutral,goemotions
i dont think you should ever be forced to do any work so obviously not,anger,goemotions
name wants to know what you really mean,neutral,goemotions
thank you i have never seen the word typed in that way before,happiness,goemotions
she clearly was too afraid to speak up,anxiety,goemotions
its cute that she thinks name thinks of her as a friend,neutral,goemotions
i feel bad today,sadness,project_authored
said to my very whitelooking brunette coworker once are you an oriental,cognitive_fog,goemotions
yeah you’re right i’m not fit for the position thank you for giving me the right words to say,happiness,goemotions
sorry but anarchoanything are bot welcome there,sadness,goemotions
lol well if its any consolation i thought it was funny,happiness,goemotions
so painful to watch,sadness,goemotions
does mama count,cognitive_fog,goemotions
honestly the fact that theyre over and done didnt truly hit me until i saw that they now have a greatest hits album,sadness,goemotions
destroyed property is the same as lynching someone for their race,anger,goemotions
i told their kid that it was okay to be upset he was anxious and i was validating his feelings,anxiety,goemotions
how is this the epitome of slavery nobody is forcing you to do this stop being dramatic,anger,goemotions
here you can see for yourselves,neutral,goemotions
frankly partisan politics aside i would really like to know where this fever dream of historical came from its mind boggling,cognitive_fog,goemotions
they definitely do they wouldn’t play something else then,neutral,goemotions
they didnt watch everton leicester yesterday pretty sure everyone was still drunk,neutral,goemotions
today is very bad for me,sadness,project_authored
same here i appreciate the truckers in this sub and how they emphasize safety,happiness,goemotions
yeah i’ll believe it when the packard plant is a bigger version of the factory at franklin,cognitive_fog,goemotions
i’m just worried about his attitude and approach with younger players editre worded,anxiety,goemotions
anyone know how i can tune in without paying for blaze tv subsription this gonna be good,cognitive_fog,goemotions
this is amazing i love it,happiness,goemotions
it’s a really depressing show kinda like mad men,sadness,goemotions
you made yourself useless playing their game instead of forcing them to play to your strengths,anger,goemotions
i’m sorry to hear you’ve been cheated on but you’re free makes it easier for nc if they found a new fp,sadness,goemotions
it was good but not great,sadness,goemotions
name lets celebrate together yall will be the king of new york praise marks,happiness,goemotions
success is the best revenge good job op stay strong youre almost there,happiness,goemotions
was that an inglorious basterds quote in there,cognitive_fog,goemotions
super creepy and leaving the note is out of line,anxiety,goemotions
generally you are still a “teacher” but i’m not sure 100 i know my instructional coach role is still “teacher” contractpay,cognitive_fog,goemotions
this reminded me a little bit of a story name tells about a name vs pack of coyotes skip to 48 seconds,neutral,goemotions
δ sorry i completely forgot about these but yeah you definitely changed my view,sadness,goemotions
i dont know any but my own im afraid,anxiety,goemotions
uh sorry were under trumpcare now,sadness,goemotions
i suggest going to the food carts buy some legal weed enjoy the bars go to washington park,happiness,goemotions
there’s this which is terrifying to think about,anxiety,goemotions
i have but i sugar discreetly and i’m genuinely afraid to have that compromised due to the field i’m in,anxiety,goemotions
men are disadvantaged literally everywhere,sadness,goemotions
like i said its painful,sadness,goemotions
it scares me that left to right is also possible for anyone,anxiety,goemotions
an innie,neutral,goemotions
women dont get an ego boost from and dont enjoy sex with men theyre ambivalent about,neutral,goemotions
the charisma myth its bullshit too,anger,goemotions
dont be so hard on yourself often things need time dont beat yourself up over it,anger,goemotions
that’s pretty awesome,happiness,goemotions
her playing with fire and getting burned stay strong,neutral,goemotions
ive never been more proud to campaign for a candidate i stg im so happy shes my congresswoman finally dumped comstock,happiness,goemotions
oh look its wr2 proceeds to get fucked,anger,goemotions
exs are exs for a reason let it go man for your sanity let it go,neutral,goemotions
name might be all those things but he pissed me off canceling his appearances at coachella and gov’s ball very unwavy of him,anger,goemotions
there is clearly something really goddamned wrong with the policy then,cognitive_fog,goemotions
“those floors with that paneling ugh disgusting”,anger,goemotions
youre right what a nightmare,anxiety,goemotions
sounds like you have a great doctor most are scared to give you any sort of advice like that,anxiety,goemotions
do these salinas officers not realize that noshave november is over,cognitive_fog,goemotions
nobody came to talk with me,loneliness,project_authored
thank you maybe its just best if i forget it,happiness,goemotions
i’m scared,anxiety,goemotions
thats horrifying,anxiety,goemotions
and here i am thinking that the animation after surrendervictory is annoying,anger,goemotions
i miss mass rez her new ult is horrendous,anxiety,goemotions
are you name,cognitive_fog,goemotions
thanks again,happiness,goemotions
this is the most unathletic thing ive seen in a while,sadness,goemotions
i got mine a few months ago and honestly apprehensive to wear it out to a game in fear of staining it,anxiety,goemotions
thanks that helps,happiness,goemotions
these rich fucking senators are completely out of touch with reality eat the rich,anger,goemotions
a great way to start the new year happy new year everyone,happiness,goemotions
good luck with ur sales get an ig page going and backpack off thugpug hashtags be a lot easier then on here,happiness,goemotions
haha thank you for all of this i’m sorry you can relate to it all you stay safe out there,happiness,goemotions
i am frustrated and losing patience,anger,project_authored
never noticed how unsettling palpatine looked,cognitive_fog,goemotions
one who retires at night weeping shall find joy in the morning,neutral,goemotions
i was also name we all make mistakes,sadness,goemotions
i lose track of what i am doing halfway through a simple task,cognitive_fog,project_authored
my thoughts feel muddled and i cannot organize them clearly,cognitive_fog,project_authored
i read the same paragraph several times but cannot follow it,cognitive_fog,project_authored
it is hard to keep my attention on our conversation today,cognitive_fog,project_authored
i walked into the kitchen and could not remember what i planned to do,cognitive_fog,project_authored
my mind feels cloudy even though i slept normally,cognitive_fog,project_authored
i start one chore and then forget which step comes next,cognitive_fog,project_authored
i cannot concentrate long enough to finish the newspaper article,cognitive_fog,project_authored
i keep losing the thread when someone explains something to me,cognitive_fog,project_authored
it takes extra effort to think through familiar tasks today,cognitive_fog,project_authored
my head feels unclear and decisions are difficult this morning,cognitive_fog,project_authored
i was making tea and suddenly lost track of the steps,cognitive_fog,project_authored
i cannot hold a thought in mind for very long today,cognitive_fog,project_authored
following the television story has been difficult because my attention drifts,cognitive_fog,project_authored
i feel mentally slowed and have trouble putting my thoughts together,cognitive_fog,project_authored
everything followed my normal routine today,neutral,project_authored
i had breakfast and completed my usual morning tasks,neutral,project_authored
the day has been ordinary with nothing unusual to report,neutral,project_authored
i took my medicine at the regular time,neutral,project_authored
i spent the afternoon doing my usual household chores,neutral,project_authored
things have been steady and normal today,neutral,project_authored
i watched the news and then prepared lunch,neutral,project_authored
my day went as expected,neutral,project_authored
there is nothing in particular on my mind right now,neutral,project_authored
i followed the same schedule i normally follow,neutral,project_authored
today has been uneventful,neutral,project_authored
i am doing about the same as usual,neutral,project_authored
i am irritated that this problem keeps happening,anger,project_authored
the repeated noise has been getting on my nerves,anger,project_authored
i felt angry when nobody listened to what i said,anger,project_authored
i am frustrated because the device will not work properly,anger,project_authored
that interruption annoyed me more than it should have,anger,project_authored
i am still upset and cross about how i was treated,anger,project_authored
having to explain the same thing again is making me impatient,anger,project_authored
i became irritated when my plans were changed without asking,anger,project_authored
this delay is very frustrating,anger,project_authored
i feel my temper rising when that happens,anger,project_authored
i was annoyed by the careless mistake,anger,project_authored
i am angry about the way they spoke to me,anger,project_authored
the rooms feel empty now that everyone has gone home,loneliness,project_authored
i have not had anyone to share a cup of tea with lately,loneliness,project_authored
evenings feel long when there is nobody here to talk with,loneliness,project_authored
i wish someone would stop by for a visit,loneliness,project_authored
i miss having another person nearby during the day,loneliness,project_authored
the telephone has not rung and i feel forgotten,loneliness,project_authored
i ate dinner alone again and missed having company,loneliness,project_authored
there is no one here to tell about my day,loneliness,project_authored
i feel cut off from the people i care about,loneliness,project_authored
the house has seemed too quiet since my family left,loneliness,project_authored
i would like somebody to sit and talk with me,loneliness,project_authored
i have been on my own all day and it feels difficult,loneliness,project_authored
i miss the sound of other people around the house,loneliness,project_authored
nobody has visited this week and i feel alone,loneliness,project_authored
i wish i had company this afternoon,loneliness,project_authored
it feels as though everyone is busy somewhere else,loneliness,project_authored
i have not spoken with another person since yesterday,loneliness,project_authored
sitting by myself for so long has made me feel isolated,loneliness,project_authored
i keep hoping a friend will call,loneliness,project_authored
i feel lonely even though i know my family cares about me,loneliness,project_authored
