text,label,source
11 an hour doesnt leave a lot of room to be a hero,anger,goemotions_unambiguous
31 here 2 weeks is ridiculous,anger,goemotions_unambiguous
a track would be much more suitable for this kind of recklessness keep this kind of dangerous driving off of public roads,anger,goemotions_unambiguous
actually whoosh doesnt apply here because the criteria for whooshing is different,anger,goemotions_unambiguous
agreed you cant count on him every night the entire team is frustrating as hell,anger,goemotions_unambiguous
ah the classic i dont deserve you argument,anger,goemotions_unambiguous
also hate the little 2 wheeled zapper,anger,goemotions_unambiguous
and did i say they didnt read the whole thread you bimbo,anger,goemotions_unambiguous
and everybody clapped fuck this loser,anger,goemotions_unambiguous
and here i am thinking that the animation after surrendervictory is annoying,anger,goemotions_unambiguous
and i can’t blame you whyy they are beautiful little bugs,anger,goemotions_unambiguous
and if thats the case then there is no helping him it sucks that those people cant be helped,anger,goemotions_unambiguous
and op is not self deprecating,anger,goemotions_unambiguous
and then the rest of that thread devolves into name supporters arguing against and downvoting anyone who disagrees with the wall or hates name,anger,goemotions_unambiguous
ap can tell them to leave and then call the cops if they dont solicitingbegging is not allowed on target property,anger,goemotions_unambiguous
are you really that brain deadidiot,anger,goemotions_unambiguous
arrogance of the highest order,anger,goemotions_unambiguous
bds is a discriminatory bigoted hateful movement its not just oh i disagree with some things that israel has done,anger,goemotions_unambiguous
beat me to it just because the news makes it seem like there is a pandemic of school shootings it is exceedingly unlikely to happen,anger,goemotions_unambiguous
because idiots in this sub care too much about what other people have on their screen it only tells me that too many people on here are narcissists,anger,goemotions_unambiguous
behold the great grain name beckons us to its chamber follow me my fellow birds into the abyss,anger,goemotions_unambiguous
blame the person who made the rules not the enforce i am sticking with blaming both,anger,goemotions_unambiguous
call ambulance or police for a wellness check but make her pay the ambulance fees callout fees not op it should teach her real fast,anger,goemotions_unambiguous
can you stop living with this person engaging in it will only make it more toxic,anger,goemotions_unambiguous
cursed image,anger,goemotions_unambiguous
cute but i dont like where this is going,anger,goemotions_unambiguous
dammit,anger,goemotions_unambiguous
damn also awesome for the victims and others who spoke out about the abuse,anger,goemotions_unambiguous
deflections dont help your cause,anger,goemotions_unambiguous
destroyed property is the same as lynching someone for their race,anger,goemotions_unambiguous
dirty southern wankers,anger,goemotions_unambiguous
disgusting amount of oil,anger,goemotions_unambiguous
does it tickle inside your nostril i always imagined it would be annoying,anger,goemotions_unambiguous
dont be so hard on yourself often things need time dont beat yourself up over it,anger,goemotions_unambiguous
dont tell yourself those lies they only serve to keep that weight in place were all lucky to have you youre a gem,anger,goemotions_unambiguous
dream market is also down for me in the usa,anger,goemotions_unambiguous
dude has come up big in big situations time after time to doubt his talent and clutch ness is dumb,anger,goemotions_unambiguous
dude wants to help his mother cool i do the same my mom lives in my basement but he is doing it with my money,anger,goemotions_unambiguous
eh for the right money you cant go wrong letting the kid earn it,anger,goemotions_unambiguous
expectations was amazing this ain’t it,anger,goemotions_unambiguous
food pranks really irk me 😔,anger,goemotions_unambiguous
fuck a newspaper,anger,goemotions_unambiguous
fuck off,anger,goemotions_unambiguous
fuck these calls,anger,goemotions_unambiguous
fuck you i was in the bed,anger,goemotions_unambiguous
fuck your shitty ass title,anger,goemotions_unambiguous
fucking seriously,anger,goemotions_unambiguous
fuuuuck thats rough,anger,goemotions_unambiguous
get outta here and delete your post cause youre sure gonna look dumb in front of a lot of people other than me,anger,goemotions_unambiguous
given that youre not a conservative and this isnt a debate sub how about you just get the hell out and stay out,anger,goemotions_unambiguous
goddamn id tap the fuck out if i was that other guy,anger,goemotions_unambiguous
greasy bastards are getting part of what they deserve some fines just don’t seem to be enough sometimes,anger,goemotions_unambiguous
haha good theory but not the case im completely aware of when im intoxicated or not,anger,goemotions_unambiguous
happened this afternoon january 21 2019 in the central southeast area so frustrating,anger,goemotions_unambiguous
hate this guys videos,anger,goemotions_unambiguous
hates the patriarchyhas an iphone designed by a man so hypocrite can be added to the list of bullshit that makes up your personality,anger,goemotions_unambiguous
he is just awful enough to do something like that,anger,goemotions_unambiguous
he knew what you meant he pretended to be confused to save face that’s disgusting,anger,goemotions_unambiguous
her reply is immoral and disgusting but it is also brilliant shes not trying to convince intelligent people shes trying to motivate angry jealous people,anger,goemotions_unambiguous
holy shit he hit him hard,anger,goemotions_unambiguous
holy shit i’m stupid,anger,goemotions_unambiguous
honestly this type of support sounds very shallow it’s not like you’re gonna support women in any way when their babies are born,anger,goemotions_unambiguous
how dare you assume my mortality o,anger,goemotions_unambiguous
how dare you hate name,anger,goemotions_unambiguous
how dare you shes in your flair too,anger,goemotions_unambiguous
how is this the epitome of slavery nobody is forcing you to do this stop being dramatic,anger,goemotions_unambiguous
huge office fan and i agree name and name are annoying,anger,goemotions_unambiguous
hulu is awful for this the volume on their commercials is deafening,anger,goemotions_unambiguous
human nature also leads us to greed violence and aggression natural doesn’t equal good cancer is natural,anger,goemotions_unambiguous
hurr durr put well regulated back in the constitution ok name the fucking name,anger,goemotions_unambiguous
i agree its needs a bit more due to the 88mm gun i’ve got the heat t round which really is kinda useless,anger,goemotions_unambiguous
i agree with everything yet society and its stupid outdated conservative norms see it otherwise,anger,goemotions_unambiguous
i agreed with your comment until you told people they shouldn’t be parents for not knowing the difference between deodorant and antiperspirant,anger,goemotions_unambiguous
i am frustrated and losing patience,anger,project_authored
i am furious that nobody listened to me,anger,project_authored
i am irritated and cannot calm down,anger,project_authored
i am mad about what happened this morning,anger,project_authored
i am very angry about being ignored,anger,project_authored
i avoid them like the plague and report them,anger,goemotions_unambiguous
i came here for this you and your fancy teeth filled with toxic pfas can bite me,anger,goemotions_unambiguous
i can watch test cricket this would be no problems honestly though im annoyed i missed it hopefully theres a re run,anger,goemotions_unambiguous
i cant believe people voted us to beat sydney ive become extremely optimistic over the past few months and even i voted sydney,anger,goemotions_unambiguous
i cant help but agree with the headline at the bottom bright side the youtube channel is annoying,anger,goemotions_unambiguous
i cant imagine buds being very hard to find in hawaii,anger,goemotions_unambiguous
i completely agree with you just the whole mood against abortion gets my blood boiling,anger,goemotions_unambiguous
i could go but honestly it is the worst place on earth i have 0 desire to do it,anger,goemotions_unambiguous
i could not agree with you more these selfish women crying abuse to manipulate,anger,goemotions_unambiguous
i couldn’t agree with you more,anger,goemotions_unambiguous
i disagree with many picks in this list,anger,goemotions_unambiguous
i do hate fortnite dances,anger,goemotions_unambiguous
i do not want to dwell into an unfruitful discussion with a troll,anger,goemotions_unambiguous
i dont care about name story but i surprisingly found myself liking bristols,anger,goemotions_unambiguous
i dont care what idiots think about me,anger,goemotions_unambiguous
i dont like name she is not relevant to the series,anger,goemotions_unambiguous
i dont live there just have family there,anger,goemotions_unambiguous
i dont think the people who agree with this post fully understand how large a legion is,anger,goemotions_unambiguous
i dont think you should ever be forced to do any work so obviously not,anger,goemotions_unambiguous
i don’t want everybody to live the same way as me i just wanted to express the stupidity of it,anger,goemotions_unambiguous
i feel angry and frustrated today,anger,project_authored
i feel annoyed and tense today,anger,project_authored
i feel irritated and upset right now,anger,project_authored
i feel like that’s the least disgusting option imagine a penis or vaginal canal made out of fingers,anger,goemotions_unambiguous
i feel mad and emotionally heated,anger,project_authored
i find your lack of name disturbing,anger,goemotions_unambiguous
i hate that its over an interstate bridge so people traveling from the west from other states have to look at it edit because its fucking corny,anger,goemotions_unambiguous
i hate this arm swing thing either try to sync up or just stop doing it,anger,goemotions_unambiguous
i hate when people down vote to hell when someone has a different yet valid opinion,anger,goemotions_unambiguous
i kill you scum,anger,goemotions_unambiguous
i really didn’t wanna get up to do stuff today,anger,goemotions_unambiguous
i really hate this family nothing but snakeoil salesmen whos negative influence will reverberate for a new generation of young women who deserve better role models,anger,goemotions_unambiguous
i really hate this jersey and it just doesnt seem like a sabres logo despite being the most accurate to the name of the team,anger,goemotions_unambiguous
i reject that name cant defend now his legs being gone that might have legs,anger,goemotions_unambiguous
i think it it would have been even worse if that was the case,anger,goemotions_unambiguous
i think you should be able to with enough skill and precision but not in a spam swing fight i agree,anger,goemotions_unambiguous
i was thinking that as well after i posted some nasty stuff settles on ceiling tiles,anger,goemotions_unambiguous
i would just beat up someone i really hate my brother,anger,goemotions_unambiguous
i wouldnt necessarily call you and addict but you definetly have unhealthy relationship with mdma,anger,goemotions_unambiguous
id punt her to another planet if she said that about my dog wtf is wrong with people 😠,anger,goemotions_unambiguous
idiots gonna idiot,anger,goemotions_unambiguous
if it gets caught it cant breed😱,anger,goemotions_unambiguous
if it shatters your little ego im fine with this,anger,goemotions_unambiguous
if my dog were as ugly as you id shave its butt and tell it to walk backwards,anger,goemotions_unambiguous
if she deleted your snapchat just because you showed up to a bingo then it seems shes a bit of a bad person,anger,goemotions_unambiguous
if you just slam on the brakes and accommodate these assholes they usually dont even realize theyve done anything wrong,anger,goemotions_unambiguous
ill be honest i just want new stories not prequels doing things in the past are just too limiting with storytelling,anger,goemotions_unambiguous
im not trying to intimidate you just saying that what you are doing is wrong and illegal and you should stop doing it,anger,goemotions_unambiguous
im still a little surprised at how god awful that defense was the bengals definitely have some talent to work with,anger,goemotions_unambiguous
im using mine on the consumer cellular customers that come in mad at me because they have to set up an apple account to use their iphone,anger,goemotions_unambiguous
im with the photo guy it would be an awful feeling to watch your date flirt with some other dude on your date,anger,goemotions_unambiguous
insensitive tweets dont help though,anger,goemotions_unambiguous
its a careful boundary between them seeing you as one of those parents and taking you seriously,anger,goemotions_unambiguous
its disgusting where our society is free tube sites need to be banned,anger,goemotions_unambiguous
its the top comment how weird,anger,goemotions_unambiguous
it’s a shitpost 😐 also don’t tell me to shut up you’re not my mom or are you,anger,goemotions_unambiguous
it’s called concern trolling don’t be so gullible and quick to politicize everything,anger,goemotions_unambiguous
ive seen some unfunny comment sections on rjokes but this one takes the cake,anger,goemotions_unambiguous
i’d tell her nothing that freaking weirdo would just never see my kid the end disgusting,anger,goemotions_unambiguous
i’m tryin to make the community better and bring this to peoples attention he’s a filthy cheater,anger,goemotions_unambiguous
just sitting in the fast lane fishing for tickets ugh,anger,goemotions_unambiguous
justifying a potential rape because its name and she should feel thankful wow,anger,goemotions_unambiguous
like an idiot,anger,goemotions_unambiguous
literally wasn’t the worst effort of the season,anger,goemotions_unambiguous
lmao good luck tryna convince anyone you’re not just a brain washed redpiller tryna start shit just for validation,anger,goemotions_unambiguous
looks like he has a history of being an awful human,anger,goemotions_unambiguous
me too i have so much shit and i can’t imagine taking any of it into my car and piling it that high wtf,anger,goemotions_unambiguous
misandry is not part of our feminism here don’t make such comments again,anger,goemotions_unambiguous
mixed drinks are tastier and i hate raw clear spirits in particular,anger,goemotions_unambiguous
my dvr did the same thing as yours damn them,anger,goemotions_unambiguous
name damn it i hate when enemy keepers use their hands and stuff to keep the ball outside their goal make a mistake pls,anger,goemotions_unambiguous
name done fucked up,anger,goemotions_unambiguous
name forbid someone make a joke around you,anger,goemotions_unambiguous
name fucking name are you done yet racist motherfucker you’re not helping society,anger,goemotions_unambiguous
name fucking name please no,anger,goemotions_unambiguous
name has to have a shot tough son of a bitch also name name,anger,goemotions_unambiguous
name i hate my hometown,anger,goemotions_unambiguous
name isn’t even a homer at this point he’s just dumb,anger,goemotions_unambiguous
name might be all those things but he pissed me off canceling his appearances at coachella and gov’s ball very unwavy of him,anger,goemotions_unambiguous
name you disgust me but seriously when do we get a real show and skip the constant ad teases,anger,goemotions_unambiguous
name you people are so fucking dumb,anger,goemotions_unambiguous
never argue with religious people you cant win they think name is real after all,anger,goemotions_unambiguous
nice job censoring ualexneverafter right there,anger,goemotions_unambiguous
nice rifle i have a t3 in 7mm rem mag n mine would suck as a shtf rifle but its great for hunting,anger,goemotions_unambiguous
no just a bastard pastry,anger,goemotions_unambiguous
no just take care of your body fuck that,anger,goemotions_unambiguous
no mayo no care,anger,goemotions_unambiguous
no shit stupidest idea having a safe place for junkies to get fucked up,anger,goemotions_unambiguous
no thats not standard its a common house rule and is often published in the instructions as an alternate rule as well,anger,goemotions_unambiguous
no thats stupid,anger,goemotions_unambiguous
no your are disrespectful at least i pay my respects,anger,goemotions_unambiguous
noo hes so angry,anger,goemotions_unambiguous
nope im good to go my goal this year is to drop a packet for warrant officer,anger,goemotions_unambiguous
nope this was saturdays sunset i wish i was out there today for the sunset,anger,goemotions_unambiguous
not a single one of these allegations are of russian collusion its more perjury trap nonsense,anger,goemotions_unambiguous
not starting it at that temperature is a great way to drain your car of an ability to start pick your poison,anger,goemotions_unambiguous
oh i would refuse to do anything really nasty with profanity or violence,anger,goemotions_unambiguous
oh look its wr2 proceeds to get fucked,anger,goemotions_unambiguous
oh man i was being facetious it annoyed me so much,anger,goemotions_unambiguous
oh name i cant tell anymore,anger,goemotions_unambiguous
oh name you idiot,anger,goemotions_unambiguous
only 150 calories for two so its not as awful as a tub of ice cream still a bad message though,anger,goemotions_unambiguous
only a dozen times that’s nothing you can do that in one evening you’re giving up before you even tried,anger,goemotions_unambiguous
oof somebody doesn’t like anyone to make jokes or enjoy anything it least we’re not complete pricks douche,anger,goemotions_unambiguous
people need to stop excusing bad behavior,anger,goemotions_unambiguous
peta approved im out i hate peta even more than i hate mlms,anger,goemotions_unambiguous
pilots omg you are not alone there,anger,goemotions_unambiguous
please explain how this is stupid,anger,goemotions_unambiguous
possibly cool idea not well thought out,anger,goemotions_unambiguous
posting onion boy here is basically cheating,anger,goemotions_unambiguous
pretty frustrating that when it matters most winning comes down to who cheats the most aggressively,anger,goemotions_unambiguous
pretty fucking brutal when your starting front court is 010 from the field whatever i figured we would split this back to back anyway good game for our big 3,anger,goemotions_unambiguous
pretty fuking sure exit scam,anger,goemotions_unambiguous
prosciutto pizza is nice but how can you fuck it up so badly that it ends up here,anger,goemotions_unambiguous
psst your spoiler tag is busted dont leave spaces between the and your text,anger,goemotions_unambiguous
qb coach too shit,anger,goemotions_unambiguous
read a book you fucking crook,anger,goemotions_unambiguous
real class a asshole there,anger,goemotions_unambiguous
right before that he called name for getting barged in the back and nearly kicked in the face weird performance didnt change the result mind,anger,goemotions_unambiguous
rngbased access to very important mechanics is frustrating for some people,anger,goemotions_unambiguous
roll a blunt walk over and strike a conversation or mind your fcking business,anger,goemotions_unambiguous
same can be said for fragile liberals who cant handle cultural traditions and keep trying to push the envelope,anger,goemotions_unambiguous
same thing with depression it’s becoming a trend and i hate it,anger,goemotions_unambiguous
school board trustees are leeches of the system in any district its the most unnecessary position that does nothing more than continuous damage,anger,goemotions_unambiguous
she has not laid her hands on her phone to call another man in x years,anger,goemotions_unambiguous
she sucks but you don’t sound much better,anger,goemotions_unambiguous
shut tf up name,anger,goemotions_unambiguous
shut that soft ass shit up,anger,goemotions_unambiguous
shut up about the sun shut up about the sun,anger,goemotions_unambiguous
shut up name we’ve had enough of experts,anger,goemotions_unambiguous
sir the fuck down this is an intervention we need to talk,anger,goemotions_unambiguous
slightly too pissed off with this comment to merely downvote not angry enough to begin tirade lunchbreak ruined,anger,goemotions_unambiguous
so are leftists ones you will get banned for disagreeing with someone reeeeing at trump,anger,goemotions_unambiguous
sometimes it’s annoying but i think it’s at an okay place right now,anger,goemotions_unambiguous
sounds like my sil with mehubby but shes a bitch and we never liked her anyways so neither of us really care lol,anger,goemotions_unambiguous
spoken like proud slaughterbound crotch fruit,anger,goemotions_unambiguous
still can’t blame him we’ve all been there,anger,goemotions_unambiguous
stop spreading false hope,anger,goemotions_unambiguous
stop using that excuse he hasnt been dominant since returning,anger,goemotions_unambiguous
such a nasty woman,anger,goemotions_unambiguous
such an ignorant comment his reasoning is public information and is right,anger,goemotions_unambiguous
that is crazy,anger,goemotions_unambiguous
that is not a law its a freaking poem that someone decided to write,anger,goemotions_unambiguous
that isnt the issue the issue is shilling your channel,anger,goemotions_unambiguous
that just sounds like a show that would piss me off tbh,anger,goemotions_unambiguous
that must be so frustrating sounds like he’s digging his heels in and refusing to accept his faults,anger,goemotions_unambiguous
that sounds frustrating,anger,goemotions_unambiguous
that was an awful open shot,anger,goemotions_unambiguous
that was such a bad yellow he had the height and positional advantage such a bad challenge,anger,goemotions_unambiguous
that was such awful bandaid application like what the fuck,anger,goemotions_unambiguous
that was truly disgusting,anger,goemotions_unambiguous
that would really piss them off,anger,goemotions_unambiguous
thats not how any law works,anger,goemotions_unambiguous
thats way dangerous to keep then together they may break out and start feedig on the other ear buds to gain heir strength,anger,goemotions_unambiguous
that’s sex discrimination the male class has their own bathrooms but the female does not,anger,goemotions_unambiguous
the article was about legal delivery you big dummy i too love when people without knowledge of a situation respond like they know what’s what,anger,goemotions_unambiguous
the charisma myth its bullshit too,anger,goemotions_unambiguous
the fact that name the other principal in the original story has gotten out of this unscathed is annoying,anger,goemotions_unambiguous
the fuck come from nothing now something doesnt matter,anger,goemotions_unambiguous
these name impersonators are getting terrible,anger,goemotions_unambiguous
these rich fucking senators are completely out of touch with reality eat the rich,anger,goemotions_unambiguous
these stupid fucking cunts don’t even use “shade” correctly name would toss them off the pier,anger,goemotions_unambiguous
this does not sound like a good situation for a child at all imo,anger,goemotions_unambiguous
this doesnt solve the problem of people using controllers they make it harder for everyone low rank or not,anger,goemotions_unambiguous
this girl wasnt molested she was a young legal girl who thought it was cool to get with someone her dads age,anger,goemotions_unambiguous
this is a stupid idea one of the first things caught will be a wiki quote,anger,goemotions_unambiguous
this is a toxic behaviour get rid of him as soon as possible,anger,goemotions_unambiguous
this is my fiancé and i hate it,anger,goemotions_unambiguous
this is one of the worst ive seen,anger,goemotions_unambiguous
this is very serious how dare you guys mock this serious science,anger,goemotions_unambiguous
this is wrong on so many levels,anger,goemotions_unambiguous
this probably not a good file to keep on your phone if you are accessing this from within,anger,goemotions_unambiguous
this situation makes me feel angry,anger,project_authored
this thread is one of worst things ive ever read,anger,goemotions_unambiguous
this wasnt exactly aimed at the national brain trust,anger,goemotions_unambiguous
those are hoteps theyre delusional idiots no one takes them seriously,anger,goemotions_unambiguous
those bastards lied to me,anger,goemotions_unambiguous
those other countries clearly exploited to shit dats cuz its not mah name you with your big brain logic,anger,goemotions_unambiguous
tiki lounge always smells like sewage im surprise its lasted this long,anger,goemotions_unambiguous
too lazy to type out himher 3x that and i dont give a fuck,anger,goemotions_unambiguous
tribe member they arent native so thats annoying to me because i am,anger,goemotions_unambiguous
uh no he hates name not in a kayfabe way he doesnt like name at all,anger,goemotions_unambiguous
uh yeah that was a dumb question and if you thought it was going somewhere you re dead wrong,anger,goemotions_unambiguous
um yea you’re being creepy stop stalking her,anger,goemotions_unambiguous
we dont deserve sex with dogs,anger,goemotions_unambiguous
we use that a lot in the uk too,anger,goemotions_unambiguous
well good they should know theyve pissed me off,anger,goemotions_unambiguous
well quite now i’m all annoyed,anger,goemotions_unambiguous
well yeah youve gotta paint it white yourselves,anger,goemotions_unambiguous
were worse to animals than we were 100 years ago js,anger,goemotions_unambiguous
what a crybaby don’t drink and drive,anger,goemotions_unambiguous
what a fuckin n,anger,goemotions_unambiguous
what an idiot,anger,goemotions_unambiguous
what in the fuck now is garbage,anger,goemotions_unambiguous
who cares honestly,anger,goemotions_unambiguous
who the fuck reads news papers anymore baby boomers this kind of crap is totally written by a journalist in need of a safe place,anger,goemotions_unambiguous
with that attitude i guess he won’t mind when you dumb him,anger,goemotions_unambiguous
women arent smart enough to see an intellectual kino du art like name multiple times,anger,goemotions_unambiguous
worst president ever,anger,goemotions_unambiguous
wow that is shockingly uncool,anger,goemotions_unambiguous
ya know i hate lying but i guess id make an exception for this,anger,goemotions_unambiguous
yeah hes trash,anger,goemotions_unambiguous
yeah how dare he ask if you were feeling ok,anger,goemotions_unambiguous
yeah however you spell it i don’t play with them,anger,goemotions_unambiguous
yeah i don’t like my friend’s opinion either,anger,goemotions_unambiguous
yeah i sympathize with this sentiment the flow of michigan fans into the cfb subreddit this year was overwhelming even as a fan i was irritated,anger,goemotions_unambiguous
yeah it’s just a pointless invasive comment when it’s coming from a stranger,anger,goemotions_unambiguous
yeah you motherfucker,anger,goemotions_unambiguous
yep and because you do you’re going on the highway to hell,anger,goemotions_unambiguous
yikes what a loony bird,anger,goemotions_unambiguous
you are totally right complete waste of time,anger,goemotions_unambiguous
you cant argue that these are the same when clearly one of them has a monopoly over the market,anger,goemotions_unambiguous
you dodged a bullet she sounds like shes easily manipulated and theyre nightmare in laws bad combo,anger,goemotions_unambiguous
you dont get to judge me,anger,goemotions_unambiguous
you dont really work for the tsa if they arent paying you you are a slave go home,anger,goemotions_unambiguous
you have zero evidence that anything in this story is fabricated your blind cop hatred just really really wants you to believe that,anger,goemotions_unambiguous
you made yourself useless playing their game instead of forcing them to play to your strengths,anger,goemotions_unambiguous
you make less than zero sense,anger,goemotions_unambiguous
you need to look up what flaming is dont get offended just because im calling out 14 year old boys like you,anger,goemotions_unambiguous
you sick fuck it has heads and arms we can’t eat that,anger,goemotions_unambiguous
you told me it was pointless to point it out youre the idiot,anger,goemotions_unambiguous
your characters so broken,anger,goemotions_unambiguous
your team lacks ethics,anger,goemotions_unambiguous
youre pushing me to adopting irrational and nonsensical beliefs dogs are cats now,anger,goemotions_unambiguous
youre simply suggesting betrayal in a different form,anger,goemotions_unambiguous
you’re not being used but she has no right to tell you what to do with your money,anger,goemotions_unambiguous
yuck no im waiting until marriage obvs,anger,goemotions_unambiguous
£10 for copy pasting a wall of text from rgamerghazi why would i want to do that,anger,goemotions_unambiguous
“i don’t need no more sisters i got enough last year” cut to shocked mid drag faces in the werk room,anger,goemotions_unambiguous
“people said i was stupid for stretching out my lobe so far that it ripped well who’s stupid now”,anger,goemotions_unambiguous
“those floors with that paneling ugh disgusting”,anger,goemotions_unambiguous
🙄 i hate these people,anger,goemotions_unambiguous
6lbs is a lap dog if someone shoots that cause theyre scared its aggressive,anxiety,goemotions_unambiguous
a is just horrifying if she were to die i’d want her to go painlessly,anxiety,goemotions_unambiguous
aaaand im still here i dont have a alt account but whoever you reported im sure is alive and well youre terrible,anxiety,goemotions_unambiguous
acestream is a great tool just a shame that its closed source makes it a bit scarier for me to use,anxiety,goemotions_unambiguous
ah alt right thinking afraid of people who have anything upstairs or between their ears,anxiety,goemotions_unambiguous
aha this is my fear that the gloss over key elements because they want to target a wider audience,anxiety,goemotions_unambiguous
always and on a shallower note he is aging so well the handsome devil,anxiety,goemotions_unambiguous
and it’s super awkward with someone you barely know,anxiety,goemotions_unambiguous
and she will try so be careful op,anxiety,goemotions_unambiguous
any one of us could be a journalist and that level of journalism feeding the masses is mildly scary,anxiety,goemotions_unambiguous
as a closing tm that’s terrifying,anxiety,goemotions_unambiguous
as a democrat even i am afraid of a super majority,anxiety,goemotions_unambiguous
at least you can admit you value one innocent persons life over another what a shock its the rich politician over the security guard,anxiety,goemotions_unambiguous
because it was a terrible idea,anxiety,goemotions_unambiguous
bonus her infamous bizarre introduction video truly frightening,anxiety,goemotions_unambiguous
but terrible people is my type,anxiety,goemotions_unambiguous
careful they scare away easily but they will be back and in greater numbers,anxiety,goemotions_unambiguous
chill not everyone is perfect,anxiety,goemotions_unambiguous
coming from name even though it’s a hypothetical question it’s still gotta feel scary,anxiety,goemotions_unambiguous
completely correct but he might have lost control blown a tire etc or maybe just panicked human error,anxiety,goemotions_unambiguous
crap well its still horribly high on vancouver island wonderful,anxiety,goemotions_unambiguous
creep factor midnight virgins gonna be scared,anxiety,goemotions_unambiguous
death of fear is certain,anxiety,goemotions_unambiguous
depends on the drug weed makes me antisocial and when im in public i feel paranoid and i feel like everyone knows im high,anxiety,goemotions_unambiguous
done it since i was a kid i was very edgy,anxiety,goemotions_unambiguous
dont worry ill help you,anxiety,goemotions_unambiguous
don’t worry he’s more afraid of you than you are of him just act tough it’ll workmaybe,anxiety,goemotions_unambiguous
edgy bro,anxiety,goemotions_unambiguous
everyone is born an atheist some gets afflicted with religion usually via their parents,anxiety,goemotions_unambiguous
first i was afraid i was petrified,anxiety,goemotions_unambiguous
for the night is dark and full of terrors,anxiety,goemotions_unambiguous
general population are scared of press,anxiety,goemotions_unambiguous
girlfriend is straight off of shop hush social app and onto reddit someone tell her its slightly embarrassing,anxiety,goemotions_unambiguous
guns go off accidentally all the time don’t point them at someone unless you plan to kill them,anxiety,goemotions_unambiguous
ha me too i’m afraid we’ve been called out,anxiety,goemotions_unambiguous
he may have i was more worried about the running and shooting the ar one handed off to the side,anxiety,goemotions_unambiguous
he was afraid of flying,anxiety,goemotions_unambiguous
heh i remember that commercial was pretty cringy,anxiety,goemotions_unambiguous
help im scared and want to go back,anxiety,goemotions_unambiguous
hers are just terrible i’ve seen the look great on other people,anxiety,goemotions_unambiguous
honestly scared to see what happens,anxiety,goemotions_unambiguous
hot bath helps me or just heating pad on my breasts looks awkward but it helps,anxiety,goemotions_unambiguous
how insulting to beavis and butthead,anxiety,goemotions_unambiguous
i agree it seems the recruiter is a poor communicator and i think that is where some of my apprehension is coming from,anxiety,goemotions_unambiguous
i already called the county i got married in trying to find out about it but they had nothing on either of us about a divorce im so anxious,anxiety,goemotions_unambiguous
i am anxious about everything,anxiety,project_authored
i am embarrassed to admit that i was shocked to find out that his books all had the same exact weight and that you knew what that weight was,anxiety,goemotions_unambiguous
i am feeling anxious since morning,anxiety,project_authored
i am getting so nervous watching this,anxiety,goemotions_unambiguous
i am panicking a little today,anxiety,project_authored
i am practicing an speech for tonight when he drops by to see my dad i am every level of nervous,anxiety,goemotions_unambiguous
i am shocked shocked i tell you,anxiety,goemotions_unambiguous
i am under pressure and cannot relax,anxiety,project_authored
i cant imagine who is the whole thing is so cringe,anxiety,goemotions_unambiguous
i dont just cringe i feel literal embarrassment for anyone who has watched it,anxiety,goemotions_unambiguous
i dont know any but my own im afraid,anxiety,goemotions_unambiguous
i dont know i did message him many times but he didnt reply me i am worried about him i asked his mother about him,anxiety,goemotions_unambiguous
i dont think they are morons at all they know exactly what they are doing they just hope people dont notice it,anxiety,goemotions_unambiguous
i feel i should do this even after living here for 7 years ive barely done any touristy things shame on me,anxiety,goemotions_unambiguous
i feel nervous and tired,anxiety,project_authored
i feel overwhelmed and tense,anxiety,project_authored
i feel worried and overwhelmed,anxiety,project_authored
i feel worried and stressed today,anxiety,project_authored
i find it very doglike and adorable i find it very monsterlike and terrifying,anxiety,goemotions_unambiguous
i get scared just reading your flair,anxiety,goemotions_unambiguous
i got mine a few months ago and honestly apprehensive to wear it out to a game in fear of staining it,anxiety,goemotions_unambiguous
i gotta say that was a well fought period i was worried a couple times,anxiety,goemotions_unambiguous
i have a boobs but a penis it’s quite the embarrassment,anxiety,goemotions_unambiguous
i have bought this but not played im scared hold me,anxiety,goemotions_unambiguous
i have but i sugar discreetly and i’m genuinely afraid to have that compromised due to the field i’m in,anxiety,goemotions_unambiguous
i have secondhand embarrassment for them both,anxiety,goemotions_unambiguous
i interview applicants and respect people that ask about work life balance and harassment policy are applicants afraid of asking these questions,anxiety,goemotions_unambiguous
i joined the casuals on the couch and curled up in horror while watching this,anxiety,goemotions_unambiguous
i keep wondering about armpit waxing but the potential pain scares me,anxiety,goemotions_unambiguous
i miss mass rez her new ult is horrendous,anxiety,goemotions_unambiguous
i think im overly defensive tbh but yeah this relationship will be ending when i see him next,anxiety,goemotions_unambiguous
i told their kid that it was okay to be upset he was anxious and i was validating his feelings,anxiety,goemotions_unambiguous
i took a picture of a farmer treating his crops with roundup yesterday it was horrifying,anxiety,goemotions_unambiguous
i tried doing this for my son but he was afraid of it,anxiety,goemotions_unambiguous
i understand it but still cant ask questions i am too afraid,anxiety,goemotions_unambiguous
i want 10 0 this organization deserves the embarrassment,anxiety,goemotions_unambiguous
i was afraid of that,anxiety,goemotions_unambiguous
i was afraid things would if we kept seeing each other which is why i brought this up to her now rather than later,anxiety,goemotions_unambiguous
i was petrified,anxiety,goemotions_unambiguous
i was scared for that white building,anxiety,goemotions_unambiguous
i was so scared i thought the kid was going to backpedal into a street,anxiety,goemotions_unambiguous
i was told ignar was going to be awful by this sub,anxiety,goemotions_unambiguous
i worry that as soon as vr and ar take off itll be the nail in the coffin and we will be trapped,anxiety,goemotions_unambiguous
i wouldnt get your hopes up until youve been dating a while,anxiety,goemotions_unambiguous
id be shocked if he knew much of anything about the eu,anxiety,goemotions_unambiguous
im 25 and i still dont have a license im terrified of driving and get anxiety every time im behind the wheel,anxiety,goemotions_unambiguous
im afraid if i have a awful time or something like that im going to get worse,anxiety,goemotions_unambiguous
im afraid ill pick something else,anxiety,goemotions_unambiguous
im afraid im gonna have to go with what he said about an hour ago unicorns he just ruled out any sort of,anxiety,goemotions_unambiguous
im afraid of having a sit down with them amd not being heard but i might have to for my safety,anxiety,goemotions_unambiguous
im afraid you have your terms mixed up,anxiety,goemotions_unambiguous
im also scared,anxiety,goemotions_unambiguous
im ashamed that while trying to figure out what tke stands for all i can come up with is tau kappa epsilon,anxiety,goemotions_unambiguous
im moving to the uk in 2 weeks this terrifies me,anxiety,goemotions_unambiguous
im now scared to post this link i guess i should stop,anxiety,goemotions_unambiguous
im so nervous,anxiety,goemotions_unambiguous
im surprised that this is still happening despite the threats of an invasion of manbij,anxiety,goemotions_unambiguous
im thinking like an old guy who doesnt want to deal with the responsibility of head coaching anymore,anxiety,goemotions_unambiguous
im working on it but there is always the fear lurking around,anxiety,goemotions_unambiguous
imagine being scared of a black bear,anxiety,goemotions_unambiguous
in my eyes 6 la liga’s in a span of 18 years is just embarrassing,anxiety,goemotions_unambiguous
in that case i’m appalled,anxiety,goemotions_unambiguous
indeed this episode is for me the best one officially im scared for the finale,anxiety,goemotions_unambiguous
it happens so much that it really scares me tbh,anxiety,goemotions_unambiguous
it scares me that left to right is also possible for anyone,anxiety,goemotions_unambiguous
it should go well with kratom anyway i need to just eliminate anxiety and not have cravings,anxiety,goemotions_unambiguous
it still seems dangerous,anxiety,goemotions_unambiguous
it was a few years ago now i’m afraid i don’t have it or i would,anxiety,goemotions_unambiguous
it would probably be horrifying if we tried when a bug causes an integer overflow and resets our aggression levels,anxiety,goemotions_unambiguous
its almost as if everyone is too afraid to be politically incorrect to admit that height and race are a factor,anxiety,goemotions_unambiguous
its embarrassing,anxiety,goemotions_unambiguous
its kind of worrying that you genuinely believe that leftwing people are actively trying to destroy their own country approaching usa levels of ridiculous viewpoints,anxiety,goemotions_unambiguous
its like an arts school but with dangerous easily weaponizable spells being flung all over the place,anxiety,goemotions_unambiguous
its practically non existent im mostly afraid to initiate a hug because im afraid i dont knowforgot how to hug,anxiety,goemotions_unambiguous
its soooo cringy that i had to watch it again,anxiety,goemotions_unambiguous
its very normal in most parts of the world it just rightfully appears horrifying to those in 1st world countries,anxiety,goemotions_unambiguous
it’s got to be embarrassing at this point,anxiety,goemotions_unambiguous
it’s pretty cringe,anxiety,goemotions_unambiguous
ive never heard him say this news to me,anxiety,goemotions_unambiguous
i’d be afraid to get high after that yo,anxiety,goemotions_unambiguous
i’m afraid it will eventually go that way,anxiety,goemotions_unambiguous
i’m afraid too it’s the not knowing what will happen that scares me,anxiety,goemotions_unambiguous
i’m embarrassed how long it took for me to figure this out 🤦🏼‍♀️,anxiety,goemotions_unambiguous
i’m going to die right now i’m so scared tears and snot everywhere,anxiety,goemotions_unambiguous
i’m just worried about his attitude and approach with younger players editre worded,anxiety,goemotions_unambiguous
i’m kind of scared to talk to my manager about it,anxiety,goemotions_unambiguous
i’m scared,anxiety,goemotions_unambiguous
i’m scared for y’all saying undone,anxiety,goemotions_unambiguous
i’m scared of shots but i’m more scared of dying what antivaxxers are scared of is autism,anxiety,goemotions_unambiguous
i’m scared to fall asleep——,anxiety,goemotions_unambiguous
i’m so nervous,anxiety,goemotions_unambiguous
i’m starting to worry that name is not okay,anxiety,goemotions_unambiguous
i’m tired from working hard and i want someone to snuggle me to sleep,anxiety,goemotions_unambiguous
i’m to scared to tell them,anxiety,goemotions_unambiguous
just imagine disney characters without gloves yes its that horrifying,anxiety,goemotions_unambiguous
latestage reddit im afraid its malignant there are only palliative care options available at this point,anxiety,goemotions_unambiguous
mommy bad man,anxiety,goemotions_unambiguous
more worried about the multitrillion dollars in entitlement programs than 5 on a wall,anxiety,goemotions_unambiguous
my balls shrunk up looking at that,anxiety,goemotions_unambiguous
my mind is restless and stressed,anxiety,project_authored
my worst fear when i finally get over someone those damn what ifs,anxiety,goemotions_unambiguous
nah rest is pretty cringe too,anxiety,goemotions_unambiguous
name combat is terrible and the only reason i don’t play it anymore,anxiety,goemotions_unambiguous
name has a drive that name doesnt at all he cares more about his hair than buying a house for his mom from what i have seen,anxiety,goemotions_unambiguous
name is scary,anxiety,goemotions_unambiguous
name that is frightening,anxiety,goemotions_unambiguous
name was the same in crestwood scary as hell,anxiety,goemotions_unambiguous
name “ i’m afraid if i don’t have money she’ll leave me” yuh you’re exactly right name,anxiety,goemotions_unambiguous
neat idea but it looks terrible as a tool its faster to just separate with your hands,anxiety,goemotions_unambiguous
no actually my therapist is amazing ive just had bad experiences with doctors in the past i meant im worried the doctor will say that,anxiety,goemotions_unambiguous
nobody said they dont have the right its still embarrassing,anxiety,goemotions_unambiguous
not the right sub im afraid,anxiety,goemotions_unambiguous
o shame,anxiety,goemotions_unambiguous
of course he will lie cheat and steal to make him self relevant to the public horrible person,anxiety,goemotions_unambiguous
oh don’t worry i have an oil for that,anxiety,goemotions_unambiguous
oh god going to a social event with someone and never leaving their side is me at almost every social event i go to,anxiety,goemotions_unambiguous
oh my god del monico horrific even the ambient smell in the hallways makes me gag,anxiety,goemotions_unambiguous
oh my name i saw the rocks below the dog and feared the worst,anxiety,goemotions_unambiguous
oh my name thats so awkward,anxiety,goemotions_unambiguous
oh that sounds gross now i have this horrible deamon alien like picture in my head 🤢,anxiety,goemotions_unambiguous
oh that’s terrifying,anxiety,goemotions_unambiguous
oh their theme gives me anxiety,anxiety,goemotions_unambiguous
old can be a dangerous place gotta stay safe somehow,anxiety,goemotions_unambiguous
omg creepy,anxiety,goemotions_unambiguous
omg i could cry at this,anxiety,goemotions_unambiguous
omg terrifying,anxiety,goemotions_unambiguous
oof that’s terrible,anxiety,goemotions_unambiguous
or maybe he does and that’s why he scared of people thinking that he’s afraid of people finding them out,anxiety,goemotions_unambiguous
please don’t murder me,anxiety,goemotions_unambiguous
poor wee thing is probably terrified somewhere,anxiety,goemotions_unambiguous
pregnancy test no matter how old i am i am still embarrassed,anxiety,goemotions_unambiguous
pretty good but i would put the bishop on b4 so that the knight will be in danger of the queen after taking the bishop,anxiety,goemotions_unambiguous
probably scared they’re gonna get flashed by a camera,anxiety,goemotions_unambiguous
really visually haunting though for me it makes me think of strange alternate futures and dystopian scifi worlds,anxiety,goemotions_unambiguous
right because name was a circumcized name who died for our sins,anxiety,goemotions_unambiguous
right just like the shock i had in elementary school when i learned the kkk was started by name,anxiety,goemotions_unambiguous
scary times we live in,anxiety,goemotions_unambiguous
seeing name score on them was unbelievable how embarrassing,anxiety,goemotions_unambiguous
seeing people overtaking on the right makes me anxious,anxiety,goemotions_unambiguous
seeing that knife on this subreddit put the fear of name in me,anxiety,goemotions_unambiguous
shamelessly stolen from three flavours cornetto posting,anxiety,goemotions_unambiguous
she clearly was too afraid to speak up,anxiety,goemotions_unambiguous
she is a horrible person and that is what makes her so relatable in real life,anxiety,goemotions_unambiguous
short and simple more embarrassing being a janitor or being in the unemployment line,anxiety,goemotions_unambiguous
shouldve just given him the sum you usually pay and transfer the burden of awkwardness onto him,anxiety,goemotions_unambiguous
sir that is a popular opinion im too afraid of what sort of trade will happen to want one,anxiety,goemotions_unambiguous
some drugs people are just scary some drugs tend to bring out whats bubbling under the surface so in that way yeah,anxiety,goemotions_unambiguous
sometimes i think its like the movie shallow hal you see the person for who they really are on the inside and its terrifying,anxiety,goemotions_unambiguous
sounds like you have a great doctor most are scared to give you any sort of advice like that,anxiety,goemotions_unambiguous
spurs gonna get two in a row over us embarrassing,anxiety,goemotions_unambiguous
still pretty embarrasing though p,anxiety,goemotions_unambiguous
student of the game amazing physical attributes and devastating punching power humble enough to take bits and pieces from legends,anxiety,goemotions_unambiguous
stuff like this makes me worry a little less about the future generations,anxiety,goemotions_unambiguous
stumbling out of a closet in full name outfit im afraid its not,anxiety,goemotions_unambiguous
super creepy and leaving the note is out of line,anxiety,goemotions_unambiguous
tanks being strong is the reason why adcs get buffed,anxiety,goemotions_unambiguous
tell that to rpolygrumps very very nsfw dude they scare me more than this sub,anxiety,goemotions_unambiguous
terrifying every time,anxiety,goemotions_unambiguous
that awkward moment when someone already used shell as a pun earlier,anxiety,goemotions_unambiguous
that entire family is so embarrassing,anxiety,goemotions_unambiguous
that is so creepy and scary imagine if he really was a dr and the only one available in your hmo,anxiety,goemotions_unambiguous
that last bit is part of the embarrassment actually,anxiety,goemotions_unambiguous
that movie really scared me when i was a kid,anxiety,goemotions_unambiguous
that scared me,anxiety,goemotions_unambiguous
that sounds terrible,anxiety,goemotions_unambiguous
that was a fluid motion and it scared me,anxiety,goemotions_unambiguous
that was an horrendous season to an otherwise amazing show,anxiety,goemotions_unambiguous
that was just embarrassing we should not be loosing here,anxiety,goemotions_unambiguous
thats horrifying,anxiety,goemotions_unambiguous
thats the stuff of nightmares right there,anxiety,goemotions_unambiguous
thats your justification youre a terrible person correction youre a terrible child get some help,anxiety,goemotions_unambiguous
that’s a terrible amount of bp for 11 kills,anxiety,goemotions_unambiguous
that’s scary,anxiety,goemotions_unambiguous
the 5 days got an audible name out of me thats terrifying,anxiety,goemotions_unambiguous
the cruise boat one similar where the water goes well over the porthole scares the everloving shit out of me every time,anxiety,goemotions_unambiguous
the dryer sounds like a fire hazard to me,anxiety,goemotions_unambiguous
the faces in that drawing are kinda horrifying,anxiety,goemotions_unambiguous
the nice nice is really cringy for some reason,anxiety,goemotions_unambiguous
the school should make a list of sexual assaulters the boys who engage in this should be shamed publicly,anxiety,goemotions_unambiguous
the second overall pick is pretty embarrassing,anxiety,goemotions_unambiguous
the shocking conclusion,anxiety,goemotions_unambiguous
the sound isnt mixed terribly like in high school kids and a nice taxidermised bear in the usa a beautiful day,anxiety,goemotions_unambiguous
the word nourish makes me cringe now tbh,anxiety,goemotions_unambiguous
then he stabbed like five cops and hid in a haystack,anxiety,goemotions_unambiguous
there is too much pressure on me,anxiety,project_authored
there’s this which is terrifying to think about,anxiety,goemotions_unambiguous
this comment made me very nervous,anxiety,goemotions_unambiguous
this is amazing and terrifiying,anxiety,goemotions_unambiguous
this is horrific,anxiety,goemotions_unambiguous
this is horrifying,anxiety,goemotions_unambiguous
this is literally the only thing i know about warhammer orks and i feel kind of bad about that its the coolest concept faithbased technology,anxiety,goemotions_unambiguous
this is scary,anxiety,goemotions_unambiguous
this is so scary but true,anxiety,goemotions_unambiguous
this is so scary keep safe i would put fencing up and become a licensed carrier at that point sounds like crazy druggies,anxiety,goemotions_unambiguous
this is terrifying,anxiety,goemotions_unambiguous
this is the most scary name can ever be to me cause it’s also the most real he could ever be 😂,anxiety,goemotions_unambiguous
this is why i’m afraid to fly,anxiety,goemotions_unambiguous
this looks like dont hug me im scared,anxiety,goemotions_unambiguous
this made me stop subconsciously breathing and now i cant stop thinking about it,anxiety,goemotions_unambiguous
this picture really drives home that the cis can be super terrifying when they want to,anxiety,goemotions_unambiguous
this sounds like fainting get your blood pressuresugars checked,anxiety,goemotions_unambiguous
this was posted at the exact same time as another guy posted it on here and that scares me,anxiety,goemotions_unambiguous
those mindsets are extremely dangerous to our democracy,anxiety,goemotions_unambiguous
thought i was already there with the terrible title,anxiety,goemotions_unambiguous
to this day i get nervous reading anything with name name in it,anxiety,goemotions_unambiguous
uhh speak for yourself maybe youre just too jittery ive not had a problem you simply dont move the stick and it wont move,anxiety,goemotions_unambiguous
very creepy horrorthemed very accurate description and only from a few second piece of an audio recording,anxiety,goemotions_unambiguous
very scary,anxiety,goemotions_unambiguous
very weird game but will definitely take the w,anxiety,goemotions_unambiguous
was the same with me for a couple of years before puberty i was frequently mistaken for an adult woman,anxiety,goemotions_unambiguous
waterspouts might be one of nature’s most beautiful dangerous things,anxiety,goemotions_unambiguous
we had a clown banging on dorm windows on campus with a knife in 2016 was terrifying,anxiety,goemotions_unambiguous
well i bought cheese when i went and was shocked at the great variety and lower prices that probably skewed my view,anxiety,goemotions_unambiguous
well thats survival sweety run away live to fight another day you on the other hand are the one that learns the hard way and ends up dying first,anxiety,goemotions_unambiguous
well that’s horrific,anxiety,goemotions_unambiguous
well this is terrifying,anxiety,goemotions_unambiguous
what a cringeworthy load of kak this is wow i have no words,anxiety,goemotions_unambiguous
what’s the clip from i’m scared to put “teen boy good kisser 900 number” into youtube,anxiety,goemotions_unambiguous
when i drove refers i was always afraid this would happen to me i always shut my doors im just a worrier,anxiety,goemotions_unambiguous
women have a right to their own bodies your comments are horribly patronizing they indicate that women intellectually develop slower than men which is sexist,anxiety,goemotions_unambiguous
worried me there,anxiety,goemotions_unambiguous
worrying what other people think is what collectivists have brainwashed you to think and feel you are just a coward making excuses for your cowardice,anxiety,goemotions_unambiguous
wow this is terrifying,anxiety,goemotions_unambiguous
yah i unfortunately was sitting and watching this documentary with my mother that was very awkward,anxiety,goemotions_unambiguous
yea its a tricky one we need more buttons,anxiety,goemotions_unambiguous
yeah but youre not anymore im afraid,anxiety,goemotions_unambiguous
yeah it’s the opponents club that should be scared of us we are real madrid,anxiety,goemotions_unambiguous
yeah i’m at the dh store so it’s far but not that far people really are horrible,anxiety,goemotions_unambiguous
yeah theres even more registered online scary,anxiety,goemotions_unambiguous
yep exactly and he never demands the ball as well hes afraid of it,anxiety,goemotions_unambiguous
yes and i wish people werent so afraid to say it as many times as necessary,anxiety,goemotions_unambiguous
yes one of her fingers is getting a sore on it and there’s concern it may push her into needing braces,anxiety,goemotions_unambiguous
yes please do im worried about her d,anxiety,goemotions_unambiguous
yes please would make thing less overthinking and stressful,anxiety,goemotions_unambiguous
yet somehow that doesnt make death threats any less scary because of the fear the 000001 of them will try to follow through on that threat,anxiety,goemotions_unambiguous
yikes as someone who dislocates things often name this scares me,anxiety,goemotions_unambiguous
yikes thats cringe,anxiety,goemotions_unambiguous
yo this name was literally pulling moves out of the hitman games jumping over to your balcony thats terrifying,anxiety,goemotions_unambiguous
you are nervous just focus on the other stuff my dude,anxiety,goemotions_unambiguous
you clearly dont have a clue about name career so dont start worrying about it now,anxiety,goemotions_unambiguous
you could notice he was a little bit nervous i think that was the main reason for his way of playing in this game,anxiety,goemotions_unambiguous
you have mental problems dude get off the internet and get a life,anxiety,goemotions_unambiguous
you know when i typed legal tender i had a horrible feeling i was going down a rabbit hole,anxiety,goemotions_unambiguous
you nailed the crazy eyes she scary,anxiety,goemotions_unambiguous
you seem horrible,anxiety,goemotions_unambiguous
youre right its all very murky,anxiety,goemotions_unambiguous
youre right what a nightmare,anxiety,goemotions_unambiguous
“guys watch out the scary looking kid is coming down the hall”,anxiety,goemotions_unambiguous
1 keep doing exactly what we have been doing for the last 24 years 2 expropriate the land 3 4 economic growth,cognitive_fog,goemotions_unambiguous
24 minutes is not enough time to wash long hair 1015 minutes minimum stay strong,cognitive_fog,goemotions_unambiguous
a burned hand teaches best after that advice about fire goes to the heart,cognitive_fog,goemotions_unambiguous
a mad men fan nice unfortunately i dont have any idea where to get this at,cognitive_fog,goemotions_unambiguous
ah from what i understood you could barely read the biggest line on the chart i thought this was a general statement,cognitive_fog,goemotions_unambiguous
ah i didnt understand the context,cognitive_fog,goemotions_unambiguous
ah i was also confused but i think they mean friends around the same age,cognitive_fog,goemotions_unambiguous
ahhh yes the i can be making close to 6 figures job that no one will ever disclose highly doubt it bro,cognitive_fog,goemotions_unambiguous
am i the only one who really wants to know exactly what shit went down between them,cognitive_fog,goemotions_unambiguous
and that still doesn’t debate the fact that he’s all about the money,cognitive_fog,goemotions_unambiguous
and those are countries ruled according to religion principles,cognitive_fog,goemotions_unambiguous
any advice on if i should keep trying to start up some text conversations or just forget about that stuff for now,cognitive_fog,goemotions_unambiguous
anyone know how i can tune in without paying for blaze tv subsription this gonna be good,cognitive_fog,goemotions_unambiguous
anyone with a mirror,cognitive_fog,goemotions_unambiguous
are we talking about name or name,cognitive_fog,goemotions_unambiguous
are you claiming that the entire biology and geology communities have been lying for centuries,cognitive_fog,goemotions_unambiguous
are you happy at your work,cognitive_fog,goemotions_unambiguous
are you name,cognitive_fog,goemotions_unambiguous
are you promoting sex outside of marriage,cognitive_fog,goemotions_unambiguous
aren’t they ‘staffordshire bull terriers’commonly calledstaffies in europe,cognitive_fog,goemotions_unambiguous
as always i leave reddit slightly more confused than when i came here,cognitive_fog,goemotions_unambiguous
brilliant i have absolutely no idea whats going on,cognitive_fog,goemotions_unambiguous
but but the lizards would eat the bugs,cognitive_fog,goemotions_unambiguous
but religion monks dont speak,cognitive_fog,goemotions_unambiguous
but what volumes does the 3rd chart speak,cognitive_fog,goemotions_unambiguous
but where,cognitive_fog,goemotions_unambiguous
can i see it,cognitive_fog,goemotions_unambiguous
can i speak to the suns manager,cognitive_fog,goemotions_unambiguous
can you explain to me what sw brt means,cognitive_fog,goemotions_unambiguous
can you go see her in person,cognitive_fog,goemotions_unambiguous
cannot confirm i don’t see any dictatorship yet,cognitive_fog,goemotions_unambiguous
cant believe he took the time to count that they both seem a bit obssesed,cognitive_fog,goemotions_unambiguous
clearly there is only one way to solve this dilemma communism,cognitive_fog,goemotions_unambiguous
consciousness level the other is confused the other is dumb you are here the other is evil,cognitive_fog,goemotions_unambiguous
considering that the majority of people who play poker still open limp im surprised these posts arent more common,cognitive_fog,goemotions_unambiguous
considering you are also a child i cant say im surprised by your edgy hot take,cognitive_fog,goemotions_unambiguous
could this be an indication as to how the majority of the country wants the law,cognitive_fog,goemotions_unambiguous
crosspost from same community,cognitive_fog,goemotions_unambiguous
cured her depression didnt it,cognitive_fog,goemotions_unambiguous
curious as to why hes been passed up so many times now,cognitive_fog,goemotions_unambiguous
devils fan here how good is name im watching this game and was wondering how hes been and what his potential is,cognitive_fog,goemotions_unambiguous
did he drug her or was she actually drunk when she ordered,cognitive_fog,goemotions_unambiguous
did he just hecking kill name,cognitive_fog,goemotions_unambiguous
did you have to make this picture yourself because it’s just wonderful,cognitive_fog,goemotions_unambiguous
did you know your post about your comment being downvoted is also being downvoted,cognitive_fog,goemotions_unambiguous
did you make him finish the meal before he got the toy,cognitive_fog,goemotions_unambiguous
do i just need to watch just some or all of them oh and what about his books i gotta buy them too right,cognitive_fog,goemotions_unambiguous
do these salinas officers not realize that noshave november is over,cognitive_fog,goemotions_unambiguous
do you hate china then,cognitive_fog,goemotions_unambiguous
do you not commute to work its still like that during rush hour traffic,cognitive_fog,goemotions_unambiguous
does anybody have a serious answer to this,cognitive_fog,goemotions_unambiguous
does mama count,cognitive_fog,goemotions_unambiguous
does that violate the nap or not hmm🤔,cognitive_fog,goemotions_unambiguous
done that body dysmorphia makes them look the same to me 🤷,cognitive_fog,goemotions_unambiguous
dont yall scream communist at everything and burn nike stuff for no legitimate reason,cognitive_fog,goemotions_unambiguous
don’t i know it i can’t believe this breading station thing is so enormous,cognitive_fog,goemotions_unambiguous
dude are you okay,cognitive_fog,goemotions_unambiguous
dude couldn’t see he had a spool of hair growing on his face,cognitive_fog,goemotions_unambiguous
dude i think youve just proven my point,cognitive_fog,goemotions_unambiguous
eh not sure we shoulda fired name name was regarded as one of the best for quite a long time,cognitive_fog,goemotions_unambiguous
exactly its like a deepity only longer and wronger,cognitive_fog,goemotions_unambiguous
f actor here as well also willing to learn anything and everything involving film,cognitive_fog,goemotions_unambiguous
fair enough you know him better than any of us do,cognitive_fog,goemotions_unambiguous
for some reason im reminded of this,cognitive_fog,goemotions_unambiguous
frankly partisan politics aside i would really like to know where this fever dream of historical came from its mind boggling,cognitive_fog,goemotions_unambiguous
generally you are still a “teacher” but i’m not sure 100 i know my instructional coach role is still “teacher” contractpay,cognitive_fog,goemotions_unambiguous
google “video game addiction” you’re already at step one you know you have a problem,cognitive_fog,goemotions_unambiguous
gotta wonder how a fake bc could possibly result from a mixup,cognitive_fog,goemotions_unambiguous
great about to rewrite my many todo lists,cognitive_fog,goemotions_unambiguous
great post i have tried online dating in the past and ive noticed these things before,cognitive_fog,goemotions_unambiguous
having no position is in itself a position im not sure which party is more likely to split right now,cognitive_fog,goemotions_unambiguous
honestly i realized they’re not really gatekeeping but name last comment shows the gatekeeping,cognitive_fog,goemotions_unambiguous
how did i miss that,cognitive_fog,goemotions_unambiguous
how did i not know this that show is so good,cognitive_fog,goemotions_unambiguous
how did limewire make money,cognitive_fog,goemotions_unambiguous
how did that tree not grow,cognitive_fog,goemotions_unambiguous
how do you think money is created it is largely controlled by the government and is distributed to create certain results in our society,cognitive_fog,goemotions_unambiguous
how many of each have been killed or injured,cognitive_fog,goemotions_unambiguous
how much out of curiosity’s sake,cognitive_fog,goemotions_unambiguous
how old are you do you get free housing and healthcare,cognitive_fog,goemotions_unambiguous
huge difference so important amen sister,cognitive_fog,goemotions_unambiguous
i am confused about my routine,cognitive_fog,project_authored
i am not sure what day it is,cognitive_fog,project_authored
i am seeing the insane clown posse there in two weeks and i have no idea how i am going to get home covered in faygo,cognitive_fog,goemotions_unambiguous
i ask them straight why they dont respect my decision that usually fixes it,cognitive_fog,goemotions_unambiguous
i can relate it kind of breaks your heart and your spirit doesn’t it,cognitive_fog,goemotions_unambiguous
i cannot remember what i did this morning,cognitive_fog,project_authored
i cant tell if this is a happy or sad ending 😐,cognitive_fog,goemotions_unambiguous
i cant understand why pepsi and coke are the two most popular sodas or why fans think theyre so different,cognitive_fog,goemotions_unambiguous
i can’t figure out how to pm you but i have a question about something on another post mom of 2 here 😂,cognitive_fog,goemotions_unambiguous
i confirm my increased by around 20 every year for the last 3 years,cognitive_fog,goemotions_unambiguous
i did not know until now but apparently i have the gay mole,cognitive_fog,goemotions_unambiguous
i didnt realize belgium was behind on climate change,cognitive_fog,goemotions_unambiguous
i didnt realize its been posted that often good to know it was new to me,cognitive_fog,goemotions_unambiguous
i do not understand what happened,cognitive_fog,project_authored
i dont know about that is that something,cognitive_fog,goemotions_unambiguous
i dont know what the main broadcast is like but the mnf crew is amazing,cognitive_fog,goemotions_unambiguous
i dont know who wrote what but good call the ds are completely different from one to the other,cognitive_fog,goemotions_unambiguous
i dont understand the question do you stand to lose something by acting like an adult with integrity,cognitive_fog,goemotions_unambiguous
i don’t get this question as they know full well exactly why i am not married,cognitive_fog,goemotions_unambiguous
i drove to alaska from washington state a couple years ago in a tractor trailer those roads are already pretty interesting,cognitive_fog,goemotions_unambiguous
i forgot whether i took my medicine,cognitive_fog,project_authored
i gathered that part from the boulder barnes and noble part was just curious if we were ever in the same ward,cognitive_fog,goemotions_unambiguous
i guess im confused why beliefs are not voluntary the link talks about conclusions based on that but doesnt seem to address the premise,cognitive_fog,goemotions_unambiguous
i had a big omnibus edition it was great but a good 45 inches thick,cognitive_fog,goemotions_unambiguous
i just use a very generic “this card wont seem to process for some reason do you have another form of payment you could try”,cognitive_fog,goemotions_unambiguous
i know right burger king is clearly superior no wonder he is fa,cognitive_fog,goemotions_unambiguous
i lost it at “wait what did i do”,cognitive_fog,goemotions_unambiguous
i meanthey both seem true to me,cognitive_fog,goemotions_unambiguous
i said im curious to see how many women would do it,cognitive_fog,goemotions_unambiguous
i see you flaired it with helpso what do you need help with,cognitive_fog,goemotions_unambiguous
i still have empathy because shes a human with a family every bigots are human,cognitive_fog,goemotions_unambiguous
i think seager and urias will be better than any free agency acquisition we can possibly make if both are healthy,cognitive_fog,goemotions_unambiguous
i think that making someone an approved submitter might get around that not 100 sure though,cognitive_fog,goemotions_unambiguous
i think the main problem here is you missed that the person originally said franchises and not specifically overwatch that is burning,cognitive_fog,goemotions_unambiguous
i thought you were and name too,cognitive_fog,goemotions_unambiguous
i totally read that wrong and was about to shout colby 2012,cognitive_fog,goemotions_unambiguous
i wonder how many didnt get the joke,cognitive_fog,goemotions_unambiguous
i wonder how people who are in collegeundergrad who are in stable relationships do it,cognitive_fog,goemotions_unambiguous
i wonder if that child puts it on his resume,cognitive_fog,goemotions_unambiguous
i wonder the same thing where could i go where no one would ever find me i usually come around to dropping myself in the millworks,cognitive_fog,goemotions_unambiguous
i wonder what was stopping that barber using the lightning network for payments,cognitive_fog,goemotions_unambiguous
i would make that face too if i just realized i was hc of the new york jets,cognitive_fog,goemotions_unambiguous
id say british humor isnt for everyone i think he was on point most of the time,cognitive_fog,goemotions_unambiguous
if shes making inapropriate claims thats a problem too im not exactly sure what your point is,cognitive_fog,goemotions_unambiguous
if you want to start a family you cant just pass up 20k no matter how nice your current school is,cognitive_fog,goemotions_unambiguous
if you were better than the players you met every day you would be able to get better stats while playing against them,cognitive_fog,goemotions_unambiguous
im a revolver guy so ive always admired the rhino and its low bore axis design the rhino and the kimber k6s are on my list,cognitive_fog,goemotions_unambiguous
im curious because this reminds me of where i used to go to school what town is it,cognitive_fog,goemotions_unambiguous
im just curious all those people who blamed you for his infidelity what are they saying now,cognitive_fog,goemotions_unambiguous
im not confident in name but he may be the best option,cognitive_fog,goemotions_unambiguous
im not even surecwhat it is why do people hate it,cognitive_fog,goemotions_unambiguous
im not sure how is this as big an issue as you put it up to be,cognitive_fog,goemotions_unambiguous
im very confused by this comment id do it for 2500mo,cognitive_fog,goemotions_unambiguous
imagine wanting a crockpot that cooks enough for one person whats the point,cognitive_fog,goemotions_unambiguous
interesting i know another millionaire who takes to twitter and rambles in an attempt to distract people from negative news about him,cognitive_fog,goemotions_unambiguous
is anyone familiar with what the post was about im guessing it was on the nyc hate crime,cognitive_fog,goemotions_unambiguous
is it because of the accents you thought they were the same,cognitive_fog,goemotions_unambiguous
is it really up to 11,cognitive_fog,goemotions_unambiguous
is name also running as democrat,cognitive_fog,goemotions_unambiguous
is that guildford there always seems to be plenty of zombielike pedestrians around town,cognitive_fog,goemotions_unambiguous
is that the cobbler in the background of the family portrait this is great,cognitive_fog,goemotions_unambiguous
is that too bad though,cognitive_fog,goemotions_unambiguous
is this a metaphor for life,cognitive_fog,goemotions_unambiguous
it could be bait and switch which would be a surprise,cognitive_fog,goemotions_unambiguous
it is like how i imagine name and name people seeing wooden ships across the water the first time,cognitive_fog,goemotions_unambiguous
it was complimentary was it a fly quiet possibly,cognitive_fog,goemotions_unambiguous
its always been marfeles was 30 years ago when i first visited,cognitive_fog,goemotions_unambiguous
its cool looks like it has a dish drying place built in too,cognitive_fog,goemotions_unambiguous
its extremely common hell you probably have it yourself and just dont know,cognitive_fog,goemotions_unambiguous
its ok i still have no idea how to add,cognitive_fog,goemotions_unambiguous
ive been asked this in a similar situation as well interviewer was female and i would bet it was female in ops case too,cognitive_fog,goemotions_unambiguous
ive never heard of him do you have a link curious to see if he has any videos on accents im familiar with,cognitive_fog,goemotions_unambiguous
ive only seen the beginning of this videountil today,cognitive_fog,goemotions_unambiguous
ive read his and name further response and feel curious on the gofundme creators authenticity butnthats just me yay for positivity,cognitive_fog,goemotions_unambiguous
i’m pretty sure someone once said the name name and the word pig appear the same number of times as well how would u respond,cognitive_fog,goemotions_unambiguous
i’m shocked that no one got whooshed by this comment,cognitive_fog,goemotions_unambiguous
i’ve read this exact same story except the car was a red porsche,cognitive_fog,goemotions_unambiguous
john 316 what are you on about edit also if this is the case then why is literally every genealogy in the torah by father,cognitive_fog,goemotions_unambiguous
less frugal right,cognitive_fog,goemotions_unambiguous
like i said previously i realise they werent commonly called asylum seekers until recently however that doesnt mean that previously they werent asylum seekers,cognitive_fog,goemotions_unambiguous
link pls i need to see this i bet he dropped it,cognitive_fog,goemotions_unambiguous
look on the bright side i dont know what your bright side is but just look at it,cognitive_fog,goemotions_unambiguous
looks great but am i the only one who cant hear anything,cognitive_fog,goemotions_unambiguous
lsd or the fungal kind out of curiosity,cognitive_fog,goemotions_unambiguous
midland has a ton of smart people a lot of petroleum engineers,cognitive_fog,goemotions_unambiguous
miner rewards are being reduced from 3 to 2 eth per block why would that indicate a sell off,cognitive_fog,goemotions_unambiguous
mmmm looks like some delicious asbestos tile being rubbed there,cognitive_fog,goemotions_unambiguous
my biggest question is who is name also who are the name also who is name,cognitive_fog,goemotions_unambiguous
my ego is pretty ok my funometer is a little off and needs calibration probably though,cognitive_fog,goemotions_unambiguous
my father needs to read this i may be wrong tho,cognitive_fog,goemotions_unambiguous
my first thought was how bloody your hands are when your downed you turned blood and gore off good man,cognitive_fog,goemotions_unambiguous
my first thought was what is a name then i realized i was being dumb,cognitive_fog,goemotions_unambiguous
nah youre fine this is why all souchefs are heathen,cognitive_fog,goemotions_unambiguous
name face looks like some actressmodel who i can picture in my head but i cant remember her name,cognitive_fog,goemotions_unambiguous
name is gorgeous and so are you,cognitive_fog,goemotions_unambiguous
name now you have my attention do you want your fun fact or no,cognitive_fog,goemotions_unambiguous
name why im curious what youre thinking,cognitive_fog,goemotions_unambiguous
never noticed how unsettling palpatine looked,cognitive_fog,goemotions_unambiguous
new book or is he talking about 12 rules,cognitive_fog,goemotions_unambiguous
new to the area i would think its due to the cold i havent seen my neighborhood this dark,cognitive_fog,goemotions_unambiguous
nice quote not sure if it was worth the time to pull up though,cognitive_fog,goemotions_unambiguous
no no this sub has so much to offer so many great pictures to see you have a great place here,cognitive_fog,goemotions_unambiguous
no no totally justified,cognitive_fog,goemotions_unambiguous
not in the slightest im actually dumbfounded,cognitive_fog,goemotions_unambiguous
oh hey this is pretty awesome ive never seen such a concise itinerary on one page before,cognitive_fog,goemotions_unambiguous
oh wow that’s nice of new york,cognitive_fog,goemotions_unambiguous
ohhh this sounds interesting what pod,cognitive_fog,goemotions_unambiguous
ok thats why i was so confused of why i saw two name,cognitive_fog,goemotions_unambiguous
omg how did they do that i mean killed petunias my pot is from bunnings as well,cognitive_fog,goemotions_unambiguous
omg how have a i never heard this before absolutely dying you can tell name just lost it off mic 🤣,cognitive_fog,goemotions_unambiguous
omg if the name and name run ill have the worst of time deciding who to vote for,cognitive_fog,goemotions_unambiguous
omg is this the one that wore white 😳,cognitive_fog,goemotions_unambiguous
once you pop you can’t stop wait a minute,cognitive_fog,goemotions_unambiguous
only beijing forbidden city and national museum are great 100 pre day would be enough to find a decent hotel,cognitive_fog,goemotions_unambiguous
oohhh so you go to school on a military base is your mom or dad in the military or both,cognitive_fog,goemotions_unambiguous
out of curiosity have you read the great partnership by lord rabbi name i have not but i do listen to his parsha podcast,cognitive_fog,goemotions_unambiguous
out of everyone why ac,cognitive_fog,goemotions_unambiguous
please revise your post to include whatever your talking about because i have no idea what your referencing,cognitive_fog,goemotions_unambiguous
plenty of places to build more damns in the wcape actually damns are not the way forward what do you propose,cognitive_fog,goemotions_unambiguous
possible spoiler what about the name animation,cognitive_fog,goemotions_unambiguous
protesting in general is an emotional response people’s attachment to their cause grows stronger in the face of confrontation and adversity,cognitive_fog,goemotions_unambiguous
really i was in new york last week and had to stand in the freezing cold to pump gas twice,cognitive_fog,goemotions_unambiguous
really some of my postscomments have been visited by bots how do i kill them,cognitive_fog,goemotions_unambiguous
redpill is a modern name for an old sentiment and anyways matrix came out 20 years ago,cognitive_fog,goemotions_unambiguous
ripped but not bulky is anything but unremarkable so attractive talented and rich i cant imagine what women see in guys like that,cognitive_fog,goemotions_unambiguous
said to my very whitelooking brunette coworker once are you an oriental,cognitive_fog,goemotions_unambiguous
same to me but she has a handicapped placard but drives name and herself why,cognitive_fog,goemotions_unambiguous
she got exactly what she wanted,cognitive_fog,goemotions_unambiguous
should start at 1mg and see how you feel,cognitive_fog,goemotions_unambiguous
so i heard how is she havent seen her in a while,cognitive_fog,goemotions_unambiguous
so not a single mp wants brexit to be canceled you really believe that,cognitive_fog,goemotions_unambiguous
so the time of death would be when the doctor confirms them dead,cognitive_fog,goemotions_unambiguous
so then what do i do should i tell priests will they kick me out,cognitive_fog,goemotions_unambiguous
so when a 22 week old infant is born premature does that thing near worthless morally,cognitive_fog,goemotions_unambiguous
so you are the only occupant in the dwelling that drives,cognitive_fog,goemotions_unambiguous
some kind of situations you experienced that made you realize that or someone elses experience,cognitive_fog,goemotions_unambiguous
some of them will have to get new vehicles to meet the requirements that means we get cleaner air wheres the problem exactly,cognitive_fog,goemotions_unambiguous
soyou can link those then right,cognitive_fog,goemotions_unambiguous
srsly mountains in netherlands,cognitive_fog,goemotions_unambiguous
sub chill i see what you did there,cognitive_fog,goemotions_unambiguous
super curious commenting to check in,cognitive_fog,goemotions_unambiguous
tell us more about this magical potion how do we craft it,cognitive_fog,goemotions_unambiguous
tell what i’m confused,cognitive_fog,goemotions_unambiguous
that poor girl who said shed help out is about to get a surprise when she finds out she has to pay for the coffee,cognitive_fog,goemotions_unambiguous
thats called lust and is completely normal just dont get obsessive and do things to keep you busy and dont be afraid of them feelings,cognitive_fog,goemotions_unambiguous
thats the problem you have with this mule kick in zombies has exactly what he wants xd,cognitive_fog,goemotions_unambiguous
thats what i thought he can be very lucky to walk away from that,cognitive_fog,goemotions_unambiguous
that’s awesome what do you do if you don’t mind me asking,cognitive_fog,goemotions_unambiguous
that’s the face of trying your best not to smile at a bad pun,cognitive_fog,goemotions_unambiguous
the guy is clearly kidding not sure how you missed that,cognitive_fog,goemotions_unambiguous
the last few years have really woken me up to how misleading and harmful journalism is to our society,cognitive_fog,goemotions_unambiguous
the math so far appears to indicate something more damning the question im curious about is whether the information will come out before summer,cognitive_fog,goemotions_unambiguous
the name he asked if i was was some foreign name it was so far off from my actual name i thought it was a joke at first,cognitive_fog,goemotions_unambiguous
there is clearly something really goddamned wrong with the policy then,cognitive_fog,goemotions_unambiguous
there’s a fairly strong intersection between white supremacists and antivacs from what i’ve noticed,cognitive_fog,goemotions_unambiguous
they 100 know each other maybe not personally,cognitive_fog,goemotions_unambiguous
they arent wrong here in illinois,cognitive_fog,goemotions_unambiguous
they talked about choosing either stance tho and i thought i read menu which makes me think of morrigan ult,cognitive_fog,goemotions_unambiguous
things can be a little bit true you know it isnt all or nothing do you consider yourself a skeptic by the way,cognitive_fog,goemotions_unambiguous
this is an incredible insight ive never thought of before loyalty vs disloyalty compared to care vs harm i mean,cognitive_fog,goemotions_unambiguous
this is doubtfulhe just won with over 50 percent,cognitive_fog,goemotions_unambiguous
this is good what is it es carne de burro heh my names name,cognitive_fog,goemotions_unambiguous
this is peak dundee,cognitive_fog,goemotions_unambiguous
this is so true,cognitive_fog,goemotions_unambiguous
this man looks so much older without the cap,cognitive_fog,goemotions_unambiguous
til religion are the second biggest religious group in arizonaim starting to see why its been red for so long,cognitive_fog,goemotions_unambiguous
totally came to ask this question too,cognitive_fog,goemotions_unambiguous
true i guess we all cheer for salt lake since they are directly affiliated with us,cognitive_fog,goemotions_unambiguous
two different writers have two differing opinions im shocked just absolutely shocked i tell you,cognitive_fog,goemotions_unambiguous
very sure they are metal,cognitive_fog,goemotions_unambiguous
wait do they really have 500 people ive always assumed they are an indie developer group of like 20 people,cognitive_fog,goemotions_unambiguous
wait how do u know he is a therapist,cognitive_fog,goemotions_unambiguous
was that an inglorious basterds quote in there,cognitive_fog,goemotions_unambiguous
wasn’t it 99 of the world’s population like how in the fuck is that even possible,cognitive_fog,goemotions_unambiguous
wasn’t the black saber first seen in the clone wars but otherwise all true,cognitive_fog,goemotions_unambiguous
watching name play after quite some time she has lost insane amount of weight did this happen after stabbing incident,cognitive_fog,goemotions_unambiguous
we got some good sex scenes or is it blue balling bs,cognitive_fog,goemotions_unambiguous
we look like hawks at this time good old days,cognitive_fog,goemotions_unambiguous
weed has never killed anyone until now,cognitive_fog,goemotions_unambiguous
well hes right the evil is a choice its not inherent,cognitive_fog,goemotions_unambiguous
well it depends on your level class and how good you roll,cognitive_fog,goemotions_unambiguous
welli really am name one of the original neckbeards so maybe,cognitive_fog,goemotions_unambiguous
what and you’re not a vegetable s,cognitive_fog,goemotions_unambiguous
what are those baby blue thingies,cognitive_fog,goemotions_unambiguous
what did i ever do to you,cognitive_fog,goemotions_unambiguous
what did it say the mods on rrant deleted it,cognitive_fog,goemotions_unambiguous
what did the dyslexic atheist insomniac do last night he stayed up all night wondering if there was a dog,cognitive_fog,goemotions_unambiguous
what if i dont want the service why should i be forced to purchase that service,cognitive_fog,goemotions_unambiguous
what if she runs back to you just for more attention but still no interest in dating,cognitive_fog,goemotions_unambiguous
what is the least confusing racism to you,cognitive_fog,goemotions_unambiguous
whats your source for that just curious and yes i know it sounds like a tired contrarian statement,cognitive_fog,goemotions_unambiguous
whhhaaa really when was this,cognitive_fog,goemotions_unambiguous
which one is he playing,cognitive_fog,goemotions_unambiguous
which one is it,cognitive_fog,goemotions_unambiguous
who was the molester in the family cause the way you worded it confused me,cognitive_fog,goemotions_unambiguous
why cant name get a call these last few games,cognitive_fog,goemotions_unambiguous
why im not familar with the situation this is the best nebraska team in decades from what i can see,cognitive_fog,goemotions_unambiguous
why is that a concern their not language students nor are they part of an international language program,cognitive_fog,goemotions_unambiguous
why is there a huge focus on the living room the perspective confused me so much,cognitive_fog,goemotions_unambiguous
will the full squads subs be announced before the league starts curious as to who teams put down as their subs,cognitive_fog,goemotions_unambiguous
wonder which one belongs to name and what would be his final carbon footprint tally for this trip alone,cognitive_fog,goemotions_unambiguous
wooah o didnt know name had a son xd,cognitive_fog,goemotions_unambiguous
would destroying the business bring them both closer together,cognitive_fog,goemotions_unambiguous
would i pull my gun if that were happening to me absolutely,cognitive_fog,goemotions_unambiguous
wow here in brazil people say the opposite of this phrase also makes me mad,cognitive_fog,goemotions_unambiguous
wow how many beds is 22 wards,cognitive_fog,goemotions_unambiguous
wow jurassic park looks a lot different than in the cinema,cognitive_fog,goemotions_unambiguous
wow no wonder everyone is driving mopeds around thats all theres room for,cognitive_fog,goemotions_unambiguous
wow really i watched a fair bit of kr contenders i guess i just wasn’t paying that much attention,cognitive_fog,goemotions_unambiguous
yas mom was done talking wasnt she,cognitive_fog,goemotions_unambiguous
yea i was gonna say that looks pretty good to me,cognitive_fog,goemotions_unambiguous
yea i wouldve lost it there,cognitive_fog,goemotions_unambiguous
yeah i’ll believe it when the packard plant is a bigger version of the factory at franklin,cognitive_fog,goemotions_unambiguous
yeah somebody needs to seek counseling immediately,cognitive_fog,goemotions_unambiguous
yeah that happens t,cognitive_fog,goemotions_unambiguous
yeah yikes i have no idea what happened there,cognitive_fog,goemotions_unambiguous
yep i dont know how are arent up,cognitive_fog,goemotions_unambiguous
yes that is so true why didn’t i think of that,cognitive_fog,goemotions_unambiguous
you did the right thing you’re not ready to settle down so you stopped wasting her time,cognitive_fog,goemotions_unambiguous
you mean antiintelligent,cognitive_fog,goemotions_unambiguous
you realize this is the university right not the hospital theyre not the same entity,cognitive_fog,goemotions_unambiguous
you seem worried name,cognitive_fog,goemotions_unambiguous
you think her being a name is the reason for the hatred really,cognitive_fog,goemotions_unambiguous
you wash your hands with hand sanitizer 🤔,cognitive_fog,goemotions_unambiguous
70 now thats a good price,happiness,goemotions_unambiguous
a great way to start the new year happy new year everyone,happiness,goemotions_unambiguous
absolutely it takes me back to a much happier time when i die i hope i go to san junipero,happiness,goemotions_unambiguous
ah lol just run then,happiness,goemotions_unambiguous
ahhh good old social forced slavery for real good advice thanks,happiness,goemotions_unambiguous
alright then im glad to hear that i hope its handled in any case,happiness,goemotions_unambiguous
amazing doggo 😍,happiness,goemotions_unambiguous
any response helps and makes me feel like i’m not alonethank you❤️,happiness,goemotions_unambiguous
awesome glad you like it i need to get one this week now,happiness,goemotions_unambiguous
beyond that it affirms the idea that discipline and habit exist for as long as you maintain them which i find kinda funny,happiness,goemotions_unambiguous
bro this is awesome,happiness,goemotions_unambiguous
but its such a lovely place i might need help,happiness,goemotions_unambiguous
come on this would be funny with a better caption,happiness,goemotions_unambiguous
congrats happy for you,happiness,goemotions_unambiguous
congratulations welcome to the world new person,happiness,goemotions_unambiguous
damn good thing i got those experts to tell me that id never have guessed,happiness,goemotions_unambiguous
damn i fell for the myth thanks for pointing it out,happiness,goemotions_unambiguous
did it taste good i bet it tasted good,happiness,goemotions_unambiguous
did you mean all of massachusetts or just boston because im pretty sure western mass drives well,happiness,goemotions_unambiguous
dont worry they are the best surgeons in the hospital and they will remove the tumor in no time,happiness,goemotions_unambiguous
dude coyotes are no joke good job name,happiness,goemotions_unambiguous
dude let’s just offer them a choice between remaining and staying democracy lmao,happiness,goemotions_unambiguous
dunno mate italy lookin strong,happiness,goemotions_unambiguous
edward lear lovely chap,happiness,goemotions_unambiguous
everyone likes name,happiness,goemotions_unambiguous
everything feels fine and positive today,happiness,project_authored
excellent analysis,happiness,goemotions_unambiguous
excited for you guys to be there see you there name,happiness,goemotions_unambiguous
fam i fucking love name play gotta be the most exciting dude in the league other than name when he’s hitting everything from 30ft,happiness,goemotions_unambiguous
fine i hope he has a fine wife and she’s fine if he shall need to pay a fine,happiness,goemotions_unambiguous
for some reason im imagining a hauty french snorting laugh,happiness,goemotions_unambiguous
glucose guardian salmonblue you are doing amazing sweetie,happiness,goemotions_unambiguous
go in appropriate attire with several copies of your resume and list of references good luck,happiness,goemotions_unambiguous
goldfish are awesome pets they are cheaper to replace than they are to feed d,happiness,goemotions_unambiguous
gone girl 2 looks like its gonna be great,happiness,goemotions_unambiguous
gonna be at the game lets get this win boys,happiness,goemotions_unambiguous
good for him most guys are like name and would take her back in an instant,happiness,goemotions_unambiguous
good for you human i hope you get the job,happiness,goemotions_unambiguous
good i want them to remain crazed more winning for us,happiness,goemotions_unambiguous
good job,happiness,goemotions_unambiguous
good luck and godspeed,happiness,goemotions_unambiguous
good luck friend,happiness,goemotions_unambiguous
good luck with ur sales get an ig page going and backpack off thugpug hashtags be a lot easier then on here,happiness,goemotions_unambiguous
good thing you listened to your gut ran and made a lot of noise yikes glad youre ok,happiness,goemotions_unambiguous
got it thank you,happiness,goemotions_unambiguous
gotta love texas high school football for exposing me early,happiness,goemotions_unambiguous
great article thanks for posting,happiness,goemotions_unambiguous
great for him to admit it not many people are that humble,happiness,goemotions_unambiguous
great movie almost timeless,happiness,goemotions_unambiguous
great post glad you had a good time here xpost it to rtravel,happiness,goemotions_unambiguous
haha damn this put a huge smile on my face good job on handling that situation this almost deserves its own post,happiness,goemotions_unambiguous
haha even the name don’t want you hahah,happiness,goemotions_unambiguous
haha thank you for all of this i’m sorry you can relate to it all you stay safe out there,happiness,goemotions_unambiguous
haha thank you i do love a good tea,happiness,goemotions_unambiguous
haha the death and suffering here haha he had kids haha he was a philanthropist haha you might be a sociopath,happiness,goemotions_unambiguous
hahaha that’s amazing good for you,happiness,goemotions_unambiguous
hahahaha i love this man,happiness,goemotions_unambiguous
hahahaha the seedy underbelly of the competitve choir world exposed,happiness,goemotions_unambiguous
happy anniversary ❤,happiness,goemotions_unambiguous
happy birthday and im really glad i wont be feeling like you when you wake up tomorrow,happiness,goemotions_unambiguous
happy new year everyone,happiness,goemotions_unambiguous
havent played in forever but name solo was my jam back in the day glad to hear damage tanks are still good,happiness,goemotions_unambiguous
having two world class gks is amazing lol,happiness,goemotions_unambiguous
hey just noticed its your 2nd cakeday fleecethread hug,happiness,goemotions_unambiguous
hey me too good luck tomorrow,happiness,goemotions_unambiguous
hey we all love south park friend,happiness,goemotions_unambiguous
he’s been a duke homer since the 90s lol at this point in his career we know what we’re getting with name,happiness,goemotions_unambiguous
hijacking this is a good thingchicks llike guys with balls and chicks with balls,happiness,goemotions_unambiguous
holy shit amazing response,happiness,goemotions_unambiguous
honestly i really liked being 32 the 30s in general have been great happy birthday,happiness,goemotions_unambiguous
hope they had fun in the snow,happiness,goemotions_unambiguous
how crazy is that matrix confirmed,happiness,goemotions_unambiguous
how do you get locked up by name lol,happiness,goemotions_unambiguous
i am enjoying my day so far,happiness,project_authored
i am feeling better and more relaxed,happiness,project_authored
i am grateful for my family,happiness,project_authored
i definetly love some epistemology,happiness,goemotions_unambiguous
i do have eap and was lucky enough to get 10 sessions using it i’ll chat with my boss tomorrow about taking time off thank you,happiness,goemotions_unambiguous
i do like how he instantly turns to the pilot like dude turn around i dropped my phone,happiness,goemotions_unambiguous
i enjoy fixing problems i think of it as a task that i can achieve people get to overworked when they set too unreachable goals,happiness,goemotions_unambiguous
i enjoy that general area sections 203205 are good sections pricewide and view wise,happiness,goemotions_unambiguous
i enjoyed the 150 seconds of this person going about their day uneventfully,happiness,goemotions_unambiguous
i feel cheerful and hopeful today,happiness,project_authored
i feel good and calm today,happiness,project_authored
i feel happy after speaking with my daughter,happiness,project_authored
i feel like this is just a really old meme lol,happiness,goemotions_unambiguous
i feel thankful and comfortable,happiness,project_authored
i fucking love danbo thanks for putting it back in my head i see my future self there in a few hours,happiness,goemotions_unambiguous
i guess thanks,happiness,goemotions_unambiguous
i have this in my waiting list i cant wait to see it,happiness,goemotions_unambiguous
i hope she makes enough for therapy for her kid,happiness,goemotions_unambiguous
i hope this grossed u out ur welcome 😎,happiness,goemotions_unambiguous
i hope you are getting your levels tested you can do some damage to yourself if theyre too high,happiness,goemotions_unambiguous
i hope you bundle up too mr president,happiness,goemotions_unambiguous
i knew id see him here eventually i really like his animations theyre cute and funny,happiness,goemotions_unambiguous
i know right my parents are extremely proud grateful they dont have to help me pay debt,happiness,goemotions_unambiguous
i know shes literally only just been revealed but i love the name name,happiness,goemotions_unambiguous
i laughed so hard,happiness,goemotions_unambiguous
i like abram wayyyy more that rapp i hope we can snag abram so we can use our first two picks to fill other holes,happiness,goemotions_unambiguous
i like how the ceremony goes right out the window after he delivers the rings to get all the pets,happiness,goemotions_unambiguous
i like it a lot,happiness,goemotions_unambiguous
i like it i hope that answer is okay with you because i might lose sleep if its not,happiness,goemotions_unambiguous
i like putting myself in the girls shoes so i love romances,happiness,goemotions_unambiguous
i like the reference to the good place,happiness,goemotions_unambiguous
i like you youre smart cheeky and funny well played,happiness,goemotions_unambiguous
i like your attitude you seem like a good person,happiness,goemotions_unambiguous
i like your colour choices and i can feel your love of the city keep up the art sending you lots of love and healing,happiness,goemotions_unambiguous
i love arbys,happiness,goemotions_unambiguous
i love how his armor got bigger and bigger as he got progressively fatter,happiness,goemotions_unambiguous
i love it she really snapped,happiness,goemotions_unambiguous
i love it that theyre filming this with a phone or something,happiness,goemotions_unambiguous
i love name and how openly she is in supporting him to run,happiness,goemotions_unambiguous
i love name i really love him xx,happiness,goemotions_unambiguous
i love polo shirts,happiness,goemotions_unambiguous
i love the north east can’t say much for the rest though,happiness,goemotions_unambiguous
i love this movie one of my favorite little touches is the music name character is listening to,happiness,goemotions_unambiguous
i love this now when commies say they had the word libertarian first we can say we had class analysis first,happiness,goemotions_unambiguous
i love this trend,happiness,goemotions_unambiguous
i love you i think that helps me a lot,happiness,goemotions_unambiguous
i made my own sauce for chicken dishes this week i am happy lgd,happiness,goemotions_unambiguous
i pray that you will have strenght to fight for yourself and go nc,happiness,goemotions_unambiguous
i really hope this is old and ironic,happiness,goemotions_unambiguous
i really hope we win tomorrow 500 halfway through the season would be insanely satisfying also i want to win lol,happiness,goemotions_unambiguous
i said this somewhere else but i swear that man in the hood is caucasian but that was actually hilarious,happiness,goemotions_unambiguous
i suggest going to the food carts buy some legal weed enjoy the bars go to washington park,happiness,goemotions_unambiguous
i think she has a good chance,happiness,goemotions_unambiguous
i think we still have a decent shot at the playoffs because the hornets are also really bad but i would rather miss it and tank tbh,happiness,goemotions_unambiguous
i used to build a ramp and jump over other kids on my bike ala name i was amazed at the time,happiness,goemotions_unambiguous
i wanted to romance name more than ive wanted to romance more than any other character in the series such an awesome dude,happiness,goemotions_unambiguous
i was so happy for cowboy,happiness,goemotions_unambiguous
i will eventually thank you for the kind words,happiness,goemotions_unambiguous
i will have one of each please not just far left and right all any doubles you might have as well thanks byeee,happiness,goemotions_unambiguous
i work from home but i still get up early for me time house is nice and quiet at 6am,happiness,goemotions_unambiguous
i would pay good coin to read that love story,happiness,goemotions_unambiguous
id really like to see one of these redstriped zebras,happiness,goemotions_unambiguous
if they actually want to prevent abortions they should be fighting for universal healthcare comprehensive sex ed and civilized parental leave policies,happiness,goemotions_unambiguous
im glad name was there for us,happiness,goemotions_unambiguous
im glad to have made a bad time a little bit better stay safe,happiness,goemotions_unambiguous
im glad you have someone to help you out perhaps over time youll find it easier,happiness,goemotions_unambiguous
im really enjoying season 3 but this would ruin it for me,happiness,goemotions_unambiguous
im so glad name is better looking than how hes depicted in ufc ea 3,happiness,goemotions_unambiguous
interesting thanks for clarifying,happiness,goemotions_unambiguous
it does imo i like being proud of india and i can not be proud if name wins,happiness,goemotions_unambiguous
its my masterpiece,happiness,goemotions_unambiguous
its not healthy though its processed lol i see what you did there pun intended,happiness,goemotions_unambiguous
its very convenient,happiness,goemotions_unambiguous
ive had good luck reselling on stubhub they take a cut but it is secure and easy to do,happiness,goemotions_unambiguous
ive never been more proud to campaign for a candidate i stg im so happy shes my congresswoman finally dumped comstock,happiness,goemotions_unambiguous
i’d rather have 50 every time i see a variation of this prompt lol,happiness,goemotions_unambiguous
i’m also glad i’m not the only one that swears a lot at the bastard objects,happiness,goemotions_unambiguous
i’m glad you had a great time here wishing you safe travels,happiness,goemotions_unambiguous
just eat it after lol im kidding but it would honestly be the best recycling option not that anyone is going to do it,happiness,goemotions_unambiguous
just hit my 3pl8 squat been looking forward to this for a long time so really happy i finally got it now on to 4,happiness,goemotions_unambiguous
like i said i’m glad that’s working out for him but for most of the world being gainfully employed societal norms absolutely matter,happiness,goemotions_unambiguous
lmao i love this i love speaking nonsense to myself as well,happiness,goemotions_unambiguous
lol additionally “learning” physiotherapy as if we dptspts didnt spend our own 3 years learning,happiness,goemotions_unambiguous
lol posting it on my story ya i was expecting alot of hate from my post xd my friends know me tho lol,happiness,goemotions_unambiguous
lol still makes me laugh,happiness,goemotions_unambiguous
lol this lasted long,happiness,goemotions_unambiguous
lol this was cosmetic thankfully both of mine are alive and well,happiness,goemotions_unambiguous
lol try harder next time bud your swearing really shows who is actually mad here and your stupidity is starting to get really grating,happiness,goemotions_unambiguous
lol well if its any consolation i thought it was funny,happiness,goemotions_unambiguous
looks cool i want it now,happiness,goemotions_unambiguous
lots of love,happiness,goemotions_unambiguous
love that guy,happiness,goemotions_unambiguous
love the cafe zoetrope such a charming place beautiful building too,happiness,goemotions_unambiguous
lpt if you need more money just get a better job that pays more,happiness,goemotions_unambiguous
man i love canada🇨🇦,happiness,goemotions_unambiguous
man i remember playing street hockey at desert breeze growing up good times,happiness,goemotions_unambiguous
many thanks,happiness,goemotions_unambiguous
mtv is so dramatic lol “beautiful love story”,happiness,goemotions_unambiguous
my blood pressure edit im just happy to be here,happiness,goemotions_unambiguous
my mum had this i got to pick things i wanted from inside and we’d make them together nice memories,happiness,goemotions_unambiguous
nae bother happy to bring musical joy in to any household,happiness,goemotions_unambiguous
nah its still funny i think it would be less funny if it was my country tho,happiness,goemotions_unambiguous
name being discussed as top 1520 pick name top 5 and name early round 2 this would be the most amazing draft ever though lol,happiness,goemotions_unambiguous
name bless you fellow name what a wonderful testimony of the changes that name can make in us,happiness,goemotions_unambiguous
name i hope this permanent,happiness,goemotions_unambiguous
name i hope we get lucky again great job with the write up i don’t follow college ball too much so this helps a ton,happiness,goemotions_unambiguous
name i really loved your hustle for 35 yards thats why it was so hard to cut you,happiness,goemotions_unambiguous
name is my 2nd favorite qb after name very high ceiling and name always seems to get the best out of his qbs,happiness,goemotions_unambiguous
name just make one shot and we’ll be happy,happiness,goemotions_unambiguous
name lets celebrate together yall will be the king of new york praise marks,happiness,goemotions_unambiguous
name there are somany but my favorite are hold you in my arms name dont forget me way out west name name,happiness,goemotions_unambiguous
name would never use name hes a good boy,happiness,goemotions_unambiguous
naw man asain men have an easier time most of my asain friend are pretty boy fuckbois lol,happiness,goemotions_unambiguous
never stop playing them i love going against legions and never see them enough in this game,happiness,goemotions_unambiguous
notleynomics helps grow the economy once again thank name we have such good governance,happiness,goemotions_unambiguous
of course man i really appreciate this but its okay i can just message you through here its fine,happiness,goemotions_unambiguous
oh man i love name shes so consistently good,happiness,goemotions_unambiguous
oh man this gave me some flashbacks to awesome times playing with my dad,happiness,goemotions_unambiguous
oh neat i didnt realize you guys shot it i figured the company had set up a tripod in that case i retract my complaint,happiness,goemotions_unambiguous
oh wow thanks so this person was going for that,happiness,goemotions_unambiguous
ok ill be glad to help you with your trip,happiness,goemotions_unambiguous
ok 🤷‍♀️ i believe in you you can do it,happiness,goemotions_unambiguous
okay perfect ill definitely have that conversation with him then thanks for the help,happiness,goemotions_unambiguous
omg this is hilarious,happiness,goemotions_unambiguous
omg this sub is gonna be my saving grace for the rest of the year thank you so much,happiness,goemotions_unambiguous
oof okay thanks for the info hopefully he fares better with our linetes,happiness,goemotions_unambiguous
paid 166 in arlington todaylove this,happiness,goemotions_unambiguous
please keep your head up things get better stay strong,happiness,goemotions_unambiguous
pressing q everytime garrosh tries to throw someone helps tho if u wanna play support play like one thanks,happiness,goemotions_unambiguous
pretty nice to see concacaf signing for the cpl,happiness,goemotions_unambiguous
proud of you,happiness,goemotions_unambiguous
rahway mechanical llc should be able to great guy,happiness,goemotions_unambiguous
really thats very interesting,happiness,goemotions_unambiguous
replace that friend with a whole pile of desillusioned friends and you might as well me,happiness,goemotions_unambiguous
rover has treated us well,happiness,goemotions_unambiguous
same here i appreciate the truckers in this sub and how they emphasize safety,happiness,goemotions_unambiguous
saved this not op but i feel like you just threw me a life jacket thank you,happiness,goemotions_unambiguous
saw thundamentals live happy that this song got in top 30,happiness,goemotions_unambiguous
see your mind is great you think like name and thats pretty cool hes a dang genious,happiness,goemotions_unambiguous
she even tweeted the ghost adventures crew oh wow,happiness,goemotions_unambiguous
she liked the bumper sticker so much she decided to get it for herself,happiness,goemotions_unambiguous
sounds good ya ill have to listen to those thanks,happiness,goemotions_unambiguous
success is the best revenge good job op stay strong youre almost there,happiness,goemotions_unambiguous
thank you for explaining,happiness,goemotions_unambiguous
thank you for this ❤️❤️🦵🏼,happiness,goemotions_unambiguous
thank you for your comment i didnt know phoenix had a subreddit so now im subbed,happiness,goemotions_unambiguous
thank you i appreciate your kind offer,happiness,goemotions_unambiguous
thank you i have never seen the word typed in that way before,happiness,goemotions_unambiguous
thank you ill try my best at least im not binging while im here,happiness,goemotions_unambiguous
thank you i’ll contact you tomorrow,happiness,goemotions_unambiguous
thank you maybe its just best if i forget it,happiness,goemotions_unambiguous
thank you this is great your post has helped as i was on the mernda line about to get off at clifton hill,happiness,goemotions_unambiguous
thank you 😁,happiness,goemotions_unambiguous
thank you 😊,happiness,goemotions_unambiguous
thanks again,happiness,goemotions_unambiguous
thanks bot,happiness,goemotions_unambiguous
thanks bud,happiness,goemotions_unambiguous
thanks dude,happiness,goemotions_unambiguous
thanks for adding water to an old nightmare,happiness,goemotions_unambiguous
thanks for answering,happiness,goemotions_unambiguous
thanks for clearing that up for me now i know that i do not need to rush a playthrough of the game,happiness,goemotions_unambiguous
thanks for posting this,happiness,goemotions_unambiguous
thanks for remembering i have since added to my post,happiness,goemotions_unambiguous
thanks for the advice it does presuppose that i am able to have that conversation with him though will give some thought to how to do it,happiness,goemotions_unambiguous
thanks for the insight,happiness,goemotions_unambiguous
thanks for the lead ordered,happiness,goemotions_unambiguous
thanks for the recommendation hopefully my ulta will have some to swatch,happiness,goemotions_unambiguous
thanks for your advice,happiness,goemotions_unambiguous
thanks i desperately need to connect with other women,happiness,goemotions_unambiguous
thanks i love him,happiness,goemotions_unambiguous
thanks man that feels good to hear i’m glad someone is on my side and finally understanding how i feel about this season😄👍,happiness,goemotions_unambiguous
thanks that helps,happiness,goemotions_unambiguous
thanks thats very helpful because i cant seem to decifer all of the levels of irony in some posts on this subreddit haha,happiness,goemotions_unambiguous
thanks well do our best,happiness,goemotions_unambiguous
that feeling when you hire a really horny electrical engineer to make a comic,happiness,goemotions_unambiguous
that made me laugh and if my mum’s mind was still here she’d laugh too,happiness,goemotions_unambiguous
that makes sense you had a good reaction time glad no one was hurt,happiness,goemotions_unambiguous
that was an oldfashioned good old hockey brawl what a fight name definitely got the best of him though,happiness,goemotions_unambiguous
that was helpful to hear thanks for your response,happiness,goemotions_unambiguous
thats a succinct explanation thanks,happiness,goemotions_unambiguous
thats actually kinda funny just hoping you dont ask for a transfer to the womens facilities,happiness,goemotions_unambiguous
thats amazing,happiness,goemotions_unambiguous
thats an adorable horsie,happiness,goemotions_unambiguous
thats really kind thanks stranger,happiness,goemotions_unambiguous
thats true but you see one man can really make a difference name i loved the movie,happiness,goemotions_unambiguous
that’d be amazing,happiness,goemotions_unambiguous
that’s pretty awesome,happiness,goemotions_unambiguous
that’s true thank you,happiness,goemotions_unambiguous
the acl is somewhere inside yes some people also said it was a lateral ligament hope he can recover quickly,happiness,goemotions_unambiguous
the coolest of beans my friend,happiness,goemotions_unambiguous
the title made me laugh so much after reading this glad things are going great with your wife many more happy years to you three,happiness,goemotions_unambiguous
then name took little donnie two scoops out to get a happy meal because hes been such a good top businessman,happiness,goemotions_unambiguous
these people are holding our country back im happy natural selection is taking its course,happiness,goemotions_unambiguous
theyre all so cute heres mine,happiness,goemotions_unambiguous
this is amazing i love it,happiness,goemotions_unambiguous
this is amazing man kick some ass make good food get paid congratulations,happiness,goemotions_unambiguous
this is considered being successful at this point in their lives if you live downtown lol,happiness,goemotions_unambiguous
this is my favorite reddit conversation i’ve seen in a while,happiness,goemotions_unambiguous
this is proper funny actually,happiness,goemotions_unambiguous
this is the first time i’ve ever been reposted i’m honored,happiness,goemotions_unambiguous
this is the strangest rendition of our national anthem that i’ve ever heard,happiness,goemotions_unambiguous
this just made my day thanks for the laugh,happiness,goemotions_unambiguous
this just really motivated me thanks,happiness,goemotions_unambiguous
this makes me feel so much better about the things i’ve done that make me cringe,happiness,goemotions_unambiguous
this morning was great and i smiled a lot,happiness,project_authored
this ones pretty fucking funny also lol to that kid with that shotgun the kick would break his shoulder in half,happiness,goemotions_unambiguous
this video was close to being the most famous video in history,happiness,goemotions_unambiguous
this was such a genius character even reading quotes makes me breakout laughing every time,happiness,goemotions_unambiguous
til cheddar cheese didnt originate in the us thank you,happiness,goemotions_unambiguous
today has been peaceful and nice,happiness,project_authored
tournament was a blast met some really cool people loved it all thanks for holding it would love to do it again someday,happiness,goemotions_unambiguous
true im just glad i didnt have to go through my high school years we the her,happiness,goemotions_unambiguous
very insightful and tragic post op thank you for sharing and raising awareness as someone who has been through the trenches,happiness,goemotions_unambiguous
we’re all bible on this blessed day,happiness,goemotions_unambiguous
what a turnaround,happiness,goemotions_unambiguous
where are my testicles name edit thanks for the silver,happiness,goemotions_unambiguous
which totally makes it less funny for a person like me who has never seen this before and laughed,happiness,goemotions_unambiguous
woo new sci fi thanks,happiness,goemotions_unambiguous
words of wisdom do spend that cash in upgrading your ability cards,happiness,goemotions_unambiguous
would love it if name showed up as church lady and played a solo on it,happiness,goemotions_unambiguous
wow i think youve done all you can,happiness,goemotions_unambiguous
wow you are quite the romantic,happiness,goemotions_unambiguous
yeah i am ill private message you a link to my profile thank you,happiness,goemotions_unambiguous
yeah i dont think so lol,happiness,goemotions_unambiguous
yeah i killed this post reddit is a great place and im glad i made my suggestion here,happiness,goemotions_unambiguous
yeah i love my friends and my own cats on drugs theyre the perfect buddies i love being with them when im tripping,happiness,goemotions_unambiguous
yeah i think most of what name says is sensible policy but this would be a step too far,happiness,goemotions_unambiguous
yeah that does actually most of this is news to me thanks for actually providing some articles,happiness,goemotions_unambiguous
yeah you’re right i’m not fit for the position thank you for giving me the right words to say,happiness,goemotions_unambiguous
yes boys,happiness,goemotions_unambiguous
yes i love her laugh so much,happiness,goemotions_unambiguous
you guys are so cute together good luck with the destressing,happiness,goemotions_unambiguous
your post is cogent rationale and completely confirms what i have always to some degree felt deep down thanks for sharing,happiness,goemotions_unambiguous
youre going to get behind our anointed centrist establishment candidate and youre going to like it how did 2016 turn out for you again,happiness,goemotions_unambiguous
youre welcome hope you enjoy them as much as i did,happiness,goemotions_unambiguous
you’re a gorgeous bride d i love the looks you chose,happiness,goemotions_unambiguous
you’re so young i hope things improve for you stick to you plan,happiness,goemotions_unambiguous
all good brother los lonely boys just came on and im jamming much love,loneliness,goemotions_explicit_loneliness_relabel
and isolated rooms when i had to go in with my baby with chickenpox they put us in a room where no one else was,loneliness,goemotions_explicit_loneliness_relabel
and no one seemed to care except that lonely woman with white hair,loneliness,goemotions_explicit_loneliness_relabel
and some of us wish to die first so we dont have to deal with the loneliness,loneliness,goemotions_explicit_loneliness_relabel
being lonely without him is far better than being lonely with him good line im stealing that one,loneliness,goemotions_explicit_loneliness_relabel
cant relate because the sadness and loneliness is constant 😎,loneliness,goemotions_explicit_loneliness_relabel
college is a very lonely place very stressful very lonely name good luck out there man,loneliness,goemotions_explicit_loneliness_relabel
dont let loneliness get in the way of growth grow my man grow,loneliness,goemotions_explicit_loneliness_relabel
hi don’t feel alone im here to talk if ya want if not thats cool too remember to try to be optimistic,loneliness,goemotions_explicit_loneliness_relabel
i am here to tell you that it really will work out okay i have certainly felt like you before it sucks to feel lonely,loneliness,goemotions_explicit_loneliness_relabel
i am so sorry my kids are the only thing keeping me going the loneliness is agony,loneliness,goemotions_explicit_loneliness_relabel
i dont know the loneliness goes from mental pain to physical discomfort and pain,loneliness,goemotions_explicit_loneliness_relabel
i feel alone today,loneliness,project_authored
i feel isolated from everyone,loneliness,project_authored
i feel left out and alone,loneliness,project_authored
i feel lonely and isolated,loneliness,project_authored
i have no one to speak with today,loneliness,project_authored
i have two and nothing has ever happened to me the media doesnt want you to show your support because they want supporters to feel isolated,loneliness,goemotions_explicit_loneliness_relabel
i like name so far but i know im alone in that,loneliness,goemotions_explicit_loneliness_relabel
i miss having someone near me,loneliness,project_authored
i miss my family and feel alone,loneliness,project_authored
i saw that comment and wondered if someone was going to post it here i almost feel bad maybe they’re lonely,loneliness,goemotions_explicit_loneliness_relabel
i see thanks again for taking the time im very isolated from the world so its good to finally talk to someone about those things,loneliness,goemotions_explicit_loneliness_relabel
i understand that but i enjoy the silence and lonely feeling i have,loneliness,goemotions_explicit_loneliness_relabel
i wish someone would talk with me,loneliness,project_authored
if everyone liked exactly the same thing there would be a few very worn out girls and billions of lonely horny guys,loneliness,goemotions_explicit_loneliness_relabel
if youre cold and lonely theyre cold and lonely bring them in,loneliness,goemotions_explicit_loneliness_relabel
if youre taking money from lonely shutins you really arent doing anything different than most video game companies,loneliness,goemotions_explicit_loneliness_relabel
im kind of struggling tonight bored lonely man,loneliness,goemotions_explicit_loneliness_relabel
im sorry you felt alone its a terrible suffocating feeling of dread i hope you are feeling better and that you are in good health,loneliness,goemotions_explicit_loneliness_relabel
it must be really sad and lonely under your bridge troll,loneliness,goemotions_explicit_loneliness_relabel
ive isolated myself to the extent that i only focus my energy on myselfworkas lonely as it sounds its been such a breath of fresh air,loneliness,goemotions_explicit_loneliness_relabel
just learn to talk to yourself like name and youll only be a little lonely,loneliness,goemotions_explicit_loneliness_relabel
me too except there’s no hookup i’m so lonely,loneliness,goemotions_explicit_loneliness_relabel
my wife is out for shabbos and im so lonely without her,loneliness,goemotions_explicit_loneliness_relabel
name buddy name being lonely is only much needed solitude in disguise a break from all the shit,loneliness,goemotions_explicit_loneliness_relabel
name no wife no child and felt lonely enough to ask the name for a clone of himself he then raised as his son,loneliness,goemotions_explicit_loneliness_relabel
nobody came to talk with me,loneliness,project_authored
oh god how i always wish she shows up to the lonely hearts party every time i watch that episode,loneliness,goemotions_explicit_loneliness_relabel
only solves her loneliness though that kid is not reproducing with anybody unless theyre not the only ones left on earth,loneliness,goemotions_explicit_loneliness_relabel
petsitting is over didnt know i was lonely without a doggo until now,loneliness,goemotions_explicit_loneliness_relabel
poor and lonely,loneliness,goemotions_explicit_loneliness_relabel
so much lonely,loneliness,goemotions_explicit_loneliness_relabel
sorry to hear that brother why do you feel more lonely now compared to usual,loneliness,goemotions_explicit_loneliness_relabel
spent time with them argue with them laugh with them cry with them we all get lonely when we are old,loneliness,goemotions_explicit_loneliness_relabel
thank you and same to you i was a single ap once it was lonely do you see other people,loneliness,goemotions_explicit_loneliness_relabel
that moment when you feel isolated in rforeveralone never had anyone like me,loneliness,goemotions_explicit_loneliness_relabel
thats how i used to feel but contracting oneitis added a heaping shitpile of loneliness and agony on top,loneliness,goemotions_explicit_loneliness_relabel
the house feels empty and lonely,loneliness,project_authored
they dont here it i have a room that is pretty isolated,loneliness,goemotions_explicit_loneliness_relabel
this has happened to me with the girls i tried to connect with irl as well as fa lonely girls from this very sub,loneliness,goemotions_explicit_loneliness_relabel
true he probably is just lonely thank you for the kind words,loneliness,goemotions_explicit_loneliness_relabel
welcome im a fellow intja female was also lonely for a long time its great to feel home,loneliness,goemotions_explicit_loneliness_relabel
yep shes completely isolated part of the abuse,loneliness,goemotions_explicit_loneliness_relabel
yet i still feel lonely doing it,loneliness,goemotions_explicit_loneliness_relabel
you should’ve baked it in the oven huge difference in quality one of my favorite lonely friday night netflix meals,loneliness,goemotions_explicit_loneliness_relabel
youre just lonely dude dont mix that feeling with love,loneliness,goemotions_explicit_loneliness_relabel
♪… im here without you baby but youre still on my lonely mind i think about you baby and i dream about you all the time ♪,loneliness,goemotions_explicit_loneliness_relabel
2009 kpop stays legendary,neutral,goemotions_unambiguous
a big fat phony,neutral,goemotions_unambiguous
a mod like this especially if its exclusive to your servers would be full no matter what,neutral,goemotions_unambiguous
actually mommy needs to grow up and manage her own feelings,neutral,goemotions_unambiguous
ad hominem fallacy,neutral,goemotions_unambiguous
after name comment the stock prices fell and the name was never heard from again crab juice went up 4 points,neutral,goemotions_unambiguous
agreed to your statement,neutral,goemotions_unambiguous
all the ladies can stay at my place,neutral,goemotions_unambiguous
always upvote funhaus,neutral,goemotions_unambiguous
an escort is a person who provides a service do you refer to waiters as it,neutral,goemotions_unambiguous
an innie,neutral,goemotions_unambiguous
and people have the audacity to ask me what’s special about this series,neutral,goemotions_unambiguous
and the isle of man,neutral,goemotions_unambiguous
as a fan of cinder i really want to see name do more i like this answer to the prompt feels oddly nice,neutral,goemotions_unambiguous
b e n,neutral,goemotions_unambiguous
be brave you have our support,neutral,goemotions_unambiguous
bears beets baseball,neutral,goemotions_unambiguous
because name was definitely pregnant with both a boy and a girl when he got on yup,neutral,goemotions_unambiguous
because people want to have more than the absolute bare necessities for survival,neutral,goemotions_unambiguous
because you can just leave her and start a new life for yourself if she does not want to abort but you do it’s her problem,neutral,goemotions_unambiguous
become a name heres your first step if you want to take the path,neutral,goemotions_unambiguous
bet thatd cut down on road traffic accidents,neutral,goemotions_unambiguous
bet you 20 she had more in her than 005 hell more than 008 hmm,neutral,goemotions_unambiguous
better order some of that virility drank,neutral,goemotions_unambiguous
boys this team is 🔥🚒,neutral,goemotions_unambiguous
breath little dude breath,neutral,goemotions_unambiguous
but questioning overwhelming evidence presented with a comprehensive explanation without any sort of counterargument is perhaps better called denying,neutral,goemotions_unambiguous
but should i and who would i report that too since none of us 3 are in the same country,neutral,goemotions_unambiguous
bye dude,neutral,goemotions_unambiguous
caveman coding blunt force coding bubble sort,neutral,goemotions_unambiguous
classic imperialism at its finest,neutral,goemotions_unambiguous
clean break easier to not obsess when their life isn’t being thrown in your face,neutral,goemotions_unambiguous
come back,neutral,goemotions_unambiguous
continually push that as fact i never once did i responded to the corrected statistic that you provided,neutral,goemotions_unambiguous
cuteee,neutral,goemotions_unambiguous
default mods you people keep saying those words like they mean something,neutral,goemotions_unambiguous
depends on whats causing the hallucinations,neutral,goemotions_unambiguous
detective from svu,neutral,goemotions_unambiguous
do you work in education,neutral,goemotions_unambiguous
doing gods work,neutral,goemotions_unambiguous
don’t wait take control of your life back and leave you know that’s what’s going to happen,neutral,goemotions_unambiguous
duck tales whooh ooh every day theyre out there making duck tales whooh ooh tales of daring do bad and good luck tales whooh ooh,neutral,goemotions_unambiguous
especially if youre looking for the linux or mac versions which exist for a large portion of steam games,neutral,goemotions_unambiguous
even if it does and they win a tourney name is gone after this year lol,neutral,goemotions_unambiguous
every single patch,neutral,goemotions_unambiguous
everyone knows the name make good stuff shamwow guy,neutral,goemotions_unambiguous
exactlywe need a car tunnel and then let the old road to be allowed for truck traffic,neutral,goemotions_unambiguous
exs are exs for a reason let it go man for your sanity let it go,neutral,goemotions_unambiguous
florida he got two,neutral,goemotions_unambiguous
forever you are watching the name put 800000 people into unemployment because upholding name policies and ideas are anathema because they align with president name,neutral,goemotions_unambiguous
fournier with at least one air ball a game,neutral,goemotions_unambiguous
get dunked on,neutral,goemotions_unambiguous
get more crushes,neutral,goemotions_unambiguous
give it time,neutral,goemotions_unambiguous
give the kids back to the parent that actually cares about them name,neutral,goemotions_unambiguous
go on twitter,neutral,goemotions_unambiguous
go pack from rva,neutral,goemotions_unambiguous
go support them then,neutral,goemotions_unambiguous
go to bed,neutral,goemotions_unambiguous
go to class,neutral,goemotions_unambiguous
go you,neutral,goemotions_unambiguous
good morning,neutral,goemotions_unambiguous
gotta boost that self esteem,neutral,goemotions_unambiguous
gotta hang tough,neutral,goemotions_unambiguous
grandoozys lineup was diverse yet managed to disappoint rock jam and edm fans thats a recipe for failure,neutral,goemotions_unambiguous
guns katanas people need to recognize this so gun obsession stops being cool with virgins,neutral,goemotions_unambiguous
had to been done thank me later,neutral,goemotions_unambiguous
haunt her forever,neutral,goemotions_unambiguous
he looks fine so does that 1911 hes just holding his girls purse while she rummages through stuff shes right next to him,neutral,goemotions_unambiguous
he was recently defending the new brazilian president who is uh not left at all lol,neutral,goemotions_unambiguous
hell win you two games in dramatic fashion and quietly lose you 10 by shooting you out of the game,neutral,goemotions_unambiguous
her playing with fire and getting burned stay strong,neutral,goemotions_unambiguous
here you can see for yourselves,neutral,goemotions_unambiguous
here you go sis be warned tho top cringe,neutral,goemotions_unambiguous
heres a little comment from the yellow vests facebook page not at all,neutral,goemotions_unambiguous
hes playing you on not just this point and you eat it up,neutral,goemotions_unambiguous
hey just noticed its your 2nd cakeday name hug,neutral,goemotions_unambiguous
he’s a brave man,neutral,goemotions_unambiguous
honey mustard,neutral,goemotions_unambiguous
i am just going through my routine,neutral,project_authored
i am managing the day as usual,neutral,project_authored
i am okay and nothing unusual happened,neutral,project_authored
i am still just a little salty that he isn’t,neutral,goemotions_unambiguous
i appreciate name diving for that but because he did it lead to wide open korver transition 3 about as automatic as it gets,neutral,goemotions_unambiguous
i can’t help but notice they didn’t show name name or the most dramatic transformation of all name,neutral,goemotions_unambiguous
i concur redact the label,neutral,goemotions_unambiguous
i feel fine at the moment,neutral,project_authored
i feel stable and ordinary,neutral,project_authored
i grew up in a cornish village not much murder to be honest but plenty of drugs and pub lockins,neutral,goemotions_unambiguous
i just give a dead stare and say id rather be dead than pregnant i rarely get a response,neutral,goemotions_unambiguous
i just made french toast chili for lunchdinner,neutral,goemotions_unambiguous
i just spent the whole week sneaking away to smoke and trying to get into some girls shorts,neutral,goemotions_unambiguous
i know what i said son,neutral,goemotions_unambiguous
i mean yeah tbh,neutral,goemotions_unambiguous
i missed the part where that’s my problem cancels sm4,neutral,goemotions_unambiguous
i pirate anything i want to watch that is not on those platforms,neutral,goemotions_unambiguous
i remember when wall wal mart tried to overtake the german market eat this wal mart,neutral,goemotions_unambiguous
i see what you saw there,neutral,goemotions_unambiguous
i think i should say that i am a student and have no income,neutral,goemotions_unambiguous
i think my family would leave tscc if that happened they are so sexiest,neutral,goemotions_unambiguous
i think people feel the need to catch up to guildmates so they can do end game content together,neutral,goemotions_unambiguous
i think you can find it in pieces on youtube but cw seed should work it’s odd that it isn’t,neutral,goemotions_unambiguous
i wanna add on that the perk i was talking about is on the dagger from the pack which you can get standalone for 250 helix points,neutral,goemotions_unambiguous
i want to keep name name and name also name but he doesnt want to stay everyone else can go,neutral,goemotions_unambiguous
i wasn’t single and then the girl who i wasn’t single with informed me that i’m now single,neutral,goemotions_unambiguous
i watching the jump and name pierce just said he created the step back what,neutral,goemotions_unambiguous
i wish its too tiny to see from up here,neutral,goemotions_unambiguous
i wish name would read our subreddit and comment in here,neutral,goemotions_unambiguous
ice in his veins dl❄,neutral,goemotions_unambiguous
id rather just let them fester over there and deal with them when they hatch from their spores,neutral,goemotions_unambiguous
if 23andme and facebook team up you get a sample and find hee facebook user with the matching sample,neutral,goemotions_unambiguous
if hes telling the truth he wont get fired for this because hes too essential,neutral,goemotions_unambiguous
if they killed off women they’d start finding reasons to kill eachother off soon enough too,neutral,goemotions_unambiguous
if you buy a membership for yourself and your friends you can easily buy tickets to most games,neutral,goemotions_unambiguous
im a five star man as name clicks one star over and over,neutral,goemotions_unambiguous
im imagining impossible skill checks doc with a pig being in madness 3 with a reverse bear trap on you in the radius of unnerving pressence shutters,neutral,goemotions_unambiguous
im sure your kind is fine the way it is,neutral,goemotions_unambiguous
imagine if you lived here and these people were your parents welcome to my reality,neutral,goemotions_unambiguous
indian malai kofta at bombay house also balaji caffe in west jordan for some authentic south indian fare,neutral,goemotions_unambiguous
instead well buy players like drinkwater bakayoko and zappacosta,neutral,goemotions_unambiguous
invite everyone in the server it fills fast,neutral,goemotions_unambiguous
it is a regular day for me,neutral,project_authored
it kind of was for some people,neutral,goemotions_unambiguous
it makes anyone unattractive,neutral,goemotions_unambiguous
it was genetic iirc and he had corrective surgeries on both shoulders eventually,neutral,goemotions_unambiguous
its called bipolar and its fatal,neutral,goemotions_unambiguous
its cute that she thinks name thinks of her as a friend,neutral,goemotions_unambiguous
its fishphobic,neutral,goemotions_unambiguous
its free karma,neutral,goemotions_unambiguous
its free real essential oils,neutral,goemotions_unambiguous
its just a hug,neutral,goemotions_unambiguous
its not about claiming its yours its just about where it is from,neutral,goemotions_unambiguous
its still usually allowed if the first thing touched is ball,neutral,goemotions_unambiguous
its when you rock back and forth like an autist or do other repetitive movements because it feels natural to do so,neutral,goemotions_unambiguous
it’s definitely around in eastern nebraska you can even get it at runza,neutral,goemotions_unambiguous
ive been married 31 years and name still waiting whos the beta now name,neutral,goemotions_unambiguous
i’d rather him act more like green arrow then name but i get what you mean,neutral,goemotions_unambiguous
i’m gonna do lsd again in 2 weeks,neutral,goemotions_unambiguous
judging by this comment i’m sure women find you to be a real treat,neutral,goemotions_unambiguous
just bulk until you can control yourself again,neutral,goemotions_unambiguous
just give me 20 million dollars and let me retire early gg wp life,neutral,goemotions_unambiguous
kamala 2020,neutral,goemotions_unambiguous
like name and name,neutral,goemotions_unambiguous
lincoln osiris,neutral,goemotions_unambiguous
lived in a suburb of san antonio never experienced anything close to prejudiceracismdifficulties,neutral,goemotions_unambiguous
lmao the first thing i did after reading is trying to do it,neutral,goemotions_unambiguous
lmk if u come across anything,neutral,goemotions_unambiguous
magic city is a strip club in atl if you didnt know,neutral,goemotions_unambiguous
man is still the most extraordinary machine of alland women are even cooler name,neutral,goemotions_unambiguous
marlins name of wow talk about a blast from the past i don’t remember him being so highly regarded as a prospect,neutral,goemotions_unambiguous
maybe a wall of traffic,neutral,goemotions_unambiguous
maybe even prettier,neutral,goemotions_unambiguous
maybe hes too lazy to take it off,neutral,goemotions_unambiguous
maybe im out of the loop can we get a little more detail please,neutral,goemotions_unambiguous
me too they just slow everything down,neutral,goemotions_unambiguous
meta if you feel otherwise please speak now or forever hold your bow,neutral,goemotions_unambiguous
mine is entirely too interested in any and all candlerelated mitzvot she basks in the shabbat candlelight and was absolutely spellbound by her first hannukah,neutral,goemotions_unambiguous
my exact reaction,neutral,goemotions_unambiguous
my mood is normal today,neutral,project_authored
my problem is i like to get high,neutral,goemotions_unambiguous
name approved this comment,neutral,goemotions_unambiguous
name could rebound and still be overpaid depending on how hard he rebounds,neutral,goemotions_unambiguous
name cut spending significantly,neutral,goemotions_unambiguous
name doesnt know the pain of chronic masturbation though so i think name has the right,neutral,goemotions_unambiguous
name follows me on instagram so its ok,neutral,goemotions_unambiguous
name has a very high release point he throws like a 63 qb he also has a giant hands,neutral,goemotions_unambiguous
name is a cute woman a shyster but cute,neutral,goemotions_unambiguous
name is a fucking god,neutral,goemotions_unambiguous
name is available,neutral,goemotions_unambiguous
name is from the bay im sure he believes name is the greatest of all time as well,neutral,goemotions_unambiguous
name is so cute and name is a very dashing name,neutral,goemotions_unambiguous
name is such an iconic runway model 🤣🤣🤣🤣🤣🤣🤣🤣🤣🤣🤣🤣🤣🤣👍🏻👍🏻👍🏻👍🏻,neutral,goemotions_unambiguous
name redeemed herself,neutral,goemotions_unambiguous
name s that d shut it down,neutral,goemotions_unambiguous
name to the fox lady “my record vs you would be 70”,neutral,goemotions_unambiguous
name wants to know what you really mean,neutral,goemotions_unambiguous
name was,neutral,goemotions_unambiguous
name was speaking as a mans,neutral,goemotions_unambiguous
nice find,neutral,goemotions_unambiguous
nier 1 is 2030 hours per playthrough nier automata is about 10 hours per route,neutral,goemotions_unambiguous
no if anything the exact opposite couldn’t be further from the truth,neutral,goemotions_unambiguous
not for long,neutral,goemotions_unambiguous
nothing deserves doxxing oh come on the kneejerk against doxxing is so silly,neutral,goemotions_unambiguous
nothing much is happening today,neutral,project_authored
now if you are in the bathroom taking care of business cat is being a bro and getting you some privacy bathroom bouncer,neutral,goemotions_unambiguous
oats have proteins similar enough to gluten avenins that they can actually cause problems for some people with ceiliacs maybe thatd work,neutral,goemotions_unambiguous
oh certainly this winter has been mild it just started taking a dump on us the last week or so,neutral,goemotions_unambiguous
oh heck owo,neutral,goemotions_unambiguous
oh yeah definitely sometimes i was with three people while on one date,neutral,goemotions_unambiguous
ok ok we got it,neutral,goemotions_unambiguous
ok well its just an opinion maybe tcu will get it done,neutral,goemotions_unambiguous
omg,neutral,goemotions_unambiguous
one who retires at night weeping shall find joy in the morning,neutral,goemotions_unambiguous
origin peak is a volcanic island less than 2000 years old volcanoes can appear very quickly,neutral,goemotions_unambiguous
other than moose the american robin took me forever to find,neutral,goemotions_unambiguous
outside of belpedio we really dont have a lot of decent call ups on d ps its amazing how much name has improved this year,neutral,goemotions_unambiguous
people who had theirs stolen or bought a base model with crappy wheels,neutral,goemotions_unambiguous
pls come back,neutral,goemotions_unambiguous
plus of course raging at a system that requires that they consider other people who might even be the dreaded name or foid as human beings,neutral,goemotions_unambiguous
praise the name,neutral,goemotions_unambiguous
probably someone posted something along that in the 90df sub when people were asking why name were shopping at an expensive furniture store,neutral,goemotions_unambiguous
put down that you are a starting forward and love incinerating 100 bills stay strong my asia brah,neutral,goemotions_unambiguous
put it in a box and wrap it like a present bring it on as carry on,neutral,goemotions_unambiguous
read the linked,neutral,goemotions_unambiguous
real i did it yesterday when there was a large spider trying to hitchhike in my car,neutral,goemotions_unambiguous
rest in peaches j2d or whatever his name was nice meme,neutral,goemotions_unambiguous
royalty half of them are all related one way or another,neutral,goemotions_unambiguous
same i didnt want to stress and try the impossible winning 23 ranked matches in a day oof,neutral,goemotions_unambiguous
same thing happend to me i still sometimes fix their things if they are polite but say screw it when they angrily shout to fix their crap,neutral,goemotions_unambiguous
sapa is pretty good but takashi is by far the best quality sushi in salt lake,neutral,goemotions_unambiguous
season 2 has been fantastic,neutral,goemotions_unambiguous
she did,neutral,goemotions_unambiguous
she has some really good dance moves honestly,neutral,goemotions_unambiguous
she just wants to make sure she has good casting for her character in the lifetime movie,neutral,goemotions_unambiguous
she went backwards on the board,neutral,goemotions_unambiguous
shes thicc gigiddy,neutral,goemotions_unambiguous
should probably go see some sort of doctor tbh,neutral,goemotions_unambiguous
since you called me out for saying that i am defending the attacker then just point out which sentence i wrote led you to that conclusion,neutral,goemotions_unambiguous
so in other words he wooooshed,neutral,goemotions_unambiguous
so theyre just not going to change it like they did in the louisville game thats cool,neutral,goemotions_unambiguous
someone on reddit said hes like a football expert version of name on bojack horseman,neutral,goemotions_unambiguous
somers is full of bougie rich people and mansfield is all college kids,neutral,goemotions_unambiguous
something something thats how we do it in philly,neutral,goemotions_unambiguous
soylent green,neutral,goemotions_unambiguous
spiders in the corners of the house and praying mantis on the curtains best anti fly setup ever,neutral,goemotions_unambiguous
stay in bed and binge watch a new show my suggestion brooklyn 99,neutral,goemotions_unambiguous
takes a random post from this subreddit when theres no plates,neutral,goemotions_unambiguous
team chaplain edit to the downvoters he actually acts as team chaplain,neutral,goemotions_unambiguous
tell them i was born autistic,neutral,goemotions_unambiguous
that arm flail of “ahhh stranger danger” cracked me up then sealed with a boop,neutral,goemotions_unambiguous
that facial hairguy just finished playing red dead redemption 2 probably,neutral,goemotions_unambiguous
that only works for the ironclad,neutral,goemotions_unambiguous
that whole name bit of im not gonna rape you im a little boy is oddly on target,neutral,goemotions_unambiguous
that woman is on the fast track to being ostracized from that group real quick,neutral,goemotions_unambiguous
thats the point,neutral,goemotions_unambiguous
thats why i sleep with 4,neutral,goemotions_unambiguous
the applause came from name and his group,neutral,goemotions_unambiguous
the best boy,neutral,goemotions_unambiguous
the character missions are still there but they just unlock an outfit now,neutral,goemotions_unambiguous
the city would have that removed so quickly to keep the cash cow mooing,neutral,goemotions_unambiguous
the crime here is using the shaker parmesan crap,neutral,goemotions_unambiguous
the guy who tells people to shut up,neutral,goemotions_unambiguous
the huge attention paid by powerful male republicans takes makes a lot more sense when you consider this might be what they thought it was about,neutral,goemotions_unambiguous
the ideal is not to have hope but to act like you do but if you must chose pick the former,neutral,goemotions_unambiguous
the op is basically saying the sb is a product on a shelf with a price tag stating her time and body are commodities,neutral,goemotions_unambiguous
the problem i had was them painting the majority of men under this flag and then saying some are changing most men are not predators,neutral,goemotions_unambiguous
themmuns have everywhere infiltrated so they do,neutral,goemotions_unambiguous
there are levels of survival we are prepared to accept,neutral,goemotions_unambiguous
there mostly isnt any nature merely found a way to encourage the behaviour that leads to babies aka sex,neutral,goemotions_unambiguous
there were people who knew about that before vice not me but people,neutral,goemotions_unambiguous
theres an online service we had to upload everything to that checks it against all the other uploads it has received worldwide to detect plagiarism,neutral,goemotions_unambiguous
they can’t ask for much hes on his last year it’s similar to us and name,neutral,goemotions_unambiguous
they definitely do they wouldn’t play something else then,neutral,goemotions_unambiguous
they didnt watch everton leicester yesterday pretty sure everyone was still drunk,neutral,goemotions_unambiguous
they just forgot to key in your lunch breaks still be happy you’re getting 40,neutral,goemotions_unambiguous
they know a lot of people arent paying attention to the quieter news that doesnt get sensationalized,neutral,goemotions_unambiguous
theyre not giving you better than this most likely so just open them,neutral,goemotions_unambiguous
this is extremely state specific,neutral,goemotions_unambiguous
this is so accurate,neutral,goemotions_unambiguous
this must have been the fastest reply ive ever gotten omg,neutral,goemotions_unambiguous
this ones ironic,neutral,goemotions_unambiguous
this reminded me a little bit of a story name tells about a name vs pack of coyotes skip to 48 seconds,neutral,goemotions_unambiguous
those little whippersnappers are always generationgapping us 😂,neutral,goemotions_unambiguous
thought they would be his least favorite band,neutral,goemotions_unambiguous
till they bark at the racists in your subreddit,neutral,goemotions_unambiguous
to me the best smell a person can have is just a clean smell,neutral,goemotions_unambiguous
today feels normal and steady,neutral,project_authored
today is neither good nor bad,neutral,project_authored
typical spewing of logical fallacies by a dotard go back to bestgunnit and play with the other special needs children,neutral,goemotions_unambiguous
updooted like the filthy animal i am,neutral,goemotions_unambiguous
uploaded sept 20 2016 frysuspiciouseyesjpg,neutral,goemotions_unambiguous
upvoted because she follows name,neutral,goemotions_unambiguous
very succinct and accurate,neutral,goemotions_unambiguous
viva la tank,neutral,goemotions_unambiguous
wasnt he eagles top try scorer last year despite being a forward,neutral,goemotions_unambiguous
we accept the love we think we deserve perks of being a wallflower,neutral,goemotions_unambiguous
weebles wobble but they dont fall down,neutral,goemotions_unambiguous
well duh he’s a scientist so he’s probably smarter than the average anti vaxxer,neutral,goemotions_unambiguous
well first of all slurs,neutral,goemotions_unambiguous
well she specified conservative next,neutral,goemotions_unambiguous
well she will not be able to do it with name,neutral,goemotions_unambiguous
what a legend true spidey meme master,neutral,goemotions_unambiguous
what the fuck got that song on repeat right now,neutral,goemotions_unambiguous
when its time its time,neutral,goemotions_unambiguous
when people protested the aca by calling it socialist it moved the frame of reference a bit,neutral,goemotions_unambiguous
when you watch game reviews and youtube thinks you hate women and minorities,neutral,goemotions_unambiguous
when your boss catches on to your fake call ins so you need a doctors note for a punctured lung,neutral,goemotions_unambiguous
wifi and 4g are microwaves and it is radiation,neutral,goemotions_unambiguous
willing to replace name for her,neutral,goemotions_unambiguous
women dont get an ego boost from and dont enjoy sex with men theyre ambivalent about,neutral,goemotions_unambiguous
would of,neutral,goemotions_unambiguous
yea even i felt those rocks,neutral,goemotions_unambiguous
yeah and theres no better way to make a market more competitive than to regulate it more,neutral,goemotions_unambiguous
yeah it was a short poll because they thought not many people would vote no they can play it off like it but thats the case,neutral,goemotions_unambiguous
yeah its that scream guy you always see in that painting he also played bass for name,neutral,goemotions_unambiguous
yeah it’s a repost i saw this same exact post in a different subreddit couple months ago,neutral,goemotions_unambiguous
yeah name couldnt do it name couldnt do it its probably not gonna happen again,neutral,goemotions_unambiguous
yes but my point is name raping name makes more sense if she gives birth to name and name not name,neutral,goemotions_unambiguous
yes views are a real thing that matters the very fact that a person makes an effort to appeal to voters is not,neutral,goemotions_unambiguous
you can anything you want when you have jordan bone,neutral,goemotions_unambiguous
you can be partners without being codependant you can also keep your individuality without worrying or hurting your relationship its all about communication,neutral,goemotions_unambiguous
you can just say grownups use lubrica ohhh,neutral,goemotions_unambiguous
you can request a hand count at bottle drop i think,neutral,goemotions_unambiguous
you dont understand what money is,neutral,goemotions_unambiguous
you got shafted,neutral,goemotions_unambiguous
you know you make inroads do 5 points better each time few cycles down the lane you have a tossup on your hands,neutral,goemotions_unambiguous
you shouldnt skip to any scene this is a masterpiece from start to finish,neutral,goemotions_unambiguous
your comment certainly does,neutral,goemotions_unambiguous
youre telling me you dont get your meth from there,neutral,goemotions_unambiguous
yup not anymore keep your blood sugar up it really helps and drink water,neutral,goemotions_unambiguous
2017s sky high fees proved that this tech fails on a large scale its a disappointing reality,sadness,goemotions_unambiguous
3 name you were too good for this world,sadness,goemotions_unambiguous
55 here of course i could never catch me one of those wonderful incels,sadness,goemotions_unambiguous
850 damage dealt but no kill,sadness,goemotions_unambiguous
a complete lack of selfreflection is a prerequisite for being a name supporter,sadness,goemotions_unambiguous
a sorry lot,sadness,goemotions_unambiguous
a thedonald poster trying to pass as a human being has to be one of the saddest things ive ever seen,sadness,goemotions_unambiguous
absolutely is sorry i just came by to say howdy back until i saw all the hubbah name,sadness,goemotions_unambiguous
actually there are some terminals now that let you disable it lmao very sad,sadness,goemotions_unambiguous
and i answered sorry if you cant follow i agree that having a pet involves unnecessarily having power over a small animal,sadness,goemotions_unambiguous
and i dub thee name an uninteresting name for an uninteresting person who has done absolutely nothing with their life,sadness,goemotions_unambiguous
and name got blessed with a locationbot cat fact there is no justice in the world,sadness,goemotions_unambiguous
and only 300 a night beautiful but expensive,sadness,goemotions_unambiguous
and the players who are older than me are retiring and it looks like i might never play professional baseball,sadness,goemotions_unambiguous
and when the 4th quarter needed it most it vanished,sadness,goemotions_unambiguous
apologies i take it all back as i’ve just seen his latest effort,sadness,goemotions_unambiguous
as a kpop stan and a army i am very disappointed,sadness,goemotions_unambiguous
as name wishes he didnt want to be buried so they had is ashes thrown in a lake in india as name wanted please respect his wishes,sadness,goemotions_unambiguous
ashamed of being british,sadness,goemotions_unambiguous
bad news dude youre almost 100 years past that,sadness,goemotions_unambiguous
because its straight up untrue its a new ce idea but anyone relying on the sentiment is going to be repeatedly disappointed,sadness,goemotions_unambiguous
best pen in baseball even though id still take name over name,sadness,goemotions_unambiguous
break ups are painful and there’s no way to avoid that be honest with your current girl and end it,sadness,goemotions_unambiguous
but i have to admit its catchy this is not and has not ever been an inherently positive characteristic about any song,sadness,goemotions_unambiguous
cali is getting rain this weekend so going to miss that,sadness,goemotions_unambiguous
damn i didnt know that you used to mod there,sadness,goemotions_unambiguous
definite fridge horror moment for that movie that poor man,sadness,goemotions_unambiguous
devastating to hear of any news like this,sadness,goemotions_unambiguous
did a lousy job my dishes are still dirty,sadness,goemotions_unambiguous
didn’t know if you knew so i was just trying to give context to your statement sorry,sadness,goemotions_unambiguous
doh right in front of my face and i missed it,sadness,goemotions_unambiguous
dont feel bad i am sure the otters are getting taken care care of just fine,sadness,goemotions_unambiguous
dont let your high expectations of government disappoint you,sadness,goemotions_unambiguous
dude is really nice but i’m gonna be so upset if we ignore our huge need for a small forward again,sadness,goemotions_unambiguous
dude she had just lost her baby too,sadness,goemotions_unambiguous
due to work gotta stay legal edibles aren’t legal yet sadly fortunately not taking it for cancer though just pain,sadness,goemotions_unambiguous
even if you were all good my dude shouldnt comment on something too quickly lol,sadness,goemotions_unambiguous
even that game winning kick was close our kickers are cursed,sadness,goemotions_unambiguous
everyone is sad on this sub dont take it personally if you dont get any replies,sadness,goemotions_unambiguous
from his username i can tell he lives in a city close to me im sorry everyone vermont has better to offer than the likes of him,sadness,goemotions_unambiguous
from one eating disorder to another thats not recovery thats just sad,sadness,goemotions_unambiguous
go pursue that education let name wallow in her own sadness,sadness,goemotions_unambiguous
good meme nice meme,sadness,goemotions_unambiguous
grey socks and leather sandals that hurts me through the screen,sadness,goemotions_unambiguous
ha youre right i dont know why i assume you were male sorry,sadness,goemotions_unambiguous
having this issue as well it really does me in,sadness,goemotions_unambiguous
he broke the wheel so bad its going backwards,sadness,goemotions_unambiguous
he most likely saw you and just didn’t care sadly,sadness,goemotions_unambiguous
hes not wrong,sadness,goemotions_unambiguous
hm so sad am i supposed to feel bad for you because you dont look like name phelps btw hes on steroids no doubt,sadness,goemotions_unambiguous
honestly the fact that theyre over and done didnt truly hit me until i saw that they now have a greatest hits album,sadness,goemotions_unambiguous
honestly wish i could do this i miss my long hair sometimes,sadness,goemotions_unambiguous
hugs my teddy bear and starts crying,sadness,goemotions_unambiguous
hurts to read,sadness,goemotions_unambiguous
i actually find running harder than passing on all madden,sadness,goemotions_unambiguous
i agree theres no denying hes handled it pretty badly though,sadness,goemotions_unambiguous
i agree there’s no salt on that pretzelmonstrosity,sadness,goemotions_unambiguous
i agree with everything you said i still fell sad for her but this is the consequences of her own choices,sadness,goemotions_unambiguous
i almost feel sorry for the poor fellow because to me the fingers still look abnormally stubby,sadness,goemotions_unambiguous
i almost felt sorry for him almost,sadness,goemotions_unambiguous
i also relate and regret,sadness,goemotions_unambiguous
i am 33 and i still regret things i said in the 5th grade,sadness,goemotions_unambiguous
i am feeling hopeless and tired,sadness,project_authored
i am not feeling good,sadness,project_authored
i am not fine,sadness,project_authored
i am not good today,sadness,project_authored
i am not okay today,sadness,project_authored
i am not well today,sadness,project_authored
i am struggling with sadness today,sadness,project_authored
i am upset and weak,sadness,project_authored
i apologize if i came across that way it was not my intention i meant only to state a fact,sadness,goemotions_unambiguous
i can feel that mans feelings and im crying,sadness,goemotions_unambiguous
i can understand political acrimony but the death of humor is really disappointing very sad indeed,sadness,goemotions_unambiguous
i didnt see it either i feel like the kid at the birthday party that didnt get a piece of cake,sadness,goemotions_unambiguous
i do not feel good today,sadness,project_authored
i ended up crying and breaking down once i got to my friends house im so sorry that happened to you as well,sadness,goemotions_unambiguous
i fail to see the downside of that,sadness,goemotions_unambiguous
i feel bad today,sadness,project_authored
i feel disappointed and low,sadness,project_authored
i feel down since the morning,sadness,project_authored
i feel hurt and empty,sadness,project_authored
i feel left out i never get invited to our new world order meetings with our elders of zion,sadness,goemotions_unambiguous
i feel sad and low today,sadness,project_authored
i feel so guilty that this picture exists i feel like i need to donate to charity after this,sadness,goemotions_unambiguous
i feel sorry for this little girl shes legitimely scared,sadness,goemotions_unambiguous
i literally teared up reading this that poor poor guy he has a great attitude but thats heartbreaking,sadness,goemotions_unambiguous
i lost a six pack this way once for a good year every traffic stop became a field sobriety test,sadness,goemotions_unambiguous
i miss being little 😭😭😭,sadness,goemotions_unambiguous
i miss them being alive,sadness,goemotions_unambiguous
i miss this show so much,sadness,goemotions_unambiguous
i missed this villain of the week feel of the show feels reminiscent of s1 and s2,sadness,goemotions_unambiguous
i really miss ag,sadness,goemotions_unambiguous
i regret that i have but one upvote to give for your post very powerful,sadness,goemotions_unambiguous
i remember saying name messed up the timeline worse than name over a year ago,sadness,goemotions_unambiguous
i saw your missing post and hoped you found your baby im sorry for your heartache,sadness,goemotions_unambiguous
i tried to send this to a friend but name knocked it away,sadness,goemotions_unambiguous
i want to cry and rest,sadness,project_authored
i was also name we all make mistakes,sadness,goemotions_unambiguous
i was dispointed in 5 it was clearly thrown in to sell 3 as they wanted to make 3 not 5 d,sadness,goemotions_unambiguous
i was living for him now he left me im not gonna live anymore,sadness,goemotions_unambiguous
i wish i could forget about the redesign sadly reddit is adamant about reminding me all the time it exists,sadness,goemotions_unambiguous
i wish i wasn’t a failure of a person,sadness,goemotions_unambiguous
i wish nonbpd people understood the pain of a relationship ending like we do its crippling and lasts forever,sadness,goemotions_unambiguous
i would agree that doesn’t really address the conservative versus altright labeling issue though,sadness,goemotions_unambiguous
id like to apologize on behalf of all azwel mains,sadness,goemotions_unambiguous
if this is actually how it goes i won’t feel so bad going from 5 to 8 in week 17,sadness,goemotions_unambiguous
ill admit i wanted to be upset because i dont identify as a feminist but also that dress is super cute omg you are very talented,sadness,goemotions_unambiguous
im a firm climate change believer but jeez that was painful to read sorry this is far from bestof,sadness,goemotions_unambiguous
im a woman and i lost mine at 26 was just a later bloomer this obsession with virginity is odd,sadness,goemotions_unambiguous
im always stuck in platinum because every match is a loss no healer what so ever,sadness,goemotions_unambiguous
im disappointed name never plays guitar again,sadness,goemotions_unambiguous
im feeling the same as you exactly the same bro i hope you get better and find someone,sadness,goemotions_unambiguous
im just really sad all that cake was wasted,sadness,goemotions_unambiguous
im painfully aware of that having bought a freesync monitor with my nvidia graphics card,sadness,goemotions_unambiguous
im really sad and there is alot more goin on but i dont know how to tell it,sadness,goemotions_unambiguous
im so sorry that your partner doesnt understand that you no longer want to put hormones in your body,sadness,goemotions_unambiguous
im so sorry this is no way to be live or be treated its so immature and emotionallyabusive i really hope your circumstances improve,sadness,goemotions_unambiguous
im sorry dude drumming octopuss,sadness,goemotions_unambiguous
im sorry for you but that pic is in the wrong subreddit,sadness,goemotions_unambiguous
im sorry for you loss man truly i am,sadness,goemotions_unambiguous
im sorry for your loss from the picture it looks like he had a great life if that helps,sadness,goemotions_unambiguous
im sorry it happened like that for you i really cant imagine,sadness,goemotions_unambiguous
im sorry that america funded a coup but i get to have my medicare aoc,sadness,goemotions_unambiguous
im still so sad we never got to see name witnessing his miracle babys first steps ☹️,sadness,goemotions_unambiguous
important part of this surprising its not there,sadness,goemotions_unambiguous
in 5 days bones would not be crusted oversorry not buying it,sadness,goemotions_unambiguous
in sorry but that seems like quite a shallow grave,sadness,goemotions_unambiguous
infp i’m a very selfless person which helped me find friends but not a love interest or a partner,sadness,goemotions_unambiguous
it better not as i only bought the bloody thing last week sorry guess im still in shock from the kettle dying,sadness,goemotions_unambiguous
it didnt last long sadly,sadness,goemotions_unambiguous
it involves a relationship with a girl so i need a girls input sorry i’m not sexist or anything,sadness,goemotions_unambiguous
it was good but not great,sadness,goemotions_unambiguous
its hard to make friends i sit alone,sadness,goemotions_unambiguous
its so really sad how praising the creator name has become something associated with terrorism astaghfirullah,sadness,goemotions_unambiguous
it’s a really depressing show kinda like mad men,sadness,goemotions_unambiguous
it’s also extremely expensive and school options are limited just a thought i’m all about advancing your career,sadness,goemotions_unambiguous
it’s deeply bizarre,sadness,goemotions_unambiguous
i’m broke dealing with my own mental illness and immediately concerned with just keeping the peace,sadness,goemotions_unambiguous
i’m disappointed that no one has suggested taking her up oxo tower yet,sadness,goemotions_unambiguous
i’m genuinely surprised that name didn’t believe name lipstick speech like that shit genuinely moved me,sadness,goemotions_unambiguous
i’m so sorry for your loss if you ever want to queue pm me for my steam,sadness,goemotions_unambiguous
i’m sorry,sadness,goemotions_unambiguous
i’m sorry about your pup at least between the two of them she won’t be neglected i just feel badly for you,sadness,goemotions_unambiguous
i’m sorry i don’t have the box with me,sadness,goemotions_unambiguous
i’m sorry mr name,sadness,goemotions_unambiguous
i’m sorry to hear you’ve been cheated on but you’re free makes it easier for nc if they found a new fp,sadness,goemotions_unambiguous
i’m sorry you have to deal with that,sadness,goemotions_unambiguous
i’m sorry your city blows,sadness,goemotions_unambiguous
i’m still using a laptop from 2008 and until last month i was using a phone from 2013 actually felt bad upgrading the phone,sadness,goemotions_unambiguous
i’m very sorry for the loss of your friend,sadness,goemotions_unambiguous
just try the free trial i got bored of it in 4 hours so no buy for me,sadness,goemotions_unambiguous
just watched this last night ron u make ma heart melt 😭,sadness,goemotions_unambiguous
karma what a great example for us all sir,sadness,goemotions_unambiguous
kid still sad after eating food because it wasnt a happy meal,sadness,goemotions_unambiguous
kids cant have fun anymore,sadness,goemotions_unambiguous
liesaboutflossing sorry if i used the wrong pronoun,sadness,goemotions_unambiguous
like i said its painful,sadness,goemotions_unambiguous
little scrub didnt even make it through the first week of nn19,sadness,goemotions_unambiguous
luckily everyone regrets myspace,sadness,goemotions_unambiguous
makes me sad at how brain damage effects boxers so much,sadness,goemotions_unambiguous
makes me sad ill never be with a beautiful woman,sadness,goemotions_unambiguous
man i miss those days la is pretty much dead now,sadness,goemotions_unambiguous
mate imagine reacting so poorly to be called out to calling anyone who has been discussing ozil and sven unreasonable,sadness,goemotions_unambiguous
me me big sad,sadness,goemotions_unambiguous
meanwhile my sister won’t even hug my goodbye when i drop her off at school,sadness,goemotions_unambiguous
men are disadvantaged literally everywhere,sadness,goemotions_unambiguous
missing this roster 😢😢😢,sadness,goemotions_unambiguous
my grandmotherinlaw does this i’m sorry to anyone in the va beach area,sadness,goemotions_unambiguous
my heart feels heavy today,sadness,project_authored
my heart is breaking for that little girl,sadness,goemotions_unambiguous
name gets punched in the head and gets a penalty,sadness,goemotions_unambiguous
name had them a few months ago friend bought some for her sick dog,sadness,goemotions_unambiguous
name is phenomenal it’ll be a sad day once he’s gone,sadness,goemotions_unambiguous
name is so good at drafting too but he just struggles as a head coach i’d be ok with this,sadness,goemotions_unambiguous
name i’m so sorry sweety,sadness,goemotions_unambiguous
name lesnar sorry name,sadness,goemotions_unambiguous
no noodlebox for you then sorry,sadness,goemotions_unambiguous
not happy,sadness,goemotions_unambiguous
oh im sorry you holding up okay,sadness,goemotions_unambiguous
oh my name i can’t handle this,sadness,goemotions_unambiguous
oh poor guy that’s so sad i can see why she is an ex friend,sadness,goemotions_unambiguous
oh right that was a huge leap my bad,sadness,goemotions_unambiguous
oh sorry bud didnt mean to be rude,sadness,goemotions_unambiguous
oh sorry ill do that,sadness,goemotions_unambiguous
oh that’s so sad that she thinks anyone cares about her opinion,sadness,goemotions_unambiguous
oh what an unlucky woman that mother of his,sadness,goemotions_unambiguous
ok my apologies then,sadness,goemotions_unambiguous
omg id cry if this was my store,sadness,goemotions_unambiguous
pauses clip to make sure thats not me were good what a disappointing name,sadness,goemotions_unambiguous
please dont use it as toothpaste it will destroy your teeth,sadness,goemotions_unambiguous
please sorry,sadness,goemotions_unambiguous
please you deserve life you know it deep down inside,sadness,goemotions_unambiguous
preach the nuthuggers and happy go lucky blind sheep if the front office are nowhere to be found so disappointed in this team,sadness,goemotions_unambiguous
really i thought it had or at least it should guess im better off leaving too,sadness,goemotions_unambiguous
really sad how often people dont go into the closest lane first and then change lanes when safe to do so,sadness,goemotions_unambiguous
sad my condolences to her family,sadness,goemotions_unambiguous
sad rip,sadness,goemotions_unambiguous
sad thing is it would probably forcibly ground the plane,sadness,goemotions_unambiguous
sad truth is you cant run away from who you are no matter how hard you try,sadness,goemotions_unambiguous
sadly enough i was thinking the same,sadness,goemotions_unambiguous
sadly i think this is true maybe this is the incentive adults need to get into action,sadness,goemotions_unambiguous
sadly i’m younger 15,sadness,goemotions_unambiguous
she must have a very boring life,sadness,goemotions_unambiguous
shouldnt be driving baked anyways even if you think you can gives us stoners a bad rap,sadness,goemotions_unambiguous
simultaneously terrible and awesome facial hair,sadness,goemotions_unambiguous
sir excuse me my mother says i am a very handsome young man,sadness,goemotions_unambiguous
so green bay doesnt get him id be sad for the kid,sadness,goemotions_unambiguous
so painful to watch,sadness,goemotions_unambiguous
so sorry for your loss,sadness,goemotions_unambiguous
so sorry for your loss i lost my cat 6 years ago in 2021 due to terminal autism 😭😭,sadness,goemotions_unambiguous
so sorry to hear that matey what a good dog give him lots of pets,sadness,goemotions_unambiguous
so we are really going to miss the playoffs in the same season as the 10 game win streak they are who we thought they were,sadness,goemotions_unambiguous
some fragile egos seem very upset at the ad womp womp,sadness,goemotions_unambiguous
sometimes i feel bad if i dont every now and then i mostly talk with her on scig tho,sadness,goemotions_unambiguous
sorry about that,sadness,goemotions_unambiguous
sorry about your poor trolling 310,sadness,goemotions_unambiguous
sorry bucko rnecrophilia got taken down i think your in the wrong place buddy here i’ll call you an uber take care of yourself,sadness,goemotions_unambiguous
sorry but anarchoanything are bot welcome there,sadness,goemotions_unambiguous
sorry but isnt this a little too obvious as the old saying the early bird catches the worm,sadness,goemotions_unambiguous
sorry every time i try a link post my post fails i’m just doing a text post,sadness,goemotions_unambiguous
sorry for your loss mate,sadness,goemotions_unambiguous
sorry i failed to mention im relatively new to the scene last 2 years only,sadness,goemotions_unambiguous
sorry i have to ask your age before i yell you,sadness,goemotions_unambiguous
sorry i meant c,sadness,goemotions_unambiguous
sorry i read that as newly white and it cracked me up,sadness,goemotions_unambiguous
sorry mate you’ve got the wrong sub this is for bad uk,sadness,goemotions_unambiguous
sorry pal but your just england’s b team,sadness,goemotions_unambiguous
sorry pal it’s actually one of my least favorites,sadness,goemotions_unambiguous
sorry thats a mistype i mean equally irresponsible,sadness,goemotions_unambiguous
sorry what i meant to say was if it had been worded differently it wouldnt have the same effect,sadness,goemotions_unambiguous
sorry you feel that way,sadness,goemotions_unambiguous
sorry your diverse inclusive baby was aborted,sadness,goemotions_unambiguous
sounds like a really bad time just wait till you have a nice time and place to trip,sadness,goemotions_unambiguous
sounds painful man,sadness,goemotions_unambiguous
sounds pretty typical from toyota really been hearing the same story from too many people sad really because they were always the best,sadness,goemotions_unambiguous
such a disappointment mobile games are such a shallow replacement for a full sequel what a let down,sadness,goemotions_unambiguous
sure sorry for late response,sadness,goemotions_unambiguous
that espn intro made me emotional 😭,sadness,goemotions_unambiguous
that hurt too much to watch twice,sadness,goemotions_unambiguous
that is incredibly disheartening,sadness,goemotions_unambiguous
that made me feel bad for nw,sadness,goemotions_unambiguous
that number 3 is soooo familiar and sad,sadness,goemotions_unambiguous
that weighs heavy on the heart i’m so sorry for your loss,sadness,goemotions_unambiguous
thats a lot of words to say im upset that women dont want to date me,sadness,goemotions_unambiguous
thats a really good one too i am pretty upset to learn how limited my vocabulary is,sadness,goemotions_unambiguous
thats honestly less than i expected,sadness,goemotions_unambiguous
thats just sad if its for a game,sadness,goemotions_unambiguous
that’s what i meant sorry bout that never fold aks pre,sadness,goemotions_unambiguous
the fact that this podcast isnt called ztargeting dios balls disappoints me greatly,sadness,goemotions_unambiguous
the fact that truechristian and truechristianity are so religion is extremely telling the faith is dishearteningly fractured,sadness,goemotions_unambiguous
the last message was particularly painful to read,sadness,goemotions_unambiguous
the older i get the more it hurts,sadness,goemotions_unambiguous
the only death that made me feel any emotion and it wasn’t even the death itself,sadness,goemotions_unambiguous
the only part of church im sad my kids will miss,sadness,goemotions_unambiguous
the poor car,sadness,goemotions_unambiguous
the sad thing is relatively speaking these are actually pretty good living conditions check out harris ranch,sadness,goemotions_unambiguous
the second half of the game was a big disappointment for me i really wish they kept the family around for much longer,sadness,goemotions_unambiguous
the wolves have been bad for so long that i actually did completely give up watching basketball,sadness,goemotions_unambiguous
these people have absolutely no confidence in their ability to make a living it’s pathetic,sadness,goemotions_unambiguous
they are so old and so predictable that they can not see how “silly” they look when they post articles like this,sadness,goemotions_unambiguous
they look like great bros sorry for your loss 3,sadness,goemotions_unambiguous
theyre taking one for the team those brave creatures,sadness,goemotions_unambiguous
this converstaion reminds me of this old name cartoon apparently some people were upset by it,sadness,goemotions_unambiguous
this cut so terribly deep and touched places i had hidden away im at a loss for words,sadness,goemotions_unambiguous
this hurts to watch,sadness,goemotions_unambiguous
this im sorry but this is a dumb reply ofc it was fake kindness golly,sadness,goemotions_unambiguous
this is beautiful and heartbreaking,sadness,goemotions_unambiguous
this is like the third repost of this but yes very sad indeed,sadness,goemotions_unambiguous
this is the kind of thing that makes me want to low key record every single one of my lyftuber rides,sadness,goemotions_unambiguous
this is the most unathletic thing ive seen in a while,sadness,goemotions_unambiguous
this is traumatising,sadness,goemotions_unambiguous
this really hurts my feelings,sadness,goemotions_unambiguous
this show has completely gone downhill can’t believe i waited a month to be disappointed smh,sadness,goemotions_unambiguous
this whole sub makes me sad,sadness,goemotions_unambiguous
to show themself in public like that they never did grow up a 11 year old in a 25 year old body sad really,sadness,goemotions_unambiguous
today has been emotionally difficult,sadness,project_authored
today is very bad for me,sadness,project_authored
tried that for a year and still scrawny and look young 😂,sadness,goemotions_unambiguous
true and so sad to see somewhere along the way the governing of a country my mutual consensus turned into a national sport with 2 teams,sadness,goemotions_unambiguous
truly wretched,sadness,goemotions_unambiguous
ugh im sorry man jerk off until your heart is content and dont apologize for it,sadness,goemotions_unambiguous
uh sorry were under trumpcare now,sadness,goemotions_unambiguous
unfortunately successful and rich people blame foreigners too,sadness,goemotions_unambiguous
very disappointed to find out that you can’t play ncaa football on ps4 wack,sadness,goemotions_unambiguous
very sad news for the man widespread travel disruption is expected for the evening commute,sadness,goemotions_unambiguous
very sorry for your loss,sadness,goemotions_unambiguous
was not one of those players still want to go back to the mw2 days totally would if i still had my ps3,sadness,goemotions_unambiguous
we really missing jv,sadness,goemotions_unambiguous
well she was completely and utterly heartbroken by my stupidity so theres that,sadness,goemotions_unambiguous
well that didnt take long sorry for your loss,sadness,goemotions_unambiguous
were sorry all circuits are busy now due name lost keys try your call again,sadness,goemotions_unambiguous
what a cataclysm,sadness,goemotions_unambiguous
whatever you do dont give your virginity to anyone you will regret it if you give it up cheaply,sadness,goemotions_unambiguous
wow i didnt really expect both the explosion and him to live,sadness,goemotions_unambiguous
yea feel sad for that kid that native guy is an anti name activist who destroyed his life,sadness,goemotions_unambiguous
yeah but even then i feel like they could’ve went about it better,sadness,goemotions_unambiguous
yeah i could definitely see that which is sad,sadness,goemotions_unambiguous
yeah i regret ever moving to leduc its one of the most backwoods proudtobeignorant communities ive ever seen,sadness,goemotions_unambiguous
yeah it helps me too but i still dont feel well rested the next day,sadness,goemotions_unambiguous
yeah it’s not exactly rocketpropelled hot wheels cars playing soccer but eh i’m down,sadness,goemotions_unambiguous
yeah no problem sorry about that,sadness,goemotions_unambiguous
yeah sorry about that i dont mean it,sadness,goemotions_unambiguous
yeah this is always my first thought when i read this kind of stuff kinda sad to be honest,sadness,goemotions_unambiguous
yep and the buns seemed so much fresher then last time i went years ago it was terribly disappointing,sadness,goemotions_unambiguous
yep just pc this time sorry,sadness,goemotions_unambiguous
yep there are some good things hidden in amongst the bad it would be disingenuous to claim otherwise,sadness,goemotions_unambiguous
yes my so does that unfortunately the requirements are stricter and i cant,sadness,goemotions_unambiguous
you can see the regret in the eyes,sadness,goemotions_unambiguous
you forgot our dear friends from paris,sadness,goemotions_unambiguous
you look like a failed attempt to gene splice name and name dna,sadness,goemotions_unambiguous
you must be heartbroken i’m so sorry can you start seeing a therapist,sadness,goemotions_unambiguous
you seem pretty upset about this its not an email it is a formal filing it doesnt surprise me you dont understand that though,sadness,goemotions_unambiguous
you should have asked this question 15 years ago sadly,sadness,goemotions_unambiguous
youd better not cry,sadness,goemotions_unambiguous
youre just upset because it accurately highlights the absurdity of the minimum wage,sadness,goemotions_unambiguous
youre right i completely forgot the title,sadness,goemotions_unambiguous
youve never played against a good support name then,sadness,goemotions_unambiguous
δ sorry i completely forgot about these but yeah you definitely changed my view,sadness,goemotions_unambiguous
