normalized_name,drug_name,ingredient_name,atc_code,atc_group_code,atc_group_name,atc_class_label,drug_class
13c-urea,13C-urea,13C-urea,V04CX05,V04CX,Other diagnostic agents,Other diagnostic agents,unknown
2- 4-chlorphenoxy -ethanol,2-(4-chlorphenoxy)-ethanol,2-(4-chlorphenoxy)-ethanol,D01AE06,D01AE,Other antifungals for topical use,Other antifungals for topical use,unknown
2-benzhydryloxyethyl diethyl-methylammonium iodide,(2-benzhydryloxyethyl)diethyl-methylammonium iodide,(2-benzhydryloxyethyl)diethyl-methylammonium iodide,A03AB16,A03AB,"Synthetic anticholinergics, quaternary ammonium compounds","Synthetic anticholinergics, quaternary ammonium compounds",unknown
4-aminosalicylic acid,4-aminosalicylic acid,4-aminosalicylic acid,J04AA01,J04AA,Aminosalicylic acid and derivatives,Aminosalicylic acid and derivatives,unknown
4-dimethylaminophenol,4-dimethylaminophenol,4-dimethylaminophenol,V03AB27,V03AB,Antidotes,Antidotes,unknown
abacavir,abacavir,abacavir,J05AF06,J05AF,Nucleoside and nucleotide reverse transcriptase inhibitors,Nucleoside and nucleotide reverse transcriptase inhibitors,unknown
abaloparatide,abaloparatide,abaloparatide,H05AA04,H05AA,Parathyroid hormones and analogues,Parathyroid hormones and analogues,unknown
abarelix,abarelix,abarelix,L02BX01,L02BX,Other hormone antagonists and related agents,Other hormone antagonists and related agents,unknown
abatacept,abatacept,abatacept,L04AA24,L04AA,Selective immunosuppressants,Selective immunosuppressants,unknown
abciximab,abciximab,abciximab,B01AC13,B01AC,Platelet aggregation inhibitors excl. heparin,Platelet aggregation inhibitors excl. heparin,antiplatelet
abemaciclib,abemaciclib,abemaciclib,L01EF03,L01EF,Cyclin-dependent kinase (CDK) inhibitors,Cyclin-dependent kinase (CDK) inhibitors,unknown
abetimus,abetimus,abetimus,L04AA22,L04AA,Selective immunosuppressants,Selective immunosuppressants,unknown
abicipar pegol,abicipar pegol,abicipar pegol,S01LA07,S01LA,Antineovascularisation agents,Antineovascularisation agents,unknown
abiraterone,abiraterone,abiraterone,L02BX03,L02BX,Other hormone antagonists and related agents,Other hormone antagonists and related agents,unknown
absorbable gelatin sponge,absorbable gelatin sponge,absorbable gelatin sponge,B02BC01,B02BC,Local hemostatics,Local hemostatics,unknown
acadesine,acadesine,acadesine,C01EB13,C01EB,Other cardiac preparations,Other cardiac preparations,unknown
acalabrutinib,acalabrutinib,acalabrutinib,L01EL02,L01EL,Bruton's tyrosine kinase (BTK) inhibitors,Bruton's tyrosine kinase (BTK) inhibitors,unknown
acamprosate,acamprosate,acamprosate,N07BB03,N07BB,Drugs used in alcohol dependence,Drugs used in alcohol dependence,unknown
acarbose,acarbose,acarbose,A10BF01,A10BF,Alpha glucosidase inhibitors,Alpha glucosidase inhibitors,unknown
acebutolol,acebutolol,acebutolol,C07AB04,C07AB,"Beta blocking agents, selective","Beta blocking agents, selective",beta_blocker
aceclidine,aceclidine,aceclidine,S01EB08,S01EB,Parasympathomimetics,Parasympathomimetics,unknown
aceclofenac,aceclofenac,aceclofenac,M01AB16,M01AB,Acetic acid derivatives and related substances,Acetic acid derivatives and related substances,nsaid
acefylline piperazine,acefylline piperazine,acefylline piperazine,R03DA09,R03DA,Xanthines,Xanthines,unknown
acemetacin,acemetacin,acemetacin,M01AB11,M01AB,Acetic acid derivatives and related substances,Acetic acid derivatives and related substances,nsaid
aceneuramic acid,aceneuramic acid,aceneuramic acid,M09AX05,M09AX,Other drugs for disorders of the musculo-skeletal system,Other drugs for disorders of the musculo-skeletal system,unknown
acenocoumarol,acenocoumarol,acenocoumarol,B01AA07,B01AA,Vitamin K antagonists,Vitamin K antagonists,anticoagulant
acepromazine,acepromazine,acepromazine,N05AA04,N05AA,Phenothiazines with aliphatic side-chain,Phenothiazines with aliphatic side-chain,unknown
acetarsol,acetarsol,acetarsol,A07AX02,A07AX,Other intestinal antiinfectives,Other intestinal antiinfectives,unknown
acetazolamide,acetazolamide,acetazolamide,S01EC01,S01EC,Carbonic anhydrase inhibitors,Carbonic anhydrase inhibitors,unknown
acetic acid,acetic acid,acetic acid,G01AD02,G01AD,Organic acids,Organic acids,unknown
acetohexamide,acetohexamide,acetohexamide,A10BB31,A10BB,Sulfonylureas,Sulfonylureas,sulfonylurea
acetohydroxamic acid,acetohydroxamic acid,acetohydroxamic acid,G04BX03,G04BX,Other urologicals,Other urologicals,unknown
acetophenazine,acetophenazine,acetophenazine,N05AB07,N05AB,Phenothiazines with piperazine structure,Phenothiazines with piperazine structure,unknown
acetoxolone,acetoxolone,acetoxolone,A02BX09,A02BX,Other drugs for peptic ulcer and gastro-oesophageal reflux disease (GORD),Other drugs for peptic ulcer and gastro-oesophageal reflux disease (GORD),unknown
acetrizoic acid,acetrizoic acid,acetrizoic acid,V08AA07,V08AA,"Watersoluble, nephrotropic, high osmolar X-ray contrast media","Watersoluble, nephrotropic, high osmolar X-ray contrast media",unknown
acetylcarnitine,acetylcarnitine,acetylcarnitine,N06BX12,N06BX,Other psychostimulants and nootropics,Other psychostimulants and nootropics,unknown
acetylcholine,acetylcholine,acetylcholine,S01EB09,S01EB,Parasympathomimetics,Parasympathomimetics,unknown
acetylcysteine,acetylcysteine,acetylcysteine,R05CB01,R05CB,Mucolytics,Mucolytics,unknown
acetyldigitoxin,acetyldigitoxin,acetyldigitoxin,C01AA01,C01AA,Digitalis glycosides,Digitalis glycosides,unknown
acetyldigoxin,acetyldigoxin,acetyldigoxin,C01AA02,C01AA,Digitalis glycosides,Digitalis glycosides,unknown
acetyldihydrocodeine,acetyldihydrocodeine,acetyldihydrocodeine,R05DA12,R05DA,Opium alkaloids and derivatives,Opium alkaloids and derivatives,unknown
acetylglycinamide chloral hydrate,acetylglycinamide chloral hydrate,acetylglycinamide chloral hydrate,N05CC03,N05CC,Aldehydes and derivatives,Aldehydes and derivatives,unknown
acetylleucine,acetylleucine,acetylleucine,N07CA04,N07CA,Antivertigo preparations,Antivertigo preparations,unknown
acetylsalicylic acid,acetylsalicylic acid,acetylsalicylic acid,B01AC06,B01AC,Platelet aggregation inhibitors excl. heparin,Platelet aggregation inhibitors excl. heparin,antiplatelet
aciclovir,aciclovir,aciclovir,J05AB01,J05AB,Nucleosides and nucleotides excl. reverse transcriptase inhibitors,Nucleosides and nucleotides excl. reverse transcriptase inhibitors,unknown
acipimox,acipimox,acipimox,C10AD06,C10AD,Nicotinic acid and derivatives,Nicotinic acid and derivatives,unknown
acitretin,acitretin,acitretin,D05BB02,D05BB,Retinoids for treatment of psoriasis,Retinoids for treatment of psoriasis,unknown
aclarubicin,aclarubicin,aclarubicin,L01DB04,L01DB,Anthracyclines and related substances,Anthracyclines and related substances,unknown
aclidinium bromide,aclidinium bromide,aclidinium bromide,R03BB05,R03BB,Anticholinergics,Anticholinergics,unknown
acriflavinium chloride,acriflavinium chloride,acriflavinium chloride,R02AA13,R02AA,Antiseptics,Antiseptics,unknown
acrivastine,acrivastine,acrivastine,R06AX18,R06AX,Other antihistamines for systemic use,Other antihistamines for systemic use,antihistamine
adalimumab,adalimumab,adalimumab,L04AB04,L04AB,Tumor necrosis factor alpha (TNF-alpha) inhibitors,Tumor necrosis factor alpha (TNF-alpha) inhibitors,unknown
adapalene,adapalene,adapalene,D10AD03,D10AD,Retinoids for topical use in acne,Retinoids for topical use in acne,unknown
adefovir dipivoxil,adefovir dipivoxil,adefovir dipivoxil,J05AF08,J05AF,Nucleoside and nucleotide reverse transcriptase inhibitors,Nucleoside and nucleotide reverse transcriptase inhibitors,unknown
ademetionine,ademetionine,ademetionine,A16AA02,A16AA,Amino acids and derivatives,Amino acids and derivatives,unknown
adenosine,adenosine,adenosine,C01EB10,C01EB,Other cardiac preparations,Other cardiac preparations,unknown
adinazolam,adinazolam,adinazolam,N05BA07,N05BA,Benzodiazepine derivatives,Benzodiazepine derivatives,benzodiazepine
adipiodone,adipiodone,adipiodone,V08AC04,V08AC,"Watersoluble, hepatotropic X-ray contrast media","Watersoluble, hepatotropic X-ray contrast media",unknown
adrafinil,adrafinil,adrafinil,N06BX17,N06BX,Other psychostimulants and nootropics,Other psychostimulants and nootropics,unknown
adrenalone,adrenalone,adrenalone,A01AD06,A01AD,Other agents for local oral treatment,Other agents for local oral treatment,unknown
afamelanotide,afamelanotide,afamelanotide,D02BB02,D02BB,Protectives against UV-radiation for systemic use,Protectives against UV-radiation for systemic use,unknown
afatinib,afatinib,afatinib,L01EB03,L01EB,Epidermal growth factor receptor (EGFR) tyrosine kinase inhibitors,Epidermal growth factor receptor (EGFR) tyrosine kinase inhibitors,unknown
afelimomab,afelimomab,afelimomab,L04AB03,L04AB,Tumor necrosis factor alpha (TNF-alpha) inhibitors,Tumor necrosis factor alpha (TNF-alpha) inhibitors,unknown
aflibercept,aflibercept,aflibercept,L01XX44,L01XX,Other antineoplastic agents,Other antineoplastic agents,unknown
agalsidase alfa,agalsidase alfa,agalsidase alfa,A16AB03,A16AB,Enzymes,Enzymes,unknown
agalsidase beta,agalsidase beta,agalsidase beta,A16AB04,A16AB,Enzymes,Enzymes,unknown
agni casti fructus,Agni casti fructus,Agni casti fructus,G02CX03,G02CX,Other gynecologicals,Other gynecologicals,unknown
agomelatine,agomelatine,agomelatine,N06AX22,N06AX,Other antidepressants,Other antidepressants,unknown
ajmaline,ajmaline,ajmaline,C01BA05,C01BA,"Antiarrhythmics, class Ia","Antiarrhythmics, class Ia",unknown
alanyl glutamine,alanyl glutamine,alanyl glutamine,B05XB02,B05XB,Amino acids,Amino acids,unknown
alaproclate,alaproclate,alaproclate,N06AB07,N06AB,Selective serotonin reuptake inhibitors,Selective serotonin reuptake inhibitors,unknown
albendazole,albendazole,albendazole,P02CA03,P02CA,Benzimidazole derivatives,Benzimidazole derivatives,unknown
albiglutide,albiglutide,albiglutide,A10BJ04,A10BJ,Glucagon-like peptide-1 (GLP-1) analogues,Glucagon-like peptide-1 (GLP-1) analogues,unknown
albinterferon alfa-2b,albinterferon alfa-2b,albinterferon alfa-2b,L03AB12,L03AB,Interferons,Interferons,unknown
albumin,albumin,albumin,B05AA01,B05AA,Blood substitutes and plasma protein fractions,Blood substitutes and plasma protein fractions,unknown
albumin tannate,albumin tannate,albumin tannate,A07XA01,A07XA,Other antidiarrheals,Other antidiarrheals,unknown
alcaftadine,alcaftadine,alcaftadine,S01GX11,S01GX,Other antiallergics,Other antiallergics,unknown
alclofenac,alclofenac,alclofenac,M01AB06,M01AB,Acetic acid derivatives and related substances,Acetic acid derivatives and related substances,nsaid
alclometasone,alclometasone,alclometasone,D07AB10,D07AB,"Corticosteroids, moderately potent (group II)","Corticosteroids, moderately potent (group II)",unknown
alcuronium,alcuronium,alcuronium,M03AA01,M03AA,Curare alkaloids,Curare alkaloids,unknown
aldesleukin,aldesleukin,aldesleukin,L03AC01,L03AC,Interleukins,Interleukins,unknown
aldesulfone sodium,aldesulfone sodium,aldesulfone sodium,J04BA03,J04BA,Drugs for treatment of lepra,Drugs for treatment of lepra,unknown
aldosterone,aldosterone,aldosterone,H02AA01,H02AA,Mineralocorticoids,Mineralocorticoids,unknown
alectinib,alectinib,alectinib,L01ED03,L01ED,Anaplastic lymphoma kinase (ALK) inhibitors,Anaplastic lymphoma kinase (ALK) inhibitors,unknown
alefacept,alefacept,alefacept,L04AA15,L04AA,Selective immunosuppressants,Selective immunosuppressants,unknown
alemtuzumab,alemtuzumab,alemtuzumab,L04AA34,L04AA,Selective immunosuppressants,Selective immunosuppressants,unknown
alendronic acid,alendronic acid,alendronic acid,M05BA04,M05BA,Bisphosphonates,Bisphosphonates,unknown
alfa1 antitrypsin,alfa1 antitrypsin,alfa1 antitrypsin,B02AB02,B02AB,Proteinase inhibitors,Proteinase inhibitors,unknown
alfacalcidol,alfacalcidol,alfacalcidol,A11CC03,A11CC,Vitamin D and analogues,Vitamin D and analogues,unknown
alfaxalone,alfaxalone,alfaxalone,N01AX05,N01AX,Other general anesthetics,Other general anesthetics,unknown
alfentanil,alfentanil,alfentanil,N01AH02,N01AH,Opioid anesthetics,Opioid anesthetics,unknown
alfuzosin,alfuzosin,alfuzosin,G04CA01,G04CA,Alpha-adrenoreceptor antagonists,Alpha-adrenoreceptor antagonists,unknown
algeldrate,algeldrate,algeldrate,A02AB02,A02AB,Aluminium compounds,Aluminium compounds,unknown
alginic acid,alginic acid,alginic acid,A02BX13,A02BX,Other drugs for peptic ulcer and gastro-oesophageal reflux disease (GORD),Other drugs for peptic ulcer and gastro-oesophageal reflux disease (GORD),unknown
alglucerase,alglucerase,alglucerase,A16AB01,A16AB,Enzymes,Enzymes,unknown
alglucosidase alfa,alglucosidase alfa,alglucosidase alfa,A16AB07,A16AB,Enzymes,Enzymes,unknown
alimemazine,alimemazine,alimemazine,R06AD01,R06AD,Phenothiazine derivatives,Phenothiazine derivatives,antihistamine
alipogene tiparvovec,alipogene tiparvovec,alipogene tiparvovec,C10AX10,C10AX,Other lipid modifying agents,Other lipid modifying agents,unknown
alirocumab,alirocumab,alirocumab,C10AX14,C10AX,Other lipid modifying agents,Other lipid modifying agents,unknown
aliskiren,aliskiren,aliskiren,C09XA02,C09XA,Renin-inhibitors,Renin-inhibitors,unknown
alitretinoin,alitretinoin,alitretinoin,D11AH04,D11AH,"Agents for dermatitis, excluding corticosteroids","Agents for dermatitis, excluding corticosteroids",unknown
alizapride,alizapride,alizapride,A03FA05,A03FA,Propulsives,Propulsives,unknown
allobarbital,allobarbital,allobarbital,N05CA21,N05CA,"Barbiturates, plain","Barbiturates, plain",unknown
allopurinol,allopurinol,allopurinol,M04AA01,M04AA,Preparations inhibiting uric acid production,Preparations inhibiting uric acid production,unknown
allylestrenol,allylestrenol,allylestrenol,G03DC01,G03DC,Estren derivatives,Estren derivatives,unknown
almagate,almagate,almagate,A02AD03,A02AD,"Combinations and complexes of aluminium, calcium and magnesium compounds","Combinations and complexes of aluminium, calcium and magnesium compounds",unknown
almasilate,almasilate,almasilate,A02AD05,A02AD,"Combinations and complexes of aluminium, calcium and magnesium compounds","Combinations and complexes of aluminium, calcium and magnesium compounds",unknown
alminoprofen,alminoprofen,alminoprofen,M01AE16,M01AE,Propionic acid derivatives,Propionic acid derivatives,nsaid
almitrine,almitrine,almitrine,R07AB07,R07AB,Respiratory stimulants,Respiratory stimulants,unknown
almotriptan,almotriptan,almotriptan,N02CC05,N02CC,Selective serotonin (5HT1) agonists,Selective serotonin (5HT1) agonists,unknown
alogliptin,alogliptin,alogliptin,A10BH04,A10BH,Dipeptidyl peptidase 4 (DPP-4) inhibitors,Dipeptidyl peptidase 4 (DPP-4) inhibitors,unknown
aloglutamol,aloglutamol,aloglutamol,A02AB06,A02AB,Aluminium compounds,Aluminium compounds,unknown
alosetron,alosetron,alosetron,A03AE01,A03AE,Serotonin receptor antagonists,Serotonin receptor antagonists,unknown
aloxiprin,aloxiprin,aloxiprin,B01AC15,B01AC,Platelet aggregation inhibitors excl. heparin,Platelet aggregation inhibitors excl. heparin,antiplatelet
alpelisib,alpelisib,alpelisib,L01EM03,L01EM,Phosphatidylinositol-3-kinase (Pi3K) inhibitors,Phosphatidylinositol-3-kinase (Pi3K) inhibitors,unknown
alprazolam,alprazolam,alprazolam,N05BA12,N05BA,Benzodiazepine derivatives,Benzodiazepine derivatives,benzodiazepine
alprenolol,alprenolol,alprenolol,C07AA01,C07AA,"Beta blocking agents, non-selective","Beta blocking agents, non-selective",beta_blocker
alprostadil,alprostadil,alprostadil,C01EA01,C01EA,Prostaglandins,Prostaglandins,unknown
alsactide,alsactide,alsactide,V04CH04,V04CH,Tests for renal function and ureteral injuries,Tests for renal function and ureteral injuries,unknown
alteplase,alteplase,alteplase,B01AD02,B01AD,Enzymes,Enzymes,unknown
althea root,althea root,althea root,R05CA05,R05CA,Expectorants,Expectorants,unknown
altretamine,altretamine,altretamine,L01XX03,L01XX,Other antineoplastic agents,Other antineoplastic agents,unknown
alum,alum,alum,S01XA07,S01XA,Other ophthalmologicals,Other ophthalmologicals,unknown
aluminium acetoacetate,aluminium acetoacetate,aluminium acetoacetate,A02AB05,A02AB,Aluminium compounds,Aluminium compounds,unknown
aluminium acetotartrate,aluminium acetotartrate,aluminium acetotartrate,S02AA04,S02AA,Antiinfectives,Antiinfectives,unknown
aluminium chloride,aluminium chloride,aluminium chloride,D10AX01,D10AX,Other anti-acne preparations for topical use,Other anti-acne preparations for topical use,unknown
aluminium chlorohydrate,aluminium chlorohydrate,aluminium chlorohydrate,D09AA08,D09AA,Medicated dressings with antiinfectives,Medicated dressings with antiinfectives,unknown
aluminium clofibrate,aluminium clofibrate,aluminium clofibrate,C10AB03,C10AB,Fibrates,Fibrates,unknown
aluminium glycinate,aluminium glycinate,aluminium glycinate,A02AB07,A02AB,Aluminium compounds,Aluminium compounds,unknown
aluminium hydroxide,aluminium hydroxide,aluminium hydroxide,A02AB01,A02AB,Aluminium compounds,Aluminium compounds,unknown
aluminium nicotinate,aluminium nicotinate,aluminium nicotinate,C10AD04,C10AD,Nicotinic acid and derivatives,Nicotinic acid and derivatives,unknown
aluminium oxide,aluminium oxide,aluminium oxide,D10AX04,D10AX,Other anti-acne preparations for topical use,Other anti-acne preparations for topical use,unknown
aluminium phosphate,aluminium phosphate,aluminium phosphate,A02AB03,A02AB,Aluminium compounds,Aluminium compounds,unknown
aluminium preparations,aluminium preparations,aluminium preparations,C05AX01,C05AX,Other agents for treatment of hemorrhoids and anal fissures for topical use,Other agents for treatment of hemorrhoids and anal fissures for topical use,unknown
alverine,alverine,alverine,A03AX08,A03AX,Other drugs for functional gastrointestinal disorders,Other drugs for functional gastrointestinal disorders,unknown
alvimopan,alvimopan,alvimopan,A06AH02,A06AH,Peripheral opioid receptor antagonists,Peripheral opioid receptor antagonists,unknown
amantadine,amantadine,amantadine,N04BB01,N04BB,Adamantane derivatives,Adamantane derivatives,unknown
ambazone,ambazone,ambazone,R02AA01,R02AA,Antiseptics,Antiseptics,unknown
ambenonium,ambenonium,ambenonium,N07AA30,N07AA,Anticholinesterases,Anticholinesterases,unknown
ambrisentan,ambrisentan,ambrisentan,C02KX02,C02KX,Antihypertensives for pulmonary arterial hypertension,Antihypertensives for pulmonary arterial hypertension,unknown
ambroxol,ambroxol,ambroxol,R05CB06,R05CB,Mucolytics,Mucolytics,unknown
amcinonide,amcinonide,amcinonide,D07AC11,D07AC,"Corticosteroids, potent (group III)","Corticosteroids, potent (group III)",unknown
amenamevir,amenamevir,amenamevir,J05AX26,J05AX,Other antivirals,Other antivirals,unknown
amezinium metilsulfate,amezinium metilsulfate,amezinium metilsulfate,C01CA25,C01CA,Adrenergic and dopaminergic agents,Adrenergic and dopaminergic agents,unknown
amfepramone,amfepramone,amfepramone,A08AA03,A08AA,Centrally acting antiobesity products,Centrally acting antiobesity products,unknown
amfetamine,amfetamine,amfetamine,N06BA01,N06BA,Centrally acting sympathomimetics,Centrally acting sympathomimetics,unknown
amifampridine,amifampridine,amifampridine,N07XX05,N07XX,Other nervous system drugs,Other nervous system drugs,unknown
amifostine,amifostine,amifostine,V03AF05,V03AF,Detoxifying agents for antineoplastic treatment,Detoxifying agents for antineoplastic treatment,unknown
amikacin,amikacin,amikacin,J01GB06,J01GB,Other aminoglycosides,Other aminoglycosides,aminoglycoside
amiloride,amiloride,amiloride,C03DB01,C03DB,Other potassium-sparing agents,Other potassium-sparing agents,unknown
amineptine,amineptine,amineptine,N06AA19,N06AA,Non-selective monoamine reuptake inhibitors,Non-selective monoamine reuptake inhibitors,unknown
amino acids,amino acids,amino acids,B05BA01,B05BA,Solutions for parenteral nutrition,Solutions for parenteral nutrition,unknown
amino diphenylhydantoin valeric acid,amino(diphenylhydantoin) valeric acid,amino(diphenylhydantoin) valeric acid,N03AB03,N03AB,Hydantoin derivatives,Hydantoin derivatives,unknown
aminoacridine,aminoacridine,aminoacridine,D08AA02,D08AA,Acridine derivatives,Acridine derivatives,unknown
aminobenzoate potassium,aminobenzoate potassium,aminobenzoate potassium,D11AX23,D11AX,Other dermatologicals,Other dermatologicals,unknown
aminobenzoic acid,aminobenzoic acid,aminobenzoic acid,D02BA01,D02BA,Protectives against UV-radiation for topical use,Protectives against UV-radiation for topical use,unknown
aminobutyric acid,aminobutyric acid,aminobutyric acid,N03AG03,N03AG,Fatty acid derivatives,Fatty acid derivatives,unknown
aminocaproic acid,aminocaproic acid,aminocaproic acid,B02AA01,B02AA,Amino acids,Amino acids,unknown
aminoglutethimide,aminoglutethimide,aminoglutethimide,L02BG01,L02BG,Aromatase inhibitors,Aromatase inhibitors,unknown
aminohippuric acid,aminohippuric acid,aminohippuric acid,V04CH30,V04CH,Tests for renal function and ureteral injuries,Tests for renal function and ureteral injuries,unknown
aminolevulinic acid,aminolevulinic acid,aminolevulinic acid,L01XD04,L01XD,Sensitizers used in photodynamic/radiation therapy,Sensitizers used in photodynamic/radiation therapy,unknown
aminomethylbenzoic acid,aminomethylbenzoic acid,aminomethylbenzoic acid,B02AA03,B02AA,Amino acids,Amino acids,unknown
aminophenazone,aminophenazone,aminophenazone,N02BB03,N02BB,Pyrazolones,Pyrazolones,unknown
aminophylline,aminophylline,aminophylline,R03DA05,R03DA,Xanthines,Xanthines,unknown
amiodarone,amiodarone,amiodarone,C01BD01,C01BD,"Antiarrhythmics, class III","Antiarrhythmics, class III",unknown
amisulpride,amisulpride,amisulpride,N05AL05,N05AL,Benzamides,Benzamides,unknown
amitriptyline,amitriptyline,amitriptyline,N06AA09,N06AA,Non-selective monoamine reuptake inhibitors,Non-selective monoamine reuptake inhibitors,unknown
amlexanox,amlexanox,amlexanox,A01AD07,A01AD,Other agents for local oral treatment,Other agents for local oral treatment,unknown
amlodipine,amlodipine,amlodipine,C08CA01,C08CA,Dihydropyridine derivatives,Dihydropyridine derivatives,unknown
ammonium chloride,ammonium chloride,ammonium chloride,G04BA01,G04BA,Acidifiers,Acidifiers,unknown
amobarbital,amobarbital,amobarbital,N05CA02,N05CA,"Barbiturates, plain","Barbiturates, plain",unknown
amodiaquine,amodiaquine,amodiaquine,P01BA06,P01BA,Aminoquinolines,Aminoquinolines,unknown
amorolfine,amorolfine,amorolfine,D01AE16,D01AE,Other antifungals for topical use,Other antifungals for topical use,unknown
amoxapine,amoxapine,amoxapine,N06AA17,N06AA,Non-selective monoamine reuptake inhibitors,Non-selective monoamine reuptake inhibitors,unknown
amoxicillin,amoxicillin,amoxicillin,J01CA04,J01CA,Penicillins with extended spectrum,Penicillins with extended spectrum,penicillin
amphotericin b,amphotericin B,amphotericin B,A01AB04,A01AB,Antiinfectives and antiseptics for local oral treatment,Antiinfectives and antiseptics for local oral treatment,unknown
ampicillin,ampicillin,ampicillin,J01CA01,J01CA,Penicillins with extended spectrum,Penicillins with extended spectrum,penicillin
amprenavir,amprenavir,amprenavir,J05AE05,J05AE,Protease inhibitors,Protease inhibitors,unknown
amrinone,amrinone,amrinone,C01CE01,C01CE,Phosphodiesterase inhibitors,Phosphodiesterase inhibitors,unknown
amrubicin,amrubicin,amrubicin,L01DB10,L01DB,Anthracyclines and related substances,Anthracyclines and related substances,unknown
amsacrine,amsacrine,amsacrine,L01XX01,L01XX,Other antineoplastic agents,Other antineoplastic agents,unknown
amyl nitrite,amyl nitrite,amyl nitrite,V03AB22,V03AB,Antidotes,Antidotes,unknown
anagrelide,anagrelide,anagrelide,L01XX35,L01XX,Other antineoplastic agents,Other antineoplastic agents,unknown
anakinra,anakinra,anakinra,L04AC03,L04AC,Interleukin inhibitors,Interleukin inhibitors,unknown
anastrozole,anastrozole,anastrozole,L02BG03,L02BG,Aromatase inhibitors,Aromatase inhibitors,unknown
ancestim,ancestim,ancestim,L03AA12,L03AA,Colony stimulating factors,Colony stimulating factors,unknown
ancrod,ancrod,ancrod,B01AD09,B01AD,Enzymes,Enzymes,unknown
andexanet alfa,andexanet alfa,andexanet alfa,V03AB38,V03AB,Antidotes,Antidotes,unknown
androstanolone,androstanolone,androstanolone,A14AA01,A14AA,Androstan derivatives,Androstan derivatives,unknown
anecortave,anecortave,anecortave,S01LA02,S01LA,Antineovascularisation agents,Antineovascularisation agents,unknown
anethole trithione,anethole trithione,anethole trithione,A16AX02,A16AX,Various alimentary tract and metabolism products,Various alimentary tract and metabolism products,unknown
angiotensin ii,angiotensin II,angiotensin II,C01CX09,C01CX,Other cardiac stimulants,Other cardiac stimulants,unknown
angiotensinamide,angiotensinamide,angiotensinamide,C01CX06,C01CX,Other cardiac stimulants,Other cardiac stimulants,unknown
anidulafungin,anidulafungin,anidulafungin,J02AX06,J02AX,Other antimycotics for systemic use,Other antimycotics for systemic use,unknown
anileridine,anileridine,anileridine,N01AH05,N01AH,Opioid anesthetics,Opioid anesthetics,unknown
animals,animals,animals,V01AA11,V01AA,Allergen extracts,Allergen extracts,unknown
aniracetam,aniracetam,aniracetam,N06BX11,N06BX,Other psychostimulants and nootropics,Other psychostimulants and nootropics,unknown
anistreplase,anistreplase,anistreplase,B01AD03,B01AD,Enzymes,Enzymes,unknown
antazoline,antazoline,antazoline,R06AX05,R06AX,Other antihistamines for systemic use,Other antihistamines for systemic use,antihistamine
anthrax antigen,anthrax antigen,anthrax antigen,J07AC01,J07AC,Anthrax vaccines,Anthrax vaccines,unknown
anthrax immunoglobulin,anthrax immunoglobulin,anthrax immunoglobulin,J06BB19,J06BB,Specific immunoglobulins,Specific immunoglobulins,unknown
anti-d rh immunoglobulin,anti-D (rh) immunoglobulin,anti-D (rh) immunoglobulin,J06BB01,J06BB,Specific immunoglobulins,Specific immunoglobulins,unknown
antilymphocyte immunoglobulin horse,antilymphocyte immunoglobulin (horse),antilymphocyte immunoglobulin (horse),L04AA03,L04AA,Selective immunosuppressants,Selective immunosuppressants,unknown
antimony pentasulfide,antimony pentasulfide,antimony pentasulfide,R05CA07,R05CA,Expectorants,Expectorants,unknown
antithrombin iii,antithrombin III,antithrombin III,B01AB02,B01AB,Heparin group,Heparin group,unknown
antithymocyte immunoglobulin rabbit,antithymocyte immunoglobulin (rabbit),antithymocyte immunoglobulin (rabbit),L04AA04,L04AA,Selective immunosuppressants,Selective immunosuppressants,unknown
apalutamide,apalutamide,apalutamide,L02BB05,L02BB,Anti-androgens,Anti-androgens,unknown
apixaban,apixaban,apixaban,B01AF02,B01AF,Direct factor Xa inhibitors,Direct factor Xa inhibitors,anticoagulant
apomorphine,apomorphine,apomorphine,N04BC07,N04BC,Dopamine agonists,Dopamine agonists,unknown
apraclonidine,apraclonidine,apraclonidine,S01EA03,S01EA,Sympathomimetics in glaucoma therapy,Sympathomimetics in glaucoma therapy,unknown
apremilast,apremilast,apremilast,L04AA32,L04AA,Selective immunosuppressants,Selective immunosuppressants,unknown
aprepitant,aprepitant,aprepitant,A04AD12,A04AD,Other antiemetics,Other antiemetics,unknown
aprindine,aprindine,aprindine,C01BB04,C01BB,"Antiarrhythmics, class Ib","Antiarrhythmics, class Ib",unknown
aprobarbital,aprobarbital,aprobarbital,N05CA05,N05CA,"Barbiturates, plain","Barbiturates, plain",unknown
apronal,apronal,apronal,N05CM12,N05CM,Other hypnotics and sedatives,Other hypnotics and sedatives,unknown
aprotinin,aprotinin,aprotinin,B02AB01,B02AB,Proteinase inhibitors,Proteinase inhibitors,unknown
arbekacin,arbekacin,arbekacin,J01GB12,J01GB,Other aminoglycosides,Other aminoglycosides,aminoglycoside
arbutamine,arbutamine,arbutamine,C01CA22,C01CA,Adrenergic and dopaminergic agents,Adrenergic and dopaminergic agents,unknown
argatroban,argatroban,argatroban,B01AE03,B01AE,Direct thrombin inhibitors,Direct thrombin inhibitors,anticoagulant
arginine glutamate,arginine glutamate,arginine glutamate,A05BA01,A05BA,Liver therapy,Liver therapy,unknown
arginine hydrochloride,arginine hydrochloride,arginine hydrochloride,B05XB01,B05XB,Amino acids,Amino acids,unknown
aripiprazole,aripiprazole,aripiprazole,N05AX12,N05AX,Other antipsychotics,Other antipsychotics,unknown
armodafinil,armodafinil,armodafinil,N06BA13,N06BA,Centrally acting sympathomimetics,Centrally acting sympathomimetics,unknown
arsenic trioxide,arsenic trioxide,arsenic trioxide,L01XX27,L01XX,Other antineoplastic agents,Other antineoplastic agents,unknown
arsthinol,arsthinol,arsthinol,P01AR01,P01AR,Arsenic compounds,Arsenic compounds,unknown
artemether,artemether,artemether,P01BE02,P01BE,"Artemisinin and derivatives, plain","Artemisinin and derivatives, plain",unknown
artemisinin,artemisinin,artemisinin,P01BE01,P01BE,"Artemisinin and derivatives, plain","Artemisinin and derivatives, plain",unknown
artemotil,artemotil,artemotil,P01BE04,P01BE,"Artemisinin and derivatives, plain","Artemisinin and derivatives, plain",unknown
artenimol,artenimol,artenimol,P01BE05,P01BE,"Artemisinin and derivatives, plain","Artemisinin and derivatives, plain",unknown
artesunate,artesunate,artesunate,P01BE03,P01BE,"Artemisinin and derivatives, plain","Artemisinin and derivatives, plain",unknown
articaine,articaine,articaine,N01BB08,N01BB,Amides,Amides,unknown
ascorbic acid,ascorbic acid,ascorbic acid,G01AD03,G01AD,Organic acids,Organic acids,unknown
ascorbic acid vit c,ascorbic acid (vit C),ascorbic acid (vit C),A11GA01,A11GA,"Ascorbic acid (vitamin C), plain","Ascorbic acid (vitamin C), plain",unknown
asenapine,asenapine,asenapine,N05AH05,N05AH,"Diazepines, oxazepines, thiazepines and oxepines","Diazepines, oxazepines, thiazepines and oxepines",unknown
asfotase alfa,asfotase alfa,asfotase alfa,A16AB13,A16AB,Enzymes,Enzymes,unknown
asparaginase,asparaginase,asparaginase,L01XX02,L01XX,Other antineoplastic agents,Other antineoplastic agents,unknown
aspoxicillin,aspoxicillin,aspoxicillin,J01CA19,J01CA,Penicillins with extended spectrum,Penicillins with extended spectrum,penicillin
astemizole,astemizole,astemizole,R06AX11,R06AX,Other antihistamines for systemic use,Other antihistamines for systemic use,antihistamine
asunaprevir,asunaprevir,asunaprevir,J05AP06,J05AP,Antivirals for treatment of HCV infections,Antivirals for treatment of HCV infections,unknown
ataluren,ataluren,ataluren,M09AX03,M09AX,Other drugs for disorders of the musculo-skeletal system,Other drugs for disorders of the musculo-skeletal system,unknown
atazanavir,atazanavir,atazanavir,J05AE08,J05AE,Protease inhibitors,Protease inhibitors,unknown
atenolol,atenolol,atenolol,C07AB03,C07AB,"Beta blocking agents, selective","Beta blocking agents, selective",beta_blocker
atezolizumab,atezolizumab,atezolizumab,L01XC32,L01XC,Monoclonal antibodies,Monoclonal antibodies,unknown
atomoxetine,atomoxetine,atomoxetine,N06BA09,N06BA,Centrally acting sympathomimetics,Centrally acting sympathomimetics,unknown
atorvastatin,atorvastatin,atorvastatin,C10AA05,C10AA,HMG CoA reductase inhibitors,HMG CoA reductase inhibitors,statin
atosiban,atosiban,atosiban,G02CX01,G02CX,Other gynecologicals,Other gynecologicals,unknown
atovaquone,atovaquone,atovaquone,P01AX06,P01AX,Other agents against amoebiasis and other protozoal diseases,Other agents against amoebiasis and other protozoal diseases,unknown
atracurium,atracurium,atracurium,M03AC04,M03AC,Other quaternary ammonium compounds,Other quaternary ammonium compounds,unknown
atropine,atropine,atropine,A03BA01,A03BA,"Belladonna alkaloids, tertiary amines","Belladonna alkaloids, tertiary amines",unknown
attapulgite,attapulgite,attapulgite,A07BC04,A07BC,Other intestinal adsorbents,Other intestinal adsorbents,unknown
auranofin,auranofin,auranofin,M01CB03,M01CB,Gold preparations,Gold preparations,unknown
aurothioglucose,aurothioglucose,aurothioglucose,M01CB04,M01CB,Gold preparations,Gold preparations,unknown
aurotioprol,aurotioprol,aurotioprol,M01CB05,M01CB,Gold preparations,Gold preparations,unknown
avanafil,avanafil,avanafil,G04BE10,G04BE,Drugs used in erectile dysfunction,Drugs used in erectile dysfunction,unknown
avapritinib,avapritinib,avapritinib,L01EX18,L01EX,Other protein kinase inhibitors,Other protein kinase inhibitors,unknown
avatrombopag,avatrombopag,avatrombopag,B02BX08,B02BX,Other systemic hemostatics,Other systemic hemostatics,unknown
avelumab,avelumab,avelumab,L01XC31,L01XC,Monoclonal antibodies,Monoclonal antibodies,unknown
axicabtagene ciloleucel,axicabtagene ciloleucel,axicabtagene ciloleucel,L01XX70,L01XX,Other antineoplastic agents,Other antineoplastic agents,unknown
axitinib,axitinib,axitinib,L01EK01,L01EK,Vascular endothelial growth factor receptor (VEGFR) tyrosine kinase inhibitors,Vascular endothelial growth factor receptor (VEGFR) tyrosine kinase inhibitors,unknown
azacitidine,azacitidine,azacitidine,L01BC07,L01BC,Pyrimidine analogues,Pyrimidine analogues,unknown
azanidazole,azanidazole,azanidazole,G01AF13,G01AF,Imidazole derivatives,Imidazole derivatives,unknown
azapetine,azapetine,azapetine,C04AX30,C04AX,Other peripheral vasodilators,Other peripheral vasodilators,unknown
azapropazone,azapropazone,azapropazone,M01AX04,M01AX,"Other antiinflammatory and antirheumatic agents, non-steroids","Other antiinflammatory and antirheumatic agents, non-steroids",nsaid
azatadine,azatadine,azatadine,R06AX09,R06AX,Other antihistamines for systemic use,Other antihistamines for systemic use,antihistamine
azathioprine,azathioprine,azathioprine,L04AX01,L04AX,Other immunosuppressants,Other immunosuppressants,unknown
azelaic acid,azelaic acid,azelaic acid,D10AX03,D10AX,Other anti-acne preparations for topical use,Other anti-acne preparations for topical use,unknown
azelastine,azelastine,azelastine,R06AX19,R06AX,Other antihistamines for systemic use,Other antihistamines for systemic use,antihistamine
azidamfenicol,azidamfenicol,azidamfenicol,S01AA25,S01AA,Antibiotics,Antibiotics,unknown
azidocillin,azidocillin,azidocillin,J01CE04,J01CE,Beta-lactamase sensitive penicillins,Beta-lactamase sensitive penicillins,penicillin
azilsartan medoxomil,azilsartan medoxomil,azilsartan medoxomil,C09CA09,C09CA,"Angiotensin II receptor blockers (ARBs), plain","Angiotensin II receptor blockers (ARBs), plain",arb
azithromycin,azithromycin,azithromycin,J01FA10,J01FA,Macrolides,Macrolides,macrolide
azlocillin,azlocillin,azlocillin,J01CA09,J01CA,Penicillins with extended spectrum,Penicillins with extended spectrum,penicillin
aztreonam,aztreonam,aztreonam,J01DF01,J01DF,Monobactams,Monobactams,unknown
bacampicillin,bacampicillin,bacampicillin,J01CA06,J01CA,Penicillins with extended spectrum,Penicillins with extended spectrum,penicillin
bacitracin,bacitracin,bacitracin,D06AX05,D06AX,Other antibiotics for topical use,Other antibiotics for topical use,unknown
baclofen,baclofen,baclofen,M03BX01,M03BX,Other centrally acting agents,Other centrally acting agents,unknown
baloxavir marboxil,baloxavir marboxil,baloxavir marboxil,J05AX25,J05AX,Other antivirals,Other antivirals,unknown
balsalazide,balsalazide,balsalazide,A07EC04,A07EC,Aminosalicylic acid and similar agents,Aminosalicylic acid and similar agents,unknown
balugrastim,balugrastim,balugrastim,L03AA15,L03AA,Colony stimulating factors,Colony stimulating factors,unknown
bambuterol,bambuterol,bambuterol,R03CC12,R03CC,Selective beta-2-adrenoreceptor agonists,Selective beta-2-adrenoreceptor agonists,unknown
bamethan,bamethan,bamethan,C04AA31,C04AA,2-amino-1-phenylethanol derivatives,2-amino-1-phenylethanol derivatives,unknown
bamifylline,bamifylline,bamifylline,R03DA08,R03DA,Xanthines,Xanthines,unknown
bamipine,bamipine,bamipine,R06AX01,R06AX,Other antihistamines for systemic use,Other antihistamines for systemic use,antihistamine
barbexaclone,barbexaclone,barbexaclone,N03AA04,N03AA,Barbiturates and derivatives,Barbiturates and derivatives,unknown
barbital,barbital,barbital,N05CA04,N05CA,"Barbiturates, plain","Barbiturates, plain",unknown
baricitinib,baricitinib,baricitinib,L04AA37,L04AA,Selective immunosuppressants,Selective immunosuppressants,unknown
barium sulfate with suspending agents,barium sulfate with suspending agents,barium sulfate with suspending agents,V08BA01,V08BA,Barium sulfate containing X-ray contrast media,Barium sulfate containing X-ray contrast media,unknown
barium sulfate without suspending agents,barium sulfate without suspending agents,barium sulfate without suspending agents,V08BA02,V08BA,Barium sulfate containing X-ray contrast media,Barium sulfate containing X-ray contrast media,unknown
barnidipine,barnidipine,barnidipine,C08CA12,C08CA,Dihydropyridine derivatives,Dihydropyridine derivatives,unknown
basiliximab,basiliximab,basiliximab,L04AC02,L04AC,Interleukin inhibitors,Interleukin inhibitors,unknown
batroxobin,batroxobin,batroxobin,B02BX03,B02BX,Other systemic hemostatics,Other systemic hemostatics,unknown
bazedoxifene,bazedoxifene,bazedoxifene,G03XC02,G03XC,Selective estrogen receptor modulators,Selective estrogen receptor modulators,unknown
bcg vaccine,BCG vaccine,BCG vaccine,L03AX03,L03AX,Other immunostimulants,Other immunostimulants,unknown
becaplermin,becaplermin,becaplermin,A01AD08,A01AD,Other agents for local oral treatment,Other agents for local oral treatment,unknown
beclamide,beclamide,beclamide,N03AX30,N03AX,Other antiepileptics,Other antiepileptics,unknown
beclometasone,beclometasone,beclometasone,A07EA07,A07EA,Corticosteroids acting locally,Corticosteroids acting locally,unknown
bedaquiline,bedaquiline,bedaquiline,J04AK05,J04AK,Other drugs for treatment of tuberculosis,Other drugs for treatment of tuberculosis,unknown
befunolol,befunolol,befunolol,S01ED06,S01ED,Beta blocking agents,Beta blocking agents,unknown
begelomab,begelomab,begelomab,L04AA35,L04AA,Selective immunosuppressants,Selective immunosuppressants,unknown
beinaglutide,beinaglutide,beinaglutide,A10BJ07,A10BJ,Glucagon-like peptide-1 (GLP-1) analogues,Glucagon-like peptide-1 (GLP-1) analogues,unknown
bekanamycin,bekanamycin,bekanamycin,J01GB13,J01GB,Other aminoglycosides,Other aminoglycosides,aminoglycoside
belantamab mafodotin,belantamab mafodotin,belantamab mafodotin,L01XC39,L01XC,Monoclonal antibodies,Monoclonal antibodies,unknown
belatacept,belatacept,belatacept,L04AA28,L04AA,Selective immunosuppressants,Selective immunosuppressants,unknown
belimumab,belimumab,belimumab,L04AA26,L04AA,Selective immunosuppressants,Selective immunosuppressants,unknown
belinostat,belinostat,belinostat,L01XH04,L01XH,Histone deacetylase (HDAC) inhibitors,Histone deacetylase (HDAC) inhibitors,unknown
belladonna total alkaloids,belladonna total alkaloids,belladonna total alkaloids,A03BA04,A03BA,"Belladonna alkaloids, tertiary amines","Belladonna alkaloids, tertiary amines",unknown
belotecan,belotecan,belotecan,L01CE04,L01CE,Topoisomerase 1 (TOP1) inhibitors,Topoisomerase 1 (TOP1) inhibitors,unknown
bemegride,bemegride,bemegride,R07AB05,R07AB,Respiratory stimulants,Respiratory stimulants,unknown
bemiparin,bemiparin,bemiparin,B01AB12,B01AB,Heparin group,Heparin group,unknown
bempedoic acid,bempedoic acid,bempedoic acid,C10AX15,C10AX,Other lipid modifying agents,Other lipid modifying agents,unknown
benazepril,benazepril,benazepril,C09AA07,C09AA,"ACE inhibitors, plain","ACE inhibitors, plain",ace_inhibitor
bencyclane,bencyclane,bencyclane,C04AX11,C04AX,Other peripheral vasodilators,Other peripheral vasodilators,unknown
bendamustine,bendamustine,bendamustine,L01AA09,L01AA,Nitrogen mustard analogues,Nitrogen mustard analogues,unknown
bendazac,bendazac,bendazac,M02AA11,M02AA,"Antiinflammatory preparations, non-steroids for topical use","Antiinflammatory preparations, non-steroids for topical use",nsaid
bendroflumethiazide,bendroflumethiazide,bendroflumethiazide,C03AA01,C03AA,"Thiazides, plain","Thiazides, plain",unknown
benfluorex,benfluorex,benfluorex,A10BX06,A10BX,"Other blood glucose lowering drugs, excl. insulins","Other blood glucose lowering drugs, excl. insulins",unknown
benfotiamine,benfotiamine,benfotiamine,A11DA03,A11DA,"Vitamin B1, plain","Vitamin B1, plain",unknown
benidipine,benidipine,benidipine,C08CA15,C08CA,Dihydropyridine derivatives,Dihydropyridine derivatives,unknown
benorilate,benorilate,benorilate,N02BA10,N02BA,Salicylic acid and derivatives,Salicylic acid and derivatives,unknown
benoxaprofen,benoxaprofen,benoxaprofen,M01AE06,M01AE,Propionic acid derivatives,Propionic acid derivatives,nsaid
benperidol,benperidol,benperidol,N05AD07,N05AD,Butyrophenone derivatives,Butyrophenone derivatives,unknown
benproperine,benproperine,benproperine,R05DB02,R05DB,Other cough suppressants,Other cough suppressants,unknown
benralizumab,benralizumab,benralizumab,R03DX10,R03DX,Other systemic drugs for obstructive airway diseases,Other systemic drugs for obstructive airway diseases,unknown
bentazepam,bentazepam,bentazepam,N05BA24,N05BA,Benzodiazepine derivatives,Benzodiazepine derivatives,benzodiazepine
bentiromide,bentiromide,bentiromide,V04CK03,V04CK,Tests for pancreatic function,Tests for pancreatic function,unknown
benzalkonium,benzalkonium,benzalkonium,D08AJ01,D08AJ,Quaternary ammonium compounds,Quaternary ammonium compounds,unknown
benzathine benzylpenicillin,benzathine benzylpenicillin,benzathine benzylpenicillin,J01CE08,J01CE,Beta-lactamase sensitive penicillins,Beta-lactamase sensitive penicillins,penicillin
benzathine phenoxymethylpenicillin,benzathine phenoxymethylpenicillin,benzathine phenoxymethylpenicillin,J01CE10,J01CE,Beta-lactamase sensitive penicillins,Beta-lactamase sensitive penicillins,penicillin
benzatropine,benzatropine,benzatropine,N04AC01,N04AC,Ethers of tropine or tropine derivatives,Ethers of tropine or tropine derivatives,unknown
benzbromarone,benzbromarone,benzbromarone,M04AB03,M04AB,Preparations increasing uric acid excretion,Preparations increasing uric acid excretion,unknown
benzethonium,benzethonium,benzethonium,R02AA09,R02AA,Antiseptics,Antiseptics,unknown
benzethonium chloride,benzethonium chloride,benzethonium chloride,D08AJ08,D08AJ,Quaternary ammonium compounds,Quaternary ammonium compounds,unknown
benzilone,benzilone,benzilone,A03AB01,A03AB,"Synthetic anticholinergics, quaternary ammonium compounds","Synthetic anticholinergics, quaternary ammonium compounds",unknown
benziodarone,benziodarone,benziodarone,C01DX04,C01DX,Other vasodilators used in cardiac diseases,Other vasodilators used in cardiac diseases,unknown
benznidazole,benznidazole,benznidazole,P01CA02,P01CA,Nitroimidazole derivatives,Nitroimidazole derivatives,unknown
benzocaine,benzocaine,benzocaine,C05AD03,C05AD,Local anesthetics,Local anesthetics,unknown
benzoctamine,benzoctamine,benzoctamine,N05BD01,N05BD,Dibenzo-bicyclo-octadiene derivatives,Dibenzo-bicyclo-octadiene derivatives,unknown
benzododecinium,benzododecinium,benzododecinium,D09AA05,D09AA,Medicated dressings with antiinfectives,Medicated dressings with antiinfectives,unknown
benzonatate,benzonatate,benzonatate,R05DB01,R05DB,Other cough suppressants,Other cough suppressants,unknown
benzoxonium chloride,benzoxonium chloride,benzoxonium chloride,A01AB14,A01AB,Antiinfectives and antiseptics for local oral treatment,Antiinfectives and antiseptics for local oral treatment,unknown
benzoyl peroxide,benzoyl peroxide,benzoyl peroxide,D10AE01,D10AE,Peroxides,Peroxides,unknown
benzydamine,benzydamine,benzydamine,M01AX07,M01AX,"Other antiinflammatory and antirheumatic agents, non-steroids","Other antiinflammatory and antirheumatic agents, non-steroids",nsaid
benzyl alcohol,benzyl alcohol,benzyl alcohol,P03AX06,P03AX,"Other ectoparasiticides, incl. scabicides","Other ectoparasiticides, incl. scabicides",unknown
benzyl benzoate,benzyl benzoate,benzyl benzoate,P03AX01,P03AX,"Other ectoparasiticides, incl. scabicides","Other ectoparasiticides, incl. scabicides",unknown
benzylpenicillin,benzylpenicillin,benzylpenicillin,J01CE01,J01CE,Beta-lactamase sensitive penicillins,Beta-lactamase sensitive penicillins,penicillin
benzylthiouracil,benzylthiouracil,benzylthiouracil,H03BA03,H03BA,Thiouracils,Thiouracils,unknown
bephenium,bephenium,bephenium,P02CX02,P02CX,Other antinematodals,Other antinematodals,unknown
bepridil,bepridil,bepridil,C08EA02,C08EA,Phenylalkylamine derivatives,Phenylalkylamine derivatives,unknown
beraprost,beraprost,beraprost,B01AC19,B01AC,Platelet aggregation inhibitors excl. heparin,Platelet aggregation inhibitors excl. heparin,antiplatelet
bergapten,bergapten,bergapten,D05BA03,D05BA,Psoralens for systemic use,Psoralens for systemic use,unknown
bermekimab,bermekimab,bermekimab,L01XC29,L01XC,Monoclonal antibodies,Monoclonal antibodies,unknown
besifloxacin,besifloxacin,besifloxacin,S01AE08,S01AE,Fluoroquinolones,Fluoroquinolones,unknown
betacarotene,betacarotene,betacarotene,D02BB01,D02BB,Protectives against UV-radiation for systemic use,Protectives against UV-radiation for systemic use,unknown
betahistine,betahistine,betahistine,N07CA01,N07CA,Antivertigo preparations,Antivertigo preparations,unknown
betaine,betaine,betaine,A16AA06,A16AA,Amino acids and derivatives,Amino acids and derivatives,unknown
betaine hydrochloride,betaine hydrochloride,betaine hydrochloride,A09AB02,A09AB,Acid preparations,Acid preparations,unknown
betamethasone,betamethasone,betamethasone,H02AB01,H02AB,Glucocorticoids,Glucocorticoids,unknown
betanidine,betanidine,betanidine,C02CC01,C02CC,Guanidine derivatives,Guanidine derivatives,unknown
betaxolol,betaxolol,betaxolol,C07AB05,C07AB,"Beta blocking agents, selective","Beta blocking agents, selective",beta_blocker
betazole,betazole,betazole,V04CG02,V04CG,Tests for gastric secretion,Tests for gastric secretion,unknown
bethanechol,bethanechol,bethanechol,N07AB02,N07AB,Choline esters,Choline esters,unknown
betibeglogene autotemcel,betibeglogene autotemcel,betibeglogene autotemcel,B06AX02,B06AX,Other hematological agents,Other hematological agents,unknown
betrixaban,betrixaban,betrixaban,B01AF04,B01AF,Direct factor Xa inhibitors,Direct factor Xa inhibitors,anticoagulant
betulae cortex,Betulae cortex,Betulae cortex,D03AX13,D03AX,Other cicatrizants,Other cicatrizants,unknown
bevacizumab,bevacizumab,bevacizumab,L01XC07,L01XC,Monoclonal antibodies,Monoclonal antibodies,unknown
bevantolol,bevantolol,bevantolol,C07AB06,C07AB,"Beta blocking agents, selective","Beta blocking agents, selective",beta_blocker
bevonium,bevonium,bevonium,A03AB13,A03AB,"Synthetic anticholinergics, quaternary ammonium compounds","Synthetic anticholinergics, quaternary ammonium compounds",unknown
bexarotene,bexarotene,bexarotene,L01XF03,L01XF,Retinoids for cancer treatment,Retinoids for cancer treatment,unknown
bezafibrate,bezafibrate,bezafibrate,C10AB02,C10AB,Fibrates,Fibrates,unknown
bezitramide,bezitramide,bezitramide,N02AC05,N02AC,Diphenylpropylamine derivatives,Diphenylpropylamine derivatives,opioid
bezlotoxumab,bezlotoxumab,bezlotoxumab,J06BB21,J06BB,Specific immunoglobulins,Specific immunoglobulins,unknown
biapenem,biapenem,biapenem,J01DH05,J01DH,Carbapenems,Carbapenems,unknown
bibenzonium bromide,bibenzonium bromide,bibenzonium bromide,R05DB12,R05DB,Other cough suppressants,Other cough suppressants,unknown
bibrocathol,bibrocathol,bibrocathol,S01AX05,S01AX,Other antiinfectives,Other antiinfectives,unknown
bicalutamide,bicalutamide,bicalutamide,L02BB03,L02BB,Anti-androgens,Anti-androgens,unknown
bietaserpine,bietaserpine,bietaserpine,C02AA07,C02AA,Rauwolfia alkaloids,Rauwolfia alkaloids,unknown
bifemelane,bifemelane,bifemelane,N06AX08,N06AX,Other antidepressants,Other antidepressants,unknown
bifonazole,bifonazole,bifonazole,D01AC10,D01AC,Imidazole and triazole derivatives,Imidazole and triazole derivatives,unknown
bilastine,bilastine,bilastine,R06AX29,R06AX,Other antihistamines for systemic use,Other antihistamines for systemic use,antihistamine
bimatoprost,bimatoprost,bimatoprost,S01EE03,S01EE,Prostaglandin analogues,Prostaglandin analogues,unknown
binimetinib,binimetinib,binimetinib,L01EE03,L01EE,Mitogen-activated protein kinase (MEK) inhibitors,Mitogen-activated protein kinase (MEK) inhibitors,unknown
bioallethrin,bioallethrin,bioallethrin,P03AC02,P03AC,"Pyrethrines, incl. synthetic compounds","Pyrethrines, incl. synthetic compounds",unknown
biotin,biotin,biotin,A11HA05,A11HA,Other plain vitamin preparations,Other plain vitamin preparations,unknown
biperiden,biperiden,biperiden,N04AA02,N04AA,Tertiary amines,Tertiary amines,unknown
biphenylol,biphenylol,biphenylol,D08AE06,D08AE,Phenol and derivatives,Phenol and derivatives,unknown
bisacodyl,bisacodyl,bisacodyl,A06AB02,A06AB,Contact laxatives,Contact laxatives,unknown
bismuth subcitrate,bismuth subcitrate,bismuth subcitrate,A02BX05,A02BX,Other drugs for peptic ulcer and gastro-oesophageal reflux disease (GORD),Other drugs for peptic ulcer and gastro-oesophageal reflux disease (GORD),unknown
bismuth subnitrate,bismuth subnitrate,bismuth subnitrate,A02BX12,A02BX,Other drugs for peptic ulcer and gastro-oesophageal reflux disease (GORD),Other drugs for peptic ulcer and gastro-oesophageal reflux disease (GORD),unknown
bisoprolol,bisoprolol,bisoprolol,C07AB07,C07AB,"Beta blocking agents, selective","Beta blocking agents, selective",beta_blocker
bisoxatin,bisoxatin,bisoxatin,A06AB09,A06AB,Contact laxatives,Contact laxatives,unknown
bithionol,bithionol,bithionol,D10AB01,D10AB,Preparations containing sulfur,Preparations containing sulfur,unknown
bitolterol,bitolterol,bitolterol,R03AC17,R03AC,Selective beta-2-adrenoreceptor agonists,Selective beta-2-adrenoreceptor agonists,unknown
bivalirudin,bivalirudin,bivalirudin,B01AE06,B01AE,Direct thrombin inhibitors,Direct thrombin inhibitors,anticoagulant
bleomycin,bleomycin,bleomycin,L01DC01,L01DC,Other cytotoxic antibiotics,Other cytotoxic antibiotics,unknown
blinatumomab,blinatumomab,blinatumomab,L01XC19,L01XC,Monoclonal antibodies,Monoclonal antibodies,unknown
blood plasma,blood plasma,blood plasma,B05AX03,B05AX,Other blood products,Other blood products,unknown
boceprevir,boceprevir,boceprevir,J05AP03,J05AP,Antivirals for treatment of HCV infections,Antivirals for treatment of HCV infections,unknown
bopindolol,bopindolol,bopindolol,C07AA17,C07AA,"Beta blocking agents, non-selective","Beta blocking agents, non-selective",beta_blocker
boric acid,boric acid,boric acid,S02AA03,S02AA,Antiinfectives,Antiinfectives,unknown
bornaprine,bornaprine,bornaprine,N04AA11,N04AA,Tertiary amines,Tertiary amines,unknown
bortezomib,bortezomib,bortezomib,L01XG01,L01XG,Proteasome inhibitors,Proteasome inhibitors,unknown
bosentan,bosentan,bosentan,C02KX01,C02KX,Antihypertensives for pulmonary arterial hypertension,Antihypertensives for pulmonary arterial hypertension,unknown
bosutinib,bosutinib,bosutinib,L01EA04,L01EA,BCR-ABL tyrosine kinase inhibitors,BCR-ABL tyrosine kinase inhibitors,unknown
botulinum antitoxin,botulinum antitoxin,botulinum antitoxin,J06AA04,J06AA,Immune sera,Immune sera,unknown
botulinum toxin,botulinum toxin,botulinum toxin,M03AX01,M03AX,"Other muscle relaxants, peripherally acting agents","Other muscle relaxants, peripherally acting agents",unknown
bremelanotide,bremelanotide,bremelanotide,G02CX05,G02CX,Other gynecologicals,Other gynecologicals,unknown
brentuximab vedotin,brentuximab vedotin,brentuximab vedotin,L01XC12,L01XC,Monoclonal antibodies,Monoclonal antibodies,unknown
bretylium tosilate,bretylium tosilate,bretylium tosilate,C01BD02,C01BD,"Antiarrhythmics, class III","Antiarrhythmics, class III",unknown
brexpiprazole,brexpiprazole,brexpiprazole,N05AX16,N05AX,Other antipsychotics,Other antipsychotics,unknown
briakinumab,briakinumab,briakinumab,L04AC09,L04AC,Interleukin inhibitors,Interleukin inhibitors,unknown
brigatinib,brigatinib,brigatinib,L01ED04,L01ED,Anaplastic lymphoma kinase (ALK) inhibitors,Anaplastic lymphoma kinase (ALK) inhibitors,unknown
brimonidine,brimonidine,brimonidine,D11AX21,D11AX,Other dermatologicals,Other dermatologicals,unknown
brinase,brinase,brinase,B01AD06,B01AD,Enzymes,Enzymes,unknown
brinzolamide,brinzolamide,brinzolamide,S01EC04,S01EC,Carbonic anhydrase inhibitors,Carbonic anhydrase inhibitors,unknown
brivaracetam,brivaracetam,brivaracetam,N03AX23,N03AX,Other antiepileptics,Other antiepileptics,unknown
brivudine,brivudine,brivudine,J05AB15,J05AB,Nucleosides and nucleotides excl. reverse transcriptase inhibitors,Nucleosides and nucleotides excl. reverse transcriptase inhibitors,unknown
brodalumab,brodalumab,brodalumab,L04AC12,L04AC,Interleukin inhibitors,Interleukin inhibitors,unknown
brodimoprim,brodimoprim,brodimoprim,J01EA02,J01EA,Trimethoprim and derivatives,Trimethoprim and derivatives,unknown
brolucizumab,brolucizumab,brolucizumab,S01LA06,S01LA,Antineovascularisation agents,Antineovascularisation agents,unknown
bromazepam,bromazepam,bromazepam,N05BA08,N05BA,Benzodiazepine derivatives,Benzodiazepine derivatives,benzodiazepine
bromazine,bromazine,bromazine,R06AA01,R06AA,Aminoalkyl ethers,Aminoalkyl ethers,antihistamine
bromelains,bromelains,bromelains,D03BA03,D03BA,Proteolytic enzymes,Proteolytic enzymes,unknown
bromfenac,bromfenac,bromfenac,S01BC11,S01BC,"Antiinflammatory agents, non-steroids","Antiinflammatory agents, non-steroids",nsaid
bromhexine,bromhexine,bromhexine,R05CB02,R05CB,Mucolytics,Mucolytics,unknown
bromides,bromides,bromides,N05CM11,N05CM,Other hypnotics and sedatives,Other hypnotics and sedatives,unknown
bromisoval,bromisoval,bromisoval,N05CM03,N05CM,Other hypnotics and sedatives,Other hypnotics and sedatives,unknown
bromochlorosalicylanilide,bromochlorosalicylanilide,bromochlorosalicylanilide,D01AE01,D01AE,Other antifungals for topical use,Other antifungals for topical use,unknown
bromocriptine,bromocriptine,bromocriptine,G02CB01,G02CB,Prolactine inhibitors,Prolactine inhibitors,unknown
bromopride,bromopride,bromopride,A03FA04,A03FA,Propulsives,Propulsives,unknown
bromperidol,bromperidol,bromperidol,N05AD06,N05AD,Butyrophenone derivatives,Butyrophenone derivatives,unknown
brompheniramine,brompheniramine,brompheniramine,R06AB01,R06AB,Substituted alkylamines,Substituted alkylamines,antihistamine
brotizolam,brotizolam,brotizolam,N05CD09,N05CD,Benzodiazepine derivatives,Benzodiazepine derivatives,benzodiazepine
broxyquinoline,broxyquinoline,broxyquinoline,A07AX01,A07AX,Other intestinal antiinfectives,Other intestinal antiinfectives,unknown
brucella antigen,brucella antigen,brucella antigen,J07AD01,J07AD,Brucellosis vaccines,Brucellosis vaccines,unknown
bucetin,bucetin,bucetin,N02BE04,N02BE,Anilides,Anilides,unknown
bucillamine,bucillamine,bucillamine,M01CC02,M01CC,Penicillamine and similar agents,Penicillamine and similar agents,unknown
bucladesine,bucladesine,bucladesine,C01CE04,C01CE,Phosphodiesterase inhibitors,Phosphodiesterase inhibitors,unknown
buclizine,buclizine,buclizine,R06AE01,R06AE,Piperazine derivatives,Piperazine derivatives,antihistamine
budesonide,budesonide,budesonide,A07EA06,A07EA,Corticosteroids acting locally,Corticosteroids acting locally,unknown
budipine,budipine,budipine,N04BX03,N04BX,Other dopaminergic agents,Other dopaminergic agents,unknown
bufexamac,bufexamac,bufexamac,M01AB17,M01AB,Acetic acid derivatives and related substances,Acetic acid derivatives and related substances,nsaid
buflomedil,buflomedil,buflomedil,C04AX20,C04AX,Other peripheral vasodilators,Other peripheral vasodilators,unknown
buformin,buformin,buformin,A10BA03,A10BA,Biguanides,Biguanides,biguanide
bufylline,bufylline,bufylline,R03DA10,R03DA,Xanthines,Xanthines,unknown
bulevirtide,bulevirtide,bulevirtide,J05AX28,J05AX,Other antivirals,Other antivirals,unknown
bumadizone,bumadizone,bumadizone,M01AB07,M01AB,Acetic acid derivatives and related substances,Acetic acid derivatives and related substances,nsaid
bumetanide,bumetanide,bumetanide,C03CA02,C03CA,"Sulfonamides, plain","Sulfonamides, plain",unknown
bunaftine,bunaftine,bunaftine,C01BD03,C01BD,"Antiarrhythmics, class III","Antiarrhythmics, class III",unknown
buphenine,buphenine,buphenine,C04AA02,C04AA,2-amino-1-phenylethanol derivatives,2-amino-1-phenylethanol derivatives,unknown
bupivacaine,bupivacaine,bupivacaine,N01BB01,N01BB,Amides,Amides,unknown
bupranolol,bupranolol,bupranolol,C07AA19,C07AA,"Beta blocking agents, non-selective","Beta blocking agents, non-selective",beta_blocker
buprenorphine,buprenorphine,buprenorphine,N02AE01,N02AE,Oripavine derivatives,Oripavine derivatives,opioid
bupropion,bupropion,bupropion,N06AX12,N06AX,Other antidepressants,Other antidepressants,unknown
burosumab,burosumab,burosumab,M05BX05,M05BX,Other drugs affecting bone structure and mineralization,Other drugs affecting bone structure and mineralization,unknown
buserelin,buserelin,buserelin,L02AE01,L02AE,Gonadotropin releasing hormone analogues,Gonadotropin releasing hormone analogues,unknown
buspirone,buspirone,buspirone,N05BE01,N05BE,Azaspirodecanedione derivatives,Azaspirodecanedione derivatives,unknown
busulfan,busulfan,busulfan,L01AB01,L01AB,Alkyl sulfonates,Alkyl sulfonates,unknown
butalamine,butalamine,butalamine,C04AX23,C04AX,Other peripheral vasodilators,Other peripheral vasodilators,unknown
butamirate,butamirate,butamirate,R05DB13,R05DB,Other cough suppressants,Other cough suppressants,unknown
butanilicaine,butanilicaine,butanilicaine,N01BB05,N01BB,Amides,Amides,unknown
butaperazine,butaperazine,butaperazine,N05AB09,N05AB,Phenothiazines with piperazine structure,Phenothiazines with piperazine structure,unknown
butenafine,butenafine,butenafine,D01AE23,D01AE,Other antifungals for topical use,Other antifungals for topical use,unknown
butobarbital,butobarbital,butobarbital,N05CA03,N05CA,"Barbiturates, plain","Barbiturates, plain",unknown
butoconazole,butoconazole,butoconazole,G01AF15,G01AF,Imidazole derivatives,Imidazole derivatives,unknown
butorphanol,butorphanol,butorphanol,N02AF01,N02AF,Morphinan derivatives,Morphinan derivatives,opioid
butriptyline,butriptyline,butriptyline,N06AA15,N06AA,Non-selective monoamine reuptake inhibitors,Non-selective monoamine reuptake inhibitors,unknown
butylscopolamine,butylscopolamine,butylscopolamine,A03BB01,A03BB,"Belladonna alkaloids, semisynthetic, quaternary ammonium compounds","Belladonna alkaloids, semisynthetic, quaternary ammonium compounds",unknown
cabazitaxel,cabazitaxel,cabazitaxel,L01CD04,L01CD,Taxanes,Taxanes,unknown
cabergoline,cabergoline,cabergoline,G02CB03,G02CB,Prolactine inhibitors,Prolactine inhibitors,unknown
cabotegravir,cabotegravir,cabotegravir,J05AJ04,J05AJ,Integrase inhibitors,Integrase inhibitors,unknown
cabozantinib,cabozantinib,cabozantinib,L01EX07,L01EX,Other protein kinase inhibitors,Other protein kinase inhibitors,unknown
cadexomer iodine,cadexomer iodine,cadexomer iodine,D03AX01,D03AX,Other cicatrizants,Other cicatrizants,unknown
cadmium compounds,cadmium compounds,cadmium compounds,D11AC02,D11AC,Medicated shampoos,Medicated shampoos,unknown
cadralazine,cadralazine,cadralazine,C02DB04,C02DB,Hydrazinophthalazine derivatives,Hydrazinophthalazine derivatives,unknown
cafedrine,cafedrine,cafedrine,C01CA21,C01CA,Adrenergic and dopaminergic agents,Adrenergic and dopaminergic agents,unknown
caffeine,caffeine,caffeine,N06BC01,N06BC,Xanthine derivatives,Xanthine derivatives,unknown
calcifediol,calcifediol,calcifediol,H05BX05,H05BX,Other anti-parathyroid agents,Other anti-parathyroid agents,unknown
calcipotriol,calcipotriol,calcipotriol,D05AX02,D05AX,Other antipsoriatics for topical use,Other antipsoriatics for topical use,unknown
calcitonin human synthetic,calcitonin (human synthetic),calcitonin (human synthetic),H05BA03,H05BA,Calcitonin preparations,Calcitonin preparations,unknown
calcitonin pork natural,calcitonin (pork natural),calcitonin (pork natural),H05BA02,H05BA,Calcitonin preparations,Calcitonin preparations,unknown
calcitonin salmon synthetic,calcitonin (salmon synthetic),calcitonin (salmon synthetic),H05BA01,H05BA,Calcitonin preparations,Calcitonin preparations,unknown
calcitriol,calcitriol,calcitriol,A11CC04,A11CC,Vitamin D and analogues,Vitamin D and analogues,unknown
calcium acetate,calcium acetate,calcium acetate,V03AE07,V03AE,Drugs for treatment of hyperkalemia and hyperphosphatemia,Drugs for treatment of hyperkalemia and hyperphosphatemia,unknown
calcium alginate,calcium alginate,calcium alginate,B02BC08,B02BC,Local hemostatics,Local hemostatics,unknown
calcium aminosalicylate,calcium aminosalicylate,calcium aminosalicylate,J04AA03,J04AA,Aminosalicylic acid and derivatives,Aminosalicylic acid and derivatives,unknown
calcium carbimide,calcium carbimide,calcium carbimide,N07BB02,N07BB,Drugs used in alcohol dependence,Drugs used in alcohol dependence,unknown
calcium carbonate,calcium carbonate,calcium carbonate,A12AA04,A12AA,Calcium,Calcium,unknown
calcium chloride,calcium chloride,calcium chloride,A12AA07,A12AA,Calcium,Calcium,unknown
calcium citrate,calcium citrate,calcium citrate,A12AA13,A12AA,Calcium,Calcium,unknown
calcium citrate lysine complex,calcium citrate lysine complex,calcium citrate lysine complex,A12AA09,A12AA,Calcium,Calcium,unknown
calcium compounds,calcium compounds,calcium compounds,A07XA03,A07XA,Other antidiarrheals,Other antidiarrheals,unknown
calcium dobesilate,calcium dobesilate,calcium dobesilate,C05BX01,C05BX,Other sclerosing agents,Other sclerosing agents,unknown
calcium folinate,calcium folinate,calcium folinate,V03AF03,V03AF,Detoxifying agents for antineoplastic treatment,Detoxifying agents for antineoplastic treatment,unknown
calcium glubionate,calcium glubionate,calcium glubionate,A12AA02,A12AA,Calcium,Calcium,unknown
calcium glucoheptonate,calcium glucoheptonate,calcium glucoheptonate,A12AA10,A12AA,Calcium,Calcium,unknown
calcium gluconate,calcium gluconate,calcium gluconate,A12AA03,A12AA,Calcium,Calcium,unknown
calcium glycerylphosphate,calcium glycerylphosphate,calcium glycerylphosphate,A12AA08,A12AA,Calcium,Calcium,unknown
calcium hexamine thiocyanate,calcium hexamine thiocyanate,calcium hexamine thiocyanate,R01AX01,R01AX,Other nasal preparations,Other nasal preparations,unknown
calcium iopodate,calcium iopodate,calcium iopodate,V08AC10,V08AC,"Watersoluble, hepatotropic X-ray contrast media","Watersoluble, hepatotropic X-ray contrast media",unknown
calcium lactate,calcium lactate,calcium lactate,A12AA05,A12AA,Calcium,Calcium,unknown
calcium lactate gluconate,calcium lactate gluconate,calcium lactate gluconate,A12AA06,A12AA,Calcium,Calcium,unknown
calcium laevulate,calcium laevulate,calcium laevulate,A12AA30,A12AA,Calcium,Calcium,unknown
calcium levofolinate,calcium levofolinate,calcium levofolinate,V03AF04,V03AF,Detoxifying agents for antineoplastic treatment,Detoxifying agents for antineoplastic treatment,unknown
calcium pangamate,calcium pangamate,calcium pangamate,A12AA11,A12AA,Calcium,Calcium,unknown
calcium pantothenate,calcium pantothenate,calcium pantothenate,A11HA31,A11HA,Other plain vitamin preparations,Other plain vitamin preparations,unknown
calcium phosphate,calcium phosphate,calcium phosphate,A12AA01,A12AA,Calcium,Calcium,unknown
calcium silicate,calcium silicate,calcium silicate,A02AC02,A02AC,Calcium compounds,Calcium compounds,unknown
camazepam,camazepam,camazepam,N05BA15,N05BA,Benzodiazepine derivatives,Benzodiazepine derivatives,benzodiazepine
camostat,camostat,camostat,B02AB04,B02AB,Proteinase inhibitors,Proteinase inhibitors,unknown
camphora,camphora,camphora,C01EB02,C01EB,Other cardiac preparations,Other cardiac preparations,unknown
camylofin,camylofin,camylofin,A03AA03,A03AA,"Synthetic anticholinergics, esters with tertiary amino group","Synthetic anticholinergics, esters with tertiary amino group",unknown
canagliflozin,canagliflozin,canagliflozin,A10BK02,A10BK,Sodium-glucose co-transporter 2 (SGLT2) inhibitors,Sodium-glucose co-transporter 2 (SGLT2) inhibitors,unknown
canakinumab,canakinumab,canakinumab,L04AC08,L04AC,Interleukin inhibitors,Interleukin inhibitors,unknown
candesartan,candesartan,candesartan,C09CA06,C09CA,"Angiotensin II receptor blockers (ARBs), plain","Angiotensin II receptor blockers (ARBs), plain",arb
candicidin,candicidin,candicidin,G01AA04,G01AA,Antibiotics,Antibiotics,unknown
cangrelor,cangrelor,cangrelor,B01AC25,B01AC,Platelet aggregation inhibitors excl. heparin,Platelet aggregation inhibitors excl. heparin,antiplatelet
cannabidiol,cannabidiol,cannabidiol,N03AX24,N03AX,Other antiepileptics,Other antiepileptics,unknown
cannabinoids,cannabinoids,cannabinoids,N02BG10,N02BG,Other analgesics and antipyretics,Other analgesics and antipyretics,unknown
canrenone,canrenone,canrenone,C03DA03,C03DA,Aldosterone antagonists,Aldosterone antagonists,unknown
capecitabine,capecitabine,capecitabine,L01BC06,L01BC,Pyrimidine analogues,Pyrimidine analogues,unknown
caplacizumab,caplacizumab,caplacizumab,B01AX07,B01AX,Other antithrombotic agents,Other antithrombotic agents,unknown
capmatinib,capmatinib,capmatinib,L01EX17,L01EX,Other protein kinase inhibitors,Other protein kinase inhibitors,unknown
capreomycin,capreomycin,capreomycin,J04AB30,J04AB,Antibiotics,Antibiotics,unknown
capsaicin,capsaicin,capsaicin,M02AB01,M02AB,Capsaicin and similar agents,Capsaicin and similar agents,unknown
captodiame,captodiame,captodiame,N05BB02,N05BB,Diphenylmethane derivatives,Diphenylmethane derivatives,unknown
captopril,captopril,captopril,C09AA01,C09AA,"ACE inhibitors, plain","ACE inhibitors, plain",ace_inhibitor
carbachol,carbachol,carbachol,N07AB01,N07AB,Choline esters,Choline esters,unknown
carbamazepine,carbamazepine,carbamazepine,N03AF01,N03AF,Carboxamide derivatives,Carboxamide derivatives,unknown
carbamide,carbamide,carbamide,B05BC02,B05BC,Solutions producing osmotic diuresis,Solutions producing osmotic diuresis,unknown
carbasalate calcium,carbasalate calcium,carbasalate calcium,B01AC08,B01AC,Platelet aggregation inhibitors excl. heparin,Platelet aggregation inhibitors excl. heparin,antiplatelet
carbazochrome,carbazochrome,carbazochrome,B02BX02,B02BX,Other systemic hemostatics,Other systemic hemostatics,unknown
carbenicillin,carbenicillin,carbenicillin,J01CA03,J01CA,Penicillins with extended spectrum,Penicillins with extended spectrum,penicillin
carbenoxolone,carbenoxolone,carbenoxolone,A02BX01,A02BX,Other drugs for peptic ulcer and gastro-oesophageal reflux disease (GORD),Other drugs for peptic ulcer and gastro-oesophageal reflux disease (GORD),unknown
carbetocin,carbetocin,carbetocin,H01BB03,H01BB,Oxytocin and analogues,Oxytocin and analogues,unknown
carbimazole,carbimazole,carbimazole,H03BB01,H03BB,Sulfur-containing imidazole derivatives,Sulfur-containing imidazole derivatives,unknown
carbinoxamine,carbinoxamine,carbinoxamine,R06AA08,R06AA,Aminoalkyl ethers,Aminoalkyl ethers,antihistamine
carbocisteine,carbocisteine,carbocisteine,R05CB03,R05CB,Mucolytics,Mucolytics,unknown
carbocromen,carbocromen,carbocromen,C01DX05,C01DX,Other vasodilators used in cardiac diseases,Other vasodilators used in cardiac diseases,unknown
carbohydrates,carbohydrates,carbohydrates,B05BA03,B05BA,Solutions for parenteral nutrition,Solutions for parenteral nutrition,unknown
carbon dioxide,carbon dioxide,carbon dioxide,V03AN02,V03AN,Medical gases,Medical gases,unknown
carbon dioxide producing drugs,carbon dioxide producing drugs,carbon dioxide producing drugs,A06AX02,A06AX,Other drugs for constipation,Other drugs for constipation,unknown
carbon monoxide,carbon monoxide,carbon monoxide,V04CX08,V04CX,Other diagnostic agents,Other diagnostic agents,unknown
carboplatin,carboplatin,carboplatin,L01XA02,L01XA,Platinum compounds,Platinum compounds,unknown
carboprost,carboprost,carboprost,G02AD04,G02AD,Prostaglandins,Prostaglandins,unknown
carboquone,carboquone,carboquone,L01AC03,L01AC,Ethylene imines,Ethylene imines,unknown
carbromal,carbromal,carbromal,N05CM04,N05CM,Other hypnotics and sedatives,Other hypnotics and sedatives,unknown
carbutamide,carbutamide,carbutamide,A10BB06,A10BB,Sulfonylureas,Sulfonylureas,sulfonylurea
carbuterol,carbuterol,carbuterol,R03CC10,R03CC,Selective beta-2-adrenoreceptor agonists,Selective beta-2-adrenoreceptor agonists,unknown
cardioplegia solutions,cardioplegia solutions,cardioplegia solutions,B05XA16,B05XA,Electrolyte solutions,Electrolyte solutions,unknown
carfecillin,carfecillin,carfecillin,G01AA08,G01AA,Antibiotics,Antibiotics,unknown
carfilzomib,carfilzomib,carfilzomib,L01XG02,L01XG,Proteasome inhibitors,Proteasome inhibitors,unknown
carglumic acid,carglumic acid,carglumic acid,A16AA05,A16AA,Amino acids and derivatives,Amino acids and derivatives,unknown
carindacillin,carindacillin,carindacillin,J01CA05,J01CA,Penicillins with extended spectrum,Penicillins with extended spectrum,penicillin
cariprazine,cariprazine,cariprazine,N05AX15,N05AX,Other antipsychotics,Other antipsychotics,unknown
carisbamate,carisbamate,carisbamate,N03AX19,N03AX,Other antiepileptics,Other antiepileptics,unknown
carisoprodol,carisoprodol,carisoprodol,M03BA02,M03BA,Carbamic acid esters,Carbamic acid esters,unknown
carmofur,carmofur,carmofur,L01BC04,L01BC,Pyrimidine analogues,Pyrimidine analogues,unknown
carmustine,carmustine,carmustine,L01AD01,L01AD,Nitrosoureas,Nitrosoureas,unknown
caroverine,caroverine,caroverine,A03AX11,A03AX,Other drugs for functional gastrointestinal disorders,Other drugs for functional gastrointestinal disorders,unknown
carteolol,carteolol,carteolol,C07AA15,C07AA,"Beta blocking agents, non-selective","Beta blocking agents, non-selective",beta_blocker
carumonam,carumonam,carumonam,J01DF02,J01DF,Monobactams,Monobactams,unknown
carvedilol,carvedilol,carvedilol,C07AG02,C07AG,Alpha and beta blocking agents,Alpha and beta blocking agents,beta_blocker
cascara,cascara,cascara,A06AB07,A06AB,Contact laxatives,Contact laxatives,unknown
casopitant,casopitant,casopitant,A04AD13,A04AD,Other antiemetics,Other antiemetics,unknown
caspofungin,caspofungin,caspofungin,J02AX04,J02AX,Other antimycotics for systemic use,Other antimycotics for systemic use,unknown
castor oil,castor oil,castor oil,A06AB05,A06AB,Contact laxatives,Contact laxatives,unknown
cathine,cathine,cathine,A08AA07,A08AA,Centrally acting antiobesity products,Centrally acting antiobesity products,unknown
cation exchange resins,cation exchange resins,cation exchange resins,V04CG01,V04CG,Tests for gastric secretion,Tests for gastric secretion,unknown
catridecacog,catridecacog,catridecacog,B02BD11,B02BD,Blood coagulation factors,Blood coagulation factors,unknown
catumaxomab,catumaxomab,catumaxomab,L01XC09,L01XC,Monoclonal antibodies,Monoclonal antibodies,unknown
cediranib,cediranib,cediranib,L01EK02,L01EK,Vascular endothelial growth factor receptor (VEGFR) tyrosine kinase inhibitors,Vascular endothelial growth factor receptor (VEGFR) tyrosine kinase inhibitors,unknown
cefacetrile,cefacetrile,cefacetrile,J01DB10,J01DB,First-generation cephalosporins,First-generation cephalosporins,cephalosporin
cefaclor,cefaclor,cefaclor,J01DC04,J01DC,Second-generation cephalosporins,Second-generation cephalosporins,cephalosporin
cefadroxil,cefadroxil,cefadroxil,J01DB05,J01DB,First-generation cephalosporins,First-generation cephalosporins,cephalosporin
cefalexin,cefalexin,cefalexin,J01DB01,J01DB,First-generation cephalosporins,First-generation cephalosporins,cephalosporin
cefaloridine,cefaloridine,cefaloridine,J01DB02,J01DB,First-generation cephalosporins,First-generation cephalosporins,cephalosporin
cefalotin,cefalotin,cefalotin,J01DB03,J01DB,First-generation cephalosporins,First-generation cephalosporins,cephalosporin
cefamandole,cefamandole,cefamandole,J01DC03,J01DC,Second-generation cephalosporins,Second-generation cephalosporins,cephalosporin
cefapirin,cefapirin,cefapirin,J01DB08,J01DB,First-generation cephalosporins,First-generation cephalosporins,cephalosporin
cefatrizine,cefatrizine,cefatrizine,J01DB07,J01DB,First-generation cephalosporins,First-generation cephalosporins,cephalosporin
cefazedone,cefazedone,cefazedone,J01DB06,J01DB,First-generation cephalosporins,First-generation cephalosporins,cephalosporin
cefazolin,cefazolin,cefazolin,J01DB04,J01DB,First-generation cephalosporins,First-generation cephalosporins,cephalosporin
cefbuperazone,cefbuperazone,cefbuperazone,J01DC13,J01DC,Second-generation cephalosporins,Second-generation cephalosporins,cephalosporin
cefcapene,cefcapene,cefcapene,J01DD17,J01DD,Third-generation cephalosporins,Third-generation cephalosporins,cephalosporin
cefdinir,cefdinir,cefdinir,J01DD15,J01DD,Third-generation cephalosporins,Third-generation cephalosporins,cephalosporin
cefditoren,cefditoren,cefditoren,J01DD16,J01DD,Third-generation cephalosporins,Third-generation cephalosporins,cephalosporin
cefepime,cefepime,cefepime,J01DE01,J01DE,Fourth-generation cephalosporins,Fourth-generation cephalosporins,cephalosporin
cefetamet,cefetamet,cefetamet,J01DD10,J01DD,Third-generation cephalosporins,Third-generation cephalosporins,cephalosporin
cefiderocol,cefiderocol,cefiderocol,J01DI04,J01DI,Other cephalosporins and penems,Other cephalosporins and penems,cephalosporin
cefixime,cefixime,cefixime,J01DD08,J01DD,Third-generation cephalosporins,Third-generation cephalosporins,cephalosporin
cefmenoxime,cefmenoxime,cefmenoxime,J01DD05,J01DD,Third-generation cephalosporins,Third-generation cephalosporins,cephalosporin
cefmetazole,cefmetazole,cefmetazole,J01DC09,J01DC,Second-generation cephalosporins,Second-generation cephalosporins,cephalosporin
cefminox,cefminox,cefminox,J01DC12,J01DC,Second-generation cephalosporins,Second-generation cephalosporins,cephalosporin
cefodizime,cefodizime,cefodizime,J01DD09,J01DD,Third-generation cephalosporins,Third-generation cephalosporins,cephalosporin
cefonicid,cefonicid,cefonicid,J01DC06,J01DC,Second-generation cephalosporins,Second-generation cephalosporins,cephalosporin
cefoperazone,cefoperazone,cefoperazone,J01DD12,J01DD,Third-generation cephalosporins,Third-generation cephalosporins,cephalosporin
ceforanide,ceforanide,ceforanide,J01DC11,J01DC,Second-generation cephalosporins,Second-generation cephalosporins,cephalosporin
cefotaxime,cefotaxime,cefotaxime,J01DD01,J01DD,Third-generation cephalosporins,Third-generation cephalosporins,cephalosporin
cefotetan,cefotetan,cefotetan,J01DC05,J01DC,Second-generation cephalosporins,Second-generation cephalosporins,cephalosporin
cefotiam,cefotiam,cefotiam,J01DC07,J01DC,Second-generation cephalosporins,Second-generation cephalosporins,cephalosporin
cefoxitin,cefoxitin,cefoxitin,J01DC01,J01DC,Second-generation cephalosporins,Second-generation cephalosporins,cephalosporin
cefozopran,cefozopran,cefozopran,J01DE03,J01DE,Fourth-generation cephalosporins,Fourth-generation cephalosporins,cephalosporin
cefpiramide,cefpiramide,cefpiramide,J01DD11,J01DD,Third-generation cephalosporins,Third-generation cephalosporins,cephalosporin
cefpirome,cefpirome,cefpirome,J01DE02,J01DE,Fourth-generation cephalosporins,Fourth-generation cephalosporins,cephalosporin
cefpodoxime,cefpodoxime,cefpodoxime,J01DD13,J01DD,Third-generation cephalosporins,Third-generation cephalosporins,cephalosporin
cefprozil,cefprozil,cefprozil,J01DC10,J01DC,Second-generation cephalosporins,Second-generation cephalosporins,cephalosporin
cefradine,cefradine,cefradine,J01DB09,J01DB,First-generation cephalosporins,First-generation cephalosporins,cephalosporin
cefroxadine,cefroxadine,cefroxadine,J01DB11,J01DB,First-generation cephalosporins,First-generation cephalosporins,cephalosporin
cefsulodin,cefsulodin,cefsulodin,J01DD03,J01DD,Third-generation cephalosporins,Third-generation cephalosporins,cephalosporin
ceftaroline fosamil,ceftaroline fosamil,ceftaroline fosamil,J01DI02,J01DI,Other cephalosporins and penems,Other cephalosporins and penems,cephalosporin
ceftazidime,ceftazidime,ceftazidime,J01DD02,J01DD,Third-generation cephalosporins,Third-generation cephalosporins,cephalosporin
cefteram,cefteram,cefteram,J01DD18,J01DD,Third-generation cephalosporins,Third-generation cephalosporins,cephalosporin
ceftezole,ceftezole,ceftezole,J01DB12,J01DB,First-generation cephalosporins,First-generation cephalosporins,cephalosporin
ceftibuten,ceftibuten,ceftibuten,J01DD14,J01DD,Third-generation cephalosporins,Third-generation cephalosporins,cephalosporin
ceftizoxime,ceftizoxime,ceftizoxime,J01DD07,J01DD,Third-generation cephalosporins,Third-generation cephalosporins,cephalosporin
ceftobiprole medocaril,ceftobiprole medocaril,ceftobiprole medocaril,J01DI01,J01DI,Other cephalosporins and penems,Other cephalosporins and penems,cephalosporin
ceftriaxone,ceftriaxone,ceftriaxone,J01DD04,J01DD,Third-generation cephalosporins,Third-generation cephalosporins,cephalosporin
cefuroxime,cefuroxime,cefuroxime,J01DC02,J01DC,Second-generation cephalosporins,Second-generation cephalosporins,cephalosporin
celecoxib,celecoxib,celecoxib,M01AH01,M01AH,Coxibs,Coxibs,nsaid
celiprolol,celiprolol,celiprolol,C07AB08,C07AB,"Beta blocking agents, selective","Beta blocking agents, selective",beta_blocker
cemiplimab,cemiplimab,cemiplimab,L01XC33,L01XC,Monoclonal antibodies,Monoclonal antibodies,unknown
cenegermin,cenegermin,cenegermin,S01XA24,S01XA,Other ophthalmologicals,Other ophthalmologicals,unknown
cenobamate,cenobamate,cenobamate,N03AX25,N03AX,Other antiepileptics,Other antiepileptics,unknown
centella asiatica herba,Centella asiatica herba,Centella asiatica herba,D03AX14,D03AX,Other cicatrizants,Other cicatrizants,unknown
cepeginterferon alfa-2b,cepeginterferon alfa-2b,cepeginterferon alfa-2b,L03AB14,L03AB,Interferons,Interferons,unknown
ceratonia,ceratonia,ceratonia,A07XA02,A07XA,Other antidiarrheals,Other antidiarrheals,unknown
ceritinib,ceritinib,ceritinib,L01ED02,L01ED,Anaplastic lymphoma kinase (ALK) inhibitors,Anaplastic lymphoma kinase (ALK) inhibitors,unknown
cerium oxalate,cerium oxalate,cerium oxalate,A04AD02,A04AD,Other antiemetics,Other antiemetics,unknown
cerivastatin,cerivastatin,cerivastatin,C10AA06,C10AA,HMG CoA reductase inhibitors,HMG CoA reductase inhibitors,statin
cerliponase alfa,cerliponase alfa,cerliponase alfa,A16AB17,A16AB,Enzymes,Enzymes,unknown
certolizumab pegol,certolizumab pegol,certolizumab pegol,L04AB05,L04AB,Tumor necrosis factor alpha (TNF-alpha) inhibitors,Tumor necrosis factor alpha (TNF-alpha) inhibitors,unknown
ceruletide,ceruletide,ceruletide,V04CC04,V04CC,Tests for bile duct patency,Tests for bile duct patency,unknown
cetiedil,cetiedil,cetiedil,C04AX26,C04AX,Other peripheral vasodilators,Other peripheral vasodilators,unknown
cetirizine,cetirizine,cetirizine,R06AE07,R06AE,Piperazine derivatives,Piperazine derivatives,antihistamine
cetrimide,cetrimide,cetrimide,D08AJ04,D08AJ,Quaternary ammonium compounds,Quaternary ammonium compounds,unknown
cetrimonium,cetrimonium,cetrimonium,D08AJ02,D08AJ,Quaternary ammonium compounds,Quaternary ammonium compounds,unknown
cetrorelix,cetrorelix,cetrorelix,H01CC02,H01CC,Anti-gonadotropin-releasing hormones,Anti-gonadotropin-releasing hormones,unknown
cetuximab,cetuximab,cetuximab,L01XC06,L01XC,Monoclonal antibodies,Monoclonal antibodies,unknown
cetylpyridinium,cetylpyridinium,cetylpyridinium,B05CA01,B05CA,Antiinfectives,Antiinfectives,unknown
cevimeline,cevimeline,cevimeline,N07AX03,N07AX,Other parasympathomimetics,Other parasympathomimetics,unknown
chenodeoxycholic acid,chenodeoxycholic acid,chenodeoxycholic acid,A05AA01,A05AA,Bile acids and derivatives,Bile acids and derivatives,unknown
chiniofon,chiniofon,chiniofon,P01AX01,P01AX,Other agents against amoebiasis and other protozoal diseases,Other agents against amoebiasis and other protozoal diseases,unknown
chloral hydrate,chloral hydrate,chloral hydrate,N05CC01,N05CC,Aldehydes and derivatives,Aldehydes and derivatives,unknown
chloralodol,chloralodol,chloralodol,N05CC02,N05CC,Aldehydes and derivatives,Aldehydes and derivatives,unknown
chlorambucil,chlorambucil,chlorambucil,L01AA02,L01AA,Nitrogen mustard analogues,Nitrogen mustard analogues,unknown
chloramphenicol,chloramphenicol,chloramphenicol,J01BA01,J01BA,Amphenicols,Amphenicols,unknown
chlorbenzoxamine,chlorbenzoxamine,chlorbenzoxamine,A03AX03,A03AX,Other drugs for functional gastrointestinal disorders,Other drugs for functional gastrointestinal disorders,unknown
chlorcyclizine,chlorcyclizine,chlorcyclizine,R06AE04,R06AE,Piperazine derivatives,Piperazine derivatives,antihistamine
chlordiazepoxide,chlordiazepoxide,chlordiazepoxide,N05BA02,N05BA,Benzodiazepine derivatives,Benzodiazepine derivatives,benzodiazepine
chlorhexidine,chlorhexidine,chlorhexidine,A01AB03,A01AB,Antiinfectives and antiseptics for local oral treatment,Antiinfectives and antiseptics for local oral treatment,unknown
chlormadinone,chlormadinone,chlormadinone,G03DB06,G03DB,Pregnadien derivatives,Pregnadien derivatives,unknown
chlormethine,chlormethine,chlormethine,L01AA05,L01AA,Nitrogen mustard analogues,Nitrogen mustard analogues,unknown
chlormezanone,chlormezanone,chlormezanone,M03BB02,M03BB,"Oxazol, thiazine, and triazine derivatives","Oxazol, thiazine, and triazine derivatives",unknown
chlormidazole,chlormidazole,chlormidazole,D01AC04,D01AC,Imidazole and triazole derivatives,Imidazole and triazole derivatives,unknown
chlorobutanol,chlorobutanol,chlorobutanol,A04AD04,A04AD,Other antiemetics,Other antiemetics,unknown
chloroform,chloroform,chloroform,N01AB02,N01AB,Halogenated hydrocarbons,Halogenated hydrocarbons,unknown
chloroprocaine,chloroprocaine,chloroprocaine,N01BA04,N01BA,Esters of aminobenzoic acid,Esters of aminobenzoic acid,unknown
chloropyramine,chloropyramine,chloropyramine,R06AC03,R06AC,Substituted ethylene diamines,Substituted ethylene diamines,antihistamine
chloroquine,chloroquine,chloroquine,P01BA01,P01BA,Aminoquinolines,Aminoquinolines,unknown
chlorothiazide,chlorothiazide,chlorothiazide,C03AA04,C03AA,"Thiazides, plain","Thiazides, plain",unknown
chlorotrianisene,chlorotrianisene,chlorotrianisene,G03CA06,G03CA,"Natural and semisynthetic estrogens, plain","Natural and semisynthetic estrogens, plain",unknown
chloroxylenol,chloroxylenol,chloroxylenol,D08AE05,D08AE,Phenol and derivatives,Phenol and derivatives,unknown
chlorphenamine,chlorphenamine,chlorphenamine,R06AB04,R06AB,Substituted alkylamines,Substituted alkylamines,antihistamine
chlorphenesin,chlorphenesin,chlorphenesin,D01AE07,D01AE,Other antifungals for topical use,Other antifungals for topical use,unknown
chlorphenoxamine,chlorphenoxamine,chlorphenoxamine,R06AA06,R06AA,Aminoalkyl ethers,Aminoalkyl ethers,antihistamine
chlorproethazine,chlorproethazine,chlorproethazine,N05AA07,N05AA,Phenothiazines with aliphatic side-chain,Phenothiazines with aliphatic side-chain,unknown
chlorpromazine,chlorpromazine,chlorpromazine,N05AA01,N05AA,Phenothiazines with aliphatic side-chain,Phenothiazines with aliphatic side-chain,unknown
chlorpropamide,chlorpropamide,chlorpropamide,A10BB02,A10BB,Sulfonylureas,Sulfonylureas,sulfonylurea
chlorprothixene,chlorprothixene,chlorprothixene,N05AF03,N05AF,Thioxanthene derivatives,Thioxanthene derivatives,unknown
chlorquinaldol,chlorquinaldol,chlorquinaldol,D08AH02,D08AH,Quinoline derivatives,Quinoline derivatives,unknown
chlortalidone,chlortalidone,chlortalidone,C03BA04,C03BA,"Sulfonamides, plain","Sulfonamides, plain",unknown
chlortetracycline,chlortetracycline,chlortetracycline,J01AA03,J01AA,Tetracyclines,Tetracyclines,tetracycline
chlorzoxazone,chlorzoxazone,chlorzoxazone,M03BB03,M03BB,"Oxazol, thiazine, and triazine derivatives","Oxazol, thiazine, and triazine derivatives",unknown
cholic acid,cholic acid,cholic acid,A05AA03,A05AA,Bile acids and derivatives,Bile acids and derivatives,unknown
choline alfoscerate,choline alfoscerate,choline alfoscerate,N07AX02,N07AX,Other parasympathomimetics,Other parasympathomimetics,unknown
choline fenofibrate,choline fenofibrate,choline fenofibrate,C10AB11,C10AB,Fibrates,Fibrates,unknown
choline salicylate,choline salicylate,choline salicylate,N02BA03,N02BA,Salicylic acid and derivatives,Salicylic acid and derivatives,unknown
choline theophyllinate,choline theophyllinate,choline theophyllinate,R03DA02,R03DA,Xanthines,Xanthines,unknown
cholinesterase,cholinesterase,cholinesterase,V03AB29,V03AB,Antidotes,Antidotes,unknown
chondroitin sulfate,chondroitin sulfate,chondroitin sulfate,M01AX25,M01AX,"Other antiinflammatory and antirheumatic agents, non-steroids","Other antiinflammatory and antirheumatic agents, non-steroids",nsaid
chondroitin sulfate-iron complex,chondroitin sulfate-iron complex,chondroitin sulfate-iron complex,B03AB07,B03AB,"Iron trivalent, oral preparations","Iron trivalent, oral preparations",unknown
choriogonadotropin alfa,choriogonadotropin alfa,choriogonadotropin alfa,G03GA08,G03GA,Gonadotropins,Gonadotropins,unknown
chorionic gonadotrophin,chorionic gonadotrophin,chorionic gonadotrophin,G03GA01,G03GA,Gonadotropins,Gonadotropins,unknown
chromium 51cr chromate labelled cells,chromium (51Cr) chromate labelled cells,chromium (51Cr) chromate labelled cells,V09GX03,V09GX,Other cardiovascular system diagnostic radiopharmaceuticals,Other cardiovascular system diagnostic radiopharmaceuticals,unknown
chromium 51cr edetate,chromium (51Cr) edetate,chromium (51Cr) edetate,V09CX04,V09CX,Other renal system diagnostic radiopharmaceuticals,Other renal system diagnostic radiopharmaceuticals,unknown
chymopapain,chymopapain,chymopapain,M09AB01,M09AB,Enzymes,Enzymes,unknown
chymotrypsin,chymotrypsin,chymotrypsin,B06AA04,B06AA,Enzymes,Enzymes,unknown
cibenzoline,cibenzoline,cibenzoline,C01BG07,C01BG,"Other antiarrhythmics, class I and III","Other antiarrhythmics, class I and III",unknown
ciclesonide,ciclesonide,ciclesonide,R01AD13,R01AD,Corticosteroids,Corticosteroids,unknown
cicletanine,cicletanine,cicletanine,C03BX03,C03BX,Other low-ceiling diuretics,Other low-ceiling diuretics,unknown
ciclobendazole,ciclobendazole,ciclobendazole,P02CA04,P02CA,Benzimidazole derivatives,Benzimidazole derivatives,unknown
ciclonicate,ciclonicate,ciclonicate,C04AC07,C04AC,Nicotinic acid and derivatives,Nicotinic acid and derivatives,unknown
ciclopirox,ciclopirox,ciclopirox,D01AE14,D01AE,Other antifungals for topical use,Other antifungals for topical use,unknown
ciclosporin,ciclosporin,ciclosporin,L04AD01,L04AD,Calcineurin inhibitors,Calcineurin inhibitors,unknown
cidofovir,cidofovir,cidofovir,J05AB12,J05AB,Nucleosides and nucleotides excl. reverse transcriptase inhibitors,Nucleosides and nucleotides excl. reverse transcriptase inhibitors,unknown
cilansetron,cilansetron,cilansetron,A03AE03,A03AE,Serotonin receptor antagonists,Serotonin receptor antagonists,unknown
cilazapril,cilazapril,cilazapril,C09AA08,C09AA,"ACE inhibitors, plain","ACE inhibitors, plain",ace_inhibitor
cilnidipine,cilnidipine,cilnidipine,C08CA14,C08CA,Dihydropyridine derivatives,Dihydropyridine derivatives,unknown
cilostazol,cilostazol,cilostazol,B01AC23,B01AC,Platelet aggregation inhibitors excl. heparin,Platelet aggregation inhibitors excl. heparin,antiplatelet
cimetidine,cimetidine,cimetidine,A02BA01,A02BA,H2-receptor antagonists,H2-receptor antagonists,unknown
cimetropium bromide,cimetropium bromide,cimetropium bromide,A03BB05,A03BB,"Belladonna alkaloids, semisynthetic, quaternary ammonium compounds","Belladonna alkaloids, semisynthetic, quaternary ammonium compounds",unknown
cimicifugae rhizoma,Cimicifugae rhizoma,Cimicifugae rhizoma,G02CX04,G02CX,Other gynecologicals,Other gynecologicals,unknown
cinacalcet,cinacalcet,cinacalcet,H05BX01,H05BX,Other anti-parathyroid agents,Other anti-parathyroid agents,unknown
cinchocaine,cinchocaine,cinchocaine,C05AD04,C05AD,Local anesthetics,Local anesthetics,unknown
cinchophen,cinchophen,cinchophen,M04AC02,M04AC,Preparations with no effect on uric acid metabolism,Preparations with no effect on uric acid metabolism,unknown
cineole,cineole,cineole,R05CA13,R05CA,Expectorants,Expectorants,unknown
cinepazet,cinepazet,cinepazet,C01DX14,C01DX,Other vasodilators used in cardiac diseases,Other vasodilators used in cardiac diseases,unknown
cinepazide,cinepazide,cinepazide,C04AX27,C04AX,Other peripheral vasodilators,Other peripheral vasodilators,unknown
cinitapride,cinitapride,cinitapride,A03FA08,A03FA,Propulsives,Propulsives,unknown
cinnarizine,cinnarizine,cinnarizine,N07CA02,N07CA,Antivertigo preparations,Antivertigo preparations,unknown
cinolazepam,cinolazepam,cinolazepam,N05CD13,N05CD,Benzodiazepine derivatives,Benzodiazepine derivatives,benzodiazepine
cinoxacin,cinoxacin,cinoxacin,J01MB06,J01MB,Other quinolones,Other quinolones,unknown
ciprofibrate,ciprofibrate,ciprofibrate,C10AB08,C10AB,Fibrates,Fibrates,unknown
ciprofloxacin,ciprofloxacin,ciprofloxacin,J01MA02,J01MA,Fluoroquinolones,Fluoroquinolones,fluoroquinolone
cisapride,cisapride,cisapride,A03FA02,A03FA,Propulsives,Propulsives,unknown
cisatracurium,cisatracurium,cisatracurium,M03AC11,M03AC,Other quaternary ammonium compounds,Other quaternary ammonium compounds,unknown
cisplatin,cisplatin,cisplatin,L01XA01,L01XA,Platinum compounds,Platinum compounds,unknown
citalopram,citalopram,citalopram,N06AB04,N06AB,Selective serotonin reuptake inhibitors,Selective serotonin reuptake inhibitors,unknown
citicoline,citicoline,citicoline,N06BX06,N06BX,Other psychostimulants and nootropics,Other psychostimulants and nootropics,unknown
citiolone,citiolone,citiolone,A05BA04,A05BA,Liver therapy,Liver therapy,unknown
citric acid,citric acid,citric acid,A09AB04,A09AB,Acid preparations,Acid preparations,unknown
cladribine,cladribine,cladribine,L04AA40,L04AA,Selective immunosuppressants,Selective immunosuppressants,unknown
clarithromycin,clarithromycin,clarithromycin,J01FA09,J01FA,Macrolides,Macrolides,macrolide
clebopride,clebopride,clebopride,A03FA06,A03FA,Propulsives,Propulsives,unknown
clefamide,clefamide,clefamide,P01AC02,P01AC,Dichloroacetamide derivatives,Dichloroacetamide derivatives,unknown
clemastine,clemastine,clemastine,R06AA04,R06AA,Aminoalkyl ethers,Aminoalkyl ethers,antihistamine
clenbuterol,clenbuterol,clenbuterol,R03CC13,R03CC,Selective beta-2-adrenoreceptor agonists,Selective beta-2-adrenoreceptor agonists,unknown
clevidipine,clevidipine,clevidipine,C08CA16,C08CA,Dihydropyridine derivatives,Dihydropyridine derivatives,unknown
clevudine,clevudine,clevudine,J05AF12,J05AF,Nucleoside and nucleotide reverse transcriptase inhibitors,Nucleoside and nucleotide reverse transcriptase inhibitors,unknown
clindamycin,clindamycin,clindamycin,J01FF01,J01FF,Lincosamides,Lincosamides,unknown
clioquinol,clioquinol,clioquinol,D08AH30,D08AH,Quinoline derivatives,Quinoline derivatives,unknown
clobazam,clobazam,clobazam,N05BA09,N05BA,Benzodiazepine derivatives,Benzodiazepine derivatives,benzodiazepine
clobenzorex,clobenzorex,clobenzorex,A08AA08,A08AA,Centrally acting antiobesity products,Centrally acting antiobesity products,unknown
clobetasol,clobetasol,clobetasol,D07AD01,D07AD,"Corticosteroids, very potent (group IV)","Corticosteroids, very potent (group IV)",unknown
clobetasone,clobetasone,clobetasone,D07AB01,D07AB,"Corticosteroids, moderately potent (group II)","Corticosteroids, moderately potent (group II)",unknown
clobutinol,clobutinol,clobutinol,R05DB03,R05DB,Other cough suppressants,Other cough suppressants,unknown
clocortolone,clocortolone,clocortolone,D07AB21,D07AB,"Corticosteroids, moderately potent (group II)","Corticosteroids, moderately potent (group II)",unknown
clodantoin,clodantoin,clodantoin,G01AX01,G01AX,Other antiinfectives and antiseptics,Other antiinfectives and antiseptics,unknown
clodronic acid,clodronic acid,clodronic acid,M05BA02,M05BA,Bisphosphonates,Bisphosphonates,unknown
clofarabine,clofarabine,clofarabine,L01BB06,L01BB,Purine analogues,Purine analogues,unknown
clofazimine,clofazimine,clofazimine,J04BA01,J04BA,Drugs for treatment of lepra,Drugs for treatment of lepra,unknown
clofedanol,clofedanol,clofedanol,R05DB10,R05DB,Other cough suppressants,Other cough suppressants,unknown
clofenamide,clofenamide,clofenamide,C03BA07,C03BA,"Sulfonamides, plain","Sulfonamides, plain",unknown
clofenotane,clofenotane,clofenotane,P03AB01,P03AB,Chlorine containing products,Chlorine containing products,unknown
clofezone,clofezone,clofezone,M01AA05,M01AA,Butylpyrazolidines,Butylpyrazolidines,nsaid
clofibrate,clofibrate,clofibrate,C10AB01,C10AB,Fibrates,Fibrates,unknown
clofibride,clofibride,clofibride,C10AB10,C10AB,Fibrates,Fibrates,unknown
clofoctol,clofoctol,clofoctol,J01XX03,J01XX,Other antibacterials,Other antibacterials,unknown
clomethiazole,clomethiazole,clomethiazole,N05CM02,N05CM,Other hypnotics and sedatives,Other hypnotics and sedatives,unknown
clometocillin,clometocillin,clometocillin,J01CE07,J01CE,Beta-lactamase sensitive penicillins,Beta-lactamase sensitive penicillins,penicillin
clomifene,clomifene,clomifene,G03GB02,G03GB,"Ovulation stimulants, synthetic","Ovulation stimulants, synthetic",unknown
clomipramine,clomipramine,clomipramine,N06AA04,N06AA,Non-selective monoamine reuptake inhibitors,Non-selective monoamine reuptake inhibitors,unknown
clomocycline,clomocycline,clomocycline,J01AA11,J01AA,Tetracyclines,Tetracyclines,tetracycline
clonazepam,clonazepam,clonazepam,N03AE01,N03AE,Benzodiazepine derivatives,Benzodiazepine derivatives,unknown
clonidine,clonidine,clonidine,C02AC01,C02AC,Imidazoline receptor agonists,Imidazoline receptor agonists,unknown
clopamide,clopamide,clopamide,C03BA03,C03BA,"Sulfonamides, plain","Sulfonamides, plain",unknown
clopenthixol,clopenthixol,clopenthixol,N05AF02,N05AF,Thioxanthene derivatives,Thioxanthene derivatives,unknown
cloperastine,cloperastine,cloperastine,R05DB21,R05DB,Other cough suppressants,Other cough suppressants,unknown
clopidogrel,clopidogrel,clopidogrel,B01AC04,B01AC,Platelet aggregation inhibitors excl. heparin,Platelet aggregation inhibitors excl. heparin,antiplatelet
cloprednol,cloprednol,cloprednol,H02AB14,H02AB,Glucocorticoids,Glucocorticoids,unknown
cloranolol,cloranolol,cloranolol,C07AA27,C07AA,"Beta blocking agents, non-selective","Beta blocking agents, non-selective",beta_blocker
clorexolone,clorexolone,clorexolone,C03BA12,C03BA,"Sulfonamides, plain","Sulfonamides, plain",unknown
cloricromen,cloricromen,cloricromen,B01AC02,B01AC,Platelet aggregation inhibitors excl. heparin,Platelet aggregation inhibitors excl. heparin,antiplatelet
cloridarol,cloridarol,cloridarol,C01DX15,C01DX,Other vasodilators used in cardiac diseases,Other vasodilators used in cardiac diseases,unknown
clorindione,clorindione,clorindione,B01AA09,B01AA,Vitamin K antagonists,Vitamin K antagonists,anticoagulant
clotiapine,clotiapine,clotiapine,N05AH06,N05AH,"Diazepines, oxazepines, thiazepines and oxepines","Diazepines, oxazepines, thiazepines and oxepines",unknown
clotiazepam,clotiazepam,clotiazepam,N05BA21,N05BA,Benzodiazepine derivatives,Benzodiazepine derivatives,benzodiazepine
clotrimazole,clotrimazole,clotrimazole,A01AB18,A01AB,Antiinfectives and antiseptics for local oral treatment,Antiinfectives and antiseptics for local oral treatment,unknown
cloxacillin,cloxacillin,cloxacillin,J01CF02,J01CF,Beta-lactamase resistant penicillins,Beta-lactamase resistant penicillins,penicillin
cloxazolam,cloxazolam,cloxazolam,N05BA22,N05BA,Benzodiazepine derivatives,Benzodiazepine derivatives,benzodiazepine
clozapine,clozapine,clozapine,N05AH02,N05AH,"Diazepines, oxazepines, thiazepines and oxepines","Diazepines, oxazepines, thiazepines and oxepines",unknown
coagulation factor ix,coagulation factor IX,coagulation factor IX,B02BD04,B02BD,Blood coagulation factors,Blood coagulation factors,unknown
coagulation factor vii,coagulation factor VII,coagulation factor VII,B02BD05,B02BD,Blood coagulation factors,Blood coagulation factors,unknown
coagulation factor viia,coagulation factor VIIa,coagulation factor VIIa,B02BD08,B02BD,Blood coagulation factors,Blood coagulation factors,unknown
coagulation factor viii,coagulation factor VIII,coagulation factor VIII,B02BD02,B02BD,Blood coagulation factors,Blood coagulation factors,unknown
coagulation factor x,coagulation factor X,coagulation factor X,B02BD13,B02BD,Blood coagulation factors,Blood coagulation factors,unknown
coagulation factor xiii,coagulation factor XIII,coagulation factor XIII,B02BD07,B02BD,Blood coagulation factors,Blood coagulation factors,unknown
cobalt 57co cyanocobalamine,cobalt (57Co) cyanocobalamine,cobalt (57Co) cyanocobalamine,V09XX01,V09XX,Various diagnostic radiopharmaceuticals,Various diagnostic radiopharmaceuticals,unknown
cobalt 58co cyanocobalamine,cobalt (58Co) cyanocobalamine,cobalt (58Co) cyanocobalamine,V09XX02,V09XX,Various diagnostic radiopharmaceuticals,Various diagnostic radiopharmaceuticals,unknown
cobamamide,cobamamide,cobamamide,B03BA04,B03BA,Vitamin B12 (cyanocobalamin and analogues),Vitamin B12 (cyanocobalamin and analogues),unknown
cobicistat,cobicistat,cobicistat,V03AX03,V03AX,Other therapeutic products,Other therapeutic products,unknown
cobimetinib,cobimetinib,cobimetinib,L01EE02,L01EE,Mitogen-activated protein kinase (MEK) inhibitors,Mitogen-activated protein kinase (MEK) inhibitors,unknown
cocaine,cocaine,cocaine,N01BC01,N01BC,Esters of benzoic acid,Esters of benzoic acid,unknown
codeine,codeine,codeine,R05DA04,R05DA,Opium alkaloids and derivatives,Opium alkaloids and derivatives,unknown
colchicine,colchicine,colchicine,M04AC01,M04AC,Preparations with no effect on uric acid metabolism,Preparations with no effect on uric acid metabolism,unknown
colecalciferol,colecalciferol,colecalciferol,A11CC05,A11CC,Vitamin D and analogues,Vitamin D and analogues,unknown
colesevelam,colesevelam,colesevelam,C10AC04,C10AC,Bile acid sequestrants,Bile acid sequestrants,unknown
colestilan,colestilan,colestilan,V03AE06,V03AE,Drugs for treatment of hyperkalemia and hyperphosphatemia,Drugs for treatment of hyperkalemia and hyperphosphatemia,unknown
colestipol,colestipol,colestipol,C10AC02,C10AC,Bile acid sequestrants,Bile acid sequestrants,unknown
colestyramine,colestyramine,colestyramine,C10AC01,C10AC,Bile acid sequestrants,Bile acid sequestrants,unknown
colextran,colextran,colextran,C10AC03,C10AC,Bile acid sequestrants,Bile acid sequestrants,unknown
colfosceril palmitate,colfosceril palmitate,colfosceril palmitate,R07AA01,R07AA,Lung surfactants,Lung surfactants,unknown
colistin,colistin,colistin,A07AA10,A07AA,Antibiotics,Antibiotics,unknown
collagen,collagen,collagen,B02BC07,B02BC,Local hemostatics,Local hemostatics,unknown
collagenase,collagenase,collagenase,D03BA02,D03BA,Proteolytic enzymes,Proteolytic enzymes,unknown
collagenase clostridium histolyticum,collagenase clostridium histolyticum,collagenase clostridium histolyticum,M09AB02,M09AB,Enzymes,Enzymes,unknown
conestat alfa,conestat alfa,conestat alfa,B06AC04,B06AC,Drugs used in hereditary angioedema,Drugs used in hereditary angioedema,unknown
conivaptan,conivaptan,conivaptan,C03XA02,C03XA,Vasopressin antagonists,Vasopressin antagonists,unknown
conjugated estrogens,conjugated estrogens,conjugated estrogens,G03CA57,G03CA,"Natural and semisynthetic estrogens, plain","Natural and semisynthetic estrogens, plain",unknown
copanlisib,copanlisib,copanlisib,L01EM02,L01EM,Phosphatidylinositol-3-kinase (Pi3K) inhibitors,Phosphatidylinositol-3-kinase (Pi3K) inhibitors,unknown
copper oleinate,copper oleinate,copper oleinate,P03AX02,P03AX,"Other ectoparasiticides, incl. scabicides","Other ectoparasiticides, incl. scabicides",unknown
copper sulfate,copper sulfate,copper sulfate,V03AB20,V03AB,Antidotes,Antidotes,unknown
copper usnate,copper usnate,copper usnate,G01AX15,G01AX,Other antiinfectives and antiseptics,Other antiinfectives and antiseptics,unknown
corifollitropin alfa,corifollitropin alfa,corifollitropin alfa,G03GA09,G03GA,Gonadotropins,Gonadotropins,unknown
corticorelin,corticorelin,corticorelin,V04CD04,V04CD,Tests for pituitary function,Tests for pituitary function,unknown
corticotropin,corticotropin,corticotropin,H01AA01,H01AA,ACTH,ACTH,unknown
cortisone,cortisone,cortisone,H02AB10,H02AB,Glucocorticoids,Glucocorticoids,unknown
cortivazol,cortivazol,cortivazol,H02AB17,H02AB,Glucocorticoids,Glucocorticoids,unknown
crataegus glycosides,crataegus glycosides,crataegus glycosides,C01EB04,C01EB,Other cardiac preparations,Other cardiac preparations,unknown
creatinolfosfate,creatinolfosfate,creatinolfosfate,C01EB05,C01EB,Other cardiac preparations,Other cardiac preparations,unknown
creosote,creosote,creosote,R05CA08,R05CA,Expectorants,Expectorants,unknown
cridanimod,cridanimod,cridanimod,L03AX18,L03AX,Other immunostimulants,Other immunostimulants,unknown
crilanomer,crilanomer,crilanomer,D03AX09,D03AX,Other cicatrizants,Other cicatrizants,unknown
crisaborole,crisaborole,crisaborole,D11AH06,D11AH,"Agents for dermatitis, excluding corticosteroids","Agents for dermatitis, excluding corticosteroids",unknown
crizanlizumab,crizanlizumab,crizanlizumab,B06AX01,B06AX,Other hematological agents,Other hematological agents,unknown
crizotinib,crizotinib,crizotinib,L01ED01,L01ED,Anaplastic lymphoma kinase (ALK) inhibitors,Anaplastic lymphoma kinase (ALK) inhibitors,unknown
crofelemer,crofelemer,crofelemer,A07XA06,A07XA,Other antidiarrheals,Other antidiarrheals,unknown
cromoglicic acid,cromoglicic acid,cromoglicic acid,A07EB01,A07EB,"Antiallergic agents, excl. corticosteroids","Antiallergic agents, excl. corticosteroids",unknown
crospovidone,crospovidone,crospovidone,A07BC03,A07BC,Other intestinal adsorbents,Other intestinal adsorbents,unknown
cyamemazine,cyamemazine,cyamemazine,N05AA06,N05AA,Phenothiazines with aliphatic side-chain,Phenothiazines with aliphatic side-chain,unknown
cyanocobalamin,cyanocobalamin,cyanocobalamin,B03BA01,B03BA,Vitamin B12 (cyanocobalamin and analogues),Vitamin B12 (cyanocobalamin and analogues),unknown
cyanocobalamin tannin complex,cyanocobalamin tannin complex,cyanocobalamin tannin complex,B03BA02,B03BA,Vitamin B12 (cyanocobalamin and analogues),Vitamin B12 (cyanocobalamin and analogues),unknown
cyclandelate,cyclandelate,cyclandelate,C04AX01,C04AX,Other peripheral vasodilators,Other peripheral vasodilators,unknown
cyclizine,cyclizine,cyclizine,R06AE03,R06AE,Piperazine derivatives,Piperazine derivatives,antihistamine
cyclobarbital,cyclobarbital,cyclobarbital,N05CA10,N05CA,"Barbiturates, plain","Barbiturates, plain",unknown
cyclobenzaprine,cyclobenzaprine,cyclobenzaprine,M03BX08,M03BX,Other centrally acting agents,Other centrally acting agents,unknown
cyclobutyrol,cyclobutyrol,cyclobutyrol,A05AX03,A05AX,Other drugs for bile therapy,Other drugs for bile therapy,unknown
cyclofenil,cyclofenil,cyclofenil,G03GB01,G03GB,"Ovulation stimulants, synthetic","Ovulation stimulants, synthetic",unknown
cycloguanil embonate,cycloguanil embonate,cycloguanil embonate,P01BB02,P01BB,Biguanides,Biguanides,unknown
cyclopentamine,cyclopentamine,cyclopentamine,R01AA02,R01AA,"Sympathomimetics, plain","Sympathomimetics, plain",unknown
cyclopenthiazide,cyclopenthiazide,cyclopenthiazide,C03AA07,C03AA,"Thiazides, plain","Thiazides, plain",unknown
cyclopentolate,cyclopentolate,cyclopentolate,S01FA04,S01FA,Anticholinergics,Anticholinergics,unknown
cyclophosphamide,cyclophosphamide,cyclophosphamide,L01AA01,L01AA,Nitrogen mustard analogues,Nitrogen mustard analogues,unknown
cycloserine,cycloserine,cycloserine,J04AB01,J04AB,Antibiotics,Antibiotics,unknown
cyclothiazide,cyclothiazide,cyclothiazide,C03AA09,C03AA,"Thiazides, plain","Thiazides, plain",unknown
cyfluthrin,cyfluthrin,cyfluthrin,P03BA01,P03BA,Pyrethrines,Pyrethrines,unknown
cymarin,cymarin,cymarin,C01AC03,C01AC,Strophanthus glycosides,Strophanthus glycosides,unknown
cypermethrin,cypermethrin,cypermethrin,P03BA02,P03BA,Pyrethrines,Pyrethrines,unknown
cyproheptadine,cyproheptadine,cyproheptadine,R06AX02,R06AX,Other antihistamines for systemic use,Other antihistamines for systemic use,antihistamine
cyproterone,cyproterone,cyproterone,G03HA01,G03HA,"Antiandrogens, plain","Antiandrogens, plain",unknown
cytarabine,cytarabine,cytarabine,L01BC01,L01BC,Pyrimidine analogues,Pyrimidine analogues,unknown
cytisine,cytisine,cytisine,N07BA04,N07BA,Drugs used in nicotine dependence,Drugs used in nicotine dependence,unknown
cytomegalovirus immunoglobulin,cytomegalovirus immunoglobulin,cytomegalovirus immunoglobulin,J06BB09,J06BB,Specific immunoglobulins,Specific immunoglobulins,unknown
dabigatran etexilate,dabigatran etexilate,dabigatran etexilate,B01AE07,B01AE,Direct thrombin inhibitors,Direct thrombin inhibitors,anticoagulant
dabrafenib,dabrafenib,dabrafenib,L01EC02,L01EC,B-Raf serine-threonine kinase (BRAF) inhibitors,B-Raf serine-threonine kinase (BRAF) inhibitors,unknown
dacarbazine,dacarbazine,dacarbazine,L01AX04,L01AX,Other alkylating agents,Other alkylating agents,unknown
daclatasvir,daclatasvir,daclatasvir,J05AP07,J05AP,Antivirals for treatment of HCV infections,Antivirals for treatment of HCV infections,unknown
daclizumab,daclizumab,daclizumab,L04AC01,L04AC,Interleukin inhibitors,Interleukin inhibitors,unknown
dacomitinib,dacomitinib,dacomitinib,L01EB07,L01EB,Epidermal growth factor receptor (EGFR) tyrosine kinase inhibitors,Epidermal growth factor receptor (EGFR) tyrosine kinase inhibitors,unknown
dactinomycin,dactinomycin,dactinomycin,L01DA01,L01DA,Actinomycines,Actinomycines,unknown
dalbavancin,dalbavancin,dalbavancin,J01XA04,J01XA,Glycopeptide antibacterials,Glycopeptide antibacterials,unknown
dalteparin,dalteparin,dalteparin,B01AB04,B01AB,Heparin group,Heparin group,unknown
danaparoid,danaparoid,danaparoid,B01AB09,B01AB,Heparin group,Heparin group,unknown
danazol,danazol,danazol,G03XA01,G03XA,Antigonadotropins and similar agents,Antigonadotropins and similar agents,unknown
dantrolene,dantrolene,dantrolene,M03CA01,M03CA,Dantrolene and derivatives,Dantrolene and derivatives,unknown
dantron,dantron,dantron,A06AB03,A06AB,Contact laxatives,Contact laxatives,unknown
dapagliflozin,dapagliflozin,dapagliflozin,A10BK01,A10BK,Sodium-glucose co-transporter 2 (SGLT2) inhibitors,Sodium-glucose co-transporter 2 (SGLT2) inhibitors,unknown
dapiprazole,dapiprazole,dapiprazole,S01EX02,S01EX,Other antiglaucoma preparations,Other antiglaucoma preparations,unknown
dapivirine,dapivirine,dapivirine,G01AX17,G01AX,Other antiinfectives and antiseptics,Other antiinfectives and antiseptics,unknown
dapoxetine,dapoxetine,dapoxetine,G04BX14,G04BX,Other urologicals,Other urologicals,unknown
dapsone,dapsone,dapsone,J04BA02,J04BA,Drugs for treatment of lepra,Drugs for treatment of lepra,unknown
daptomycin,daptomycin,daptomycin,J01XX09,J01XX,Other antibacterials,Other antibacterials,unknown
daratumumab,daratumumab,daratumumab,L01XC24,L01XC,Monoclonal antibodies,Monoclonal antibodies,unknown
darbepoetin alfa,darbepoetin alfa,darbepoetin alfa,B03XA02,B03XA,Other antianemic preparations,Other antianemic preparations,unknown
darifenacin,darifenacin,darifenacin,G04BD10,G04BD,Drugs for urinary frequency and incontinence,Drugs for urinary frequency and incontinence,unknown
darolutamide,darolutamide,darolutamide,L02BB06,L02BB,Anti-androgens,Anti-androgens,unknown
darunavir,darunavir,darunavir,J05AE10,J05AE,Protease inhibitors,Protease inhibitors,unknown
darvadstrocel,darvadstrocel,darvadstrocel,L04AX08,L04AX,Other immunosuppressants,Other immunosuppressants,unknown
dasabuvir,dasabuvir,dasabuvir,J05AP09,J05AP,Antivirals for treatment of HCV infections,Antivirals for treatment of HCV infections,unknown
dasatinib,dasatinib,dasatinib,L01EA02,L01EA,BCR-ABL tyrosine kinase inhibitors,BCR-ABL tyrosine kinase inhibitors,unknown
dasiprotimut-t,dasiprotimut-T,dasiprotimut-T,L03AX19,L03AX,Other immunostimulants,Other immunostimulants,unknown
daunorubicin,daunorubicin,daunorubicin,L01DB02,L01DB,Anthracyclines and related substances,Anthracyclines and related substances,unknown
deanol,deanol,deanol,N06BX04,N06BX,Other psychostimulants and nootropics,Other psychostimulants and nootropics,unknown
debrisoquine,debrisoquine,debrisoquine,C02CC04,C02CC,Guanidine derivatives,Guanidine derivatives,unknown
decamethoxine,decamethoxine,decamethoxine,D08AJ10,D08AJ,Quaternary ammonium compounds,Quaternary ammonium compounds,unknown
decamethrin,decamethrin,decamethrin,P03BA03,P03BA,Pyrethrines,Pyrethrines,unknown
decitabine,decitabine,decitabine,L01BC08,L01BC,Pyrimidine analogues,Pyrimidine analogues,unknown
deferasirox,deferasirox,deferasirox,V03AC03,V03AC,Iron chelating agents,Iron chelating agents,unknown
deferiprone,deferiprone,deferiprone,V03AC02,V03AC,Iron chelating agents,Iron chelating agents,unknown
deferoxamine,deferoxamine,deferoxamine,V03AC01,V03AC,Iron chelating agents,Iron chelating agents,unknown
defibrotide,defibrotide,defibrotide,B01AX01,B01AX,Other antithrombotic agents,Other antithrombotic agents,unknown
deflazacort,deflazacort,deflazacort,H02AB13,H02AB,Glucocorticoids,Glucocorticoids,unknown
degarelix,degarelix,degarelix,L02BX02,L02BX,Other hormone antagonists and related agents,Other hormone antagonists and related agents,unknown
dehydroemetine,dehydroemetine,dehydroemetine,P01AX09,P01AX,Other agents against amoebiasis and other protozoal diseases,Other agents against amoebiasis and other protozoal diseases,unknown
delafloxacin,delafloxacin,delafloxacin,J01MA23,J01MA,Fluoroquinolones,Fluoroquinolones,fluoroquinolone
delamanid,delamanid,delamanid,J04AK06,J04AK,Other drugs for treatment of tuberculosis,Other drugs for treatment of tuberculosis,unknown
delapril,delapril,delapril,C09AA12,C09AA,"ACE inhibitors, plain","ACE inhibitors, plain",ace_inhibitor
delavirdine,delavirdine,delavirdine,J05AG02,J05AG,Non-nucleoside reverse transcriptase inhibitors,Non-nucleoside reverse transcriptase inhibitors,unknown
demecarium,demecarium,demecarium,S01EB04,S01EB,Parasympathomimetics,Parasympathomimetics,unknown
demeclocycline,demeclocycline,demeclocycline,J01AA01,J01AA,Tetracyclines,Tetracyclines,tetracycline
demecolcine,demecolcine,demecolcine,L01CC01,L01CC,Colchicine derivatives,Colchicine derivatives,unknown
demegestone,demegestone,demegestone,G03DB05,G03DB,Pregnadien derivatives,Pregnadien derivatives,unknown
demoxytocin,demoxytocin,demoxytocin,H01BB01,H01BB,Oxytocin and analogues,Oxytocin and analogues,unknown
denileukin diftitox,denileukin diftitox,denileukin diftitox,L01XX29,L01XX,Other antineoplastic agents,Other antineoplastic agents,unknown
denosumab,denosumab,denosumab,M05BX04,M05BX,Other drugs affecting bone structure and mineralization,Other drugs affecting bone structure and mineralization,unknown
deoxycholic acid,deoxycholic acid,deoxycholic acid,D11AX24,D11AX,Other dermatologicals,Other dermatologicals,unknown
deptropine,deptropine,deptropine,R06AX16,R06AX,Other antihistamines for systemic use,Other antihistamines for systemic use,antihistamine
dequalinium,dequalinium,dequalinium,R02AA02,R02AA,Antiseptics,Antiseptics,unknown
dermatan sulfate,dermatan sulfate,dermatan sulfate,B01AX04,B01AX,Other antithrombotic agents,Other antithrombotic agents,unknown
desaspidin,desaspidin,desaspidin,P02DX01,P02DX,Other anticestodals,Other anticestodals,unknown
deserpidine,deserpidine,deserpidine,C02AA05,C02AA,Rauwolfia alkaloids,Rauwolfia alkaloids,unknown
desfesoterodine,desfesoterodine,desfesoterodine,G04BD13,G04BD,Drugs for urinary frequency and incontinence,Drugs for urinary frequency and incontinence,unknown
desflurane,desflurane,desflurane,N01AB07,N01AB,Halogenated hydrocarbons,Halogenated hydrocarbons,unknown
desipramine,desipramine,desipramine,N06AA01,N06AA,Non-selective monoamine reuptake inhibitors,Non-selective monoamine reuptake inhibitors,unknown
desirudin,desirudin,desirudin,B01AE01,B01AE,Direct thrombin inhibitors,Direct thrombin inhibitors,anticoagulant
deslanoside,deslanoside,deslanoside,C01AA07,C01AA,Digitalis glycosides,Digitalis glycosides,unknown
desloratadine,desloratadine,desloratadine,R06AX27,R06AX,Other antihistamines for systemic use,Other antihistamines for systemic use,antihistamine
desmopressin,desmopressin,desmopressin,H01BA02,H01BA,Vasopressin and analogues,Vasopressin and analogues,unknown
desogestrel,desogestrel,desogestrel,G03AC09,G03AC,Progestogens,Progestogens,unknown
desonide,desonide,desonide,D07AB08,D07AB,"Corticosteroids, moderately potent (group II)","Corticosteroids, moderately potent (group II)",unknown
desoximetasone,desoximetasone,desoximetasone,D07AC03,D07AC,"Corticosteroids, potent (group III)","Corticosteroids, potent (group III)",unknown
desoxycortone,desoxycortone,desoxycortone,H02AA03,H02AA,Mineralocorticoids,Mineralocorticoids,unknown
desoxyribonuclease,desoxyribonuclease,desoxyribonuclease,B06AA10,B06AA,Enzymes,Enzymes,unknown
desvenlafaxine,desvenlafaxine,desvenlafaxine,N06AX23,N06AX,Other antidepressants,Other antidepressants,unknown
dexamethasone,dexamethasone,dexamethasone,H02AB02,H02AB,Glucocorticoids,Glucocorticoids,unknown
dexamfetamine,dexamfetamine,dexamfetamine,N06BA02,N06BA,Centrally acting sympathomimetics,Centrally acting sympathomimetics,unknown
dexbrompheniramine,dexbrompheniramine,dexbrompheniramine,R06AB06,R06AB,Substituted alkylamines,Substituted alkylamines,antihistamine
dexchlorpheniramine,dexchlorpheniramine,dexchlorpheniramine,R06AB02,R06AB,Substituted alkylamines,Substituted alkylamines,antihistamine
dexetimide,dexetimide,dexetimide,N04AA08,N04AA,Tertiary amines,Tertiary amines,unknown
dexfenfluramine,dexfenfluramine,dexfenfluramine,A08AA04,A08AA,Centrally acting antiobesity products,Centrally acting antiobesity products,unknown
dexibuprofen,dexibuprofen,dexibuprofen,M01AE14,M01AE,Propionic acid derivatives,Propionic acid derivatives,nsaid
dexketoprofen,dexketoprofen,dexketoprofen,M01AE17,M01AE,Propionic acid derivatives,Propionic acid derivatives,nsaid
dexlansoprazole,dexlansoprazole,dexlansoprazole,A02BC06,A02BC,Proton pump inhibitors,Proton pump inhibitors,unknown
dexmedetomidine,dexmedetomidine,dexmedetomidine,N05CM18,N05CM,Other hypnotics and sedatives,Other hypnotics and sedatives,unknown
dexmethylphenidate,dexmethylphenidate,dexmethylphenidate,N06BA11,N06BA,Centrally acting sympathomimetics,Centrally acting sympathomimetics,unknown
dexpanthenol,dexpanthenol,dexpanthenol,A11HA30,A11HA,Other plain vitamin preparations,Other plain vitamin preparations,unknown
dexrabeprazole,dexrabeprazole,dexrabeprazole,A02BC07,A02BC,Proton pump inhibitors,Proton pump inhibitors,unknown
dexrazoxane,dexrazoxane,dexrazoxane,V03AF02,V03AF,Detoxifying agents for antineoplastic treatment,Detoxifying agents for antineoplastic treatment,unknown
dextran,dextran,dextran,B05AA05,B05AA,Blood substitutes and plasma protein fractions,Blood substitutes and plasma protein fractions,unknown
dextranomer,dextranomer,dextranomer,D03AX02,D03AX,Other cicatrizants,Other cicatrizants,unknown
dextromethorphan,dextromethorphan,dextromethorphan,R05DA09,R05DA,Opium alkaloids and derivatives,Opium alkaloids and derivatives,unknown
dextromoramide,dextromoramide,dextromoramide,N02AC01,N02AC,Diphenylpropylamine derivatives,Diphenylpropylamine derivatives,opioid
dextropropoxyphene,dextropropoxyphene,dextropropoxyphene,N02AC04,N02AC,Diphenylpropylamine derivatives,Diphenylpropylamine derivatives,opioid
dextrothyroxine,dextrothyroxine,dextrothyroxine,C10AX01,C10AX,Other lipid modifying agents,Other lipid modifying agents,unknown
dezocine,dezocine,dezocine,N02AX03,N02AX,Other opioids,Other opioids,opioid
diacerein,diacerein,diacerein,M01AX21,M01AX,"Other antiinflammatory and antirheumatic agents, non-steroids","Other antiinflammatory and antirheumatic agents, non-steroids",nsaid
diamorphine,diamorphine,diamorphine,N07BC06,N07BC,Drugs used in opioid dependence,Drugs used in opioid dependence,unknown
diastase,diastase,diastase,A09AA01,A09AA,Enzyme preparations,Enzyme preparations,unknown
diatrizoic acid,diatrizoic acid,diatrizoic acid,V08AA01,V08AA,"Watersoluble, nephrotropic, high osmolar X-ray contrast media","Watersoluble, nephrotropic, high osmolar X-ray contrast media",unknown
diazepam,diazepam,diazepam,N05BA01,N05BA,Benzodiazepine derivatives,Benzodiazepine derivatives,benzodiazepine
diazoxide,diazoxide,diazoxide,C02DA01,C02DA,Thiazide derivatives,Thiazide derivatives,unknown
dibekacin,dibekacin,dibekacin,J01GB09,J01GB,Other aminoglycosides,Other aminoglycosides,aminoglycoside
dibenzepin,dibenzepin,dibenzepin,N06AA08,N06AA,Non-selective monoamine reuptake inhibitors,Non-selective monoamine reuptake inhibitors,unknown
dibotermin alfa,dibotermin alfa,dibotermin alfa,M05BC01,M05BC,Bone morphogenetic proteins,Bone morphogenetic proteins,unknown
dibromotyrosine,dibromotyrosine,dibromotyrosine,H03BX02,H03BX,Other antithyroid preparations,Other antithyroid preparations,unknown
dibrompropamidine,dibrompropamidine,dibrompropamidine,D08AC01,D08AC,Biguanides and amidines,Biguanides and amidines,unknown
dibunate,dibunate,dibunate,R05DB16,R05DB,Other cough suppressants,Other cough suppressants,unknown
dibutylphthalate,dibutylphthalate,dibutylphthalate,P03BX03,P03BX,Other insecticides and repellents,Other insecticides and repellents,unknown
dibutylsuccinate,dibutylsuccinate,dibutylsuccinate,P03BX04,P03BX,Other insecticides and repellents,Other insecticides and repellents,unknown
dichloralphenazone,dichloralphenazone,dichloralphenazone,N05CC04,N05CC,Aldehydes and derivatives,Aldehydes and derivatives,unknown
dichlorobenzyl alcohol,dichlorobenzyl alcohol,dichlorobenzyl alcohol,R02AA03,R02AA,Antiseptics,Antiseptics,unknown
dichlorophen,dichlorophen,dichlorophen,P02DX02,P02DX,Other anticestodals,Other anticestodals,unknown
diclofenac,diclofenac,diclofenac,M01AB05,M01AB,Acetic acid derivatives and related substances,Acetic acid derivatives and related substances,nsaid
diclofenamide,diclofenamide,diclofenamide,S01EC02,S01EC,Carbonic anhydrase inhibitors,Carbonic anhydrase inhibitors,unknown
dicloxacillin,dicloxacillin,dicloxacillin,J01CF01,J01CF,Beta-lactamase resistant penicillins,Beta-lactamase resistant penicillins,penicillin
dicoumarol,dicoumarol,dicoumarol,B01AA01,B01AA,Vitamin K antagonists,Vitamin K antagonists,anticoagulant
dicycloverine,dicycloverine,dicycloverine,A03AA07,A03AA,"Synthetic anticholinergics, esters with tertiary amino group","Synthetic anticholinergics, esters with tertiary amino group",unknown
didanosine,didanosine,didanosine,J05AF02,J05AF,Nucleoside and nucleotide reverse transcriptase inhibitors,Nucleoside and nucleotide reverse transcriptase inhibitors,unknown
didecyldimethylammonium chloride,didecyldimethylammonium chloride,didecyldimethylammonium chloride,D08AJ06,D08AJ,Quaternary ammonium compounds,Quaternary ammonium compounds,unknown
dienestrol,dienestrol,dienestrol,G03CB01,G03CB,"Synthetic estrogens, plain","Synthetic estrogens, plain",unknown
dienogest,dienogest,dienogest,G03DB08,G03DB,Pregnadien derivatives,Pregnadien derivatives,unknown
diethyl ether,diethyl ether,diethyl ether,N01AA01,N01AA,Ethers,Ethers,unknown
diethylcarbamazine,diethylcarbamazine,diethylcarbamazine,P02CB02,P02CB,Piperazine and derivatives,Piperazine and derivatives,unknown
diethylstilbestrol,diethylstilbestrol,diethylstilbestrol,G03CB02,G03CB,"Synthetic estrogens, plain","Synthetic estrogens, plain",unknown
diethyltoluamide,diethyltoluamide,diethyltoluamide,P03BX01,P03BX,Other insecticides and repellents,Other insecticides and repellents,unknown
difemerine,difemerine,difemerine,A03AA09,A03AA,"Synthetic anticholinergics, esters with tertiary amino group","Synthetic anticholinergics, esters with tertiary amino group",unknown
difenoxin,difenoxin,difenoxin,A07DA04,A07DA,Antipropulsives,Antipropulsives,unknown
difenpiramide,difenpiramide,difenpiramide,M01AB12,M01AB,Acetic acid derivatives and related substances,Acetic acid derivatives and related substances,nsaid
difetarsone,difetarsone,difetarsone,P01AR02,P01AR,Arsenic compounds,Arsenic compounds,unknown
diflorasone,diflorasone,diflorasone,D07AC10,D07AC,"Corticosteroids, potent (group III)","Corticosteroids, potent (group III)",unknown
diflucortolone,diflucortolone,diflucortolone,D07AC06,D07AC,"Corticosteroids, potent (group III)","Corticosteroids, potent (group III)",unknown
diflunisal,diflunisal,diflunisal,N02BA11,N02BA,Salicylic acid and derivatives,Salicylic acid and derivatives,unknown
difluprednate,difluprednate,difluprednate,D07AC19,D07AC,"Corticosteroids, potent (group III)","Corticosteroids, potent (group III)",unknown
digitalis antitoxin,digitalis antitoxin,digitalis antitoxin,V03AB24,V03AB,Antidotes,Antidotes,unknown
digitalis leaves,digitalis leaves,digitalis leaves,C01AA03,C01AA,Digitalis glycosides,Digitalis glycosides,unknown
digitoxin,digitoxin,digitoxin,C01AA04,C01AA,Digitalis glycosides,Digitalis glycosides,unknown
digoxin,digoxin,digoxin,C01AA05,C01AA,Digitalis glycosides,Digitalis glycosides,unknown
dihexyverine,dihexyverine,dihexyverine,A03AA08,A03AA,"Synthetic anticholinergics, esters with tertiary amino group","Synthetic anticholinergics, esters with tertiary amino group",unknown
dihydralazine,dihydralazine,dihydralazine,C02DB01,C02DB,Hydrazinophthalazine derivatives,Hydrazinophthalazine derivatives,unknown
dihydrocodeine,dihydrocodeine,dihydrocodeine,N02AA08,N02AA,Natural opium alkaloids,Natural opium alkaloids,opioid
dihydroergocristine,dihydroergocristine,dihydroergocristine,C04AE04,C04AE,Ergot alkaloids,Ergot alkaloids,unknown
dihydroergocryptine mesylate,dihydroergocryptine mesylate,dihydroergocryptine mesylate,N04BC03,N04BC,Dopamine agonists,Dopamine agonists,unknown
dihydroergotamine,dihydroergotamine,dihydroergotamine,N02CA01,N02CA,Ergot alkaloids,Ergot alkaloids,unknown
dihydrostreptomycin,dihydrostreptomycin,dihydrostreptomycin,S01AA15,S01AA,Antibiotics,Antibiotics,unknown
dihydrotachysterol,dihydrotachysterol,dihydrotachysterol,A11CC02,A11CC,Vitamin D and analogues,Vitamin D and analogues,unknown
dihydroxialumini sodium carbonate,dihydroxialumini sodium carbonate,dihydroxialumini sodium carbonate,A02AB04,A02AB,Aluminium compounds,Aluminium compounds,unknown
diiodohydroxypropane,diiodohydroxypropane,diiodohydroxypropane,D08AG04,D08AG,Iodine products,Iodine products,unknown
diiodohydroxyquinoline,diiodohydroxyquinoline,diiodohydroxyquinoline,G01AC01,G01AC,Quinoline derivatives,Quinoline derivatives,unknown
diiodotyrosine,diiodotyrosine,diiodotyrosine,H03BX01,H03BX,Other antithyroid preparations,Other antithyroid preparations,unknown
diisopromine,diisopromine,diisopromine,A03AX02,A03AX,Other drugs for functional gastrointestinal disorders,Other drugs for functional gastrointestinal disorders,unknown
dilazep,dilazep,dilazep,C01DX10,C01DX,Other vasodilators used in cardiac diseases,Other vasodilators used in cardiac diseases,unknown
diloxanide,diloxanide,diloxanide,P01AC01,P01AC,Dichloroacetamide derivatives,Dichloroacetamide derivatives,unknown
diltiazem,diltiazem,diltiazem,C08DB01,C08DB,Benzothiazepine derivatives,Benzothiazepine derivatives,unknown
dimazole,dimazole,dimazole,D01AE17,D01AE,Other antifungals for topical use,Other antifungals for topical use,unknown
dimefline,dimefline,dimefline,R07AB08,R07AB,Respiratory stimulants,Respiratory stimulants,unknown
dimemorfan,dimemorfan,dimemorfan,R05DA11,R05DA,Opium alkaloids and derivatives,Opium alkaloids and derivatives,unknown
dimercaprol,dimercaprol,dimercaprol,V03AB09,V03AB,Antidotes,Antidotes,unknown
dimetacrine,dimetacrine,dimetacrine,N06AA18,N06AA,Non-selective monoamine reuptake inhibitors,Non-selective monoamine reuptake inhibitors,unknown
dimethoxanate,dimethoxanate,dimethoxanate,R05DB28,R05DB,Other cough suppressants,Other cough suppressants,unknown
dimethyl fumarate,dimethyl fumarate,dimethyl fumarate,L04AX07,L04AX,Other immunosuppressants,Other immunosuppressants,unknown
dimethyl sulfoxide,dimethyl sulfoxide,dimethyl sulfoxide,G04BX13,G04BX,Other urologicals,Other urologicals,unknown
dimethylaminopropionylphenothiazine,dimethylaminopropionylphenothiazine,dimethylaminopropionylphenothiazine,A03AC02,A03AC,"Synthetic antispasmodics, amides with tertiary amines","Synthetic antispasmodics, amides with tertiary amines",unknown
dimethylcarbate,dimethylcarbate,dimethylcarbate,P03BX05,P03BX,Other insecticides and repellents,Other insecticides and repellents,unknown
dimethylphthalate,dimethylphthalate,dimethylphthalate,P03BX02,P03BX,Other insecticides and repellents,Other insecticides and repellents,unknown
dimethyltubocurarine,dimethyltubocurarine,dimethyltubocurarine,M03AA04,M03AA,Curare alkaloids,Curare alkaloids,unknown
dimeticone,dimeticone,dimeticone,P03AX05,P03AX,"Other ectoparasiticides, incl. scabicides","Other ectoparasiticides, incl. scabicides",unknown
dimetindene,dimetindene,dimetindene,R06AB03,R06AB,Substituted alkylamines,Substituted alkylamines,antihistamine
dimetofrine,dimetofrine,dimetofrine,C01CA12,C01CA,Adrenergic and dopaminergic agents,Adrenergic and dopaminergic agents,unknown
dimetotiazine,dimetotiazine,dimetotiazine,N02CX05,N02CX,Other antimigraine preparations,Other antimigraine preparations,unknown
dinoprost,dinoprost,dinoprost,G02AD01,G02AD,Prostaglandins,Prostaglandins,unknown
dinoprostone,dinoprostone,dinoprostone,G02AD02,G02AD,Prostaglandins,Prostaglandins,unknown
dinutuximab beta,dinutuximab beta,dinutuximab beta,L01XC16,L01XC,Monoclonal antibodies,Monoclonal antibodies,unknown
diodone,diodone,diodone,V08AA10,V08AA,"Watersoluble, nephrotropic, high osmolar X-ray contrast media","Watersoluble, nephrotropic, high osmolar X-ray contrast media",unknown
diosmectite,diosmectite,diosmectite,A07BC05,A07BC,Other intestinal adsorbents,Other intestinal adsorbents,unknown
diosmin,diosmin,diosmin,C05CA03,C05CA,Bioflavonoids,Bioflavonoids,unknown
diphemanil,diphemanil,diphemanil,A03AB15,A03AB,"Synthetic anticholinergics, quaternary ammonium compounds","Synthetic anticholinergics, quaternary ammonium compounds",unknown
diphenadione,diphenadione,diphenadione,B01AA10,B01AA,Vitamin K antagonists,Vitamin K antagonists,anticoagulant
diphenhydramine,diphenhydramine,diphenhydramine,R06AA02,R06AA,Aminoalkyl ethers,Aminoalkyl ethers,antihistamine
diphenhydramine methylbromide,diphenhydramine methylbromide,diphenhydramine methylbromide,D04AA33,D04AA,Antihistamines for topical use,Antihistamines for topical use,unknown
diphenoxylate,diphenoxylate,diphenoxylate,A07DA01,A07DA,Antipropulsives,Antipropulsives,unknown
diphenylpyraline,diphenylpyraline,diphenylpyraline,R06AA07,R06AA,Aminoalkyl ethers,Aminoalkyl ethers,antihistamine
diphtheria antitoxin,diphtheria antitoxin,diphtheria antitoxin,J06AA01,J06AA,Immune sera,Immune sera,unknown
diphtheria immunoglobulin,diphtheria immunoglobulin,diphtheria immunoglobulin,J06BB10,J06BB,Specific immunoglobulins,Specific immunoglobulins,unknown
diphtheria toxoid,diphtheria toxoid,diphtheria toxoid,J07AF01,J07AF,Diphtheria vaccines,Diphtheria vaccines,unknown
diphtheria-haemophilus influenzae b-pertussis-poliomyelitis-tetanus,diphtheria-haemophilus influenzae B-pertussis-poliomyelitis-tetanus,diphtheria-haemophilus influenzae B-pertussis-poliomyelitis-tetanus,J07CA06,J07CA,"Bacterial and viral vaccines, combined","Bacterial and viral vaccines, combined",unknown
diphtheria-haemophilus influenzae b-pertussis-poliomyelitis-tetanus-hepatitis b,diphtheria-haemophilus influenzae B-pertussis-poliomyelitis-tetanus-hepatitis B,diphtheria-haemophilus influenzae B-pertussis-poliomyelitis-tetanus-hepatitis B,J07CA09,J07CA,"Bacterial and viral vaccines, combined","Bacterial and viral vaccines, combined",unknown
diphtheria-haemophilus influenzae b-pertussis-tetanus-hepatitis b,diphtheria-haemophilus influenzae B-pertussis-tetanus-hepatitis B,diphtheria-haemophilus influenzae B-pertussis-tetanus-hepatitis B,J07CA11,J07CA,"Bacterial and viral vaccines, combined","Bacterial and viral vaccines, combined",unknown
diphtheria-haemophilus influenzae b-pertussis-tetanus-hepatitis b-meningococcus a c,diphtheria-haemophilus influenzae B-pertussis-tetanus-hepatitis B-meningococcus A + C,diphtheria-haemophilus influenzae B-pertussis-tetanus-hepatitis B-meningococcus A + C,J07CA13,J07CA,"Bacterial and viral vaccines, combined","Bacterial and viral vaccines, combined",unknown
diphtheria-hepatitis b-pertussis-tetanus,diphtheria-hepatitis B-pertussis-tetanus,diphtheria-hepatitis B-pertussis-tetanus,J07CA05,J07CA,"Bacterial and viral vaccines, combined","Bacterial and viral vaccines, combined",unknown
diphtheria-hepatitis b-tetanus,diphtheria-hepatitis B-tetanus,diphtheria-hepatitis B-tetanus,J07CA07,J07CA,"Bacterial and viral vaccines, combined","Bacterial and viral vaccines, combined",unknown
diphtheria-pertussis-poliomyelitis-tetanus,diphtheria-pertussis-poliomyelitis-tetanus,diphtheria-pertussis-poliomyelitis-tetanus,J07CA02,J07CA,"Bacterial and viral vaccines, combined","Bacterial and viral vaccines, combined",unknown
diphtheria-pertussis-poliomyelitis-tetanus-hepatitis b,diphtheria-pertussis-poliomyelitis-tetanus-hepatitis B,diphtheria-pertussis-poliomyelitis-tetanus-hepatitis B,J07CA12,J07CA,"Bacterial and viral vaccines, combined","Bacterial and viral vaccines, combined",unknown
diphtheria-poliomyelitis-tetanus,diphtheria-poliomyelitis-tetanus,diphtheria-poliomyelitis-tetanus,J07CA01,J07CA,"Bacterial and viral vaccines, combined","Bacterial and viral vaccines, combined",unknown
diphtheria-rubella-tetanus,diphtheria-rubella-tetanus,diphtheria-rubella-tetanus,J07CA03,J07CA,"Bacterial and viral vaccines, combined","Bacterial and viral vaccines, combined",unknown
dipivefrine,dipivefrine,dipivefrine,S01EA02,S01EA,Sympathomimetics in glaucoma therapy,Sympathomimetics in glaucoma therapy,unknown
diprophylline,diprophylline,diprophylline,R03DA01,R03DA,Xanthines,Xanthines,unknown
dipyridamole,dipyridamole,dipyridamole,B01AC07,B01AC,Platelet aggregation inhibitors excl. heparin,Platelet aggregation inhibitors excl. heparin,antiplatelet
dipyrocetyl,dipyrocetyl,dipyrocetyl,N02BA09,N02BA,Salicylic acid and derivatives,Salicylic acid and derivatives,unknown
dirithromycin,dirithromycin,dirithromycin,J01FA13,J01FA,Macrolides,Macrolides,macrolide
disopyramide,disopyramide,disopyramide,C01BA03,C01BA,"Antiarrhythmics, class Ia","Antiarrhythmics, class Ia",unknown
distigmine,distigmine,distigmine,N07AA03,N07AA,Anticholinesterases,Anticholinesterases,unknown
disulfiram,disulfiram,disulfiram,N07BB01,N07BB,Drugs used in alcohol dependence,Drugs used in alcohol dependence,unknown
ditazole,ditazole,ditazole,B01AC01,B01AC,Platelet aggregation inhibitors excl. heparin,Platelet aggregation inhibitors excl. heparin,antiplatelet
dithranol,dithranol,dithranol,D05AC01,D05AC,Antracen derivatives,Antracen derivatives,unknown
dixanthogen,dixanthogen,dixanthogen,P03AA01,P03AA,Sulfur containing products,Sulfur containing products,unknown
dixyrazine,dixyrazine,dixyrazine,N05AB01,N05AB,Phenothiazines with piperazine structure,Phenothiazines with piperazine structure,unknown
dobutamine,dobutamine,dobutamine,C01CA07,C01CA,Adrenergic and dopaminergic agents,Adrenergic and dopaminergic agents,unknown
docetaxel,docetaxel,docetaxel,L01CD02,L01CD,Taxanes,Taxanes,unknown
docosanol,docosanol,docosanol,D06BB11,D06BB,Antivirals,Antivirals,unknown
docusate sodium,docusate sodium,docusate sodium,A06AA02,A06AA,"Softeners, emollients","Softeners, emollients",unknown
dofetilide,dofetilide,dofetilide,C01BD04,C01BD,"Antiarrhythmics, class III","Antiarrhythmics, class III",unknown
dolasetron,dolasetron,dolasetron,A04AA04,A04AA,Serotonin (5HT3) antagonists,Serotonin (5HT3) antagonists,unknown
dolutegravir,dolutegravir,dolutegravir,J05AJ03,J05AJ,Integrase inhibitors,Integrase inhibitors,unknown
domiodol,domiodol,domiodol,R05CB08,R05CB,Mucolytics,Mucolytics,unknown
domiphen,domiphen,domiphen,A01AB06,A01AB,Antiinfectives and antiseptics for local oral treatment,Antiinfectives and antiseptics for local oral treatment,unknown
domperidone,domperidone,domperidone,A03FA03,A03FA,Propulsives,Propulsives,unknown
donepezil,donepezil,donepezil,N06DA02,N06DA,Anticholinesterases,Anticholinesterases,unknown
dopamine,dopamine,dopamine,C01CA04,C01CA,Adrenergic and dopaminergic agents,Adrenergic and dopaminergic agents,unknown
dopexamine,dopexamine,dopexamine,C01CA14,C01CA,Adrenergic and dopaminergic agents,Adrenergic and dopaminergic agents,unknown
doravirine,doravirine,doravirine,J05AG06,J05AG,Non-nucleoside reverse transcriptase inhibitors,Non-nucleoside reverse transcriptase inhibitors,unknown
doripenem,doripenem,doripenem,J01DH04,J01DH,Carbapenems,Carbapenems,unknown
dornase alfa desoxyribonuclease,dornase alfa (desoxyribonuclease),dornase alfa (desoxyribonuclease),R05CB13,R05CB,Mucolytics,Mucolytics,unknown
dorzolamide,dorzolamide,dorzolamide,S01EC03,S01EC,Carbonic anhydrase inhibitors,Carbonic anhydrase inhibitors,unknown
dostarlimab,dostarlimab,dostarlimab,L01XC40,L01XC,Monoclonal antibodies,Monoclonal antibodies,unknown
dosulepin,dosulepin,dosulepin,N06AA16,N06AA,Non-selective monoamine reuptake inhibitors,Non-selective monoamine reuptake inhibitors,unknown
doxacurium chloride,doxacurium chloride,doxacurium chloride,M03AC07,M03AC,Other quaternary ammonium compounds,Other quaternary ammonium compounds,unknown
doxapram,doxapram,doxapram,R07AB01,R07AB,Respiratory stimulants,Respiratory stimulants,unknown
doxazosin,doxazosin,doxazosin,C02CA04,C02CA,Alpha-adrenoreceptor antagonists,Alpha-adrenoreceptor antagonists,unknown
doxefazepam,doxefazepam,doxefazepam,N05CD12,N05CD,Benzodiazepine derivatives,Benzodiazepine derivatives,benzodiazepine
doxepin,doxepin,doxepin,N06AA12,N06AA,Non-selective monoamine reuptake inhibitors,Non-selective monoamine reuptake inhibitors,unknown
doxercalciferol,doxercalciferol,doxercalciferol,H05BX03,H05BX,Other anti-parathyroid agents,Other anti-parathyroid agents,unknown
doxofylline,doxofylline,doxofylline,R03DA11,R03DA,Xanthines,Xanthines,unknown
doxorubicin,doxorubicin,doxorubicin,L01DB01,L01DB,Anthracyclines and related substances,Anthracyclines and related substances,unknown
doxycycline,doxycycline,doxycycline,J01AA02,J01AA,Tetracyclines,Tetracyclines,tetracycline
doxylamine,doxylamine,doxylamine,R06AA09,R06AA,Aminoalkyl ethers,Aminoalkyl ethers,antihistamine
drisapersen,drisapersen,drisapersen,M09AX04,M09AX,Other drugs for disorders of the musculo-skeletal system,Other drugs for disorders of the musculo-skeletal system,unknown
dronabinol,dronabinol,dronabinol,A04AD10,A04AD,Other antiemetics,Other antiemetics,unknown
dronedarone,dronedarone,dronedarone,C01BD07,C01BD,"Antiarrhythmics, class III","Antiarrhythmics, class III",unknown
droperidol,droperidol,droperidol,N05AD08,N05AD,Butyrophenone derivatives,Butyrophenone derivatives,unknown
dropropizine,dropropizine,dropropizine,R05DB19,R05DB,Other cough suppressants,Other cough suppressants,unknown
drospirenone,drospirenone,drospirenone,G03AC10,G03AC,Progestogens,Progestogens,unknown
drotaverine,drotaverine,drotaverine,A03AD02,A03AD,Papaverine and derivatives,Papaverine and derivatives,unknown
drotrecogin alfa activated,drotrecogin alfa (activated),drotrecogin alfa (activated),B01AD10,B01AD,Enzymes,Enzymes,unknown
droxicam,droxicam,droxicam,M01AC04,M01AC,Oxicams,Oxicams,nsaid
droxidopa,droxidopa,droxidopa,C01CA27,C01CA,Adrenergic and dopaminergic agents,Adrenergic and dopaminergic agents,unknown
droxypropine,droxypropine,droxypropine,R05DB17,R05DB,Other cough suppressants,Other cough suppressants,unknown
dulaglutide,dulaglutide,dulaglutide,A10BJ05,A10BJ,Glucagon-like peptide-1 (GLP-1) analogues,Glucagon-like peptide-1 (GLP-1) analogues,unknown
duloxetine,duloxetine,duloxetine,N06AX21,N06AX,Other antidepressants,Other antidepressants,unknown
dupilumab,dupilumab,dupilumab,D11AH05,D11AH,"Agents for dermatitis, excluding corticosteroids","Agents for dermatitis, excluding corticosteroids",unknown
durvalumab,durvalumab,durvalumab,L01XC28,L01XC,Monoclonal antibodies,Monoclonal antibodies,unknown
dutasteride,dutasteride,dutasteride,G04CB02,G04CB,Testosterone-5-alpha reductase inhibitors,Testosterone-5-alpha reductase inhibitors,unknown
duvelisib,duvelisib,duvelisib,L01EM04,L01EM,Phosphatidylinositol-3-kinase (Pi3K) inhibitors,Phosphatidylinositol-3-kinase (Pi3K) inhibitors,unknown
dyclonine,dyclonine,dyclonine,N01BX02,N01BX,Other local anesthetics,Other local anesthetics,unknown
dydrogesterone,dydrogesterone,dydrogesterone,G03DB01,G03DB,Pregnadien derivatives,Pregnadien derivatives,unknown
dysprosium 165dy colloid,dysprosium (165Dy) colloid,dysprosium (165Dy) colloid,V10AX03,V10AX,Other antiinflammatory therapeutic radiopharmaceuticals,Other antiinflammatory therapeutic radiopharmaceuticals,unknown
ebastine,ebastine,ebastine,R06AX22,R06AX,Other antihistamines for systemic use,Other antihistamines for systemic use,antihistamine
eberconazole,eberconazole,eberconazole,D01AC17,D01AC,Imidazole and triazole derivatives,Imidazole and triazole derivatives,unknown
ebola vaccines,ebola vaccines,ebola vaccines,J07BX02,J07BX,Other viral vaccines,Other viral vaccines,unknown
ecallantide,ecallantide,ecallantide,B06AC03,B06AC,Drugs used in hereditary angioedema,Drugs used in hereditary angioedema,unknown
econazole,econazole,econazole,D01AC03,D01AC,Imidazole and triazole derivatives,Imidazole and triazole derivatives,unknown
ecothiopate,ecothiopate,ecothiopate,S01EB03,S01EB,Parasympathomimetics,Parasympathomimetics,unknown
eculizumab,eculizumab,eculizumab,L04AA25,L04AA,Selective immunosuppressants,Selective immunosuppressants,unknown
edaravone,edaravone,edaravone,N07XX14,N07XX,Other nervous system drugs,Other nervous system drugs,unknown
edetates,edetates,edetates,V03AB03,V03AB,Antidotes,Antidotes,unknown
edoxaban,edoxaban,edoxaban,B01AF03,B01AF,Direct factor Xa inhibitors,Direct factor Xa inhibitors,anticoagulant
edoxudine,edoxudine,edoxudine,D06BB09,D06BB,Antivirals,Antivirals,unknown
edrecolomab,edrecolomab,edrecolomab,L01XC01,L01XC,Monoclonal antibodies,Monoclonal antibodies,unknown
edrophonium,edrophonium,edrophonium,V04CX07,V04CX,Other diagnostic agents,Other diagnostic agents,unknown
efalizumab,efalizumab,efalizumab,L04AA21,L04AA,Selective immunosuppressants,Selective immunosuppressants,unknown
efaproxiral,efaproxiral,efaproxiral,L01XD06,L01XD,Sensitizers used in photodynamic/radiation therapy,Sensitizers used in photodynamic/radiation therapy,unknown
efavirenz,efavirenz,efavirenz,J05AG03,J05AG,Non-nucleoside reverse transcriptase inhibitors,Non-nucleoside reverse transcriptase inhibitors,unknown
efinaconazole,efinaconazole,efinaconazole,D01AC19,D01AC,Imidazole and triazole derivatives,Imidazole and triazole derivatives,unknown
eflornithine,eflornithine,eflornithine,D11AX16,D11AX,Other dermatologicals,Other dermatologicals,unknown
efloxate,efloxate,efloxate,C01DX13,C01DX,Other vasodilators used in cardiac diseases,Other vasodilators used in cardiac diseases,unknown
elagolix,elagolix,elagolix,H01CC03,H01CC,Anti-gonadotropin-releasing hormones,Anti-gonadotropin-releasing hormones,unknown
elapegademase,elapegademase,elapegademase,L03AX21,L03AX,Other immunostimulants,Other immunostimulants,unknown
elbasvir,elbasvir,elbasvir,J05AP10,J05AP,Antivirals for treatment of HCV infections,Antivirals for treatment of HCV infections,unknown
elcatonin,elcatonin,elcatonin,H05BA04,H05BA,Calcitonin preparations,Calcitonin preparations,unknown
electrolytes,electrolytes,electrolytes,B05BB01,B05BB,Solutions affecting the electrolyte balance,Solutions affecting the electrolyte balance,unknown
electrolytes with carbohydrates,electrolytes with carbohydrates,electrolytes with carbohydrates,B05BB02,B05BB,Solutions affecting the electrolyte balance,Solutions affecting the electrolyte balance,unknown
eletriptan,eletriptan,eletriptan,N02CC06,N02CC,Selective serotonin (5HT1) agonists,Selective serotonin (5HT1) agonists,unknown
eliglustat,eliglustat,eliglustat,A16AX10,A16AX,Various alimentary tract and metabolism products,Various alimentary tract and metabolism products,unknown
elosulfase alfa,elosulfase alfa,elosulfase alfa,A16AB12,A16AB,Enzymes,Enzymes,unknown
elotuzumab,elotuzumab,elotuzumab,L01XC23,L01XC,Monoclonal antibodies,Monoclonal antibodies,unknown
eltrombopag,eltrombopag,eltrombopag,B02BX05,B02BX,Other systemic hemostatics,Other systemic hemostatics,unknown
eluxadoline,eluxadoline,eluxadoline,A07DA06,A07DA,Antipropulsives,Antipropulsives,unknown
elvitegravir,elvitegravir,elvitegravir,J05AJ02,J05AJ,Integrase inhibitors,Integrase inhibitors,unknown
emapalumab,emapalumab,emapalumab,L04AA39,L04AA,Selective immunosuppressants,Selective immunosuppressants,unknown
emedastine,emedastine,emedastine,S01GX06,S01GX,Other antiallergics,Other antiallergics,unknown
emepronium,emepronium,emepronium,G04BD01,G04BD,Drugs for urinary frequency and incontinence,Drugs for urinary frequency and incontinence,unknown
emetine,emetine,emetine,P01AX02,P01AX,Other agents against amoebiasis and other protozoal diseases,Other agents against amoebiasis and other protozoal diseases,unknown
emicizumab,emicizumab,emicizumab,B02BX06,B02BX,Other systemic hemostatics,Other systemic hemostatics,unknown
empagliflozin,empagliflozin,empagliflozin,A10BK03,A10BK,Sodium-glucose co-transporter 2 (SGLT2) inhibitors,Sodium-glucose co-transporter 2 (SGLT2) inhibitors,unknown
empegfilgrastim,empegfilgrastim,empegfilgrastim,L03AA16,L03AA,Colony stimulating factors,Colony stimulating factors,unknown
emtricitabine,emtricitabine,emtricitabine,J05AF09,J05AF,Nucleoside and nucleotide reverse transcriptase inhibitors,Nucleoside and nucleotide reverse transcriptase inhibitors,unknown
emylcamate,emylcamate,emylcamate,N05BC03,N05BC,Carbamates,Carbamates,unknown
enalapril,enalapril,enalapril,C09AA02,C09AA,"ACE inhibitors, plain","ACE inhibitors, plain",ace_inhibitor
enasidenib,enasidenib,enasidenib,L01XX59,L01XX,Other antineoplastic agents,Other antineoplastic agents,unknown
encainide,encainide,encainide,C01BC08,C01BC,"Antiarrhythmics, class Ic","Antiarrhythmics, class Ic",unknown
encorafenib,encorafenib,encorafenib,L01EC03,L01EC,B-Raf serine-threonine kinase (BRAF) inhibitors,B-Raf serine-threonine kinase (BRAF) inhibitors,unknown
endralazine,endralazine,endralazine,C02DB03,C02DB,Hydrazinophthalazine derivatives,Hydrazinophthalazine derivatives,unknown
enflurane,enflurane,enflurane,N01AB04,N01AB,Halogenated hydrocarbons,Halogenated hydrocarbons,unknown
enfortumab vedotin,enfortumab vedotin,enfortumab vedotin,L01XC36,L01XC,Monoclonal antibodies,Monoclonal antibodies,unknown
enfuvirtide,enfuvirtide,enfuvirtide,J05AX07,J05AX,Other antivirals,Other antivirals,unknown
enisamium iodide,enisamium iodide,enisamium iodide,J05AX17,J05AX,Other antivirals,Other antivirals,unknown
enoxacin,enoxacin,enoxacin,J01MA04,J01MA,Fluoroquinolones,Fluoroquinolones,fluoroquinolone
enoxaparin,enoxaparin,enoxaparin,B01AB05,B01AB,Heparin group,Heparin group,unknown
enoximone,enoximone,enoximone,C01CE03,C01CE,Phosphodiesterase inhibitors,Phosphodiesterase inhibitors,unknown
enoxolone,enoxolone,enoxolone,D03AX10,D03AX,Other cicatrizants,Other cicatrizants,unknown
enprostil,enprostil,enprostil,A02BB02,A02BB,Prostaglandins,Prostaglandins,unknown
entacapone,entacapone,entacapone,N04BX02,N04BX,Other dopaminergic agents,Other dopaminergic agents,unknown
entecavir,entecavir,entecavir,J05AF10,J05AF,Nucleoside and nucleotide reverse transcriptase inhibitors,Nucleoside and nucleotide reverse transcriptase inhibitors,unknown
entinostat,entinostat,entinostat,L01XH05,L01XH,Histone deacetylase (HDAC) inhibitors,Histone deacetylase (HDAC) inhibitors,unknown
entrectinib,entrectinib,entrectinib,L01EX14,L01EX,Other protein kinase inhibitors,Other protein kinase inhibitors,unknown
enviomycin,enviomycin,enviomycin,J04AB06,J04AB,Antibiotics,Antibiotics,unknown
enzalutamide,enzalutamide,enzalutamide,L02BB04,L02BB,Anti-androgens,Anti-androgens,unknown
eosin,eosin,eosin,D08AX02,D08AX,Other antiseptics and disinfectants,Other antiseptics and disinfectants,unknown
epacadostat,epacadostat,epacadostat,L01XX58,L01XX,Other antineoplastic agents,Other antineoplastic agents,unknown
epanolol,epanolol,epanolol,C07AB10,C07AB,"Beta blocking agents, selective","Beta blocking agents, selective",beta_blocker
eperisone,eperisone,eperisone,M03BX09,M03BX,Other centrally acting agents,Other centrally acting agents,unknown
ephedrine,ephedrine,ephedrine,R03CA02,R03CA,Alpha- and beta-adrenoreceptor agonists,Alpha- and beta-adrenoreceptor agonists,unknown
epicillin,epicillin,epicillin,J01CA07,J01CA,Penicillins with extended spectrum,Penicillins with extended spectrum,penicillin
epimestrol,epimestrol,epimestrol,G03GB03,G03GB,"Ovulation stimulants, synthetic","Ovulation stimulants, synthetic",unknown
epinastine,epinastine,epinastine,R06AX24,R06AX,Other antihistamines for systemic use,Other antihistamines for systemic use,antihistamine
epinephrine,epinephrine,epinephrine,C01CA24,C01CA,Adrenergic and dopaminergic agents,Adrenergic and dopaminergic agents,unknown
epirubicin,epirubicin,epirubicin,L01DB03,L01DB,Anthracyclines and related substances,Anthracyclines and related substances,unknown
eplerenone,eplerenone,eplerenone,C03DA04,C03DA,Aldosterone antagonists,Aldosterone antagonists,unknown
epomediol,epomediol,epomediol,A05BA05,A05BA,Liver therapy,Liver therapy,unknown
epoprostenol,epoprostenol,epoprostenol,B01AC09,B01AC,Platelet aggregation inhibitors excl. heparin,Platelet aggregation inhibitors excl. heparin,antiplatelet
eprazinone,eprazinone,eprazinone,R05CB04,R05CB,Mucolytics,Mucolytics,unknown
eprosartan,eprosartan,eprosartan,C09CA02,C09CA,"Angiotensin II receptor blockers (ARBs), plain","Angiotensin II receptor blockers (ARBs), plain",arb
eprozinol,eprozinol,eprozinol,R03DX02,R03DX,Other systemic drugs for obstructive airway diseases,Other systemic drugs for obstructive airway diseases,unknown
eptifibatide,eptifibatide,eptifibatide,B01AC16,B01AC,Platelet aggregation inhibitors excl. heparin,Platelet aggregation inhibitors excl. heparin,antiplatelet
eptotermin alfa,eptotermin alfa,eptotermin alfa,M05BC02,M05BC,Bone morphogenetic proteins,Bone morphogenetic proteins,unknown
eravacycline,eravacycline,eravacycline,J01AA13,J01AA,Tetracyclines,Tetracyclines,tetracycline
erbium 169er citrate colloid,erbium (169Er) citrate colloid,erbium (169Er) citrate colloid,V10AX04,V10AX,Other antiinflammatory therapeutic radiopharmaceuticals,Other antiinflammatory therapeutic radiopharmaceuticals,unknown
erdafitinib,erdafitinib,erdafitinib,L01EX16,L01EX,Other protein kinase inhibitors,Other protein kinase inhibitors,unknown
erdosteine,erdosteine,erdosteine,R05CB15,R05CB,Mucolytics,Mucolytics,unknown
erenumab,erenumab,erenumab,N02CD01,N02CD,Calcitonin gene-related peptide (CGRP) antagonists,Calcitonin gene-related peptide (CGRP) antagonists,unknown
ergocalciferol,ergocalciferol,ergocalciferol,A11CC01,A11CC,Vitamin D and analogues,Vitamin D and analogues,unknown
ergoloid mesylates,ergoloid mesylates,ergoloid mesylates,C04AE01,C04AE,Ergot alkaloids,Ergot alkaloids,unknown
ergometrine,ergometrine,ergometrine,G02AB03,G02AB,Ergot alkaloids,Ergot alkaloids,unknown
ergot alkaloids,ergot alkaloids,ergot alkaloids,G02AB02,G02AB,Ergot alkaloids,Ergot alkaloids,unknown
ergotamine,ergotamine,ergotamine,N02CA02,N02CA,Ergot alkaloids,Ergot alkaloids,unknown
eribulin,eribulin,eribulin,L01XX41,L01XX,Other antineoplastic agents,Other antineoplastic agents,unknown
eritrityl tetranitrate,eritrityl tetranitrate,eritrityl tetranitrate,C01DA13,C01DA,Organic nitrates,Organic nitrates,unknown
erlotinib,erlotinib,erlotinib,L01EB02,L01EB,Epidermal growth factor receptor (EGFR) tyrosine kinase inhibitors,Epidermal growth factor receptor (EGFR) tyrosine kinase inhibitors,unknown
ertapenem,ertapenem,ertapenem,J01DH03,J01DH,Carbapenems,Carbapenems,unknown
ertugliflozin,ertugliflozin,ertugliflozin,A10BK04,A10BK,Sodium-glucose co-transporter 2 (SGLT2) inhibitors,Sodium-glucose co-transporter 2 (SGLT2) inhibitors,unknown
erythrocytes,erythrocytes,erythrocytes,B05AX01,B05AX,Other blood products,Other blood products,unknown
erythromycin,erythromycin,erythromycin,J01FA01,J01FA,Macrolides,Macrolides,macrolide
erythropoietin,erythropoietin,erythropoietin,B03XA01,B03XA,Other antianemic preparations,Other antianemic preparations,unknown
escitalopram,escitalopram,escitalopram,N06AB10,N06AB,Selective serotonin reuptake inhibitors,Selective serotonin reuptake inhibitors,unknown
esflurbiprofen,esflurbiprofen,esflurbiprofen,M02AA29,M02AA,"Antiinflammatory preparations, non-steroids for topical use","Antiinflammatory preparations, non-steroids for topical use",nsaid
esketamine,esketamine,esketamine,N01AX14,N01AX,Other general anesthetics,Other general anesthetics,unknown
eslicarbazepine,eslicarbazepine,eslicarbazepine,N03AF04,N03AF,Carboxamide derivatives,Carboxamide derivatives,unknown
esmolol,esmolol,esmolol,C07AB09,C07AB,"Beta blocking agents, selective","Beta blocking agents, selective",beta_blocker
esomeprazole,esomeprazole,esomeprazole,A02BC05,A02BC,Proton pump inhibitors,Proton pump inhibitors,unknown
estazolam,estazolam,estazolam,N05CD04,N05CD,Benzodiazepine derivatives,Benzodiazepine derivatives,benzodiazepine
estradiol,estradiol,estradiol,G03CA03,G03CA,"Natural and semisynthetic estrogens, plain","Natural and semisynthetic estrogens, plain",unknown
estramustine,estramustine,estramustine,L01XX11,L01XX,Other antineoplastic agents,Other antineoplastic agents,unknown
estriol,estriol,estriol,G03CA04,G03CA,"Natural and semisynthetic estrogens, plain","Natural and semisynthetic estrogens, plain",unknown
estrone,estrone,estrone,G03CA07,G03CA,"Natural and semisynthetic estrogens, plain","Natural and semisynthetic estrogens, plain",unknown
eszopiclone,eszopiclone,eszopiclone,N05CF04,N05CF,Benzodiazepine related drugs,Benzodiazepine related drugs,benzodiazepine
etacrynic acid,etacrynic acid,etacrynic acid,C03CC01,C03CC,Aryloxyacetic acid derivatives,Aryloxyacetic acid derivatives,unknown
etafenone,etafenone,etafenone,C01DX07,C01DX,Other vasodilators used in cardiac diseases,Other vasodilators used in cardiac diseases,unknown
etallobarbital,etallobarbital,etallobarbital,N05CA20,N05CA,"Barbiturates, plain","Barbiturates, plain",unknown
etamiphylline,etamiphylline,etamiphylline,R03DA06,R03DA,Xanthines,Xanthines,unknown
etamivan,etamivan,etamivan,R07AB04,R07AB,Respiratory stimulants,Respiratory stimulants,unknown
etamsylate,etamsylate,etamsylate,B02BX01,B02BX,Other systemic hemostatics,Other systemic hemostatics,unknown
etanautine,etanautine,etanautine,N04AB01,N04AB,Ethers chemically close to antihistamines,Ethers chemically close to antihistamines,unknown
etanercept,etanercept,etanercept,L04AB01,L04AB,Tumor necrosis factor alpha (TNF-alpha) inhibitors,Tumor necrosis factor alpha (TNF-alpha) inhibitors,unknown
etelcalcetide,etelcalcetide,etelcalcetide,H05BX04,H05BX,Other anti-parathyroid agents,Other anti-parathyroid agents,unknown
eteplirsen,eteplirsen,eteplirsen,M09AX06,M09AX,Other drugs for disorders of the musculo-skeletal system,Other drugs for disorders of the musculo-skeletal system,unknown
ethacizine,ethacizine,ethacizine,C01BC09,C01BC,"Antiarrhythmics, class Ic","Antiarrhythmics, class Ic",unknown
ethacridine lactate,ethacridine lactate,ethacridine lactate,B05CA08,B05CA,Antiinfectives,Antiinfectives,unknown
ethadione,ethadione,ethadione,N03AC03,N03AC,Oxazolidine derivatives,Oxazolidine derivatives,unknown
ethambutol,ethambutol,ethambutol,J04AK02,J04AK,Other drugs for treatment of tuberculosis,Other drugs for treatment of tuberculosis,unknown
ethanol,ethanol,ethanol,D08AX08,D08AX,Other antiseptics and disinfectants,Other antiseptics and disinfectants,unknown
ethchlorvynol,ethchlorvynol,ethchlorvynol,N05CM08,N05CM,Other hypnotics and sedatives,Other hypnotics and sedatives,unknown
ethenzamide,ethenzamide,ethenzamide,N02BA07,N02BA,Salicylic acid and derivatives,Salicylic acid and derivatives,unknown
ethinylestradiol,ethinylestradiol,ethinylestradiol,G03CA01,G03CA,"Natural and semisynthetic estrogens, plain","Natural and semisynthetic estrogens, plain",unknown
ethionamide,ethionamide,ethionamide,J04AD03,J04AD,Thiocarbamide derivatives,Thiocarbamide derivatives,unknown
ethisterone,ethisterone,ethisterone,G03DC04,G03DC,Estren derivatives,Estren derivatives,unknown
ethosuximide,ethosuximide,ethosuximide,N03AD01,N03AD,Succinimide derivatives,Succinimide derivatives,unknown
ethotoin,ethotoin,ethotoin,N03AB01,N03AB,Hydantoin derivatives,Hydantoin derivatives,unknown
ethulose,ethulose,ethulose,A06AC02,A06AC,Bulk-forming laxatives,Bulk-forming laxatives,unknown
ethyl biscoumacetate,ethyl biscoumacetate,ethyl biscoumacetate,B01AA08,B01AA,Vitamin K antagonists,Vitamin K antagonists,anticoagulant
ethyl chloride,ethyl chloride,ethyl chloride,N01BX01,N01BX,Other local anesthetics,Other local anesthetics,unknown
ethyl esters of iodised fatty acids,ethyl esters of iodised fatty acids,ethyl esters of iodised fatty acids,V08AD01,V08AD,Non-watersoluble X-ray contrast media,Non-watersoluble X-ray contrast media,unknown
ethyl hydroxybenzoate,ethyl hydroxybenzoate,ethyl hydroxybenzoate,D01AE10,D01AE,Other antifungals for topical use,Other antifungals for topical use,unknown
ethyl loflazepate,ethyl loflazepate,ethyl loflazepate,N05BA18,N05BA,Benzodiazepine derivatives,Benzodiazepine derivatives,benzodiazepine
ethylestrenol,ethylestrenol,ethylestrenol,A14AB02,A14AB,Estren derivatives,Estren derivatives,unknown
ethylmorphine,ethylmorphine,ethylmorphine,R05DA01,R05DA,Opium alkaloids and derivatives,Opium alkaloids and derivatives,unknown
etidocaine,etidocaine,etidocaine,N01BB07,N01BB,Amides,Amides,unknown
etidronic acid,etidronic acid,etidronic acid,M05BA01,M05BA,Bisphosphonates,Bisphosphonates,unknown
etifoxine,etifoxine,etifoxine,N05BX03,N05BX,Other anxiolytics,Other anxiolytics,unknown
etilamfetamine,etilamfetamine,etilamfetamine,A08AA06,A08AA,Centrally acting antiobesity products,Centrally acting antiobesity products,unknown
etilefrine,etilefrine,etilefrine,C01CA01,C01CA,Adrenergic and dopaminergic agents,Adrenergic and dopaminergic agents,unknown
etirinotecan pegol,etirinotecan pegol,etirinotecan pegol,L01CE03,L01CE,Topoisomerase 1 (TOP1) inhibitors,Topoisomerase 1 (TOP1) inhibitors,unknown
etizolam,etizolam,etizolam,N05BA19,N05BA,Benzodiazepine derivatives,Benzodiazepine derivatives,benzodiazepine
etodolac,etodolac,etodolac,M01AB08,M01AB,Acetic acid derivatives and related substances,Acetic acid derivatives and related substances,nsaid
etofamide,etofamide,etofamide,P01AC03,P01AC,Dichloroacetamide derivatives,Dichloroacetamide derivatives,unknown
etofenamate,etofenamate,etofenamate,M02AA06,M02AA,"Antiinflammatory preparations, non-steroids for topical use","Antiinflammatory preparations, non-steroids for topical use",nsaid
etofibrate,etofibrate,etofibrate,C10AB09,C10AB,Fibrates,Fibrates,unknown
etofylline nicotinate,etofylline nicotinate,etofylline nicotinate,C04AD04,C04AD,Purine derivatives,Purine derivatives,unknown
etoglucid,etoglucid,etoglucid,L01AG01,L01AG,Epoxides,Epoxides,unknown
etohexadiol,etohexadiol,etohexadiol,P03BX06,P03BX,Other insecticides and repellents,Other insecticides and repellents,unknown
etomidate,etomidate,etomidate,N01AX07,N01AX,Other general anesthetics,Other general anesthetics,unknown
etonogestrel,etonogestrel,etonogestrel,G03AC08,G03AC,Progestogens,Progestogens,unknown
etoperidone,etoperidone,etoperidone,N06AB09,N06AB,Selective serotonin reuptake inhibitors,Selective serotonin reuptake inhibitors,unknown
etoposide,etoposide,etoposide,L01CB01,L01CB,Podophyllotoxin derivatives,Podophyllotoxin derivatives,unknown
etoricoxib,etoricoxib,etoricoxib,M01AH05,M01AH,Coxibs,Coxibs,nsaid
etozolin,etozolin,etozolin,C03CX01,C03CX,Other high-ceiling diuretics,Other high-ceiling diuretics,unknown
etravirine,etravirine,etravirine,J05AG04,J05AG,Non-nucleoside reverse transcriptase inhibitors,Non-nucleoside reverse transcriptase inhibitors,unknown
etretinate,etretinate,etretinate,D05BB01,D05BB,Retinoids for treatment of psoriasis,Retinoids for treatment of psoriasis,unknown
etybenzatropine,etybenzatropine,etybenzatropine,N04AC30,N04AC,Ethers of tropine or tropine derivatives,Ethers of tropine or tropine derivatives,unknown
etynodiol,etynodiol,etynodiol,G03DC06,G03DC,Estren derivatives,Estren derivatives,unknown
euflavine,euflavine,euflavine,D08AA03,D08AA,Acridine derivatives,Acridine derivatives,unknown
everolimus,everolimus,everolimus,L04AA18,L04AA,Selective immunosuppressants,Selective immunosuppressants,unknown
evogliptin,evogliptin,evogliptin,A10BH07,A10BH,Dipeptidyl peptidase 4 (DPP-4) inhibitors,Dipeptidyl peptidase 4 (DPP-4) inhibitors,unknown
evolocumab,evolocumab,evolocumab,C10AX13,C10AX,Other lipid modifying agents,Other lipid modifying agents,unknown
exemestane,exemestane,exemestane,L02BG06,L02BG,Aromatase inhibitors,Aromatase inhibitors,unknown
exenatide,exenatide,exenatide,A10BJ01,A10BJ,Glucagon-like peptide-1 (GLP-1) analogues,Glucagon-like peptide-1 (GLP-1) analogues,unknown
ezetimibe,ezetimibe,ezetimibe,C10AX09,C10AX,Other lipid modifying agents,Other lipid modifying agents,unknown
fabomotizole,fabomotizole,fabomotizole,N05BX04,N05BX,Other anxiolytics,Other anxiolytics,unknown
factor viii inhibitor bypassing activity,factor VIII inhibitor bypassing activity,factor VIII inhibitor bypassing activity,B02BD03,B02BD,Blood coagulation factors,Blood coagulation factors,unknown
faldaprevir,faldaprevir,faldaprevir,J05AP04,J05AP,Antivirals for treatment of HCV infections,Antivirals for treatment of HCV infections,unknown
famciclovir,famciclovir,famciclovir,J05AB09,J05AB,Nucleosides and nucleotides excl. reverse transcriptase inhibitors,Nucleosides and nucleotides excl. reverse transcriptase inhibitors,unknown
famotidine,famotidine,famotidine,A02BA03,A02BA,H2-receptor antagonists,H2-receptor antagonists,unknown
fampridine,fampridine,fampridine,N07XX07,N07XX,Other nervous system drugs,Other nervous system drugs,unknown
faropenem,faropenem,faropenem,J01DI03,J01DI,Other cephalosporins and penems,Other cephalosporins and penems,cephalosporin
fasudil,fasudil,fasudil,C04AX32,C04AX,Other peripheral vasodilators,Other peripheral vasodilators,unknown
fat emulsions,fat emulsions,fat emulsions,B05BA02,B05BA,Solutions for parenteral nutrition,Solutions for parenteral nutrition,unknown
favipiravir,favipiravir,favipiravir,J05AX27,J05AX,Other antivirals,Other antivirals,unknown
fazadinium bromide,fazadinium bromide,fazadinium bromide,M03AC08,M03AC,Other quaternary ammonium compounds,Other quaternary ammonium compounds,unknown
feather,feather,feather,V01AA01,V01AA,Allergen extracts,Allergen extracts,unknown
febarbamate,febarbamate,febarbamate,M03BA05,M03BA,Carbamic acid esters,Carbamic acid esters,unknown
febuxostat,febuxostat,febuxostat,M04AA03,M04AA,Preparations inhibiting uric acid production,Preparations inhibiting uric acid production,unknown
fedratinib,fedratinib,fedratinib,L01EJ02,L01EJ,Janus-associated kinase (JAK) inhibitors,Janus-associated kinase (JAK) inhibitors,unknown
fedrilate,fedrilate,fedrilate,R05DB14,R05DB,Other cough suppressants,Other cough suppressants,unknown
felbamate,felbamate,felbamate,N03AX10,N03AX,Other antiepileptics,Other antiepileptics,unknown
felbinac,felbinac,felbinac,M02AA08,M02AA,"Antiinflammatory preparations, non-steroids for topical use","Antiinflammatory preparations, non-steroids for topical use",nsaid
felodipine,felodipine,felodipine,C08CA02,C08CA,Dihydropyridine derivatives,Dihydropyridine derivatives,unknown
fenbendazole,fenbendazole,fenbendazole,P02CA06,P02CA,Benzimidazole derivatives,Benzimidazole derivatives,unknown
fenbufen,fenbufen,fenbufen,M01AE05,M01AE,Propionic acid derivatives,Propionic acid derivatives,nsaid
fencamfamin,fencamfamin,fencamfamin,N06BA06,N06BA,Centrally acting sympathomimetics,Centrally acting sympathomimetics,unknown
fendiline,fendiline,fendiline,C08EA01,C08EA,Phenylalkylamine derivatives,Phenylalkylamine derivatives,unknown
fenetylline,fenetylline,fenetylline,N06BA10,N06BA,Centrally acting sympathomimetics,Centrally acting sympathomimetics,unknown
fenfluramine,fenfluramine,fenfluramine,A08AA02,A08AA,Centrally acting antiobesity products,Centrally acting antiobesity products,unknown
fenofibrate,fenofibrate,fenofibrate,C10AB05,C10AB,Fibrates,Fibrates,unknown
fenoldopam,fenoldopam,fenoldopam,C01CA19,C01CA,Adrenergic and dopaminergic agents,Adrenergic and dopaminergic agents,unknown
fenoprofen,fenoprofen,fenoprofen,M01AE04,M01AE,Propionic acid derivatives,Propionic acid derivatives,nsaid
fenoterol,fenoterol,fenoterol,R03CC04,R03CC,Selective beta-2-adrenoreceptor agonists,Selective beta-2-adrenoreceptor agonists,unknown
fenoverine,fenoverine,fenoverine,A03AX05,A03AX,Other drugs for functional gastrointestinal disorders,Other drugs for functional gastrointestinal disorders,unknown
fenoxazoline,fenoxazoline,fenoxazoline,R01AA12,R01AA,"Sympathomimetics, plain","Sympathomimetics, plain",unknown
fenozolone,fenozolone,fenozolone,N06BA08,N06BA,Centrally acting sympathomimetics,Centrally acting sympathomimetics,unknown
fenpiprane,fenpiprane,fenpiprane,A03AX01,A03AX,Other drugs for functional gastrointestinal disorders,Other drugs for functional gastrointestinal disorders,unknown
fenpiverinium,fenpiverinium,fenpiverinium,A03AB21,A03AB,"Synthetic anticholinergics, quaternary ammonium compounds","Synthetic anticholinergics, quaternary ammonium compounds",unknown
fenquizone,fenquizone,fenquizone,C03BA13,C03BA,"Sulfonamides, plain","Sulfonamides, plain",unknown
fenspiride,fenspiride,fenspiride,R03BX01,R03BX,"Other drugs for obstructive airway diseases, inhalants","Other drugs for obstructive airway diseases, inhalants",unknown
fentanyl,fentanyl,fentanyl,N02AB03,N02AB,Phenylpiperidine derivatives,Phenylpiperidine derivatives,opioid
fentiazac,fentiazac,fentiazac,M01AB10,M01AB,Acetic acid derivatives and related substances,Acetic acid derivatives and related substances,nsaid
fenticonazole,fenticonazole,fenticonazole,D01AC12,D01AC,Imidazole and triazole derivatives,Imidazole and triazole derivatives,unknown
fentonium,fentonium,fentonium,A03BB04,A03BB,"Belladonna alkaloids, semisynthetic, quaternary ammonium compounds","Belladonna alkaloids, semisynthetic, quaternary ammonium compounds",unknown
fenyramidol,fenyramidol,fenyramidol,M03BX30,M03BX,Other centrally acting agents,Other centrally acting agents,unknown
feprazone,feprazone,feprazone,M01AX18,M01AX,"Other antiinflammatory and antirheumatic agents, non-steroids","Other antiinflammatory and antirheumatic agents, non-steroids",nsaid
ferric 59fe citrate,ferric (59Fe) citrate,ferric (59Fe) citrate,V09XX04,V09XX,Various diagnostic radiopharmaceuticals,Various diagnostic radiopharmaceuticals,unknown
ferric acetyl transferrin,ferric acetyl transferrin,ferric acetyl transferrin,B03AB08,B03AB,"Iron trivalent, oral preparations","Iron trivalent, oral preparations",unknown
ferric ammonium citrate,ferric ammonium citrate,ferric ammonium citrate,V08CA07,V08CA,Paramagnetic contrast media,Paramagnetic contrast media,unknown
ferric citrate,ferric citrate,ferric citrate,V03AE08,V03AE,Drugs for treatment of hyperkalemia and hyperphosphatemia,Drugs for treatment of hyperkalemia and hyperphosphatemia,unknown
ferric hydroxide,ferric hydroxide,ferric hydroxide,B03AB04,B03AB,"Iron trivalent, oral preparations","Iron trivalent, oral preparations",unknown
ferric maltol,ferric maltol,ferric maltol,B03AB10,B03AB,"Iron trivalent, oral preparations","Iron trivalent, oral preparations",unknown
ferric oxide polymaltose complexes,ferric oxide polymaltose complexes,ferric oxide polymaltose complexes,B03AB05,B03AB,"Iron trivalent, oral preparations","Iron trivalent, oral preparations",unknown
ferric proteinsuccinylate,ferric proteinsuccinylate,ferric proteinsuccinylate,B03AB09,B03AB,"Iron trivalent, oral preparations","Iron trivalent, oral preparations",unknown
ferric sodium citrate,ferric sodium citrate,ferric sodium citrate,B03AB01,B03AB,"Iron trivalent, oral preparations","Iron trivalent, oral preparations",unknown
ferristene,ferristene,ferristene,V08CB02,V08CB,Superparamagnetic contrast media,Superparamagnetic contrast media,unknown
ferrous amino acid complex,ferrous amino acid complex,ferrous amino acid complex,B03AD01,B03AD,Iron in combination with folic acid,Iron in combination with folic acid,unknown
ferrous ascorbate,ferrous ascorbate,ferrous ascorbate,B03AA10,B03AA,"Iron bivalent, oral preparations","Iron bivalent, oral preparations",unknown
ferrous aspartate,ferrous aspartate,ferrous aspartate,B03AA09,B03AA,"Iron bivalent, oral preparations","Iron bivalent, oral preparations",unknown
ferrous carbonate,ferrous carbonate,ferrous carbonate,B03AA04,B03AA,"Iron bivalent, oral preparations","Iron bivalent, oral preparations",unknown
ferrous chloride,ferrous chloride,ferrous chloride,B03AA05,B03AA,"Iron bivalent, oral preparations","Iron bivalent, oral preparations",unknown
ferrous fumarate,ferrous fumarate,ferrous fumarate,B03AA02,B03AA,"Iron bivalent, oral preparations","Iron bivalent, oral preparations",unknown
ferrous gluconate,ferrous gluconate,ferrous gluconate,B03AA03,B03AA,"Iron bivalent, oral preparations","Iron bivalent, oral preparations",unknown
ferrous glycine sulfate,ferrous glycine sulfate,ferrous glycine sulfate,B03AA01,B03AA,"Iron bivalent, oral preparations","Iron bivalent, oral preparations",unknown
ferrous iodine,ferrous iodine,ferrous iodine,B03AA11,B03AA,"Iron bivalent, oral preparations","Iron bivalent, oral preparations",unknown
ferrous sodium citrate,ferrous sodium citrate,ferrous sodium citrate,B03AA12,B03AA,"Iron bivalent, oral preparations","Iron bivalent, oral preparations",unknown
ferrous succinate,ferrous succinate,ferrous succinate,B03AA06,B03AA,"Iron bivalent, oral preparations","Iron bivalent, oral preparations",unknown
ferrous sulfate,ferrous sulfate,ferrous sulfate,B03AA07,B03AA,"Iron bivalent, oral preparations","Iron bivalent, oral preparations",unknown
ferrous tartrate,ferrous tartrate,ferrous tartrate,B03AA08,B03AA,"Iron bivalent, oral preparations","Iron bivalent, oral preparations",unknown
ferumoxsil,ferumoxsil,ferumoxsil,V08CB01,V08CB,Superparamagnetic contrast media,Superparamagnetic contrast media,unknown
fesoterodine,fesoterodine,fesoterodine,G04BD11,G04BD,Drugs for urinary frequency and incontinence,Drugs for urinary frequency and incontinence,unknown
fexapotide,fexapotide,fexapotide,G04CX04,G04CX,Other drugs used in benign prostatic hypertrophy,Other drugs used in benign prostatic hypertrophy,unknown
fexinidazole,fexinidazole,fexinidazole,P01CA03,P01CA,Nitroimidazole derivatives,Nitroimidazole derivatives,unknown
fexofenadine,fexofenadine,fexofenadine,R06AX26,R06AX,Other antihistamines for systemic use,Other antihistamines for systemic use,antihistamine
fibrinogen 125i,fibrinogen (125I),fibrinogen (125I),V09GB01,V09GB,Iodine (125I) compounds,Iodine (125I) compounds,unknown
fibrinolysin,fibrinolysin,fibrinolysin,B01AD05,B01AD,Enzymes,Enzymes,unknown
fidaxomicin,fidaxomicin,fidaxomicin,A07AA12,A07AA,Antibiotics,Antibiotics,unknown
filgotinib,filgotinib,filgotinib,L04AA45,L04AA,Selective immunosuppressants,Selective immunosuppressants,unknown
filgrastim,filgrastim,filgrastim,L03AA02,L03AA,Colony stimulating factors,Colony stimulating factors,unknown
fimasartan,fimasartan,fimasartan,C09CA10,C09CA,"Angiotensin II receptor blockers (ARBs), plain","Angiotensin II receptor blockers (ARBs), plain",arb
finasteride,finasteride,finasteride,D11AX10,D11AX,Other dermatologicals,Other dermatologicals,unknown
fingolimod,fingolimod,fingolimod,L04AA27,L04AA,Selective immunosuppressants,Selective immunosuppressants,unknown
fipexide,fipexide,fipexide,N06BX05,N06BX,Other psychostimulants and nootropics,Other psychostimulants and nootropics,unknown
flavoxate,flavoxate,flavoxate,G04BD02,G04BD,Drugs for urinary frequency and incontinence,Drugs for urinary frequency and incontinence,unknown
flecainide,flecainide,flecainide,C01BC04,C01BC,"Antiarrhythmics, class Ic","Antiarrhythmics, class Ic",unknown
fleroxacin,fleroxacin,fleroxacin,J01MA08,J01MA,Fluoroquinolones,Fluoroquinolones,fluoroquinolone
flibanserin,flibanserin,flibanserin,G02CX02,G02CX,Other gynecologicals,Other gynecologicals,unknown
floctafenine,floctafenine,floctafenine,N02BG04,N02BG,Other analgesics and antipyretics,Other analgesics and antipyretics,unknown
flomoxef,flomoxef,flomoxef,J01DC14,J01DC,Second-generation cephalosporins,Second-generation cephalosporins,cephalosporin
florbetaben 18f,florbetaben (18F),florbetaben (18F),V09AX06,V09AX,Other central nervous system diagnostic radiopharmaceuticals,Other central nervous system diagnostic radiopharmaceuticals,unknown
florbetapir 18f,florbetapir (18F),florbetapir (18F),V09AX05,V09AX,Other central nervous system diagnostic radiopharmaceuticals,Other central nervous system diagnostic radiopharmaceuticals,unknown
flosequinan,flosequinan,flosequinan,C01DB01,C01DB,Quinolone vasodilators,Quinolone vasodilators,unknown
flowers,flowers,flowers,V01AA10,V01AA,Allergen extracts,Allergen extracts,unknown
floxuridine,floxuridine,floxuridine,L01BC09,L01BC,Pyrimidine analogues,Pyrimidine analogues,unknown
fluanisone,fluanisone,fluanisone,N05AD09,N05AD,Butyrophenone derivatives,Butyrophenone derivatives,unknown
flubendazole,flubendazole,flubendazole,P02CA05,P02CA,Benzimidazole derivatives,Benzimidazole derivatives,unknown
fluciclovine 18f,fluciclovine (18F),fluciclovine (18F),V09IX12,V09IX,Other diagnostic radiopharmaceuticals for tumour detection,Other diagnostic radiopharmaceuticals for tumour detection,unknown
fluclorolone,fluclorolone,fluclorolone,D07AC02,D07AC,"Corticosteroids, potent (group III)","Corticosteroids, potent (group III)",unknown
flucloxacillin,flucloxacillin,flucloxacillin,J01CF05,J01CF,Beta-lactamase resistant penicillins,Beta-lactamase resistant penicillins,penicillin
fluconazole,fluconazole,fluconazole,J02AC01,J02AC,Triazole derivatives,Triazole derivatives,unknown
flucytosine,flucytosine,flucytosine,J02AX01,J02AX,Other antimycotics for systemic use,Other antimycotics for systemic use,unknown
fludarabine,fludarabine,fludarabine,L01BB05,L01BB,Purine analogues,Purine analogues,unknown
fludeoxyglucose 18f,fludeoxyglucose (18F),fludeoxyglucose (18F),V09IX04,V09IX,Other diagnostic radiopharmaceuticals for tumour detection,Other diagnostic radiopharmaceuticals for tumour detection,unknown
fludiazepam,fludiazepam,fludiazepam,N05BA17,N05BA,Benzodiazepine derivatives,Benzodiazepine derivatives,benzodiazepine
fludrocortisone,fludrocortisone,fludrocortisone,H02AA02,H02AA,Mineralocorticoids,Mineralocorticoids,unknown
fludroxycortide,fludroxycortide,fludroxycortide,D07AC07,D07AC,"Corticosteroids, potent (group III)","Corticosteroids, potent (group III)",unknown
flufenamic acid,flufenamic acid,flufenamic acid,M01AG03,M01AG,Fenamates,Fenamates,nsaid
fluindione,fluindione,fluindione,B01AA12,B01AA,Vitamin K antagonists,Vitamin K antagonists,anticoagulant
flumazenil,flumazenil,flumazenil,V03AB25,V03AB,Antidotes,Antidotes,unknown
flumedroxone,flumedroxone,flumedroxone,N02CB01,N02CB,Corticosteroid derivatives,Corticosteroid derivatives,unknown
flumequine,flumequine,flumequine,J01MB07,J01MB,Other quinolones,Other quinolones,unknown
flumetasone,flumetasone,flumetasone,D07AB03,D07AB,"Corticosteroids, moderately potent (group II)","Corticosteroids, moderately potent (group II)",unknown
flunarizine,flunarizine,flunarizine,N07CA03,N07CA,Antivertigo preparations,Antivertigo preparations,unknown
flunisolide,flunisolide,flunisolide,R01AD04,R01AD,Corticosteroids,Corticosteroids,unknown
flunitrazepam,flunitrazepam,flunitrazepam,N05CD03,N05CD,Benzodiazepine derivatives,Benzodiazepine derivatives,benzodiazepine
flunoxaprofen,flunoxaprofen,flunoxaprofen,G02CC04,G02CC,Antiinflammatory products for vaginal administration,Antiinflammatory products for vaginal administration,nsaid
fluocinolone acetonide,fluocinolone acetonide,fluocinolone acetonide,C05AA10,C05AA,Corticosteroids,Corticosteroids,unknown
fluocinonide,fluocinonide,fluocinonide,C05AA11,C05AA,Corticosteroids,Corticosteroids,unknown
fluocortin,fluocortin,fluocortin,D07AB04,D07AB,"Corticosteroids, moderately potent (group II)","Corticosteroids, moderately potent (group II)",unknown
fluocortolone,fluocortolone,fluocortolone,H02AB03,H02AB,Glucocorticoids,Glucocorticoids,unknown
fluorescein,fluorescein,fluorescein,S01JA01,S01JA,Colouring agents,Colouring agents,unknown
fluorocarbon blood substitutes,fluorocarbon blood substitutes,fluorocarbon blood substitutes,B05AA03,B05AA,Blood substitutes and plasma protein fractions,Blood substitutes and plasma protein fractions,unknown
fluorocholine 18f,fluorocholine(18F),fluorocholine(18F),V09IX07,V09IX,Other diagnostic radiopharmaceuticals for tumour detection,Other diagnostic radiopharmaceuticals for tumour detection,unknown
fluorodopa 18f,fluorodopa (18F),fluorodopa (18F),V09IX05,V09IX,Other diagnostic radiopharmaceuticals for tumour detection,Other diagnostic radiopharmaceuticals for tumour detection,unknown
fluoroestradiol 18f,fluoroestradiol (18F),fluoroestradiol (18F),V09IX11,V09IX,Other diagnostic radiopharmaceuticals for tumour detection,Other diagnostic radiopharmaceuticals for tumour detection,unknown
fluoroethyl-l-tyrosine 18f,fluoroethyl-L-tyrosine (18F),fluoroethyl-L-tyrosine (18F),V09IX10,V09IX,Other diagnostic radiopharmaceuticals for tumour detection,Other diagnostic radiopharmaceuticals for tumour detection,unknown
fluoroethylcholine 18f,fluoroethylcholine (18F),fluoroethylcholine (18F),V09IX08,V09IX,Other diagnostic radiopharmaceuticals for tumour detection,Other diagnostic radiopharmaceuticals for tumour detection,unknown
fluorometholone,fluorometholone,fluorometholone,C05AA06,C05AA,Corticosteroids,Corticosteroids,unknown
fluorouracil,fluorouracil,fluorouracil,L01BC02,L01BC,Pyrimidine analogues,Pyrimidine analogues,unknown
fluostigmine,fluostigmine,fluostigmine,S01EB07,S01EB,Parasympathomimetics,Parasympathomimetics,unknown
fluoxetine,fluoxetine,fluoxetine,N06AB03,N06AB,Selective serotonin reuptake inhibitors,Selective serotonin reuptake inhibitors,unknown
fluoxymesterone,fluoxymesterone,fluoxymesterone,G03BA01,G03BA,3-oxoandrosten (4) derivatives,3-oxoandrosten (4) derivatives,unknown
flupentixol,flupentixol,flupentixol,N05AF01,N05AF,Thioxanthene derivatives,Thioxanthene derivatives,unknown
fluperolone,fluperolone,fluperolone,D07AB05,D07AB,"Corticosteroids, moderately potent (group II)","Corticosteroids, moderately potent (group II)",unknown
fluphenazine,fluphenazine,fluphenazine,N05AB02,N05AB,Phenothiazines with piperazine structure,Phenothiazines with piperazine structure,unknown
flupirtine,flupirtine,flupirtine,N02BG07,N02BG,Other analgesics and antipyretics,Other analgesics and antipyretics,unknown
fluprednidene,fluprednidene,fluprednidene,D07AB07,D07AB,"Corticosteroids, moderately potent (group II)","Corticosteroids, moderately potent (group II)",unknown
flurazepam,flurazepam,flurazepam,N05CD01,N05CD,Benzodiazepine derivatives,Benzodiazepine derivatives,benzodiazepine
flurbiprofen,flurbiprofen,flurbiprofen,M01AE09,M01AE,Propionic acid derivatives,Propionic acid derivatives,nsaid
flurithromycin,flurithromycin,flurithromycin,J01FA14,J01FA,Macrolides,Macrolides,macrolide
fluspirilene,fluspirilene,fluspirilene,N05AG01,N05AG,Diphenylbutylpiperidine derivatives,Diphenylbutylpiperidine derivatives,unknown
flutamide,flutamide,flutamide,L02BB01,L02BB,Anti-androgens,Anti-androgens,unknown
flutemetamol 18f,flutemetamol (18F),flutemetamol (18F),V09AX04,V09AX,Other central nervous system diagnostic radiopharmaceuticals,Other central nervous system diagnostic radiopharmaceuticals,unknown
fluticasone,fluticasone,fluticasone,D07AC17,D07AC,"Corticosteroids, potent (group III)","Corticosteroids, potent (group III)",unknown
fluticasone furoate,fluticasone furoate,fluticasone furoate,R01AD12,R01AD,Corticosteroids,Corticosteroids,unknown
flutrimazole,flutrimazole,flutrimazole,D01AC16,D01AC,Imidazole and triazole derivatives,Imidazole and triazole derivatives,unknown
fluvastatin,fluvastatin,fluvastatin,C10AA04,C10AA,HMG CoA reductase inhibitors,HMG CoA reductase inhibitors,statin
fluvoxamine,fluvoxamine,fluvoxamine,N06AB08,N06AB,Selective serotonin reuptake inhibitors,Selective serotonin reuptake inhibitors,unknown
folic acid,folic acid,folic acid,B03BB01,B03BB,Folic acid and derivatives,Folic acid and derivatives,unknown
follitropin alfa,follitropin alfa,follitropin alfa,G03GA05,G03GA,Gonadotropins,Gonadotropins,unknown
follitropin beta,follitropin beta,follitropin beta,G03GA06,G03GA,Gonadotropins,Gonadotropins,unknown
follitropin delta,follitropin delta,follitropin delta,G03GA10,G03GA,Gonadotropins,Gonadotropins,unknown
fomepizole,fomepizole,fomepizole,V03AB34,V03AB,Antidotes,Antidotes,unknown
fomivirsen,fomivirsen,fomivirsen,S01AD08,S01AD,Antivirals,Antivirals,unknown
fondaparinux,fondaparinux,fondaparinux,B01AX05,B01AX,Other antithrombotic agents,Other antithrombotic agents,unknown
food,food,food,V01AA08,V01AA,Allergen extracts,Allergen extracts,unknown
formestane,formestane,formestane,L02BG02,L02BG,Aromatase inhibitors,Aromatase inhibitors,unknown
formocortal,formocortal,formocortal,S01BA12,S01BA,"Corticosteroids, plain","Corticosteroids, plain",unknown
formoterol,formoterol,formoterol,R03AC13,R03AC,Selective beta-2-adrenoreceptor agonists,Selective beta-2-adrenoreceptor agonists,unknown
fosamprenavir,fosamprenavir,fosamprenavir,J05AE07,J05AE,Protease inhibitors,Protease inhibitors,unknown
foscarnet,foscarnet,foscarnet,J05AD01,J05AD,Phosphonic acid derivatives,Phosphonic acid derivatives,unknown
fosfestrol,fosfestrol,fosfestrol,L02AA04,L02AA,Estrogens,Estrogens,unknown
fosfocreatine,fosfocreatine,fosfocreatine,C01EB06,C01EB,Other cardiac preparations,Other cardiac preparations,unknown
fosfomycin,fosfomycin,fosfomycin,J01XX01,J01XX,Other antibacterials,Other antibacterials,unknown
fosfonet,fosfonet,fosfonet,J05AD02,J05AD,Phosphonic acid derivatives,Phosphonic acid derivatives,unknown
fosinopril,fosinopril,fosinopril,C09AA09,C09AA,"ACE inhibitors, plain","ACE inhibitors, plain",ace_inhibitor
fosphenytoin,fosphenytoin,fosphenytoin,N03AB05,N03AB,Hydantoin derivatives,Hydantoin derivatives,unknown
fosravuconazole,fosravuconazole,fosravuconazole,D01BA03,D01BA,Antifungals for systemic use,Antifungals for systemic use,unknown
fostamatinib,fostamatinib,fostamatinib,B02BX09,B02BX,Other systemic hemostatics,Other systemic hemostatics,unknown
fostemsavir,fostemsavir,fostemsavir,J05AX29,J05AX,Other antivirals,Other antivirals,unknown
fotemustine,fotemustine,fotemustine,L01AD05,L01AD,Nitrosoureas,Nitrosoureas,unknown
framycetin,framycetin,framycetin,D09AA01,D09AA,Medicated dressings with antiinfectives,Medicated dressings with antiinfectives,unknown
fremanezumab,fremanezumab,fremanezumab,N02CD03,N02CD,Calcitonin gene-related peptide (CGRP) antagonists,Calcitonin gene-related peptide (CGRP) antagonists,unknown
frovatriptan,frovatriptan,frovatriptan,N02CC07,N02CC,Selective serotonin (5HT1) agonists,Selective serotonin (5HT1) agonists,unknown
fructose,fructose,fructose,V06DC02,V06DC,Carbohydrates,Carbohydrates,unknown
fulvestrant,fulvestrant,fulvestrant,L02BA03,L02BA,Anti-estrogens,Anti-estrogens,unknown
fumagillin,fumagillin,fumagillin,P01AX10,P01AX,Other agents against amoebiasis and other protozoal diseases,Other agents against amoebiasis and other protozoal diseases,unknown
fumaric acid,fumaric acid,fumaric acid,D05AX01,D05AX,Other antipsoriatics for topical use,Other antipsoriatics for topical use,unknown
furazidin,furazidin,furazidin,J01XE03,J01XE,Nitrofuran derivatives,Nitrofuran derivatives,unknown
furazolidone,furazolidone,furazolidone,G01AX06,G01AX,Other antiinfectives and antiseptics,Other antiinfectives and antiseptics,unknown
furosemide,furosemide,furosemide,C03CA01,C03CA,"Sulfonamides, plain","Sulfonamides, plain",unknown
fusafungine,fusafungine,fusafungine,R02AB03,R02AB,Antibiotics,Antibiotics,unknown
fusidic acid,fusidic acid,fusidic acid,J01XC01,J01XC,Steroid antibacterials,Steroid antibacterials,unknown
g-strophanthin,g-strophanthin,g-strophanthin,C01AC01,C01AC,Strophanthus glycosides,Strophanthus glycosides,unknown
gabapentin,gabapentin,gabapentin,N03AX12,N03AX,Other antiepileptics,Other antiepileptics,unknown
gadobenic acid,gadobenic acid,gadobenic acid,V08CA08,V08CA,Paramagnetic contrast media,Paramagnetic contrast media,unknown
gadobutrol,gadobutrol,gadobutrol,V08CA09,V08CA,Paramagnetic contrast media,Paramagnetic contrast media,unknown
gadodiamide,gadodiamide,gadodiamide,V08CA03,V08CA,Paramagnetic contrast media,Paramagnetic contrast media,unknown
gadofosveset,gadofosveset,gadofosveset,V08CA11,V08CA,Paramagnetic contrast media,Paramagnetic contrast media,unknown
gadopentetic acid,gadopentetic acid,gadopentetic acid,V08CA01,V08CA,Paramagnetic contrast media,Paramagnetic contrast media,unknown
gadoteric acid,gadoteric acid,gadoteric acid,V08CA02,V08CA,Paramagnetic contrast media,Paramagnetic contrast media,unknown
gadoteridol,gadoteridol,gadoteridol,V08CA04,V08CA,Paramagnetic contrast media,Paramagnetic contrast media,unknown
gadoversetamide,gadoversetamide,gadoversetamide,V08CA06,V08CA,Paramagnetic contrast media,Paramagnetic contrast media,unknown
gadoxetic acid,gadoxetic acid,gadoxetic acid,V08CA10,V08CA,Paramagnetic contrast media,Paramagnetic contrast media,unknown
galactose,galactose,galactose,V04CE01,V04CE,Tests for liver functional capacity,Tests for liver functional capacity,unknown
galantamine,galantamine,galantamine,N06DA04,N06DA,Anticholinesterases,Anticholinesterases,unknown
galcanezumab,galcanezumab,galcanezumab,N02CD02,N02CD,Calcitonin gene-related peptide (CGRP) antagonists,Calcitonin gene-related peptide (CGRP) antagonists,unknown
gallamine,gallamine,gallamine,M03AC02,M03AC,Other quaternary ammonium compounds,Other quaternary ammonium compounds,unknown
gallium 67ga citrate,gallium (67Ga) citrate,gallium (67Ga) citrate,V09HX01,V09HX,Other diagnostic radiopharmaceuticals for inflammation and infection detection,Other diagnostic radiopharmaceuticals for inflammation and infection detection,unknown
gallium 68ga edotreotide,gallium (68Ga) edotreotide,gallium (68Ga) edotreotide,V09IX09,V09IX,Other diagnostic radiopharmaceuticals for tumour detection,Other diagnostic radiopharmaceuticals for tumour detection,unknown
gallopamil,gallopamil,gallopamil,C08DA02,C08DA,Phenylalkylamine derivatives,Phenylalkylamine derivatives,unknown
galsulfase,galsulfase,galsulfase,A16AB08,A16AB,Enzymes,Enzymes,unknown
gamolenic acid,gamolenic acid,gamolenic acid,D11AX02,D11AX,Other dermatologicals,Other dermatologicals,unknown
ganciclovir,ganciclovir,ganciclovir,J05AB06,J05AB,Nucleosides and nucleotides excl. reverse transcriptase inhibitors,Nucleosides and nucleotides excl. reverse transcriptase inhibitors,unknown
ganirelix,ganirelix,ganirelix,H01CC01,H01CC,Anti-gonadotropin-releasing hormones,Anti-gonadotropin-releasing hormones,unknown
garenoxacin,garenoxacin,garenoxacin,J01MA19,J01MA,Fluoroquinolones,Fluoroquinolones,fluoroquinolone
gas-gangrene sera,gas-gangrene sera,gas-gangrene sera,J06AA05,J06AA,Immune sera,Immune sera,unknown
gatifloxacin,gatifloxacin,gatifloxacin,J01MA16,J01MA,Fluoroquinolones,Fluoroquinolones,fluoroquinolone
gedocarnil,gedocarnil,gedocarnil,N05BX02,N05BX,Other anxiolytics,Other anxiolytics,unknown
gefarnate,gefarnate,gefarnate,A02BX07,A02BX,Other drugs for peptic ulcer and gastro-oesophageal reflux disease (GORD),Other drugs for peptic ulcer and gastro-oesophageal reflux disease (GORD),unknown
gefitinib,gefitinib,gefitinib,L01EB01,L01EB,Epidermal growth factor receptor (EGFR) tyrosine kinase inhibitors,Epidermal growth factor receptor (EGFR) tyrosine kinase inhibitors,unknown
gelatin agents,gelatin agents,gelatin agents,B05AA06,B05AA,Blood substitutes and plasma protein fractions,Blood substitutes and plasma protein fractions,unknown
gemcitabine,gemcitabine,gemcitabine,L01BC05,L01BC,Pyrimidine analogues,Pyrimidine analogues,unknown
gemeprost,gemeprost,gemeprost,G02AD03,G02AD,Prostaglandins,Prostaglandins,unknown
gemfibrozil,gemfibrozil,gemfibrozil,C10AB04,C10AB,Fibrates,Fibrates,unknown
gemifloxacin,gemifloxacin,gemifloxacin,J01MA15,J01MA,Fluoroquinolones,Fluoroquinolones,fluoroquinolone
gemigliptin,gemigliptin,gemigliptin,A10BH06,A10BH,Dipeptidyl peptidase 4 (DPP-4) inhibitors,Dipeptidyl peptidase 4 (DPP-4) inhibitors,unknown
gemtuzumab ozogamicin,gemtuzumab ozogamicin,gemtuzumab ozogamicin,L01XC05,L01XC,Monoclonal antibodies,Monoclonal antibodies,unknown
gentamicin,gentamicin,gentamicin,J01GB03,J01GB,Other aminoglycosides,Other aminoglycosides,aminoglycoside
gepefrine,gepefrine,gepefrine,C01CA15,C01CA,Adrenergic and dopaminergic agents,Adrenergic and dopaminergic agents,unknown
gepirone,gepirone,gepirone,N06AX19,N06AX,Other antidepressants,Other antidepressants,unknown
gestonorone,gestonorone,gestonorone,G03DA01,G03DA,Pregnen (4) derivatives,Pregnen (4) derivatives,unknown
gestrinone,gestrinone,gestrinone,G03XA02,G03XA,Antigonadotropins and similar agents,Antigonadotropins and similar agents,unknown
gilteritinib,gilteritinib,gilteritinib,L01EX13,L01EX,Other protein kinase inhibitors,Other protein kinase inhibitors,unknown
ginkgo folium,Ginkgo folium,Ginkgo folium,N06DX02,N06DX,Other anti-dementia drugs,Other anti-dementia drugs,unknown
gitoformate,gitoformate,gitoformate,C01AA09,C01AA,Digitalis glycosides,Digitalis glycosides,unknown
givosiran,givosiran,givosiran,A16AX16,A16AX,Various alimentary tract and metabolism products,Various alimentary tract and metabolism products,unknown
glafenine,glafenine,glafenine,N02BG03,N02BG,Other analgesics and antipyretics,Other analgesics and antipyretics,unknown
glasdegib,glasdegib,glasdegib,L01XJ03,L01XJ,Hedgehog pathway inhibitors,Hedgehog pathway inhibitors,unknown
glatiramer acetate,glatiramer acetate,glatiramer acetate,L03AX13,L03AX,Other immunostimulants,Other immunostimulants,unknown
glibenclamide,glibenclamide,glibenclamide,A10BB01,A10BB,Sulfonylureas,Sulfonylureas,sulfonylurea
glibornuride,glibornuride,glibornuride,A10BB04,A10BB,Sulfonylureas,Sulfonylureas,sulfonylurea
gliclazide,gliclazide,gliclazide,A10BB09,A10BB,Sulfonylureas,Sulfonylureas,sulfonylurea
glimepiride,glimepiride,glimepiride,A10BB12,A10BB,Sulfonylureas,Sulfonylureas,sulfonylurea
glipizide,glipizide,glipizide,A10BB07,A10BB,Sulfonylureas,Sulfonylureas,sulfonylurea
gliquidone,gliquidone,gliquidone,A10BB08,A10BB,Sulfonylureas,Sulfonylureas,sulfonylurea
glisoxepide,glisoxepide,glisoxepide,A10BB11,A10BB,Sulfonylureas,Sulfonylureas,sulfonylurea
glucagon,glucagon,glucagon,H04AA01,H04AA,Glycogenolytic hormones,Glycogenolytic hormones,unknown
glucarpidase,glucarpidase,glucarpidase,V03AF09,V03AF,Detoxifying agents for antineoplastic treatment,Detoxifying agents for antineoplastic treatment,unknown
glucosamine,glucosamine,glucosamine,M01AX05,M01AX,"Other antiinflammatory and antirheumatic agents, non-steroids","Other antiinflammatory and antirheumatic agents, non-steroids",nsaid
glucosaminoglycan polysulfate,glucosaminoglycan polysulfate,glucosaminoglycan polysulfate,M01AX12,M01AX,"Other antiinflammatory and antirheumatic agents, non-steroids","Other antiinflammatory and antirheumatic agents, non-steroids",nsaid
glucose,glucose,glucose,B05CX01,B05CX,Other irrigating solutions,Other irrigating solutions,unknown
glutamic acid hydrochloride,glutamic acid hydrochloride,glutamic acid hydrochloride,A09AB01,A09AB,Acid preparations,Acid preparations,unknown
glutamine,glutamine,glutamine,A16AA03,A16AA,Amino acids and derivatives,Amino acids and derivatives,unknown
glutathione,glutathione,glutathione,V03AB32,V03AB,Antidotes,Antidotes,unknown
glutethimide,glutethimide,glutethimide,N05CE01,N05CE,Piperidinedione derivatives,Piperidinedione derivatives,unknown
glycerol,glycerol,glycerol,A06AG04,A06AG,Enemas,Enemas,unknown
glycerol phenylbutyrate,glycerol phenylbutyrate,glycerol phenylbutyrate,A16AX09,A16AX,Various alimentary tract and metabolism products,Various alimentary tract and metabolism products,unknown
glyceryl trinitrate,glyceryl trinitrate,glyceryl trinitrate,C01DA02,C01DA,Organic nitrates,Organic nitrates,unknown
glycine,glycine,glycine,B05CX03,B05CX,Other irrigating solutions,Other irrigating solutions,unknown
glycobiarsol,glycobiarsol,glycobiarsol,P01AR03,P01AR,Arsenic compounds,Arsenic compounds,unknown
glycopyrronium,glycopyrronium,glycopyrronium,D11AA01,D11AA,Antihidrotics,Antihidrotics,unknown
glycopyrronium bromide,glycopyrronium bromide,glycopyrronium bromide,A03AB02,A03AB,"Synthetic anticholinergics, quaternary ammonium compounds","Synthetic anticholinergics, quaternary ammonium compounds",unknown
glycyrrhizic acid,glycyrrhizic acid,glycyrrhizic acid,A05BA08,A05BA,Liver therapy,Liver therapy,unknown
glymidine,glymidine,glymidine,A10BC01,A10BC,Sulfonamides (heterocyclic),Sulfonamides (heterocyclic),unknown
gold 198au colloidal,gold (198Au) colloidal,gold (198Au) colloidal,V10AX06,V10AX,Other antiinflammatory therapeutic radiopharmaceuticals,Other antiinflammatory therapeutic radiopharmaceuticals,unknown
golimumab,golimumab,golimumab,L04AB06,L04AB,Tumor necrosis factor alpha (TNF-alpha) inhibitors,Tumor necrosis factor alpha (TNF-alpha) inhibitors,unknown
golodirsen,golodirsen,golodirsen,M09AX08,M09AX,Other drugs for disorders of the musculo-skeletal system,Other drugs for disorders of the musculo-skeletal system,unknown
gonadorelin,gonadorelin,gonadorelin,H01CA01,H01CA,Gonadotropin-releasing hormones,Gonadotropin-releasing hormones,unknown
goserelin,goserelin,goserelin,L02AE03,L02AE,Gonadotropin releasing hormone analogues,Gonadotropin releasing hormone analogues,unknown
gramicidin,gramicidin,gramicidin,R02AB30,R02AB,Antibiotics,Antibiotics,unknown
granisetron,granisetron,granisetron,A04AA02,A04AA,Serotonin (5HT3) antagonists,Serotonin (5HT3) antagonists,unknown
grass pollen,grass pollen,grass pollen,V01AA02,V01AA,Allergen extracts,Allergen extracts,unknown
grazoprevir,grazoprevir,grazoprevir,J05AP11,J05AP,Antivirals for treatment of HCV infections,Antivirals for treatment of HCV infections,unknown
grepafloxacin,grepafloxacin,grepafloxacin,J01MA11,J01MA,Fluoroquinolones,Fluoroquinolones,fluoroquinolone
griseofulvin,griseofulvin,griseofulvin,D01BA01,D01BA,Antifungals for systemic use,Antifungals for systemic use,unknown
guacetisal,guacetisal,guacetisal,N02BA14,N02BA,Salicylic acid and derivatives,Salicylic acid and derivatives,unknown
guaiacolsulfonate,guaiacolsulfonate,guaiacolsulfonate,R05CA09,R05CA,Expectorants,Expectorants,unknown
guaiazulen,guaiazulen,guaiazulen,S01XA01,S01XA,Other ophthalmologicals,Other ophthalmologicals,unknown
guaifenesin,guaifenesin,guaifenesin,R05CA03,R05CA,Expectorants,Expectorants,unknown
guanazodine,guanazodine,guanazodine,C02CC06,C02CC,Guanidine derivatives,Guanidine derivatives,unknown
guanethidine,guanethidine,guanethidine,C02CC02,C02CC,Guanidine derivatives,Guanidine derivatives,unknown
guanfacine,guanfacine,guanfacine,C02AC02,C02AC,Imidazoline receptor agonists,Imidazoline receptor agonists,unknown
guanoclor,guanoclor,guanoclor,C02CC05,C02CC,Guanidine derivatives,Guanidine derivatives,unknown
guanoxabenz,guanoxabenz,guanoxabenz,C02CC07,C02CC,Guanidine derivatives,Guanidine derivatives,unknown
guanoxan,guanoxan,guanoxan,C02CC03,C02CC,Guanidine derivatives,Guanidine derivatives,unknown
guar gum,guar gum,guar gum,A10BX01,A10BX,"Other blood glucose lowering drugs, excl. insulins","Other blood glucose lowering drugs, excl. insulins",unknown
guselkumab,guselkumab,guselkumab,L04AC16,L04AC,Interleukin inhibitors,Interleukin inhibitors,unknown
gusperimus,gusperimus,gusperimus,L04AA19,L04AA,Selective immunosuppressants,Selective immunosuppressants,unknown
hachimycin,hachimycin,hachimycin,D01AA03,D01AA,Antibiotics,Antibiotics,unknown
halazepam,halazepam,halazepam,N05BA13,N05BA,Benzodiazepine derivatives,Benzodiazepine derivatives,benzodiazepine
halcinonide,halcinonide,halcinonide,D07AD02,D07AD,"Corticosteroids, very potent (group IV)","Corticosteroids, very potent (group IV)",unknown
halofantrine,halofantrine,halofantrine,P01BX01,P01BX,Other antimalarials,Other antimalarials,unknown
halometasone,halometasone,halometasone,D07AC12,D07AC,"Corticosteroids, potent (group III)","Corticosteroids, potent (group III)",unknown
haloperidol,haloperidol,haloperidol,N05AD01,N05AD,Butyrophenone derivatives,Butyrophenone derivatives,unknown
haloprogin,haloprogin,haloprogin,D01AE11,D01AE,Other antifungals for topical use,Other antifungals for topical use,unknown
halothane,halothane,halothane,N01AB01,N01AB,Halogenated hydrocarbons,Halogenated hydrocarbons,unknown
hederae helicis folium,Hederae helicis folium,Hederae helicis folium,R05CA12,R05CA,Expectorants,Expectorants,unknown
helium,helium,helium,V03AN03,V03AN,Medical gases,Medical gases,unknown
hemin,hemin,hemin,B06AB01,B06AB,Heme products,Heme products,unknown
hemoglobin crosfumaril,hemoglobin crosfumaril,hemoglobin crosfumaril,B05AA08,B05AA,Blood substitutes and plasma protein fractions,Blood substitutes and plasma protein fractions,unknown
hemoglobin glutamer bovine,hemoglobin glutamer (bovine),hemoglobin glutamer (bovine),B05AA10,B05AA,Blood substitutes and plasma protein fractions,Blood substitutes and plasma protein fractions,unknown
hemoglobin raffimer,hemoglobin raffimer,hemoglobin raffimer,B05AA09,B05AA,Blood substitutes and plasma protein fractions,Blood substitutes and plasma protein fractions,unknown
heparin,heparin,heparin,B01AB01,B01AB,Heparin group,Heparin group,unknown
hepatitis a immunoglobulin,hepatitis A immunoglobulin,hepatitis A immunoglobulin,J06BB11,J06BB,Specific immunoglobulins,Specific immunoglobulins,unknown
hepatitis b immunoglobulin,hepatitis B immunoglobulin,hepatitis B immunoglobulin,J06BB04,J06BB,Specific immunoglobulins,Specific immunoglobulins,unknown
heptabarbital,heptabarbital,heptabarbital,N05CA11,N05CA,"Barbiturates, plain","Barbiturates, plain",unknown
heptaminol,heptaminol,heptaminol,C01DX08,C01DX,Other vasodilators used in cardiac diseases,Other vasodilators used in cardiac diseases,unknown
hetacillin,hetacillin,hetacillin,J01CA18,J01CA,Penicillins with extended spectrum,Penicillins with extended spectrum,penicillin
hexachlorophene,hexachlorophene,hexachlorophene,D08AE01,D08AE,Phenol and derivatives,Phenol and derivatives,unknown
hexafluronium,hexafluronium,hexafluronium,M03AC05,M03AC,Other quaternary ammonium compounds,Other quaternary ammonium compounds,unknown
hexamidine,hexamidine,hexamidine,D08AC04,D08AC,Biguanides and amidines,Biguanides and amidines,unknown
hexaminolevulinate,hexaminolevulinate,hexaminolevulinate,V04CX06,V04CX,Other diagnostic agents,Other diagnostic agents,unknown
hexapropymate,hexapropymate,hexapropymate,N05CM10,N05CM,Other hypnotics and sedatives,Other hypnotics and sedatives,unknown
hexetidine,hexetidine,hexetidine,A01AB12,A01AB,Antiinfectives and antiseptics for local oral treatment,Antiinfectives and antiseptics for local oral treatment,unknown
hexobarbital,hexobarbital,hexobarbital,N05CA16,N05CA,"Barbiturates, plain","Barbiturates, plain",unknown
hexobendine,hexobendine,hexobendine,C01DX06,C01DX,Other vasodilators used in cardiac diseases,Other vasodilators used in cardiac diseases,unknown
hexocyclium,hexocyclium,hexocyclium,A03AB10,A03AB,"Synthetic anticholinergics, quaternary ammonium compounds","Synthetic anticholinergics, quaternary ammonium compounds",unknown
hexoprenaline,hexoprenaline,hexoprenaline,R03CC05,R03CC,Selective beta-2-adrenoreceptor agonists,Selective beta-2-adrenoreceptor agonists,unknown
hexylresorcinol,hexylresorcinol,hexylresorcinol,R02AA12,R02AA,Antiseptics,Antiseptics,unknown
hidrosmin,hidrosmin,hidrosmin,C05CA05,C05CA,Bioflavonoids,Bioflavonoids,unknown
hippocastani semen,Hippocastani semen,Hippocastani semen,C05CX03,C05CX,Other capillary stabilizing agents,Other capillary stabilizing agents,unknown
histamine dihydrochloride,histamine dihydrochloride,histamine dihydrochloride,L03AX14,L03AX,Other immunostimulants,Other immunostimulants,unknown
histamine phosphate,histamine phosphate,histamine phosphate,V04CG03,V04CG,Tests for gastric secretion,Tests for gastric secretion,unknown
histapyrrodine,histapyrrodine,histapyrrodine,R06AC02,R06AC,Substituted ethylene diamines,Substituted ethylene diamines,antihistamine
histrelin,histrelin,histrelin,L02AE05,L02AE,Gonadotropin releasing hormone analogues,Gonadotropin releasing hormone analogues,unknown
homatropine,homatropine,homatropine,S01FA05,S01FA,Anticholinergics,Anticholinergics,unknown
homatropine methylbromide,homatropine methylbromide,homatropine methylbromide,A03BB06,A03BB,"Belladonna alkaloids, semisynthetic, quaternary ammonium compounds","Belladonna alkaloids, semisynthetic, quaternary ammonium compounds",unknown
house dust mites,house dust mites,house dust mites,V01AA03,V01AA,Allergen extracts,Allergen extracts,unknown
human menopausal gonadotrophin,human menopausal gonadotrophin,human menopausal gonadotrophin,G03GA02,G03GA,Gonadotropins,Gonadotropins,unknown
hyaluronic acid,hyaluronic acid,hyaluronic acid,M09AX01,M09AX,Other drugs for disorders of the musculo-skeletal system,Other drugs for disorders of the musculo-skeletal system,unknown
hyaluronidase,hyaluronidase,hyaluronidase,B06AA03,B06AA,Enzymes,Enzymes,unknown
hydralazine,hydralazine,hydralazine,C02DB02,C02DB,Hydrazinophthalazine derivatives,Hydrazinophthalazine derivatives,unknown
hydrochloric acid,hydrochloric acid,hydrochloric acid,A09AB03,A09AB,Acid preparations,Acid preparations,unknown
hydrochlorothiazide,hydrochlorothiazide,hydrochlorothiazide,C03AA03,C03AA,"Thiazides, plain","Thiazides, plain",unknown
hydrocodone,hydrocodone,hydrocodone,R05DA03,R05DA,Opium alkaloids and derivatives,Opium alkaloids and derivatives,unknown
hydrocortisone,hydrocortisone,hydrocortisone,H02AB09,H02AB,Glucocorticoids,Glucocorticoids,unknown
hydrocortisone aceponate,hydrocortisone aceponate,hydrocortisone aceponate,D07AC16,D07AC,"Corticosteroids, potent (group III)","Corticosteroids, potent (group III)",unknown
hydrocortisone buteprate,hydrocortisone buteprate,hydrocortisone buteprate,D07AB11,D07AB,"Corticosteroids, moderately potent (group II)","Corticosteroids, moderately potent (group II)",unknown
hydrocortisone butyrate,hydrocortisone butyrate,hydrocortisone butyrate,D07AB02,D07AB,"Corticosteroids, moderately potent (group II)","Corticosteroids, moderately potent (group II)",unknown
hydroflumethiazide,hydroflumethiazide,hydroflumethiazide,C03AA02,C03AA,"Thiazides, plain","Thiazides, plain",unknown
hydrogen peroxide,hydrogen peroxide,hydrogen peroxide,A01AB02,A01AB,Antiinfectives and antiseptics for local oral treatment,Antiinfectives and antiseptics for local oral treatment,unknown
hydromorphone,hydromorphone,hydromorphone,N02AA03,N02AA,Natural opium alkaloids,Natural opium alkaloids,opioid
hydroquinidine,hydroquinidine,hydroquinidine,C01BA13,C01BA,"Antiarrhythmics, class Ia","Antiarrhythmics, class Ia",unknown
hydroquinine,hydroquinine,hydroquinine,M09AA01,M09AA,Quinine and derivatives,Quinine and derivatives,unknown
hydroquinone,hydroquinone,hydroquinone,D11AX11,D11AX,Other dermatologicals,Other dermatologicals,unknown
hydrotalcite,hydrotalcite,hydrotalcite,A02AD04,A02AD,"Combinations and complexes of aluminium, calcium and magnesium compounds","Combinations and complexes of aluminium, calcium and magnesium compounds",unknown
hydroxocobalamin,hydroxocobalamin,hydroxocobalamin,B03BA03,B03BA,Vitamin B12 (cyanocobalamin and analogues),Vitamin B12 (cyanocobalamin and analogues),unknown
hydroxycarbamide,hydroxycarbamide,hydroxycarbamide,L01XX05,L01XX,Other antineoplastic agents,Other antineoplastic agents,unknown
hydroxychloroquine,hydroxychloroquine,hydroxychloroquine,P01BA02,P01BA,Aminoquinolines,Aminoquinolines,unknown
hydroxyethylpromethazine,hydroxyethylpromethazine,hydroxyethylpromethazine,R06AD05,R06AD,Phenothiazine derivatives,Phenothiazine derivatives,antihistamine
hydroxyethylstarch,hydroxyethylstarch,hydroxyethylstarch,B05AA07,B05AA,Blood substitutes and plasma protein fractions,Blood substitutes and plasma protein fractions,unknown
hydroxyprogesterone,hydroxyprogesterone,hydroxyprogesterone,G03DA03,G03DA,Pregnen (4) derivatives,Pregnen (4) derivatives,unknown
hydroxyzine,hydroxyzine,hydroxyzine,N05BB01,N05BB,Diphenylmethane derivatives,Diphenylmethane derivatives,unknown
hymecromone,hymecromone,hymecromone,A05AX02,A05AX,Other drugs for bile therapy,Other drugs for bile therapy,unknown
hyoscyamine,hyoscyamine,hyoscyamine,A03BA03,A03BA,"Belladonna alkaloids, tertiary amines","Belladonna alkaloids, tertiary amines",unknown
hyperici herba,Hyperici herba,Hyperici herba,N06AX25,N06AX,Other antidepressants,Other antidepressants,unknown
hypromellose,hypromellose,hypromellose,S01KA02,S01KA,Viscoelastic substances,Viscoelastic substances,unknown
ibacitabine,ibacitabine,ibacitabine,D06BB08,D06BB,Antivirals,Antivirals,unknown
ibalizumab,ibalizumab,ibalizumab,J05AX23,J05AX,Other antivirals,Other antivirals,unknown
ibandronic acid,ibandronic acid,ibandronic acid,M05BA06,M05BA,Bisphosphonates,Bisphosphonates,unknown
ibopamine,ibopamine,ibopamine,C01CA16,C01CA,Adrenergic and dopaminergic agents,Adrenergic and dopaminergic agents,unknown
ibritumomab tiuxetan 90y,ibritumomab tiuxetan (90Y),ibritumomab tiuxetan (90Y),V10XX02,V10XX,Various therapeutic radiopharmaceuticals,Various therapeutic radiopharmaceuticals,unknown
ibrutinib,ibrutinib,ibrutinib,L01EL01,L01EL,Bruton's tyrosine kinase (BTK) inhibitors,Bruton's tyrosine kinase (BTK) inhibitors,unknown
ibudilast,ibudilast,ibudilast,R03DC04,R03DC,Leukotriene receptor antagonists,Leukotriene receptor antagonists,unknown
ibuprofen,ibuprofen,ibuprofen,M01AE01,M01AE,Propionic acid derivatives,Propionic acid derivatives,nsaid
ibuproxam,ibuproxam,ibuproxam,M01AE13,M01AE,Propionic acid derivatives,Propionic acid derivatives,nsaid
ibutilide,ibutilide,ibutilide,C01BD05,C01BD,"Antiarrhythmics, class III","Antiarrhythmics, class III",unknown
icatibant,icatibant,icatibant,B06AC02,B06AC,Drugs used in hereditary angioedema,Drugs used in hereditary angioedema,unknown
ichtasol,ichtasol,ichtasol,D10BX01,D10BX,Other anti-acne preparations for systemic use,Other anti-acne preparations for systemic use,unknown
iclaprim,iclaprim,iclaprim,J01EA03,J01EA,Trimethoprim and derivatives,Trimethoprim and derivatives,unknown
icotinib,icotinib,icotinib,L01EB08,L01EB,Epidermal growth factor receptor (EGFR) tyrosine kinase inhibitors,Epidermal growth factor receptor (EGFR) tyrosine kinase inhibitors,unknown
idanpramine,idanpramine,idanpramine,A03AX06,A03AX,Other drugs for functional gastrointestinal disorders,Other drugs for functional gastrointestinal disorders,unknown
idarubicin,idarubicin,idarubicin,L01DB06,L01DB,Anthracyclines and related substances,Anthracyclines and related substances,unknown
idarucizumab,idarucizumab,idarucizumab,V03AB37,V03AB,Antidotes,Antidotes,unknown
idebenone,idebenone,idebenone,N06BX13,N06BX,Other psychostimulants and nootropics,Other psychostimulants and nootropics,unknown
idelalisib,idelalisib,idelalisib,L01EM01,L01EM,Phosphatidylinositol-3-kinase (Pi3K) inhibitors,Phosphatidylinositol-3-kinase (Pi3K) inhibitors,unknown
idoxuridine,idoxuridine,idoxuridine,D06BB01,D06BB,Antivirals,Antivirals,unknown
idrocilamide,idrocilamide,idrocilamide,M02AX05,M02AX,Other topical products for joint and muscular pain,Other topical products for joint and muscular pain,unknown
idursulfase,idursulfase,idursulfase,A16AB09,A16AB,Enzymes,Enzymes,unknown
idursulfase beta,idursulfase beta,idursulfase beta,A16AB16,A16AB,Enzymes,Enzymes,unknown
ifenprodil,ifenprodil,ifenprodil,C04AX28,C04AX,Other peripheral vasodilators,Other peripheral vasodilators,unknown
ifosfamide,ifosfamide,ifosfamide,L01AA06,L01AA,Nitrogen mustard analogues,Nitrogen mustard analogues,unknown
iloperidone,iloperidone,iloperidone,N05AX14,N05AX,Other antipsychotics,Other antipsychotics,unknown
iloprost,iloprost,iloprost,B01AC11,B01AC,Platelet aggregation inhibitors excl. heparin,Platelet aggregation inhibitors excl. heparin,antiplatelet
imatinib,imatinib,imatinib,L01EA01,L01EA,BCR-ABL tyrosine kinase inhibitors,BCR-ABL tyrosine kinase inhibitors,unknown
imidapril,imidapril,imidapril,C09AA16,C09AA,"ACE inhibitors, plain","ACE inhibitors, plain",ace_inhibitor
imidazole salicylate,imidazole salicylate,imidazole salicylate,N02BA16,N02BA,Salicylic acid and derivatives,Salicylic acid and derivatives,unknown
imiglucerase,imiglucerase,imiglucerase,A16AB02,A16AB,Enzymes,Enzymes,unknown
imipramine,imipramine,imipramine,N06AA02,N06AA,Non-selective monoamine reuptake inhibitors,Non-selective monoamine reuptake inhibitors,unknown
imipramine oxide,imipramine oxide,imipramine oxide,N06AA03,N06AA,Non-selective monoamine reuptake inhibitors,Non-selective monoamine reuptake inhibitors,unknown
imiquimod,imiquimod,imiquimod,D06BB10,D06BB,Antivirals,Antivirals,unknown
imlifidase,imlifidase,imlifidase,L04AA41,L04AA,Selective immunosuppressants,Selective immunosuppressants,unknown
immunocyanin,immunocyanin,immunocyanin,L03AX10,L03AX,Other immunostimulants,Other immunostimulants,unknown
imolamine,imolamine,imolamine,C01DX09,C01DX,Other vasodilators used in cardiac diseases,Other vasodilators used in cardiac diseases,unknown
inclisiran,inclisiran,inclisiran,C10AX16,C10AX,Other lipid modifying agents,Other lipid modifying agents,unknown
indacaterol,indacaterol,indacaterol,R03AC18,R03AC,Selective beta-2-adrenoreceptor agonists,Selective beta-2-adrenoreceptor agonists,unknown
indanazoline,indanazoline,indanazoline,R01AA15,R01AA,"Sympathomimetics, plain","Sympathomimetics, plain",unknown
indapamide,indapamide,indapamide,C03BA11,C03BA,"Sulfonamides, plain","Sulfonamides, plain",unknown
indigo carmine,indigo carmine,indigo carmine,V04CH02,V04CH,Tests for renal function and ureteral injuries,Tests for renal function and ureteral injuries,unknown
indinavir,indinavir,indinavir,J05AE02,J05AE,Protease inhibitors,Protease inhibitors,unknown
indium 111in antiovariumcarcinoma antibody,indium (111In) antiovariumcarcinoma antibody,indium (111In) antiovariumcarcinoma antibody,V09IB03,V09IB,Indium (111In) compounds,Indium (111In) compounds,unknown
indium 111in capromab pendetide,indium (111In) capromab pendetide,indium (111In) capromab pendetide,V09IB04,V09IB,Indium (111In) compounds,Indium (111In) compounds,unknown
indium 111in imciromab,indium (111In) imciromab,indium (111In) imciromab,V09GX02,V09GX,Other cardiovascular system diagnostic radiopharmaceuticals,Other cardiovascular system diagnostic radiopharmaceuticals,unknown
indium 111in oxinate labelled cells,indium (111In) oxinate labelled cells,indium (111In) oxinate labelled cells,V09HB01,V09HB,Indium (111In) compounds,Indium (111In) compounds,unknown
indium 111in pentetic acid,indium (111In) pentetic acid,indium (111In) pentetic acid,V09AX01,V09AX,Other central nervous system diagnostic radiopharmaceuticals,Other central nervous system diagnostic radiopharmaceuticals,unknown
indium 111in pentetreotide,indium (111In) pentetreotide,indium (111In) pentetreotide,V09IB01,V09IB,Indium (111In) compounds,Indium (111In) compounds,unknown
indium 111in satumomab pendetide,indium (111In) satumomab pendetide,indium (111In) satumomab pendetide,V09IB02,V09IB,Indium (111In) compounds,Indium (111In) compounds,unknown
indium 111in tropolonate labelled cells,indium (111In) tropolonate labelled cells,indium (111In) tropolonate labelled cells,V09HB02,V09HB,Indium (111In) compounds,Indium (111In) compounds,unknown
indobufen,indobufen,indobufen,B01AC10,B01AC,Platelet aggregation inhibitors excl. heparin,Platelet aggregation inhibitors excl. heparin,antiplatelet
indocyanine green,indocyanine green,indocyanine green,V04CX01,V04CX,Other diagnostic agents,Other diagnostic agents,unknown
indometacin,indometacin,indometacin,M01AB01,M01AB,Acetic acid derivatives and related substances,Acetic acid derivatives and related substances,nsaid
indoprofen,indoprofen,indoprofen,M01AE10,M01AE,Propionic acid derivatives,Propionic acid derivatives,nsaid
indoramin,indoramin,indoramin,C02CA02,C02CA,Alpha-adrenoreceptor antagonists,Alpha-adrenoreceptor antagonists,unknown
inebilizumab,inebilizumab,inebilizumab,L04AA47,L04AA,Selective immunosuppressants,Selective immunosuppressants,unknown
infliximab,infliximab,infliximab,L04AB02,L04AB,Tumor necrosis factor alpha (TNF-alpha) inhibitors,Tumor necrosis factor alpha (TNF-alpha) inhibitors,unknown
ingenol mebutate,ingenol mebutate,ingenol mebutate,D06BX02,D06BX,Other chemotherapeutics,Other chemotherapeutics,unknown
inosine,inosine,inosine,D06BB05,D06BB,Antivirals,Antivirals,unknown
inosine pranobex,inosine pranobex,inosine pranobex,J05AX05,J05AX,Other antivirals,Other antivirals,unknown
inositol,inositol,inositol,A11HA07,A11HA,Other plain vitamin preparations,Other plain vitamin preparations,unknown
inositol nicotinate,inositol nicotinate,inositol nicotinate,C04AC03,C04AC,Nicotinic acid and derivatives,Nicotinic acid and derivatives,unknown
inotersen,inotersen,inotersen,N07XX15,N07XX,Other nervous system drugs,Other nervous system drugs,unknown
inotuzumab ozogamicin,inotuzumab ozogamicin,inotuzumab ozogamicin,L01XC26,L01XC,Monoclonal antibodies,Monoclonal antibodies,unknown
insects,insects,insects,V01AA07,V01AA,Allergen extracts,Allergen extracts,unknown
insulin aspart,insulin aspart,insulin aspart,A10AB05,A10AB,"Insulins and analogues for injection, fast-acting","Insulins and analogues for injection, fast-acting",unknown
insulin beef,insulin (beef),insulin (beef),A10AB02,A10AB,"Insulins and analogues for injection, fast-acting","Insulins and analogues for injection, fast-acting",unknown
insulin degludec,insulin degludec,insulin degludec,A10AE06,A10AE,"Insulins and analogues for injection, long-acting","Insulins and analogues for injection, long-acting",unknown
insulin detemir,insulin detemir,insulin detemir,A10AE05,A10AE,"Insulins and analogues for injection, long-acting","Insulins and analogues for injection, long-acting",unknown
insulin glargine,insulin glargine,insulin glargine,A10AE04,A10AE,"Insulins and analogues for injection, long-acting","Insulins and analogues for injection, long-acting",unknown
insulin glulisine,insulin glulisine,insulin glulisine,A10AB06,A10AB,"Insulins and analogues for injection, fast-acting","Insulins and analogues for injection, fast-acting",unknown
insulin human,insulin (human),insulin (human),A10AB01,A10AB,"Insulins and analogues for injection, fast-acting","Insulins and analogues for injection, fast-acting",unknown
insulin lispro,insulin lispro,insulin lispro,A10AB04,A10AB,"Insulins and analogues for injection, fast-acting","Insulins and analogues for injection, fast-acting",unknown
insulin pork,insulin (pork),insulin (pork),A10AB03,A10AB,"Insulins and analogues for injection, fast-acting","Insulins and analogues for injection, fast-acting",unknown
interferon,interferon,interferon,S01AD05,S01AD,Antivirals,Antivirals,unknown
interferon alfa natural,interferon alfa natural,interferon alfa natural,L03AB01,L03AB,Interferons,Interferons,unknown
interferon alfa-2a,interferon alfa-2a,interferon alfa-2a,L03AB04,L03AB,Interferons,Interferons,unknown
interferon alfa-2b,interferon alfa-2b,interferon alfa-2b,L03AB05,L03AB,Interferons,Interferons,unknown
interferon alfa-n1,interferon alfa-n1,interferon alfa-n1,L03AB06,L03AB,Interferons,Interferons,unknown
interferon alfacon-1,interferon alfacon-1,interferon alfacon-1,L03AB09,L03AB,Interferons,Interferons,unknown
interferon beta natural,interferon beta natural,interferon beta natural,L03AB02,L03AB,Interferons,Interferons,unknown
interferon beta-1a,interferon beta-1a,interferon beta-1a,L03AB07,L03AB,Interferons,Interferons,unknown
interferon beta-1b,interferon beta-1b,interferon beta-1b,L03AB08,L03AB,Interferons,Interferons,unknown
interferon gamma,interferon gamma,interferon gamma,L03AB03,L03AB,Interferons,Interferons,unknown
invert sugar,invert sugar,invert sugar,C05BB03,C05BB,Sclerosing agents for local injection,Sclerosing agents for local injection,unknown
iobenguane 123i,iobenguane (123I),iobenguane (123I),V09IX01,V09IX,Other diagnostic radiopharmaceuticals for tumour detection,Other diagnostic radiopharmaceuticals for tumour detection,unknown
iobenguane 131i,iobenguane (131I),iobenguane (131I),V09IX02,V09IX,Other diagnostic radiopharmaceuticals for tumour detection,Other diagnostic radiopharmaceuticals for tumour detection,unknown
iobenzamic acid,iobenzamic acid,iobenzamic acid,V08AC05,V08AC,"Watersoluble, hepatotropic X-ray contrast media","Watersoluble, hepatotropic X-ray contrast media",unknown
iobitridol,iobitridol,iobitridol,V08AB11,V08AB,"Watersoluble, nephrotropic, low osmolar X-ray contrast media","Watersoluble, nephrotropic, low osmolar X-ray contrast media",unknown
iocarmic acid,iocarmic acid,iocarmic acid,V08AA08,V08AA,"Watersoluble, nephrotropic, high osmolar X-ray contrast media","Watersoluble, nephrotropic, high osmolar X-ray contrast media",unknown
iocetamic acid,iocetamic acid,iocetamic acid,V08AC07,V08AC,"Watersoluble, hepatotropic X-ray contrast media","Watersoluble, hepatotropic X-ray contrast media",unknown
iodamide,iodamide,iodamide,V08AA03,V08AA,"Watersoluble, nephrotropic, high osmolar X-ray contrast media","Watersoluble, nephrotropic, high osmolar X-ray contrast media",unknown
iodine,iodine,iodine,D08AG03,D08AG,Iodine products,Iodine products,unknown
iodine 124i 2beta-carbomethoxy-3beta- 4 iodophenyl -tropane,iodine (124I) 2beta-carbomethoxy-3beta-(4 iodophenyl)-tropane,iodine (124I) 2beta-carbomethoxy-3beta-(4 iodophenyl)-tropane,V09AX03,V09AX,Other central nervous system diagnostic radiopharmaceuticals,Other central nervous system diagnostic radiopharmaceuticals,unknown
iodine 125i cc49-monoclonal antibody,iodine (125I) CC49-monoclonal antibody,iodine (125I) CC49-monoclonal antibody,V09IX03,V09IX,Other diagnostic radiopharmaceuticals for tumour detection,Other diagnostic radiopharmaceuticals for tumour detection,unknown
iodine 125i human albumin,iodine (125I) human albumin,iodine (125I) human albumin,V09GB02,V09GB,Iodine (125I) compounds,Iodine (125I) compounds,unknown
iodine 131i human albumin,iodine (131I) human albumin,iodine (131I) human albumin,V09XA03,V09XA,Iodine (131I) compounds,Iodine (131I) compounds,unknown
iodine 131i norcholesterol,iodine (131I) norcholesterol,iodine (131I) norcholesterol,V09XA01,V09XA,Iodine (131I) compounds,Iodine (131I) compounds,unknown
iodine iofetamine 123i,iodine iofetamine (123I),iodine iofetamine (123I),V09AB01,V09AB,Iodine (123I) compounds,Iodine (123I) compounds,unknown
iodine ioflupane 123i,iodine ioflupane (123I),iodine ioflupane (123I),V09AB03,V09AB,Iodine (123I) compounds,Iodine (123I) compounds,unknown
iodine iolopride 123i,iodine iolopride (123I),iodine iolopride (123I),V09AB02,V09AB,Iodine (123I) compounds,Iodine (123I) compounds,unknown
iodine/octylphenoxypolyglycolether,iodine/octylphenoxypolyglycolether,iodine/octylphenoxypolyglycolether,D08AG01,D08AG,Iodine products,Iodine products,unknown
iodixanol,iodixanol,iodixanol,V08AB09,V08AB,"Watersoluble, nephrotropic, low osmolar X-ray contrast media","Watersoluble, nephrotropic, low osmolar X-ray contrast media",unknown
iodocholesterol 131i,iodocholesterol (131I),iodocholesterol (131I),V09XA02,V09XA,Iodine (131I) compounds,Iodine (131I) compounds,unknown
iodoform,iodoform,iodoform,D09AA13,D09AA,Medicated dressings with antiinfectives,Medicated dressings with antiinfectives,unknown
iodoheparinate,iodoheparinate,iodoheparinate,S01XA09,S01XA,Other ophthalmologicals,Other ophthalmologicals,unknown
iodoxamic acid,iodoxamic acid,iodoxamic acid,V08AC01,V08AC,"Watersoluble, hepatotropic X-ray contrast media","Watersoluble, hepatotropic X-ray contrast media",unknown
iofendylate,iofendylate,iofendylate,V08AD04,V08AD,Non-watersoluble X-ray contrast media,Non-watersoluble X-ray contrast media,unknown
ioglicic acid,ioglicic acid,ioglicic acid,V08AA06,V08AA,"Watersoluble, nephrotropic, high osmolar X-ray contrast media","Watersoluble, nephrotropic, high osmolar X-ray contrast media",unknown
ioglycamic acid,ioglycamic acid,ioglycamic acid,V08AC03,V08AC,"Watersoluble, hepatotropic X-ray contrast media","Watersoluble, hepatotropic X-ray contrast media",unknown
iohexol,iohexol,iohexol,V08AB02,V08AB,"Watersoluble, nephrotropic, low osmolar X-ray contrast media","Watersoluble, nephrotropic, low osmolar X-ray contrast media",unknown
iomeprol,iomeprol,iomeprol,V08AB10,V08AB,"Watersoluble, nephrotropic, low osmolar X-ray contrast media","Watersoluble, nephrotropic, low osmolar X-ray contrast media",unknown
iopamidol,iopamidol,iopamidol,V08AB04,V08AB,"Watersoluble, nephrotropic, low osmolar X-ray contrast media","Watersoluble, nephrotropic, low osmolar X-ray contrast media",unknown
iopanoic acid,iopanoic acid,iopanoic acid,V08AC06,V08AC,"Watersoluble, hepatotropic X-ray contrast media","Watersoluble, hepatotropic X-ray contrast media",unknown
iopentol,iopentol,iopentol,V08AB08,V08AB,"Watersoluble, nephrotropic, low osmolar X-ray contrast media","Watersoluble, nephrotropic, low osmolar X-ray contrast media",unknown
iopromide,iopromide,iopromide,V08AB05,V08AB,"Watersoluble, nephrotropic, low osmolar X-ray contrast media","Watersoluble, nephrotropic, low osmolar X-ray contrast media",unknown
iopydol,iopydol,iopydol,V08AD02,V08AD,Non-watersoluble X-ray contrast media,Non-watersoluble X-ray contrast media,unknown
iotalamic acid,iotalamic acid,iotalamic acid,V08AA04,V08AA,"Watersoluble, nephrotropic, high osmolar X-ray contrast media","Watersoluble, nephrotropic, high osmolar X-ray contrast media",unknown
iotrolan,iotrolan,iotrolan,V08AB06,V08AB,"Watersoluble, nephrotropic, low osmolar X-ray contrast media","Watersoluble, nephrotropic, low osmolar X-ray contrast media",unknown
iotroxic acid,iotroxic acid,iotroxic acid,V08AC02,V08AC,"Watersoluble, hepatotropic X-ray contrast media","Watersoluble, hepatotropic X-ray contrast media",unknown
ioversol,ioversol,ioversol,V08AB07,V08AB,"Watersoluble, nephrotropic, low osmolar X-ray contrast media","Watersoluble, nephrotropic, low osmolar X-ray contrast media",unknown
ioxaglic acid,ioxaglic acid,ioxaglic acid,V08AB03,V08AB,"Watersoluble, nephrotropic, low osmolar X-ray contrast media","Watersoluble, nephrotropic, low osmolar X-ray contrast media",unknown
ioxilan,ioxilan,ioxilan,V08AB12,V08AB,"Watersoluble, nephrotropic, low osmolar X-ray contrast media","Watersoluble, nephrotropic, low osmolar X-ray contrast media",unknown
ioxitalamic acid,ioxitalamic acid,ioxitalamic acid,V08AA05,V08AA,"Watersoluble, nephrotropic, high osmolar X-ray contrast media","Watersoluble, nephrotropic, high osmolar X-ray contrast media",unknown
ipecacuanha,ipecacuanha,ipecacuanha,R05CA04,R05CA,Expectorants,Expectorants,unknown
ipidacrine,ipidacrine,ipidacrine,N06DA05,N06DA,Anticholinesterases,Anticholinesterases,unknown
ipilimumab,ipilimumab,ipilimumab,L01XC11,L01XC,Monoclonal antibodies,Monoclonal antibodies,unknown
ipragliflozin,ipragliflozin,ipragliflozin,A10BK05,A10BK,Sodium-glucose co-transporter 2 (SGLT2) inhibitors,Sodium-glucose co-transporter 2 (SGLT2) inhibitors,unknown
ipratropium bromide,ipratropium bromide,ipratropium bromide,R01AX03,R01AX,Other nasal preparations,Other nasal preparations,unknown
iprazochrome,iprazochrome,iprazochrome,N02CX03,N02CX,Other antimigraine preparations,Other antimigraine preparations,unknown
ipriflavone,ipriflavone,ipriflavone,M05BX01,M05BX,Other drugs affecting bone structure and mineralization,Other drugs affecting bone structure and mineralization,unknown
iprindole,iprindole,iprindole,N06AA13,N06AA,Non-selective monoamine reuptake inhibitors,Non-selective monoamine reuptake inhibitors,unknown
iproclozide,iproclozide,iproclozide,N06AF06,N06AF,"Monoamine oxidase inhibitors, non-selective","Monoamine oxidase inhibitors, non-selective",unknown
iproniazide,iproniazide,iproniazide,N06AF05,N06AF,"Monoamine oxidase inhibitors, non-selective","Monoamine oxidase inhibitors, non-selective",unknown
irbesartan,irbesartan,irbesartan,C09CA04,C09CA,"Angiotensin II receptor blockers (ARBs), plain","Angiotensin II receptor blockers (ARBs), plain",arb
irinotecan,irinotecan,irinotecan,L01CE02,L01CE,Topoisomerase 1 (TOP1) inhibitors,Topoisomerase 1 (TOP1) inhibitors,unknown
isatuximab,isatuximab,isatuximab,L01XC38,L01XC,Monoclonal antibodies,Monoclonal antibodies,unknown
isavuconazole,isavuconazole,isavuconazole,J02AC05,J02AC,Triazole derivatives,Triazole derivatives,unknown
isepamicin,isepamicin,isepamicin,J01GB11,J01GB,Other aminoglycosides,Other aminoglycosides,aminoglycoside
isoaminile,isoaminile,isoaminile,R05DB04,R05DB,Other cough suppressants,Other cough suppressants,unknown
isobromindione,isobromindione,isobromindione,M04AB04,M04AB,Preparations increasing uric acid excretion,Preparations increasing uric acid excretion,unknown
isocarboxazid,isocarboxazid,isocarboxazid,N06AF01,N06AF,"Monoamine oxidase inhibitors, non-selective","Monoamine oxidase inhibitors, non-selective",unknown
isoconazole,isoconazole,isoconazole,D01AC05,D01AC,Imidazole and triazole derivatives,Imidazole and triazole derivatives,unknown
isoetarine,isoetarine,isoetarine,R03CC06,R03CC,Selective beta-2-adrenoreceptor agonists,Selective beta-2-adrenoreceptor agonists,unknown
isoflurane,isoflurane,isoflurane,N01AB06,N01AB,Halogenated hydrocarbons,Halogenated hydrocarbons,unknown
isometheptene,isometheptene,isometheptene,A03AX10,A03AX,Other drugs for functional gastrointestinal disorders,Other drugs for functional gastrointestinal disorders,unknown
isoniazid,isoniazid,isoniazid,J04AC01,J04AC,Hydrazides,Hydrazides,unknown
isoprenaline,isoprenaline,isoprenaline,C01CA02,C01CA,Adrenergic and dopaminergic agents,Adrenergic and dopaminergic agents,unknown
isopropamide,isopropamide,isopropamide,A03AB09,A03AB,"Synthetic anticholinergics, quaternary ammonium compounds","Synthetic anticholinergics, quaternary ammonium compounds",unknown
isopropanol,isopropanol,isopropanol,D08AX05,D08AX,Other antiseptics and disinfectants,Other antiseptics and disinfectants,unknown
isosorbide dinitrate,isosorbide dinitrate,isosorbide dinitrate,C01DA08,C01DA,Organic nitrates,Organic nitrates,unknown
isosorbide mononitrate,isosorbide mononitrate,isosorbide mononitrate,C01DA14,C01DA,Organic nitrates,Organic nitrates,unknown
isothipendyl,isothipendyl,isothipendyl,R06AD09,R06AD,Phenothiazine derivatives,Phenothiazine derivatives,antihistamine
isotretinoin,isotretinoin,isotretinoin,D10BA01,D10BA,Retinoids for treatment of acne,Retinoids for treatment of acne,unknown
isoxsuprine,isoxsuprine,isoxsuprine,C04AA01,C04AA,2-amino-1-phenylethanol derivatives,2-amino-1-phenylethanol derivatives,unknown
ispaghula psylla seeds,ispaghula (psylla seeds),ispaghula (psylla seeds),A06AC01,A06AC,Bulk-forming laxatives,Bulk-forming laxatives,unknown
isradipine,isradipine,isradipine,C08CA03,C08CA,Dihydropyridine derivatives,Dihydropyridine derivatives,unknown
istradefylline,istradefylline,istradefylline,N04CX01,N04CX,Other antiparkinson drugs,Other antiparkinson drugs,unknown
itacitinib,itacitinib,itacitinib,L04AA46,L04AA,Selective immunosuppressants,Selective immunosuppressants,unknown
itopride,itopride,itopride,A03FA07,A03FA,Propulsives,Propulsives,unknown
itraconazole,itraconazole,itraconazole,J02AC02,J02AC,Triazole derivatives,Triazole derivatives,unknown
itramin tosilate,itramin tosilate,itramin tosilate,C01DX01,C01DX,Other vasodilators used in cardiac diseases,Other vasodilators used in cardiac diseases,unknown
ivabradine,ivabradine,ivabradine,C01EB17,C01EB,Other cardiac preparations,Other cardiac preparations,unknown
ivacaftor,ivacaftor,ivacaftor,R07AX02,R07AX,Other respiratory system products,Other respiratory system products,unknown
ivermectin,ivermectin,ivermectin,P02CF01,P02CF,Avermectines,Avermectines,unknown
ivosidenib,ivosidenib,ivosidenib,L01XX62,L01XX,Other antineoplastic agents,Other antineoplastic agents,unknown
ixabepilone,ixabepilone,ixabepilone,L01DC04,L01DC,Other cytotoxic antibiotics,Other cytotoxic antibiotics,unknown
ixazomib,ixazomib,ixazomib,L01XG03,L01XG,Proteasome inhibitors,Proteasome inhibitors,unknown
ixekizumab,ixekizumab,ixekizumab,L04AC13,L04AC,Interleukin inhibitors,Interleukin inhibitors,unknown
josamycin,josamycin,josamycin,J01FA07,J01FA,Macrolides,Macrolides,macrolide
kallidinogenase,kallidinogenase,kallidinogenase,C04AF01,C04AF,Enzymes,Enzymes,unknown
kanamycin,kanamycin,kanamycin,J01GB04,J01GB,Other aminoglycosides,Other aminoglycosides,aminoglycoside
kaolin,kaolin,kaolin,A07BC02,A07BC,Other intestinal adsorbents,Other intestinal adsorbents,unknown
kebuzone,kebuzone,kebuzone,M01AA06,M01AA,Butylpyrazolidines,Butylpyrazolidines,nsaid
ketamine,ketamine,ketamine,N01AX03,N01AX,Other general anesthetics,Other general anesthetics,unknown
ketanserin,ketanserin,ketanserin,C02KD01,C02KD,Serotonin antagonists,Serotonin antagonists,unknown
ketazolam,ketazolam,ketazolam,N05BA10,N05BA,Benzodiazepine derivatives,Benzodiazepine derivatives,benzodiazepine
ketobemidone,ketobemidone,ketobemidone,N02AB01,N02AB,Phenylpiperidine derivatives,Phenylpiperidine derivatives,opioid
ketoconazole,ketoconazole,ketoconazole,J02AB02,J02AB,Imidazole derivatives,Imidazole derivatives,unknown
ketoprofen,ketoprofen,ketoprofen,M01AE03,M01AE,Propionic acid derivatives,Propionic acid derivatives,nsaid
ketorolac,ketorolac,ketorolac,M01AB15,M01AB,Acetic acid derivatives and related substances,Acetic acid derivatives and related substances,nsaid
ketotifen,ketotifen,ketotifen,R06AX17,R06AX,Other antihistamines for systemic use,Other antihistamines for systemic use,antihistamine
krypton 81mkr gas,krypton (81mKr) gas,krypton (81mKr) gas,V09EX01,V09EX,Other respiratory system diagnostic radiopharmaceuticals,Other respiratory system diagnostic radiopharmaceuticals,unknown
labetalol,labetalol,labetalol,C07AG01,C07AG,Alpha and beta blocking agents,Alpha and beta blocking agents,beta_blocker
lacidipine,lacidipine,lacidipine,C08CA09,C08CA,Dihydropyridine derivatives,Dihydropyridine derivatives,unknown
lacosamide,lacosamide,lacosamide,N03AX18,N03AX,Other antiepileptics,Other antiepileptics,unknown
lactic acid,lactic acid,lactic acid,G01AD01,G01AD,Organic acids,Organic acids,unknown
lactic acid producing organisms,lactic acid producing organisms,lactic acid producing organisms,A07FA01,A07FA,Antidiarrheal microorganisms,Antidiarrheal microorganisms,unknown
lactitol,lactitol,lactitol,A06AD12,A06AD,Osmotically acting laxatives,Osmotically acting laxatives,unknown
lactobacillus,lactobacillus,lactobacillus,G01AX14,G01AX,Other antiinfectives and antiseptics,Other antiinfectives and antiseptics,unknown
lactulose,lactulose,lactulose,A06AD11,A06AD,Osmotically acting laxatives,Osmotically acting laxatives,unknown
lafutidine,lafutidine,lafutidine,A02BA08,A02BA,H2-receptor antagonists,H2-receptor antagonists,unknown
lamivudine,lamivudine,lamivudine,J05AF05,J05AF,Nucleoside and nucleotide reverse transcriptase inhibitors,Nucleoside and nucleotide reverse transcriptase inhibitors,unknown
lamotrigine,lamotrigine,lamotrigine,N03AX09,N03AX,Other antiepileptics,Other antiepileptics,unknown
lanadelumab,lanadelumab,lanadelumab,B06AC05,B06AC,Drugs used in hereditary angioedema,Drugs used in hereditary angioedema,unknown
lanatoside c,lanatoside C,lanatoside C,C01AA06,C01AA,Digitalis glycosides,Digitalis glycosides,unknown
landiolol,landiolol,landiolol,C07AB14,C07AB,"Beta blocking agents, selective","Beta blocking agents, selective",beta_blocker
laninamivir,laninamivir,laninamivir,J05AH04,J05AH,Neuraminidase inhibitors,Neuraminidase inhibitors,unknown
lanreotide,lanreotide,lanreotide,H01CB03,H01CB,Somatostatin and analogues,Somatostatin and analogues,unknown
lansoprazole,lansoprazole,lansoprazole,A02BC03,A02BC,Proton pump inhibitors,Proton pump inhibitors,unknown
lanthanum carbonate,lanthanum carbonate,lanthanum carbonate,V03AE03,V03AE,Drugs for treatment of hyperkalemia and hyperphosphatemia,Drugs for treatment of hyperkalemia and hyperphosphatemia,unknown
lapatinib,lapatinib,lapatinib,L01EH01,L01EH,Human epidermal growth factor receptor 2 (HER2) tyrosine kinase inhibitors,Human epidermal growth factor receptor 2 (HER2) tyrosine kinase inhibitors,unknown
laquinimod,laquinimod,laquinimod,N07XX10,N07XX,Other nervous system drugs,Other nervous system drugs,unknown
laronidase,laronidase,laronidase,A16AB05,A16AB,Enzymes,Enzymes,unknown
larotrectinib,larotrectinib,larotrectinib,L01EX12,L01EX,Other protein kinase inhibitors,Other protein kinase inhibitors,unknown
lascufloxacin,lascufloxacin,lascufloxacin,J01MA25,J01MA,Fluoroquinolones,Fluoroquinolones,fluoroquinolone
lasofoxifene,lasofoxifene,lasofoxifene,G03XC03,G03XC,Selective estrogen receptor modulators,Selective estrogen receptor modulators,unknown
latamoxef,latamoxef,latamoxef,J01DD06,J01DD,Third-generation cephalosporins,Third-generation cephalosporins,cephalosporin
latanoprost,latanoprost,latanoprost,S01EE01,S01EE,Prostaglandin analogues,Prostaglandin analogues,unknown
latanoprostene bunod,latanoprostene bunod,latanoprostene bunod,S01EE06,S01EE,Prostaglandin analogues,Prostaglandin analogues,unknown
lavandulae aetheroleum,Lavandulae aetheroleum,Lavandulae aetheroleum,N05BX05,N05BX,Other anxiolytics,Other anxiolytics,unknown
lefamulin,lefamulin,lefamulin,J01XX12,J01XX,Other antibacterials,Other antibacterials,unknown
leflunomide,leflunomide,leflunomide,L04AA13,L04AA,Selective immunosuppressants,Selective immunosuppressants,unknown
lenalidomide,lenalidomide,lenalidomide,L04AX04,L04AX,Other immunosuppressants,Other immunosuppressants,unknown
lenograstim,lenograstim,lenograstim,L03AA10,L03AA,Colony stimulating factors,Colony stimulating factors,unknown
lentinan,lentinan,lentinan,L03AX01,L03AX,Other immunostimulants,Other immunostimulants,unknown
lenvatinib,lenvatinib,lenvatinib,L01EX08,L01EX,Other protein kinase inhibitors,Other protein kinase inhibitors,unknown
lepirudin,lepirudin,lepirudin,B01AE02,B01AE,Direct thrombin inhibitors,Direct thrombin inhibitors,anticoagulant
lercanidipine,lercanidipine,lercanidipine,C08CA13,C08CA,Dihydropyridine derivatives,Dihydropyridine derivatives,unknown
lesinurad,lesinurad,lesinurad,M04AB05,M04AB,Preparations increasing uric acid excretion,Preparations increasing uric acid excretion,unknown
letermovir,letermovir,letermovir,J05AX18,J05AX,Other antivirals,Other antivirals,unknown
letosteine,letosteine,letosteine,R05CB09,R05CB,Mucolytics,Mucolytics,unknown
letrozole,letrozole,letrozole,L02BG04,L02BG,Aromatase inhibitors,Aromatase inhibitors,unknown
leuprorelin,leuprorelin,leuprorelin,L02AE02,L02AE,Gonadotropin releasing hormone analogues,Gonadotropin releasing hormone analogues,unknown
levacetylmethadol,levacetylmethadol,levacetylmethadol,N07BC03,N07BC,Drugs used in opioid dependence,Drugs used in opioid dependence,unknown
levamisole,levamisole,levamisole,P02CE01,P02CE,Imidazothiazole derivatives,Imidazothiazole derivatives,unknown
levetiracetam,levetiracetam,levetiracetam,N03AX14,N03AX,Other antiepileptics,Other antiepileptics,unknown
levobunolol,levobunolol,levobunolol,S01ED03,S01ED,Beta blocking agents,Beta blocking agents,unknown
levobupivacaine,levobupivacaine,levobupivacaine,N01BB10,N01BB,Amides,Amides,unknown
levocabastine,levocabastine,levocabastine,R01AC02,R01AC,"Antiallergic agents, excl. corticosteroids","Antiallergic agents, excl. corticosteroids",unknown
levocarnitine,levocarnitine,levocarnitine,A16AA01,A16AA,Amino acids and derivatives,Amino acids and derivatives,unknown
levocetirizine,levocetirizine,levocetirizine,R06AE09,R06AE,Piperazine derivatives,Piperazine derivatives,antihistamine
levodopa,levodopa,levodopa,N04BA01,N04BA,Dopa and dopa derivatives,Dopa and dopa derivatives,unknown
levodropropizine,levodropropizine,levodropropizine,R05DB27,R05DB,Other cough suppressants,Other cough suppressants,unknown
levofloxacin,levofloxacin,levofloxacin,J01MA12,J01MA,Fluoroquinolones,Fluoroquinolones,fluoroquinolone
levomepromazine,levomepromazine,levomepromazine,N05AA02,N05AA,Phenothiazines with aliphatic side-chain,Phenothiazines with aliphatic side-chain,unknown
levomethadone,levomethadone,levomethadone,N07BC05,N07BC,Drugs used in opioid dependence,Drugs used in opioid dependence,unknown
levonadifloxacin,levonadifloxacin,levonadifloxacin,J01MA24,J01MA,Fluoroquinolones,Fluoroquinolones,fluoroquinolone
levonorgestrel,levonorgestrel,levonorgestrel,G03AD01,G03AD,Emergency contraceptives,Emergency contraceptives,unknown
levosimendan,levosimendan,levosimendan,C01CX08,C01CX,Other cardiac stimulants,Other cardiac stimulants,unknown
levosulpiride,levosulpiride,levosulpiride,N05AL07,N05AL,Benzamides,Benzamides,unknown
levothyroxine sodium,levothyroxine sodium,levothyroxine sodium,H03AA01,H03AA,Thyroid hormones,Thyroid hormones,unknown
levoverbenone,levoverbenone,levoverbenone,R05CA11,R05CA,Expectorants,Expectorants,unknown
lidocaine,lidocaine,lidocaine,C01BB01,C01BB,"Antiarrhythmics, class Ib","Antiarrhythmics, class Ib",unknown
lidoflazine,lidoflazine,lidoflazine,C08EX01,C08EX,Other non-selective calcium channel blockers,Other non-selective calcium channel blockers,unknown
lifitegrast,lifitegrast,lifitegrast,S01XA25,S01XA,Other ophthalmologicals,Other ophthalmologicals,unknown
linaclotide,linaclotide,linaclotide,A06AX04,A06AX,Other drugs for constipation,Other drugs for constipation,unknown
linagliptin,linagliptin,linagliptin,A10BH05,A10BH,Dipeptidyl peptidase 4 (DPP-4) inhibitors,Dipeptidyl peptidase 4 (DPP-4) inhibitors,unknown
lincomycin,lincomycin,lincomycin,J01FF02,J01FF,Lincosamides,Lincosamides,unknown
lindane,lindane,lindane,P03AB02,P03AB,Chlorine containing products,Chlorine containing products,unknown
linezolid,linezolid,linezolid,J01XX08,J01XX,Other antibacterials,Other antibacterials,unknown
linopirdine,linopirdine,linopirdine,N06BX09,N06BX,Other psychostimulants and nootropics,Other psychostimulants and nootropics,unknown
linseed,linseed,linseed,A06AC05,A06AC,Bulk-forming laxatives,Bulk-forming laxatives,unknown
linsidomine,linsidomine,linsidomine,C01DX18,C01DX,Other vasodilators used in cardiac diseases,Other vasodilators used in cardiac diseases,unknown
liothyronine sodium,liothyronine sodium,liothyronine sodium,H03AA02,H03AA,Thyroid hormones,Thyroid hormones,unknown
lipegfilgrastim,lipegfilgrastim,lipegfilgrastim,L03AA14,L03AA,Colony stimulating factors,Colony stimulating factors,unknown
liquid paraffin,liquid paraffin,liquid paraffin,A06AA01,A06AA,"Softeners, emollients","Softeners, emollients",unknown
liraglutide,liraglutide,liraglutide,A10BJ02,A10BJ,Glucagon-like peptide-1 (GLP-1) analogues,Glucagon-like peptide-1 (GLP-1) analogues,unknown
lisdexamfetamine,lisdexamfetamine,lisdexamfetamine,N06BA12,N06BA,Centrally acting sympathomimetics,Centrally acting sympathomimetics,unknown
lisinopril,lisinopril,lisinopril,C09AA03,C09AA,"ACE inhibitors, plain","ACE inhibitors, plain",ace_inhibitor
lisuride,lisuride,lisuride,G02CB02,G02CB,Prolactine inhibitors,Prolactine inhibitors,unknown
lithium,lithium,lithium,N05AN01,N05AN,Lithium,Lithium,unknown
lithium succinate,lithium succinate,lithium succinate,D11AX04,D11AX,Other dermatologicals,Other dermatologicals,unknown
lixisenatide,lixisenatide,lixisenatide,A10BJ03,A10BJ,Glucagon-like peptide-1 (GLP-1) analogues,Glucagon-like peptide-1 (GLP-1) analogues,unknown
lobeglitazone,lobeglitazone,lobeglitazone,A10BG04,A10BG,Thiazolidinediones,Thiazolidinediones,unknown
lodoxamide,lodoxamide,lodoxamide,S01GX05,S01GX,Other antiallergics,Other antiallergics,unknown
lofepramine,lofepramine,lofepramine,N06AA07,N06AA,Non-selective monoamine reuptake inhibitors,Non-selective monoamine reuptake inhibitors,unknown
lofexidine,lofexidine,lofexidine,N07BC04,N07BC,Drugs used in opioid dependence,Drugs used in opioid dependence,unknown
lomefloxacin,lomefloxacin,lomefloxacin,J01MA07,J01MA,Fluoroquinolones,Fluoroquinolones,fluoroquinolone
lomitapide,lomitapide,lomitapide,C10AX12,C10AX,Other lipid modifying agents,Other lipid modifying agents,unknown
lomustine,lomustine,lomustine,L01AD02,L01AD,Nitrosoureas,Nitrosoureas,unknown
lonazolac,lonazolac,lonazolac,M01AB09,M01AB,Acetic acid derivatives and related substances,Acetic acid derivatives and related substances,nsaid
lonidamine,lonidamine,lonidamine,L01XX07,L01XX,Other antineoplastic agents,Other antineoplastic agents,unknown
loperamide,loperamide,loperamide,A07DA03,A07DA,Antipropulsives,Antipropulsives,unknown
loperamide oxide,loperamide oxide,loperamide oxide,A07DA05,A07DA,Antipropulsives,Antipropulsives,unknown
loprazolam,loprazolam,loprazolam,N05CD11,N05CD,Benzodiazepine derivatives,Benzodiazepine derivatives,benzodiazepine
loracarbef,loracarbef,loracarbef,J01DC08,J01DC,Second-generation cephalosporins,Second-generation cephalosporins,cephalosporin
lorajmine,lorajmine,lorajmine,C01BA12,C01BA,"Antiarrhythmics, class Ia","Antiarrhythmics, class Ia",unknown
loratadine,loratadine,loratadine,R06AX13,R06AX,Other antihistamines for systemic use,Other antihistamines for systemic use,antihistamine
lorazepam,lorazepam,lorazepam,N05BA06,N05BA,Benzodiazepine derivatives,Benzodiazepine derivatives,benzodiazepine
lorcainide,lorcainide,lorcainide,C01BC07,C01BC,"Antiarrhythmics, class Ic","Antiarrhythmics, class Ic",unknown
lorcaserin,lorcaserin,lorcaserin,A08AA11,A08AA,Centrally acting antiobesity products,Centrally acting antiobesity products,unknown
lorlatinib,lorlatinib,lorlatinib,L01ED05,L01ED,Anaplastic lymphoma kinase (ALK) inhibitors,Anaplastic lymphoma kinase (ALK) inhibitors,unknown
lormetazepam,lormetazepam,lormetazepam,N05CD06,N05CD,Benzodiazepine derivatives,Benzodiazepine derivatives,benzodiazepine
lornoxicam,lornoxicam,lornoxicam,M01AC05,M01AC,Oxicams,Oxicams,nsaid
losartan,losartan,losartan,C09CA01,C09CA,"Angiotensin II receptor blockers (ARBs), plain","Angiotensin II receptor blockers (ARBs), plain",arb
loteprednol,loteprednol,loteprednol,S01BA14,S01BA,"Corticosteroids, plain","Corticosteroids, plain",unknown
lovastatin,lovastatin,lovastatin,C10AA02,C10AA,HMG CoA reductase inhibitors,HMG CoA reductase inhibitors,statin
loxapine,loxapine,loxapine,N05AH01,N05AH,"Diazepines, oxazepines, thiazepines and oxepines","Diazepines, oxazepines, thiazepines and oxepines",unknown
lubiprostone,lubiprostone,lubiprostone,A06AX03,A06AX,Other drugs for constipation,Other drugs for constipation,unknown
luliconazole,luliconazole,luliconazole,D01AC18,D01AC,Imidazole and triazole derivatives,Imidazole and triazole derivatives,unknown
lumasiran,lumasiran,lumasiran,A16AX18,A16AX,Various alimentary tract and metabolism products,Various alimentary tract and metabolism products,unknown
lumiracoxib,lumiracoxib,lumiracoxib,M01AH06,M01AH,Coxibs,Coxibs,nsaid
lurasidone,lurasidone,lurasidone,N05AE05,N05AE,Indole derivatives,Indole derivatives,unknown
lurbinectedin,lurbinectedin,lurbinectedin,L01XX69,L01XX,Other antineoplastic agents,Other antineoplastic agents,unknown
luseogliflozin,luseogliflozin,luseogliflozin,A10BK07,A10BK,Sodium-glucose co-transporter 2 (SGLT2) inhibitors,Sodium-glucose co-transporter 2 (SGLT2) inhibitors,unknown
luspatercept,luspatercept,luspatercept,B03XA06,B03XA,Other antianemic preparations,Other antianemic preparations,unknown
lusutrombopag,lusutrombopag,lusutrombopag,B02BX07,B02BX,Other systemic hemostatics,Other systemic hemostatics,unknown
lutetium 177lu oxodotreotide,lutetium (177Lu) oxodotreotide,lutetium (177Lu) oxodotreotide,V10XX04,V10XX,Various therapeutic radiopharmaceuticals,Various therapeutic radiopharmaceuticals,unknown
lutropin alfa,lutropin alfa,lutropin alfa,G03GA07,G03GA,Gonadotropins,Gonadotropins,unknown
lymecycline,lymecycline,lymecycline,J01AA04,J01AA,Tetracyclines,Tetracyclines,tetracycline
lynestrenol,lynestrenol,lynestrenol,G03DC03,G03DC,Estren derivatives,Estren derivatives,unknown
lypressin,lypressin,lypressin,H01BA03,H01BA,Vasopressin and analogues,Vasopressin and analogues,unknown
lysine,lysine,lysine,B05XB03,B05XB,Amino acids,Amino acids,unknown
lysozyme,lysozyme,lysozyme,D06BB07,D06BB,Antivirals,Antivirals,unknown
macimorelin,macimorelin,macimorelin,V04CD06,V04CD,Tests for pituitary function,Tests for pituitary function,unknown
macitentan,macitentan,macitentan,C02KX04,C02KX,Antihypertensives for pulmonary arterial hypertension,Antihypertensives for pulmonary arterial hypertension,unknown
macrogol,macrogol,macrogol,A06AD15,A06AD,Osmotically acting laxatives,Osmotically acting laxatives,unknown
mafenide,mafenide,mafenide,D06BA03,D06BA,Sulfonamides,Sulfonamides,unknown
magaldrate,magaldrate,magaldrate,A02AD02,A02AD,"Combinations and complexes of aluminium, calcium and magnesium compounds","Combinations and complexes of aluminium, calcium and magnesium compounds",unknown
magnesium aspartate,magnesium aspartate,magnesium aspartate,A12CC05,A12CC,Magnesium,Magnesium,unknown
magnesium carbonate,magnesium carbonate,magnesium carbonate,A06AD01,A06AD,Osmotically acting laxatives,Osmotically acting laxatives,unknown
magnesium chloride,magnesium chloride,magnesium chloride,A12CC01,A12CC,Magnesium,Magnesium,unknown
magnesium citrate,magnesium citrate,magnesium citrate,A12CC04,A12CC,Magnesium,Magnesium,unknown
magnesium gluconate,magnesium gluconate,magnesium gluconate,A12CC03,A12CC,Magnesium,Magnesium,unknown
magnesium hydroxide,magnesium hydroxide,magnesium hydroxide,A02AA04,A02AA,Magnesium compounds,Magnesium compounds,unknown
magnesium lactate,magnesium lactate,magnesium lactate,A12CC06,A12CC,Magnesium,Magnesium,unknown
magnesium levulinate,magnesium levulinate,magnesium levulinate,A12CC07,A12CC,Magnesium,Magnesium,unknown
magnesium orotate,magnesium orotate,magnesium orotate,A12CC09,A12CC,Magnesium,Magnesium,unknown
magnesium oxide,magnesium oxide,magnesium oxide,A06AD02,A06AD,Osmotically acting laxatives,Osmotically acting laxatives,unknown
magnesium peroxide,magnesium peroxide,magnesium peroxide,A02AA03,A02AA,Magnesium compounds,Magnesium compounds,unknown
magnesium phosphate,magnesium phosphate,magnesium phosphate,B05XA10,B05XA,Electrolyte solutions,Electrolyte solutions,unknown
magnesium pidolate,magnesium pidolate,magnesium pidolate,A12CC08,A12CC,Magnesium,Magnesium,unknown
magnesium pyridoxal 5-phosphate glutamate,magnesium pyridoxal 5-phosphate glutamate,magnesium pyridoxal 5-phosphate glutamate,C10AX07,C10AX,Other lipid modifying agents,Other lipid modifying agents,unknown
magnesium silicate,magnesium silicate,magnesium silicate,A02AA05,A02AA,Magnesium compounds,Magnesium compounds,unknown
magnesium sulfate,magnesium sulfate,magnesium sulfate,A06AD04,A06AD,Osmotically acting laxatives,Osmotically acting laxatives,unknown
malathion,malathion,malathion,P03AX03,P03AX,"Other ectoparasiticides, incl. scabicides","Other ectoparasiticides, incl. scabicides",unknown
mandelic acid,mandelic acid,mandelic acid,J01XX06,J01XX,Other antibacterials,Other antibacterials,unknown
mangafodipir,mangafodipir,mangafodipir,V08CA05,V08CA,Paramagnetic contrast media,Paramagnetic contrast media,unknown
manidipine,manidipine,manidipine,C08CA11,C08CA,Dihydropyridine derivatives,Dihydropyridine derivatives,unknown
mannitol,mannitol,mannitol,A06AD16,A06AD,Osmotically acting laxatives,Osmotically acting laxatives,unknown
mannosulfan,mannosulfan,mannosulfan,L01AB03,L01AB,Alkyl sulfonates,Alkyl sulfonates,unknown
maprotiline,maprotiline,maprotiline,N06AA21,N06AA,Non-selective monoamine reuptake inhibitors,Non-selective monoamine reuptake inhibitors,unknown
maraviroc,maraviroc,maraviroc,J05AX09,J05AX,Other antivirals,Other antivirals,unknown
maribavir,maribavir,maribavir,J05AX10,J05AX,Other antivirals,Other antivirals,unknown
masitinib,masitinib,masitinib,L01EX06,L01EX,Other protein kinase inhibitors,Other protein kinase inhibitors,unknown
masoprocol,masoprocol,masoprocol,L01XX10,L01XX,Other antineoplastic agents,Other antineoplastic agents,unknown
mazaticol,mazaticol,mazaticol,N04AA10,N04AA,Tertiary amines,Tertiary amines,unknown
mazindol,mazindol,mazindol,A08AA05,A08AA,Centrally acting antiobesity products,Centrally acting antiobesity products,unknown
measles immunoglobulin,measles immunoglobulin,measles immunoglobulin,J06BB14,J06BB,Specific immunoglobulins,Specific immunoglobulins,unknown
mebendazole,mebendazole,mebendazole,P02CA01,P02CA,Benzimidazole derivatives,Benzimidazole derivatives,unknown
mebeverine,mebeverine,mebeverine,A03AA04,A03AA,"Synthetic anticholinergics, esters with tertiary amino group","Synthetic anticholinergics, esters with tertiary amino group",unknown
mebhydrolin,mebhydrolin,mebhydrolin,R06AX15,R06AX,Other antihistamines for systemic use,Other antihistamines for systemic use,antihistamine
mebutamate,mebutamate,mebutamate,N05BC04,N05BC,Carbamates,Carbamates,unknown
mebutizide,mebutizide,mebutizide,C03AA13,C03AA,"Thiazides, plain","Thiazides, plain",unknown
mecamylamine,mecamylamine,mecamylamine,C02BB01,C02BB,Secondary and tertiary amines,Secondary and tertiary amines,unknown
mecasermin,mecasermin,mecasermin,H01AC03,H01AC,Somatropin and somatropin agonists,Somatropin and somatropin agonists,unknown
mecasermin rinfabate,mecasermin rinfabate,mecasermin rinfabate,H01AC05,H01AC,Somatropin and somatropin agonists,Somatropin and somatropin agonists,unknown
mecillinam,mecillinam,mecillinam,J01CA11,J01CA,Penicillins with extended spectrum,Penicillins with extended spectrum,penicillin
meclocycline,meclocycline,meclocycline,D10AF04,D10AF,Antiinfectives for treatment of acne,Antiinfectives for treatment of acne,unknown
meclofenamic acid,meclofenamic acid,meclofenamic acid,M01AG04,M01AG,Fenamates,Fenamates,nsaid
meclofenoxate,meclofenoxate,meclofenoxate,N06BX01,N06BX,Other psychostimulants and nootropics,Other psychostimulants and nootropics,unknown
meclozine,meclozine,meclozine,R06AE05,R06AE,Piperazine derivatives,Piperazine derivatives,antihistamine
mecobalamin,mecobalamin,mecobalamin,B03BA05,B03BA,Vitamin B12 (cyanocobalamin and analogues),Vitamin B12 (cyanocobalamin and analogues),unknown
medazepam,medazepam,medazepam,N05BA03,N05BA,Benzodiazepine derivatives,Benzodiazepine derivatives,benzodiazepine
medical air,medical air,medical air,V03AN05,V03AN,Medical gases,Medical gases,unknown
medicinal charcoal,medicinal charcoal,medicinal charcoal,A07BA01,A07BA,Charcoal preparations,Charcoal preparations,unknown
medifoxamine,medifoxamine,medifoxamine,N06AX13,N06AX,Other antidepressants,Other antidepressants,unknown
medrogestone,medrogestone,medrogestone,G03DB03,G03DB,Pregnadien derivatives,Pregnadien derivatives,unknown
medroxyprogesterone,medroxyprogesterone,medroxyprogesterone,G03DA02,G03DA,Pregnen (4) derivatives,Pregnen (4) derivatives,unknown
medrysone,medrysone,medrysone,S01BA08,S01BA,"Corticosteroids, plain","Corticosteroids, plain",unknown
mefenamic acid,mefenamic acid,mefenamic acid,M01AG01,M01AG,Fenamates,Fenamates,nsaid
mefenorex,mefenorex,mefenorex,A08AA09,A08AA,Centrally acting antiobesity products,Centrally acting antiobesity products,unknown
mefloquine,mefloquine,mefloquine,P01BC02,P01BC,Methanolquinolines,Methanolquinolines,unknown
mefruside,mefruside,mefruside,C03BA05,C03BA,"Sulfonamides, plain","Sulfonamides, plain",unknown
megestrol,megestrol,megestrol,G03DB02,G03DB,Pregnadien derivatives,Pregnadien derivatives,unknown
meglumine antimonate,meglumine antimonate,meglumine antimonate,P01CB01,P01CB,Antimony compounds,Antimony compounds,unknown
meglutol,meglutol,meglutol,C10AX05,C10AX,Other lipid modifying agents,Other lipid modifying agents,unknown
meladrazine,meladrazine,meladrazine,G04BD03,G04BD,Drugs for urinary frequency and incontinence,Drugs for urinary frequency and incontinence,unknown
melagatran,melagatran,melagatran,B01AE04,B01AE,Direct thrombin inhibitors,Direct thrombin inhibitors,anticoagulant
melanoma vaccine,melanoma vaccine,melanoma vaccine,L03AX12,L03AX,Other immunostimulants,Other immunostimulants,unknown
melarsoprol,melarsoprol,melarsoprol,P01CD01,P01CD,Arsenic compounds,Arsenic compounds,unknown
melatonin,melatonin,melatonin,N05CH01,N05CH,Melatonin receptor agonists,Melatonin receptor agonists,unknown
meldonium,meldonium,meldonium,C01EB22,C01EB,Other cardiac preparations,Other cardiac preparations,unknown
melevodopa,melevodopa,melevodopa,N04BA04,N04BA,Dopa and dopa derivatives,Dopa and dopa derivatives,unknown
melitracen,melitracen,melitracen,N06AA14,N06AA,Non-selective monoamine reuptake inhibitors,Non-selective monoamine reuptake inhibitors,unknown
meloxicam,meloxicam,meloxicam,M01AC06,M01AC,Oxicams,Oxicams,nsaid
melperone,melperone,melperone,N05AD03,N05AD,Butyrophenone derivatives,Butyrophenone derivatives,unknown
melphalan,melphalan,melphalan,L01AA03,L01AA,Nitrogen mustard analogues,Nitrogen mustard analogues,unknown
memantine,memantine,memantine,N06DX01,N06DX,Other anti-dementia drugs,Other anti-dementia drugs,unknown
menadione,menadione,menadione,B02BA02,B02BA,Vitamin K,Vitamin K,unknown
menthae piperitae aetheroleum,menthae piperitae aetheroleum,menthae piperitae aetheroleum,A03AX15,A03AX,Other drugs for functional gastrointestinal disorders,Other drugs for functional gastrointestinal disorders,unknown
mepacrine,mepacrine,mepacrine,P01AX05,P01AX,Other agents against amoebiasis and other protozoal diseases,Other agents against amoebiasis and other protozoal diseases,unknown
mepartricin,mepartricin,mepartricin,A01AB16,A01AB,Antiinfectives and antiseptics for local oral treatment,Antiinfectives and antiseptics for local oral treatment,unknown
mepenzolate,mepenzolate,mepenzolate,A03AB12,A03AB,"Synthetic anticholinergics, quaternary ammonium compounds","Synthetic anticholinergics, quaternary ammonium compounds",unknown
mephenesin,mephenesin,mephenesin,M03BX06,M03BX,Other centrally acting agents,Other centrally acting agents,unknown
mephenoxalone,mephenoxalone,mephenoxalone,N05BX01,N05BX,Other anxiolytics,Other anxiolytics,unknown
mephentermine,mephentermine,mephentermine,C01CA11,C01CA,Adrenergic and dopaminergic agents,Adrenergic and dopaminergic agents,unknown
mephenytoin,mephenytoin,mephenytoin,N03AB04,N03AB,Hydantoin derivatives,Hydantoin derivatives,unknown
mepindolol,mepindolol,mepindolol,C07AA14,C07AA,"Beta blocking agents, non-selective","Beta blocking agents, non-selective",beta_blocker
mepivacaine,mepivacaine,mepivacaine,N01BB03,N01BB,Amides,Amides,unknown
mepixanox,mepixanox,mepixanox,R07AB09,R07AB,Respiratory stimulants,Respiratory stimulants,unknown
mepolizumab,mepolizumab,mepolizumab,R03DX09,R03DX,Other systemic drugs for obstructive airway diseases,Other systemic drugs for obstructive airway diseases,unknown
meprednisone,meprednisone,meprednisone,H02AB15,H02AB,Glucocorticoids,Glucocorticoids,unknown
meprobamate,meprobamate,meprobamate,N05BC01,N05BC,Carbamates,Carbamates,unknown
meprotixol,meprotixol,meprotixol,R05DB22,R05DB,Other cough suppressants,Other cough suppressants,unknown
meptazinol,meptazinol,meptazinol,N02AX05,N02AX,Other opioids,Other opioids,opioid
mepyramine,mepyramine,mepyramine,R06AC01,R06AC,Substituted ethylene diamines,Substituted ethylene diamines,antihistamine
mepyramine theophyllinacetate,mepyramine theophyllinacetate,mepyramine theophyllinacetate,R03DA12,R03DA,Xanthines,Xanthines,unknown
mequinol,mequinol,mequinol,D11AX06,D11AX,Other dermatologicals,Other dermatologicals,unknown
mequitazine,mequitazine,mequitazine,R06AD07,R06AD,Phenothiazine derivatives,Phenothiazine derivatives,antihistamine
merbromin,merbromin,merbromin,D08AK04,D08AK,Mercurial products,Mercurial products,unknown
mercaptamine,mercaptamine,mercaptamine,A16AA04,A16AA,Amino acids and derivatives,Amino acids and derivatives,unknown
mercaptopurine,mercaptopurine,mercaptopurine,L01BB02,L01BB,Purine analogues,Purine analogues,unknown
mercuric amidochloride,mercuric amidochloride,mercuric amidochloride,D08AK01,D08AK,Mercurial products,Mercurial products,unknown
mercuric chloride,mercuric chloride,mercuric chloride,D08AK03,D08AK,Mercurial products,Mercurial products,unknown
mercuric iodide,mercuric iodide,mercuric iodide,D08AK30,D08AK,Mercurial products,Mercurial products,unknown
mercury compounds,mercury compounds,mercury compounds,S01AX01,S01AX,Other antiinfectives,Other antiinfectives,unknown
meropenem,meropenem,meropenem,J01DH02,J01DH,Carbapenems,Carbapenems,unknown
mersalyl,mersalyl,mersalyl,C03BC01,C03BC,Mercurial diuretics,Mercurial diuretics,unknown
mesalazine,mesalazine,mesalazine,A07EC02,A07EC,Aminosalicylic acid and similar agents,Aminosalicylic acid and similar agents,unknown
mesna,mesna,mesna,R05CB05,R05CB,Mucolytics,Mucolytics,unknown
mesoridazine,mesoridazine,mesoridazine,N05AC03,N05AC,Phenothiazines with piperidine structure,Phenothiazines with piperidine structure,unknown
mesterolone,mesterolone,mesterolone,G03BB01,G03BB,5-androstanon (3) derivatives,5-androstanon (3) derivatives,unknown
mesulfen,mesulfen,mesulfen,D10AB05,D10AB,Preparations containing sulfur,Preparations containing sulfur,unknown
mesuximide,mesuximide,mesuximide,N03AD03,N03AD,Succinimide derivatives,Succinimide derivatives,unknown
metabutethamine,metabutethamine,metabutethamine,N01BA01,N01BA,Esters of aminobenzoic acid,Esters of aminobenzoic acid,unknown
metacycline,metacycline,metacycline,J01AA05,J01AA,Tetracyclines,Tetracyclines,tetracycline
metadoxine,metadoxine,metadoxine,A05BA09,A05BA,Liver therapy,Liver therapy,unknown
metahexamide,metahexamide,metahexamide,A10BB10,A10BB,Sulfonylureas,Sulfonylureas,sulfonylurea
metamfetamine,metamfetamine,metamfetamine,N06BA03,N06BA,Centrally acting sympathomimetics,Centrally acting sympathomimetics,unknown
metamizole sodium,metamizole sodium,metamizole sodium,N02BB02,N02BB,Pyrazolones,Pyrazolones,unknown
metampicillin,metampicillin,metampicillin,J01CA14,J01CA,Penicillins with extended spectrum,Penicillins with extended spectrum,penicillin
metandienone,metandienone,metandienone,A14AA03,A14AA,Androstan derivatives,Androstan derivatives,unknown
metaraminol,metaraminol,metaraminol,C01CA09,C01CA,Adrenergic and dopaminergic agents,Adrenergic and dopaminergic agents,unknown
metenolone,metenolone,metenolone,A14AA04,A14AA,Androstan derivatives,Androstan derivatives,unknown
metergoline,metergoline,metergoline,G02CB05,G02CB,Prolactine inhibitors,Prolactine inhibitors,unknown
metformin,metformin,metformin,A10BA02,A10BA,Biguanides,Biguanides,biguanide
methacetin 13c,methacetin (13C),methacetin (13C),V04CE03,V04CE,Tests for liver functional capacity,Tests for liver functional capacity,unknown
methacholine,methacholine,methacholine,V04CX03,V04CX,Other diagnostic agents,Other diagnostic agents,unknown
methadone,methadone,methadone,N07BC02,N07BC,Drugs used in opioid dependence,Drugs used in opioid dependence,unknown
methallenestril,methallenestril,methallenestril,G03CB03,G03CB,"Synthetic estrogens, plain","Synthetic estrogens, plain",unknown
methantheline,methantheline,methantheline,A03AB07,A03AB,"Synthetic anticholinergics, quaternary ammonium compounds","Synthetic anticholinergics, quaternary ammonium compounds",unknown
methapyrilene,methapyrilene,methapyrilene,R06AC05,R06AC,Substituted ethylene diamines,Substituted ethylene diamines,antihistamine
methaqualone,methaqualone,methaqualone,N05CM01,N05CM,Other hypnotics and sedatives,Other hypnotics and sedatives,unknown
metharbital,metharbital,metharbital,N03AA30,N03AA,Barbiturates and derivatives,Barbiturates and derivatives,unknown
methazolamide,methazolamide,methazolamide,S01EC05,S01EC,Carbonic anhydrase inhibitors,Carbonic anhydrase inhibitors,unknown
methdilazine,methdilazine,methdilazine,R06AD04,R06AD,Phenothiazine derivatives,Phenothiazine derivatives,antihistamine
methenamine,methenamine,methenamine,J01XX05,J01XX,Other antibacterials,Other antibacterials,unknown
methiodal,methiodal,methiodal,V08AA09,V08AA,"Watersoluble, nephrotropic, high osmolar X-ray contrast media","Watersoluble, nephrotropic, high osmolar X-ray contrast media",unknown
methionine,methionine,methionine,V03AB26,V03AB,Antidotes,Antidotes,unknown
methionine 11c,methionine (11C),methionine (11C),V09IX13,V09IX,Other diagnostic radiopharmaceuticals for tumour detection,Other diagnostic radiopharmaceuticals for tumour detection,unknown
methiosulfonium chloride,methiosulfonium chloride,methiosulfonium chloride,A02BX04,A02BX,Other drugs for peptic ulcer and gastro-oesophageal reflux disease (GORD),Other drugs for peptic ulcer and gastro-oesophageal reflux disease (GORD),unknown
methocarbamol,methocarbamol,methocarbamol,M03BA03,M03BA,Carbamic acid esters,Carbamic acid esters,unknown
methohexital,methohexital,methohexital,N01AF01,N01AF,"Barbiturates, plain","Barbiturates, plain",unknown
methoserpidine,methoserpidine,methoserpidine,C02AA06,C02AA,Rauwolfia alkaloids,Rauwolfia alkaloids,unknown
methotrexate,methotrexate,methotrexate,L04AX03,L04AX,Other immunosuppressants,Other immunosuppressants,unknown
methoxamine,methoxamine,methoxamine,C01CA10,C01CA,Adrenergic and dopaminergic agents,Adrenergic and dopaminergic agents,unknown
methoxsalen,methoxsalen,methoxsalen,D05BA02,D05BA,Psoralens for systemic use,Psoralens for systemic use,unknown
methoxy polyethylene glycol-epoetin beta,methoxy polyethylene glycol-epoetin beta,methoxy polyethylene glycol-epoetin beta,B03XA03,B03XA,Other antianemic preparations,Other antianemic preparations,unknown
methoxyflurane,methoxyflurane,methoxyflurane,N02BG09,N02BG,Other analgesics and antipyretics,Other analgesics and antipyretics,unknown
methoxyphenamine,methoxyphenamine,methoxyphenamine,R03CB02,R03CB,Non-selective beta-adrenoreceptor agonists,Non-selective beta-adrenoreceptor agonists,unknown
methyclothiazide,methyclothiazide,methyclothiazide,C03AA08,C03AA,"Thiazides, plain","Thiazides, plain",unknown
methyl aminolevulinate,methyl aminolevulinate,methyl aminolevulinate,L01XD03,L01XD,Sensitizers used in photodynamic/radiation therapy,Sensitizers used in photodynamic/radiation therapy,unknown
methylatropine,methylatropine,methylatropine,A03BB02,A03BB,"Belladonna alkaloids, semisynthetic, quaternary ammonium compounds","Belladonna alkaloids, semisynthetic, quaternary ammonium compounds",unknown
methylcellulose,methylcellulose,methylcellulose,A06AC06,A06AC,Bulk-forming laxatives,Bulk-forming laxatives,unknown
methyldopa levorotatory,methyldopa (levorotatory),methyldopa (levorotatory),C02AB01,C02AB,Methyldopa,Methyldopa,unknown
methyldopa racemic,methyldopa (racemic),methyldopa (racemic),C02AB02,C02AB,Methyldopa,Methyldopa,unknown
methylergometrine,methylergometrine,methylergometrine,G02AB01,G02AB,Ergot alkaloids,Ergot alkaloids,unknown
methylestrenolone,methylestrenolone,methylestrenolone,G03DC31,G03DC,Estren derivatives,Estren derivatives,unknown
methylnaltrexone bromide,methylnaltrexone bromide,methylnaltrexone bromide,A06AH01,A06AH,Peripheral opioid receptor antagonists,Peripheral opioid receptor antagonists,unknown
methylpentynol,methylpentynol,methylpentynol,N05CM15,N05CM,Other hypnotics and sedatives,Other hypnotics and sedatives,unknown
methylphenidate,methylphenidate,methylphenidate,N06BA04,N06BA,Centrally acting sympathomimetics,Centrally acting sympathomimetics,unknown
methylphenobarbital,methylphenobarbital,methylphenobarbital,N03AA01,N03AA,Barbiturates and derivatives,Barbiturates and derivatives,unknown
methylprednisolone,methylprednisolone,methylprednisolone,H02AB04,H02AB,Glucocorticoids,Glucocorticoids,unknown
methylprednisolone aceponate,methylprednisolone aceponate,methylprednisolone aceponate,D07AC14,D07AC,"Corticosteroids, potent (group III)","Corticosteroids, potent (group III)",unknown
methylpropylpropanediol dinitrate,methylpropylpropanediol dinitrate,methylpropylpropanediol dinitrate,C01DA04,C01DA,Organic nitrates,Organic nitrates,unknown
methylrosaniline,methylrosaniline,methylrosaniline,D01AE02,D01AE,Other antifungals for topical use,Other antifungals for topical use,unknown
methylscopolamine,methylscopolamine,methylscopolamine,A03BB03,A03BB,"Belladonna alkaloids, semisynthetic, quaternary ammonium compounds","Belladonna alkaloids, semisynthetic, quaternary ammonium compounds",unknown
methyltestosterone,methyltestosterone,methyltestosterone,G03BA02,G03BA,3-oxoandrosten (4) derivatives,3-oxoandrosten (4) derivatives,unknown
methylthioninium chloride,methylthioninium chloride,methylthioninium chloride,V03AB17,V03AB,Antidotes,Antidotes,unknown
methylthiouracil,methylthiouracil,methylthiouracil,H03BA01,H03BA,Thiouracils,Thiouracils,unknown
methyprylon,methyprylon,methyprylon,N05CE02,N05CE,Piperidinedione derivatives,Piperidinedione derivatives,unknown
methysergide,methysergide,methysergide,N02CA04,N02CA,Ergot alkaloids,Ergot alkaloids,unknown
meticillin,meticillin,meticillin,J01CF03,J01CF,Beta-lactamase resistant penicillins,Beta-lactamase resistant penicillins,penicillin
meticrane,meticrane,meticrane,C03BA09,C03BA,"Sulfonamides, plain","Sulfonamides, plain",unknown
metildigoxin,metildigoxin,metildigoxin,C01AA08,C01AA,Digitalis glycosides,Digitalis glycosides,unknown
metipranolol,metipranolol,metipranolol,S01ED04,S01ED,Beta blocking agents,Beta blocking agents,unknown
metirosine,metirosine,metirosine,C02KB01,C02KB,Tyrosine hydroxylase inhibitors,Tyrosine hydroxylase inhibitors,unknown
metisazone,metisazone,metisazone,J05AA01,J05AA,Thiosemicarbazones,Thiosemicarbazones,unknown
metixene,metixene,metixene,N04AA03,N04AA,Tertiary amines,Tertiary amines,unknown
metizoline,metizoline,metizoline,R01AA10,R01AA,"Sympathomimetics, plain","Sympathomimetics, plain",unknown
metoclopramide,metoclopramide,metoclopramide,A03FA01,A03FA,Propulsives,Propulsives,unknown
metolazone,metolazone,metolazone,C03BA08,C03BA,"Sulfonamides, plain","Sulfonamides, plain",unknown
metopimazine,metopimazine,metopimazine,A04AD05,A04AD,Other antiemetics,Other antiemetics,unknown
metoprolol,metoprolol,metoprolol,C07AB02,C07AB,"Beta blocking agents, selective","Beta blocking agents, selective",beta_blocker
metreleptin,metreleptin,metreleptin,A16AA07,A16AA,Amino acids and derivatives,Amino acids and derivatives,unknown
metrifonate,metrifonate,metrifonate,P02BB01,P02BB,Organophosphorous compounds,Organophosphorous compounds,unknown
metrizamide,metrizamide,metrizamide,V08AB01,V08AB,"Watersoluble, nephrotropic, low osmolar X-ray contrast media","Watersoluble, nephrotropic, low osmolar X-ray contrast media",unknown
metrizoic acid,metrizoic acid,metrizoic acid,V08AA02,V08AA,"Watersoluble, nephrotropic, high osmolar X-ray contrast media","Watersoluble, nephrotropic, high osmolar X-ray contrast media",unknown
metronidazole,metronidazole,metronidazole,P01AB01,P01AB,Nitroimidazole derivatives,Nitroimidazole derivatives,unknown
metyrapone,metyrapone,metyrapone,V04CD01,V04CD,Tests for pituitary function,Tests for pituitary function,unknown
mexiletine,mexiletine,mexiletine,C01BB02,C01BB,"Antiarrhythmics, class Ib","Antiarrhythmics, class Ib",unknown
mezlocillin,mezlocillin,mezlocillin,J01CA10,J01CA,Penicillins with extended spectrum,Penicillins with extended spectrum,penicillin
mianserin,mianserin,mianserin,N06AX03,N06AX,Other antidepressants,Other antidepressants,unknown
mibefradil,mibefradil,mibefradil,C08CX01,C08CX,Other selective calcium channel blockers with mainly vascular effects,Other selective calcium channel blockers with mainly vascular effects,unknown
micafungin,micafungin,micafungin,J02AX05,J02AX,Other antimycotics for systemic use,Other antimycotics for systemic use,unknown
miconazole,miconazole,miconazole,A01AB09,A01AB,Antiinfectives and antiseptics for local oral treatment,Antiinfectives and antiseptics for local oral treatment,unknown
micronomicin,micronomicin,micronomicin,S01AA22,S01AA,Antibiotics,Antibiotics,unknown
microparticles of galactose,microparticles of galactose,microparticles of galactose,V08DA02,V08DA,Ultrasound contrast media,Ultrasound contrast media,unknown
midazolam,midazolam,midazolam,N05CD08,N05CD,Benzodiazepine derivatives,Benzodiazepine derivatives,benzodiazepine
midecamycin,midecamycin,midecamycin,J01FA03,J01FA,Macrolides,Macrolides,macrolide
midodrine,midodrine,midodrine,C01CA17,C01CA,Adrenergic and dopaminergic agents,Adrenergic and dopaminergic agents,unknown
midostaurin,midostaurin,midostaurin,L01EX10,L01EX,Other protein kinase inhibitors,Other protein kinase inhibitors,unknown
mifamurtide,mifamurtide,mifamurtide,L03AX15,L03AX,Other immunostimulants,Other immunostimulants,unknown
mifepristone,mifepristone,mifepristone,G03XB01,G03XB,Progesterone receptor modulators,Progesterone receptor modulators,unknown
migalastat,migalastat,migalastat,A16AX14,A16AX,Various alimentary tract and metabolism products,Various alimentary tract and metabolism products,unknown
miglitol,miglitol,miglitol,A10BF02,A10BF,Alpha glucosidase inhibitors,Alpha glucosidase inhibitors,unknown
miglustat,miglustat,miglustat,A16AX06,A16AX,Various alimentary tract and metabolism products,Various alimentary tract and metabolism products,unknown
milnacipran,milnacipran,milnacipran,N06AX17,N06AX,Other antidepressants,Other antidepressants,unknown
milrinone,milrinone,milrinone,C01CE02,C01CE,Phosphodiesterase inhibitors,Phosphodiesterase inhibitors,unknown
miltefosine,miltefosine,miltefosine,P01CX04,P01CX,Other agents against leishmaniasis and trypanosomiasis,Other agents against leishmaniasis and trypanosomiasis,unknown
minaprine,minaprine,minaprine,N06AX07,N06AX,Other antidepressants,Other antidepressants,unknown
minocycline,minocycline,minocycline,J01AA08,J01AA,Tetracyclines,Tetracyclines,tetracycline
minoxidil,minoxidil,minoxidil,C02DC01,C02DC,Pyrimidine derivatives,Pyrimidine derivatives,unknown
miocamycin,miocamycin,miocamycin,J01FA11,J01FA,Macrolides,Macrolides,macrolide
mipomersen,mipomersen,mipomersen,C10AX11,C10AX,Other lipid modifying agents,Other lipid modifying agents,unknown
mirabegron,mirabegron,mirabegron,G04BD12,G04BD,Drugs for urinary frequency and incontinence,Drugs for urinary frequency and incontinence,unknown
mirogabalin,mirogabalin,mirogabalin,N02BG11,N02BG,Other analgesics and antipyretics,Other analgesics and antipyretics,unknown
mirtazapine,mirtazapine,mirtazapine,N06AX11,N06AX,Other antidepressants,Other antidepressants,unknown
misoprostol,misoprostol,misoprostol,A02BB01,A02BB,Prostaglandins,Prostaglandins,unknown
mitiglinide,mitiglinide,mitiglinide,A10BX08,A10BX,"Other blood glucose lowering drugs, excl. insulins","Other blood glucose lowering drugs, excl. insulins",unknown
mitobronitol,mitobronitol,mitobronitol,L01AX01,L01AX,Other alkylating agents,Other alkylating agents,unknown
mitoguazone,mitoguazone,mitoguazone,L01XX16,L01XX,Other antineoplastic agents,Other antineoplastic agents,unknown
mitomycin,mitomycin,mitomycin,L01DC03,L01DC,Other cytotoxic antibiotics,Other cytotoxic antibiotics,unknown
mitotane,mitotane,mitotane,L01XX23,L01XX,Other antineoplastic agents,Other antineoplastic agents,unknown
mitoxantrone,mitoxantrone,mitoxantrone,L01DB07,L01DB,Anthracyclines and related substances,Anthracyclines and related substances,unknown
mivacurium chloride,mivacurium chloride,mivacurium chloride,M03AC10,M03AC,Other quaternary ammonium compounds,Other quaternary ammonium compounds,unknown
mizolastine,mizolastine,mizolastine,R06AX25,R06AX,Other antihistamines for systemic use,Other antihistamines for systemic use,antihistamine
moclobemide,moclobemide,moclobemide,N06AG02,N06AG,Monoamine oxidase A inhibitors,Monoamine oxidase A inhibitors,unknown
modafinil,modafinil,modafinil,N06BA07,N06BA,Centrally acting sympathomimetics,Centrally acting sympathomimetics,unknown
moexipril,moexipril,moexipril,C09AA13,C09AA,"ACE inhibitors, plain","ACE inhibitors, plain",ace_inhibitor
mofebutazone,mofebutazone,mofebutazone,M01AA02,M01AA,Butylpyrazolidines,Butylpyrazolidines,nsaid
mogamulizumab,mogamulizumab,mogamulizumab,L01XC25,L01XC,Monoclonal antibodies,Monoclonal antibodies,unknown
molgramostim,molgramostim,molgramostim,L03AA03,L03AA,Colony stimulating factors,Colony stimulating factors,unknown
molindone,molindone,molindone,N05AE02,N05AE,Indole derivatives,Indole derivatives,unknown
molsidomine,molsidomine,molsidomine,C01DX12,C01DX,Other vasodilators used in cardiac diseases,Other vasodilators used in cardiac diseases,unknown
mometasone,mometasone,mometasone,D07AC13,D07AC,"Corticosteroids, potent (group III)","Corticosteroids, potent (group III)",unknown
monobenzone,monobenzone,monobenzone,D11AX13,D11AX,Other dermatologicals,Other dermatologicals,unknown
monoethanolamine oleate,monoethanolamine oleate,monoethanolamine oleate,C05BB01,C05BB,Sclerosing agents for local injection,Sclerosing agents for local injection,unknown
monoxerutin,monoxerutin,monoxerutin,C05CA02,C05CA,Bioflavonoids,Bioflavonoids,unknown
montelukast,montelukast,montelukast,R03DC03,R03DC,Leukotriene receptor antagonists,Leukotriene receptor antagonists,unknown
moperone,moperone,moperone,N05AD04,N05AD,Butyrophenone derivatives,Butyrophenone derivatives,unknown
moracizine,moracizine,moracizine,C01BG01,C01BG,"Other antiarrhythmics, class I and III","Other antiarrhythmics, class I and III",unknown
morclofone,morclofone,morclofone,R05DB25,R05DB,Other cough suppressants,Other cough suppressants,unknown
morinamide,morinamide,morinamide,J04AK04,J04AK,Other drugs for treatment of tuberculosis,Other drugs for treatment of tuberculosis,unknown
morniflumate,morniflumate,morniflumate,M01AX22,M01AX,"Other antiinflammatory and antirheumatic agents, non-steroids","Other antiinflammatory and antirheumatic agents, non-steroids",nsaid
moroxydine,moroxydine,moroxydine,J05AX01,J05AX,Other antivirals,Other antivirals,unknown
morphine,morphine,morphine,N02AA01,N02AA,Natural opium alkaloids,Natural opium alkaloids,opioid
morpholine salicylate,morpholine salicylate,morpholine salicylate,N02BA08,N02BA,Salicylic acid and derivatives,Salicylic acid and derivatives,unknown
mosapramine,mosapramine,mosapramine,N05AX10,N05AX,Other antipsychotics,Other antipsychotics,unknown
mosapride,mosapride,mosapride,A03FA09,A03FA,Propulsives,Propulsives,unknown
motavizumab,motavizumab,motavizumab,J06BB17,J06BB,Specific immunoglobulins,Specific immunoglobulins,unknown
motretinide,motretinide,motretinide,D10AD05,D10AD,Retinoids for topical use in acne,Retinoids for topical use in acne,unknown
moxaverine,moxaverine,moxaverine,A03AD30,A03AD,Papaverine and derivatives,Papaverine and derivatives,unknown
moxestrol,moxestrol,moxestrol,G03CB04,G03CB,"Synthetic estrogens, plain","Synthetic estrogens, plain",unknown
moxetumomab pasudotox,moxetumomab pasudotox,moxetumomab pasudotox,L01XC34,L01XC,Monoclonal antibodies,Monoclonal antibodies,unknown
moxidectin,moxidectin,moxidectin,P02CX03,P02CX,Other antinematodals,Other antinematodals,unknown
moxifloxacin,moxifloxacin,moxifloxacin,J01MA14,J01MA,Fluoroquinolones,Fluoroquinolones,fluoroquinolone
moxisylyte,moxisylyte,moxisylyte,C04AX10,C04AX,Other peripheral vasodilators,Other peripheral vasodilators,unknown
moxonidine,moxonidine,moxonidine,C02AC05,C02AC,Imidazoline receptor agonists,Imidazoline receptor agonists,unknown
mumps immunoglobulin,mumps immunoglobulin,mumps immunoglobulin,J06BB15,J06BB,Specific immunoglobulins,Specific immunoglobulins,unknown
mupirocin,mupirocin,mupirocin,D06AX09,D06AX,Other antibiotics for topical use,Other antibiotics for topical use,unknown
muromonab-cd3,muromonab-CD3,muromonab-CD3,L04AA02,L04AA,Selective immunosuppressants,Selective immunosuppressants,unknown
muzolimine,muzolimine,muzolimine,C03CD01,C03CD,Pyrazolone derivatives,Pyrazolone derivatives,unknown
mycophenolic acid,mycophenolic acid,mycophenolic acid,L04AA06,L04AA,Selective immunosuppressants,Selective immunosuppressants,unknown
myristyl-benzalkonium,myristyl-benzalkonium,myristyl-benzalkonium,R02AA10,R02AA,Antiseptics,Antiseptics,unknown
nabilone,nabilone,nabilone,A04AD11,A04AD,Other antiemetics,Other antiemetics,unknown
nabumetone,nabumetone,nabumetone,M01AX01,M01AX,"Other antiinflammatory and antirheumatic agents, non-steroids","Other antiinflammatory and antirheumatic agents, non-steroids",nsaid
nadifloxacin,nadifloxacin,nadifloxacin,D10AF05,D10AF,Antiinfectives for treatment of acne,Antiinfectives for treatment of acne,unknown
nadolol,nadolol,nadolol,C07AA12,C07AA,"Beta blocking agents, non-selective","Beta blocking agents, non-selective",beta_blocker
nadroparin,nadroparin,nadroparin,B01AB06,B01AB,Heparin group,Heparin group,unknown
nafarelin,nafarelin,nafarelin,H01CA02,H01CA,Gonadotropin-releasing hormones,Gonadotropin-releasing hormones,unknown
nafcillin,nafcillin,nafcillin,J01CF06,J01CF,Beta-lactamase resistant penicillins,Beta-lactamase resistant penicillins,penicillin
naftazone,naftazone,naftazone,C05CX02,C05CX,Other capillary stabilizing agents,Other capillary stabilizing agents,unknown
naftidrofuryl,naftidrofuryl,naftidrofuryl,C04AX21,C04AX,Other peripheral vasodilators,Other peripheral vasodilators,unknown
naftifine,naftifine,naftifine,D01AE22,D01AE,Other antifungals for topical use,Other antifungals for topical use,unknown
nalbuphine,nalbuphine,nalbuphine,N02AF02,N02AF,Morphinan derivatives,Morphinan derivatives,opioid
naldemedine,naldemedine,naldemedine,A06AH05,A06AH,Peripheral opioid receptor antagonists,Peripheral opioid receptor antagonists,unknown
nalfurafine,nalfurafine,nalfurafine,V03AX02,V03AX,Other therapeutic products,Other therapeutic products,unknown
nalidixic acid,nalidixic acid,nalidixic acid,J01MB02,J01MB,Other quinolones,Other quinolones,unknown
nalmefene,nalmefene,nalmefene,N07BB05,N07BB,Drugs used in alcohol dependence,Drugs used in alcohol dependence,unknown
nalorphine,nalorphine,nalorphine,V03AB02,V03AB,Antidotes,Antidotes,unknown
naloxegol,naloxegol,naloxegol,A06AH03,A06AH,Peripheral opioid receptor antagonists,Peripheral opioid receptor antagonists,unknown
naloxone,naloxone,naloxone,A06AH04,A06AH,Peripheral opioid receptor antagonists,Peripheral opioid receptor antagonists,unknown
naltrexone,naltrexone,naltrexone,N07BB04,N07BB,Drugs used in alcohol dependence,Drugs used in alcohol dependence,unknown
nandrolone,nandrolone,nandrolone,A14AB01,A14AB,Estren derivatives,Estren derivatives,unknown
naphazoline,naphazoline,naphazoline,R01AA08,R01AA,"Sympathomimetics, plain","Sympathomimetics, plain",unknown
naproxcinod,naproxcinod,naproxcinod,M01AE18,M01AE,Propionic acid derivatives,Propionic acid derivatives,nsaid
naproxen,naproxen,naproxen,M01AE02,M01AE,Propionic acid derivatives,Propionic acid derivatives,nsaid
naratriptan,naratriptan,naratriptan,N02CC02,N02CC,Selective serotonin (5HT1) agonists,Selective serotonin (5HT1) agonists,unknown
narcobarbital,narcobarbital,narcobarbital,N01AG01,N01AG,Barbiturates in combination with other drugs,Barbiturates in combination with other drugs,unknown
natalizumab,natalizumab,natalizumab,L04AA23,L04AA,Selective immunosuppressants,Selective immunosuppressants,unknown
natamycin,natamycin,natamycin,A01AB10,A01AB,Antiinfectives and antiseptics for local oral treatment,Antiinfectives and antiseptics for local oral treatment,unknown
nateglinide,nateglinide,nateglinide,A10BX03,A10BX,"Other blood glucose lowering drugs, excl. insulins","Other blood glucose lowering drugs, excl. insulins",unknown
natural phospholipids,natural phospholipids,natural phospholipids,R07AA02,R07AA,Lung surfactants,Lung surfactants,unknown
nebacumab,nebacumab,nebacumab,J06BC01,J06BC,Other immunoglobulins,Other immunoglobulins,unknown
nebivolol,nebivolol,nebivolol,C07AB12,C07AB,"Beta blocking agents, selective","Beta blocking agents, selective",beta_blocker
necitumumab,necitumumab,necitumumab,L01XC22,L01XC,Monoclonal antibodies,Monoclonal antibodies,unknown
nedocromil,nedocromil,nedocromil,R01AC07,R01AC,"Antiallergic agents, excl. corticosteroids","Antiallergic agents, excl. corticosteroids",unknown
nefazodone,nefazodone,nefazodone,N06AX06,N06AX,Other antidepressants,Other antidepressants,unknown
nefopam,nefopam,nefopam,N02BG06,N02BG,Other analgesics and antipyretics,Other analgesics and antipyretics,unknown
nelarabine,nelarabine,nelarabine,L01BB07,L01BB,Purine analogues,Purine analogues,unknown
nelfinavir,nelfinavir,nelfinavir,J05AE04,J05AE,Protease inhibitors,Protease inhibitors,unknown
neltenexine,neltenexine,neltenexine,R05CB14,R05CB,Mucolytics,Mucolytics,unknown
nemonoxacin,nemonoxacin,nemonoxacin,J01MB08,J01MB,Other quinolones,Other quinolones,unknown
neomycin,neomycin,neomycin,J01GB05,J01GB,Other aminoglycosides,Other aminoglycosides,aminoglycoside
neostigmine,neostigmine,neostigmine,N07AA01,N07AA,Anticholinesterases,Anticholinesterases,unknown
nepafenac,nepafenac,nepafenac,S01BC10,S01BC,"Antiinflammatory agents, non-steroids","Antiinflammatory agents, non-steroids",nsaid
nepinalone,nepinalone,nepinalone,R05DB26,R05DB,Other cough suppressants,Other cough suppressants,unknown
neratinib,neratinib,neratinib,L01EH02,L01EH,Human epidermal growth factor receptor 2 (HER2) tyrosine kinase inhibitors,Human epidermal growth factor receptor 2 (HER2) tyrosine kinase inhibitors,unknown
nesiritide,nesiritide,nesiritide,C01DX19,C01DX,Other vasodilators used in cardiac diseases,Other vasodilators used in cardiac diseases,unknown
netarsudil,netarsudil,netarsudil,S01EX05,S01EX,Other antiglaucoma preparations,Other antiglaucoma preparations,unknown
netilmicin,netilmicin,netilmicin,J01GB07,J01GB,Other aminoglycosides,Other aminoglycosides,aminoglycoside
nevirapine,nevirapine,nevirapine,J05AG01,J05AG,Non-nucleoside reverse transcriptase inhibitors,Non-nucleoside reverse transcriptase inhibitors,unknown
nialamide,nialamide,nialamide,N06AF02,N06AF,"Monoamine oxidase inhibitors, non-selective","Monoamine oxidase inhibitors, non-selective",unknown
niaprazine,niaprazine,niaprazine,N05CM16,N05CM,Other hypnotics and sedatives,Other hypnotics and sedatives,unknown
nicardipine,nicardipine,nicardipine,C08CA04,C08CA,Dihydropyridine derivatives,Dihydropyridine derivatives,unknown
nicergoline,nicergoline,nicergoline,C04AE02,C04AE,Ergot alkaloids,Ergot alkaloids,unknown
niceritrol,niceritrol,niceritrol,C10AD01,C10AD,Nicotinic acid and derivatives,Nicotinic acid and derivatives,unknown
niclosamide,niclosamide,niclosamide,P02DA01,P02DA,Salicylic acid derivatives,Salicylic acid derivatives,unknown
nicofetamide,nicofetamide,nicofetamide,A03AC04,A03AC,"Synthetic antispasmodics, amides with tertiary amines","Synthetic antispasmodics, amides with tertiary amines",unknown
nicofuranose,nicofuranose,nicofuranose,C10AD03,C10AD,Nicotinic acid and derivatives,Nicotinic acid and derivatives,unknown
nicomorphine,nicomorphine,nicomorphine,N02AA04,N02AA,Natural opium alkaloids,Natural opium alkaloids,opioid
nicorandil,nicorandil,nicorandil,C01DX16,C01DX,Other vasodilators used in cardiac diseases,Other vasodilators used in cardiac diseases,unknown
nicotinamide,nicotinamide,nicotinamide,A11HA01,A11HA,Other plain vitamin preparations,Other plain vitamin preparations,unknown
nicotine,nicotine,nicotine,N07BA01,N07BA,Drugs used in nicotine dependence,Drugs used in nicotine dependence,unknown
nicotinic acid,nicotinic acid,nicotinic acid,C04AC01,C04AC,Nicotinic acid and derivatives,Nicotinic acid and derivatives,unknown
nicotinyl alcohol pyridylcarbinol,nicotinyl alcohol (pyridylcarbinol),nicotinyl alcohol (pyridylcarbinol),C04AC02,C04AC,Nicotinic acid and derivatives,Nicotinic acid and derivatives,unknown
nicotinyl methylamide,nicotinyl methylamide,nicotinyl methylamide,A05AB01,A05AB,Preparations for biliary tract therapy,Preparations for biliary tract therapy,unknown
nifedipine,nifedipine,nifedipine,C08CA05,C08CA,Dihydropyridine derivatives,Dihydropyridine derivatives,unknown
nifenazone,nifenazone,nifenazone,M02AA24,M02AA,"Antiinflammatory preparations, non-steroids for topical use","Antiinflammatory preparations, non-steroids for topical use",nsaid
niflumic acid,niflumic acid,niflumic acid,M01AX02,M01AX,"Other antiinflammatory and antirheumatic agents, non-steroids","Other antiinflammatory and antirheumatic agents, non-steroids",nsaid
nifuratel,nifuratel,nifuratel,G01AX05,G01AX,Other antiinfectives and antiseptics,Other antiinfectives and antiseptics,unknown
nifuroxazide,nifuroxazide,nifuroxazide,A07AX03,A07AX,Other intestinal antiinfectives,Other intestinal antiinfectives,unknown
nifurtimox,nifurtimox,nifurtimox,P01CC01,P01CC,Nitrofuran derivatives,Nitrofuran derivatives,unknown
nifurtoinol,nifurtoinol,nifurtoinol,J01XE02,J01XE,Nitrofuran derivatives,Nitrofuran derivatives,unknown
nifurzide,nifurzide,nifurzide,A07AX04,A07AX,Other intestinal antiinfectives,Other intestinal antiinfectives,unknown
nikethamide,nikethamide,nikethamide,R07AB02,R07AB,Respiratory stimulants,Respiratory stimulants,unknown
nilotinib,nilotinib,nilotinib,L01EA03,L01EA,BCR-ABL tyrosine kinase inhibitors,BCR-ABL tyrosine kinase inhibitors,unknown
nilutamide,nilutamide,nilutamide,L02BB02,L02BB,Anti-androgens,Anti-androgens,unknown
nilvadipine,nilvadipine,nilvadipine,C08CA10,C08CA,Dihydropyridine derivatives,Dihydropyridine derivatives,unknown
nimesulide,nimesulide,nimesulide,M01AX17,M01AX,"Other antiinflammatory and antirheumatic agents, non-steroids","Other antiinflammatory and antirheumatic agents, non-steroids",nsaid
nimetazepam,nimetazepam,nimetazepam,N05CD15,N05CD,Benzodiazepine derivatives,Benzodiazepine derivatives,benzodiazepine
nimodipine,nimodipine,nimodipine,C08CA06,C08CA,Dihydropyridine derivatives,Dihydropyridine derivatives,unknown
nimorazole,nimorazole,nimorazole,P01AB06,P01AB,Nitroimidazole derivatives,Nitroimidazole derivatives,unknown
nimustine,nimustine,nimustine,L01AD06,L01AD,Nitrosoureas,Nitrosoureas,unknown
nintedanib,nintedanib,nintedanib,L01EX09,L01EX,Other protein kinase inhibitors,Other protein kinase inhibitors,unknown
niperotidine,niperotidine,niperotidine,A02BA05,A02BA,H2-receptor antagonists,H2-receptor antagonists,unknown
niraparib,niraparib,niraparib,L01XK02,L01XK,Poly (ADP-ribose) polymerase (PARP) inhibitors,Poly (ADP-ribose) polymerase (PARP) inhibitors,unknown
niridazole,niridazole,niridazole,P02BX02,P02BX,Other antitrematodal agents,Other antitrematodal agents,unknown
nisoldipine,nisoldipine,nisoldipine,C08CA07,C08CA,Dihydropyridine derivatives,Dihydropyridine derivatives,unknown
nitazoxanide,nitazoxanide,nitazoxanide,P01AX11,P01AX,Other agents against amoebiasis and other protozoal diseases,Other agents against amoebiasis and other protozoal diseases,unknown
nitisinone,nitisinone,nitisinone,A16AX04,A16AX,Various alimentary tract and metabolism products,Various alimentary tract and metabolism products,unknown
nitrazepam,nitrazepam,nitrazepam,N05CD02,N05CD,Benzodiazepine derivatives,Benzodiazepine derivatives,benzodiazepine
nitrendipine,nitrendipine,nitrendipine,C08CA08,C08CA,Dihydropyridine derivatives,Dihydropyridine derivatives,unknown
nitric oxide,nitric oxide,nitric oxide,R07AX01,R07AX,Other respiratory system products,Other respiratory system products,unknown
nitrofural,nitrofural,nitrofural,B05CA03,B05CA,Antiinfectives,Antiinfectives,unknown
nitrofurantoin,nitrofurantoin,nitrofurantoin,J01XE01,J01XE,Nitrofuran derivatives,Nitrofuran derivatives,unknown
nitrogen,nitrogen,nitrogen,V03AN04,V03AN,Medical gases,Medical gases,unknown
nitroprusside,nitroprusside,nitroprusside,C02DD01,C02DD,Nitroferricyanide derivatives,Nitroferricyanide derivatives,unknown
nitrous oxide,nitrous oxide,nitrous oxide,N01AX13,N01AX,Other general anesthetics,Other general anesthetics,unknown
nitroxoline,nitroxoline,nitroxoline,J01XX07,J01XX,Other antibacterials,Other antibacterials,unknown
nivolumab,nivolumab,nivolumab,L01XC17,L01XC,Monoclonal antibodies,Monoclonal antibodies,unknown
nizatidine,nizatidine,nizatidine,A02BA04,A02BA,H2-receptor antagonists,H2-receptor antagonists,unknown
nizofenone,nizofenone,nizofenone,N06BX10,N06BX,Other psychostimulants and nootropics,Other psychostimulants and nootropics,unknown
nomegestrol,nomegestrol,nomegestrol,G03DB04,G03DB,Pregnadien derivatives,Pregnadien derivatives,unknown
nomifensine,nomifensine,nomifensine,N06AX04,N06AX,Other antidepressants,Other antidepressants,unknown
nordazepam,nordazepam,nordazepam,N05BA16,N05BA,Benzodiazepine derivatives,Benzodiazepine derivatives,benzodiazepine
norepinephrine,norepinephrine,norepinephrine,C01CA03,C01CA,Adrenergic and dopaminergic agents,Adrenergic and dopaminergic agents,unknown
norethandrolone,norethandrolone,norethandrolone,A14AA09,A14AA,Androstan derivatives,Androstan derivatives,unknown
norethisterone,norethisterone,norethisterone,G03DC02,G03DC,Estren derivatives,Estren derivatives,unknown
norfenefrine,norfenefrine,norfenefrine,C01CA05,C01CA,Adrenergic and dopaminergic agents,Adrenergic and dopaminergic agents,unknown
norfloxacin,norfloxacin,norfloxacin,J01MA06,J01MA,Fluoroquinolones,Fluoroquinolones,fluoroquinolone
norgestrienone,norgestrienone,norgestrienone,G03AC07,G03AC,Progestogens,Progestogens,unknown
normethadone,normethadone,normethadone,R05DA06,R05DA,Opium alkaloids and derivatives,Opium alkaloids and derivatives,unknown
nortriptyline,nortriptyline,nortriptyline,N06AA10,N06AA,Non-selective monoamine reuptake inhibitors,Non-selective monoamine reuptake inhibitors,unknown
noscapine,noscapine,noscapine,R05DA07,R05DA,Opium alkaloids and derivatives,Opium alkaloids and derivatives,unknown
noxytiolin,noxytiolin,noxytiolin,B05CA07,B05CA,Antiinfectives,Antiinfectives,unknown
nusinersen,nusinersen,nusinersen,M09AX07,M09AX,Other drugs for disorders of the musculo-skeletal system,Other drugs for disorders of the musculo-skeletal system,unknown
nystatin,nystatin,nystatin,A07AA02,A07AA,Antibiotics,Antibiotics,unknown
obeticholic acid,obeticholic acid,obeticholic acid,A05AA04,A05AA,Bile acids and derivatives,Bile acids and derivatives,unknown
obidoxime,obidoxime,obidoxime,V03AB13,V03AB,Antidotes,Antidotes,unknown
obiltoxaximab,obiltoxaximab,obiltoxaximab,J06BB22,J06BB,Specific immunoglobulins,Specific immunoglobulins,unknown
obinutuzumab,obinutuzumab,obinutuzumab,L01XC15,L01XC,Monoclonal antibodies,Monoclonal antibodies,unknown
oblimersen,oblimersen,oblimersen,L01XX36,L01XX,Other antineoplastic agents,Other antineoplastic agents,unknown
ocrelizumab,ocrelizumab,ocrelizumab,L04AA36,L04AA,Selective immunosuppressants,Selective immunosuppressants,unknown
ocriplasmin,ocriplasmin,ocriplasmin,S01XA22,S01XA,Other ophthalmologicals,Other ophthalmologicals,unknown
octenidine,octenidine,octenidine,R02AA21,R02AA,Antiseptics,Antiseptics,unknown
octinoxate,octinoxate,octinoxate,D02BA02,D02BA,Protectives against UV-radiation for topical use,Protectives against UV-radiation for topical use,unknown
octopamine,octopamine,octopamine,C01CA18,C01CA,Adrenergic and dopaminergic agents,Adrenergic and dopaminergic agents,unknown
octreotide,octreotide,octreotide,H01CB02,H01CB,Somatostatin and analogues,Somatostatin and analogues,unknown
ofatumumab,ofatumumab,ofatumumab,L01XC10,L01XC,Monoclonal antibodies,Monoclonal antibodies,unknown
ofloxacin,ofloxacin,ofloxacin,J01MA01,J01MA,Fluoroquinolones,Fluoroquinolones,fluoroquinolone
oil,oil,oil,A06AG06,A06AG,Enemas,Enemas,unknown
olaflur,olaflur,olaflur,A01AA03,A01AA,Caries prophylactic agents,Caries prophylactic agents,unknown
olanzapine,olanzapine,olanzapine,N05AH03,N05AH,"Diazepines, oxazepines, thiazepines and oxepines","Diazepines, oxazepines, thiazepines and oxepines",unknown
olaparib,olaparib,olaparib,L01XK01,L01XK,Poly (ADP-ribose) polymerase (PARP) inhibitors,Poly (ADP-ribose) polymerase (PARP) inhibitors,unknown
olaratumab,olaratumab,olaratumab,L01XC27,L01XC,Monoclonal antibodies,Monoclonal antibodies,unknown
oleandomycin,oleandomycin,oleandomycin,J01FA05,J01FA,Macrolides,Macrolides,macrolide
olmesartan medoxomil,olmesartan medoxomil,olmesartan medoxomil,C09CA08,C09CA,"Angiotensin II receptor blockers (ARBs), plain","Angiotensin II receptor blockers (ARBs), plain",arb
olmutinib,olmutinib,olmutinib,L01EB06,L01EB,Epidermal growth factor receptor (EGFR) tyrosine kinase inhibitors,Epidermal growth factor receptor (EGFR) tyrosine kinase inhibitors,unknown
olodaterol,olodaterol,olodaterol,R03AC19,R03AC,Selective beta-2-adrenoreceptor agonists,Selective beta-2-adrenoreceptor agonists,unknown
olopatadine,olopatadine,olopatadine,R01AC08,R01AC,"Antiallergic agents, excl. corticosteroids","Antiallergic agents, excl. corticosteroids",unknown
olsalazine,olsalazine,olsalazine,A07EC03,A07EC,Aminosalicylic acid and similar agents,Aminosalicylic acid and similar agents,unknown
omacetaxine mepesuccinate,omacetaxine mepesuccinate,omacetaxine mepesuccinate,L01XX40,L01XX,Other antineoplastic agents,Other antineoplastic agents,unknown
omadacycline,omadacycline,omadacycline,J01AA15,J01AA,Tetracyclines,Tetracyclines,tetracycline
omalizumab,omalizumab,omalizumab,R03DX05,R03DX,Other systemic drugs for obstructive airway diseases,Other systemic drugs for obstructive airway diseases,unknown
omeprazole,omeprazole,omeprazole,A02BC01,A02BC,Proton pump inhibitors,Proton pump inhibitors,unknown
omidenepag,omidenepag,omidenepag,S01EX06,S01EX,Other antiglaucoma preparations,Other antiglaucoma preparations,unknown
omoconazole,omoconazole,omoconazole,D01AC13,D01AC,Imidazole and triazole derivatives,Imidazole and triazole derivatives,unknown
onasemnogene abeparvovec,onasemnogene abeparvovec,onasemnogene abeparvovec,M09AX09,M09AX,Other drugs for disorders of the musculo-skeletal system,Other drugs for disorders of the musculo-skeletal system,unknown
ondansetron,ondansetron,ondansetron,A04AA01,A04AA,Serotonin (5HT3) antagonists,Serotonin (5HT3) antagonists,unknown
opicapone,opicapone,opicapone,N04BX04,N04BX,Other dopaminergic agents,Other dopaminergic agents,unknown
opinercept,opinercept,opinercept,L04AB07,L04AB,Tumor necrosis factor alpha (TNF-alpha) inhibitors,Tumor necrosis factor alpha (TNF-alpha) inhibitors,unknown
opipramol,opipramol,opipramol,N06AA05,N06AA,Non-selective monoamine reuptake inhibitors,Non-selective monoamine reuptake inhibitors,unknown
opium,opium,opium,N02AA02,N02AA,Natural opium alkaloids,Natural opium alkaloids,opioid
opium alkaloids with morphine,opium alkaloids with morphine,opium alkaloids with morphine,R05DA05,R05DA,Opium alkaloids and derivatives,Opium alkaloids and derivatives,unknown
oprelvekin,oprelvekin,oprelvekin,L03AC02,L03AC,Interleukins,Interleukins,unknown
orciprenaline,orciprenaline,orciprenaline,R03CB03,R03CB,Non-selective beta-adrenoreceptor agonists,Non-selective beta-adrenoreceptor agonists,unknown
organo-heparinoid,organo-heparinoid,organo-heparinoid,C05BA01,C05BA,Heparins or heparinoids for topical use,Heparins or heparinoids for topical use,unknown
orgotein,orgotein,orgotein,M01AX14,M01AX,"Other antiinflammatory and antirheumatic agents, non-steroids","Other antiinflammatory and antirheumatic agents, non-steroids",nsaid
oritavancin,oritavancin,oritavancin,J01XA05,J01XA,Glycopeptide antibacterials,Glycopeptide antibacterials,unknown
orlistat,orlistat,orlistat,A08AB01,A08AB,Peripherally acting antiobesity products,Peripherally acting antiobesity products,unknown
ormeloxifene,ormeloxifene,ormeloxifene,G03XC04,G03XC,Selective estrogen receptor modulators,Selective estrogen receptor modulators,unknown
ornidazole,ornidazole,ornidazole,P01AB03,P01AB,Nitroimidazole derivatives,Nitroimidazole derivatives,unknown
ornipressin,ornipressin,ornipressin,H01BA05,H01BA,Vasopressin and analogues,Vasopressin and analogues,unknown
ornithine oxoglurate,ornithine oxoglurate,ornithine oxoglurate,A05BA06,A05BA,Liver therapy,Liver therapy,unknown
orphenadrine chloride,orphenadrine (chloride),orphenadrine (chloride),N04AB02,N04AB,Ethers chemically close to antihistamines,Ethers chemically close to antihistamines,unknown
orphenadrine citrate,orphenadrine (citrate),orphenadrine (citrate),M03BC01,M03BC,"Ethers, chemically close to antihistamines","Ethers, chemically close to antihistamines",unknown
oseltamivir,oseltamivir,oseltamivir,J05AH02,J05AH,Neuraminidase inhibitors,Neuraminidase inhibitors,unknown
osilodrostat,osilodrostat,osilodrostat,H02CA02,H02CA,Anticorticosteroids,Anticorticosteroids,unknown
osimertinib,osimertinib,osimertinib,L01EB04,L01EB,Epidermal growth factor receptor (EGFR) tyrosine kinase inhibitors,Epidermal growth factor receptor (EGFR) tyrosine kinase inhibitors,unknown
ospemifene,ospemifene,ospemifene,G03XC05,G03XC,Selective estrogen receptor modulators,Selective estrogen receptor modulators,unknown
other meningococcal monovalent purified polysaccharides antigen,other meningococcal monovalent purified polysaccharides antigen,other meningococcal monovalent purified polysaccharides antigen,J07AH02,J07AH,Meningococcal vaccines,Meningococcal vaccines,unknown
other meningococcal polyvalent purified polysaccharides antigen,other meningococcal polyvalent purified polysaccharides antigen,other meningococcal polyvalent purified polysaccharides antigen,J07AH05,J07AH,Meningococcal vaccines,Meningococcal vaccines,unknown
other plasma protein fractions,other plasma protein fractions,other plasma protein fractions,B05AA02,B05AA,Blood substitutes and plasma protein fractions,Blood substitutes and plasma protein fractions,unknown
others,others,others,D11AC30,D11AC,Medicated shampoos,Medicated shampoos,unknown
otilonium bromide,otilonium bromide,otilonium bromide,A03AB06,A03AB,"Synthetic anticholinergics, quaternary ammonium compounds","Synthetic anticholinergics, quaternary ammonium compounds",unknown
oxabolone cipionate,oxabolone cipionate,oxabolone cipionate,A14AB03,A14AB,Estren derivatives,Estren derivatives,unknown
oxaceprol,oxaceprol,oxaceprol,M01AX24,M01AX,"Other antiinflammatory and antirheumatic agents, non-steroids","Other antiinflammatory and antirheumatic agents, non-steroids",nsaid
oxacillin,oxacillin,oxacillin,J01CF04,J01CF,Beta-lactamase resistant penicillins,Beta-lactamase resistant penicillins,penicillin
oxaflozane,oxaflozane,oxaflozane,N06AX10,N06AX,Other antidepressants,Other antidepressants,unknown
oxaliplatin,oxaliplatin,oxaliplatin,L01XA03,L01XA,Platinum compounds,Platinum compounds,unknown
oxametacin,oxametacin,oxametacin,M01AB13,M01AB,Acetic acid derivatives and related substances,Acetic acid derivatives and related substances,nsaid
oxamniquine,oxamniquine,oxamniquine,P02BA02,P02BA,Quinoline derivatives and related substances,Quinoline derivatives and related substances,unknown
oxandrolone,oxandrolone,oxandrolone,A14AA08,A14AA,Androstan derivatives,Androstan derivatives,unknown
oxantel,oxantel,oxantel,P02CC02,P02CC,Tetrahydropyrimidine derivatives,Tetrahydropyrimidine derivatives,unknown
oxaprozin,oxaprozin,oxaprozin,M01AE12,M01AE,Propionic acid derivatives,Propionic acid derivatives,nsaid
oxatomide,oxatomide,oxatomide,R06AE06,R06AE,Piperazine derivatives,Piperazine derivatives,antihistamine
oxazepam,oxazepam,oxazepam,N05BA04,N05BA,Benzodiazepine derivatives,Benzodiazepine derivatives,benzodiazepine
oxcarbazepine,oxcarbazepine,oxcarbazepine,N03AF02,N03AF,Carboxamide derivatives,Carboxamide derivatives,unknown
oxedrine,oxedrine,oxedrine,C01CA08,C01CA,Adrenergic and dopaminergic agents,Adrenergic and dopaminergic agents,unknown
oxeladin,oxeladin,oxeladin,R05DB09,R05DB,Other cough suppressants,Other cough suppressants,unknown
oxetacaine,oxetacaine,oxetacaine,C05AD06,C05AD,Local anesthetics,Local anesthetics,unknown
oxetorone,oxetorone,oxetorone,N02CX06,N02CX,Other antimigraine preparations,Other antimigraine preparations,unknown
oxiconazole,oxiconazole,oxiconazole,D01AC11,D01AC,Imidazole and triazole derivatives,Imidazole and triazole derivatives,unknown
oxidized cellulose,oxidized cellulose,oxidized cellulose,B02BC02,B02BC,Local hemostatics,Local hemostatics,unknown
oxiracetam,oxiracetam,oxiracetam,N06BX07,N06BX,Other psychostimulants and nootropics,Other psychostimulants and nootropics,unknown
oxitriptan,oxitriptan,oxitriptan,N06AX01,N06AX,Other antidepressants,Other antidepressants,unknown
oxitropium bromide,oxitropium bromide,oxitropium bromide,R03BB02,R03BB,Anticholinergics,Anticholinergics,unknown
oxolamine,oxolamine,oxolamine,R05DB07,R05DB,Other cough suppressants,Other cough suppressants,unknown
oxolinic acid,oxolinic acid,oxolinic acid,J01MB05,J01MB,Other quinolones,Other quinolones,unknown
oxomemazine,oxomemazine,oxomemazine,R06AD08,R06AD,Phenothiazine derivatives,Phenothiazine derivatives,antihistamine
oxprenolol,oxprenolol,oxprenolol,C07AA02,C07AA,"Beta blocking agents, non-selective","Beta blocking agents, non-selective",beta_blocker
oxybuprocaine,oxybuprocaine,oxybuprocaine,D04AB03,D04AB,Anesthetics for topical use,Anesthetics for topical use,unknown
oxybutynin,oxybutynin,oxybutynin,G04BD04,G04BD,Drugs for urinary frequency and incontinence,Drugs for urinary frequency and incontinence,unknown
oxycinchophen,oxycinchophen,oxycinchophen,M01CA03,M01CA,Quinolines,Quinolines,unknown
oxycodone,oxycodone,oxycodone,N02AA05,N02AA,Natural opium alkaloids,Natural opium alkaloids,opioid
oxyfedrine,oxyfedrine,oxyfedrine,C01DX03,C01DX,Other vasodilators used in cardiac diseases,Other vasodilators used in cardiac diseases,unknown
oxygen,oxygen,oxygen,V03AN01,V03AN,Medical gases,Medical gases,unknown
oxymetazoline,oxymetazoline,oxymetazoline,R01AA05,R01AA,"Sympathomimetics, plain","Sympathomimetics, plain",unknown
oxymetholone,oxymetholone,oxymetholone,A14AA05,A14AA,Androstan derivatives,Androstan derivatives,unknown
oxymorphone,oxymorphone,oxymorphone,N02AA11,N02AA,Natural opium alkaloids,Natural opium alkaloids,opioid
oxypertine,oxypertine,oxypertine,N05AE01,N05AE,Indole derivatives,Indole derivatives,unknown
oxyphenbutazone,oxyphenbutazone,oxyphenbutazone,M01AA03,M01AA,Butylpyrazolidines,Butylpyrazolidines,nsaid
oxyphencyclimine,oxyphencyclimine,oxyphencyclimine,A03AA01,A03AA,"Synthetic anticholinergics, esters with tertiary amino group","Synthetic anticholinergics, esters with tertiary amino group",unknown
oxyphenisatine,oxyphenisatine,oxyphenisatine,A06AB01,A06AB,Contact laxatives,Contact laxatives,unknown
oxyphenonium,oxyphenonium,oxyphenonium,A03AB03,A03AB,"Synthetic anticholinergics, quaternary ammonium compounds","Synthetic anticholinergics, quaternary ammonium compounds",unknown
oxyquinoline,oxyquinoline,oxyquinoline,A01AB07,A01AB,Antiinfectives and antiseptics for local oral treatment,Antiinfectives and antiseptics for local oral treatment,unknown
oxytetracycline,oxytetracycline,oxytetracycline,J01AA06,J01AA,Tetracyclines,Tetracyclines,tetracycline
oxytocin,oxytocin,oxytocin,H01BB02,H01BB,Oxytocin and analogues,Oxytocin and analogues,unknown
ozanimod,ozanimod,ozanimod,L04AA38,L04AA,Selective immunosuppressants,Selective immunosuppressants,unknown
ozenoxacin,ozenoxacin,ozenoxacin,D06AX14,D06AX,Other antibiotics for topical use,Other antibiotics for topical use,unknown
paclitaxel,paclitaxel,paclitaxel,L01CD01,L01CD,Taxanes,Taxanes,unknown
paclitaxel poliglumex,paclitaxel poliglumex,paclitaxel poliglumex,L01CD03,L01CD,Taxanes,Taxanes,unknown
padeliporfin,padeliporfin,padeliporfin,L01XD07,L01XD,Sensitizers used in photodynamic/radiation therapy,Sensitizers used in photodynamic/radiation therapy,unknown
palbociclib,palbociclib,palbociclib,L01EF01,L01EF,Cyclin-dependent kinase (CDK) inhibitors,Cyclin-dependent kinase (CDK) inhibitors,unknown
palifermin,palifermin,palifermin,V03AF08,V03AF,Detoxifying agents for antineoplastic treatment,Detoxifying agents for antineoplastic treatment,unknown
paliperidone,paliperidone,paliperidone,N05AX13,N05AX,Other antipsychotics,Other antipsychotics,unknown
palivizumab,palivizumab,palivizumab,J06BB16,J06BB,Specific immunoglobulins,Specific immunoglobulins,unknown
palonosetron,palonosetron,palonosetron,A04AA05,A04AA,Serotonin (5HT3) antagonists,Serotonin (5HT3) antagonists,unknown
palovarotene,palovarotene,palovarotene,M09AX11,M09AX,Other drugs for disorders of the musculo-skeletal system,Other drugs for disorders of the musculo-skeletal system,unknown
pamidronic acid,pamidronic acid,pamidronic acid,M05BA03,M05BA,Bisphosphonates,Bisphosphonates,unknown
pancreozymin cholecystokinin,pancreozymin (cholecystokinin),pancreozymin (cholecystokinin),V04CK02,V04CK,Tests for pancreatic function,Tests for pancreatic function,unknown
pancuronium,pancuronium,pancuronium,M03AC01,M03AC,Other quaternary ammonium compounds,Other quaternary ammonium compounds,unknown
panitumumab,panitumumab,panitumumab,L01XC08,L01XC,Monoclonal antibodies,Monoclonal antibodies,unknown
panobinostat,panobinostat,panobinostat,L01XH03,L01XH,Histone deacetylase (HDAC) inhibitors,Histone deacetylase (HDAC) inhibitors,unknown
pantethine,pantethine,pantethine,A11HA32,A11HA,Other plain vitamin preparations,Other plain vitamin preparations,unknown
pantoprazole,pantoprazole,pantoprazole,A02BC02,A02BC,Proton pump inhibitors,Proton pump inhibitors,unknown
papaveretum,papaveretum,papaveretum,N02AA10,N02AA,Natural opium alkaloids,Natural opium alkaloids,opioid
papaverine,papaverine,papaverine,A03AD01,A03AD,Papaverine and derivatives,Papaverine and derivatives,unknown
paracetamol,paracetamol,paracetamol,N02BE01,N02BE,Anilides,Anilides,unknown
paraldehyde,paraldehyde,paraldehyde,N05CC05,N05CC,Aldehydes and derivatives,Aldehydes and derivatives,unknown
paramethadione,paramethadione,paramethadione,N03AC01,N03AC,Oxazolidine derivatives,Oxazolidine derivatives,unknown
paramethasone,paramethasone,paramethasone,H02AB05,H02AB,Glucocorticoids,Glucocorticoids,unknown
paraoxon,paraoxon,paraoxon,S01EB10,S01EB,Parasympathomimetics,Parasympathomimetics,unknown
parathyroid gland extract,parathyroid gland extract,parathyroid gland extract,H05AA01,H05AA,Parathyroid hormones and analogues,Parathyroid hormones and analogues,unknown
parathyroid hormone,parathyroid hormone,parathyroid hormone,H05AA03,H05AA,Parathyroid hormones and analogues,Parathyroid hormones and analogues,unknown
parecoxib,parecoxib,parecoxib,M01AH04,M01AH,Coxibs,Coxibs,nsaid
pargyline,pargyline,pargyline,C02KC01,C02KC,MAO inhibitors,MAO inhibitors,unknown
paricalcitol,paricalcitol,paricalcitol,H05BX02,H05BX,Other anti-parathyroid agents,Other anti-parathyroid agents,unknown
parnaparin,parnaparin,parnaparin,B01AB07,B01AB,Heparin group,Heparin group,unknown
paromomycin,paromomycin,paromomycin,A07AA06,A07AA,Antibiotics,Antibiotics,unknown
paroxetine,paroxetine,paroxetine,N06AB05,N06AB,Selective serotonin reuptake inhibitors,Selective serotonin reuptake inhibitors,unknown
pasireotide,pasireotide,pasireotide,H01CB05,H01CB,Somatostatin and analogues,Somatostatin and analogues,unknown
patent blue,patent blue,patent blue,V04CX09,V04CX,Other diagnostic agents,Other diagnostic agents,unknown
patiromer calcium,patiromer calcium,patiromer calcium,V03AE09,V03AE,Drugs for treatment of hyperkalemia and hyperphosphatemia,Drugs for treatment of hyperkalemia and hyperphosphatemia,unknown
patisiran,patisiran,patisiran,N07XX12,N07XX,Other nervous system drugs,Other nervous system drugs,unknown
pazopanib,pazopanib,pazopanib,L01EX03,L01EX,Other protein kinase inhibitors,Other protein kinase inhibitors,unknown
pazufloxacin,pazufloxacin,pazufloxacin,J01MA18,J01MA,Fluoroquinolones,Fluoroquinolones,fluoroquinolone
pecilocin,pecilocin,pecilocin,D01AA04,D01AA,Antibiotics,Antibiotics,unknown
pectin,pectin,pectin,A07BC01,A07BC,Other intestinal adsorbents,Other intestinal adsorbents,unknown
pefloxacin,pefloxacin,pefloxacin,J01MA03,J01MA,Fluoroquinolones,Fluoroquinolones,fluoroquinolone
pegademase,pegademase,pegademase,L03AX04,L03AX,Other immunostimulants,Other immunostimulants,unknown
pegaptanib,pegaptanib,pegaptanib,S01LA03,S01LA,Antineovascularisation agents,Antineovascularisation agents,unknown
pegaspargase,pegaspargase,pegaspargase,L01XX24,L01XX,Other antineoplastic agents,Other antineoplastic agents,unknown
pegfilgrastim,pegfilgrastim,pegfilgrastim,L03AA13,L03AA,Colony stimulating factors,Colony stimulating factors,unknown
peginesatide,peginesatide,peginesatide,B03XA04,B03XA,Other antianemic preparations,Other antianemic preparations,unknown
peginterferon alfa-2a,peginterferon alfa-2a,peginterferon alfa-2a,L03AB11,L03AB,Interferons,Interferons,unknown
peginterferon alfa-2b,peginterferon alfa-2b,peginterferon alfa-2b,L03AB10,L03AB,Interferons,Interferons,unknown
peginterferon beta-1a,peginterferon beta-1a,peginterferon beta-1a,L03AB13,L03AB,Interferons,Interferons,unknown
pegloticase,pegloticase,pegloticase,M04AX02,M04AX,Other antigout preparations,Other antigout preparations,unknown
pegteograstim,pegteograstim,pegteograstim,L03AA17,L03AA,Colony stimulating factors,Colony stimulating factors,unknown
pegvaliase,pegvaliase,pegvaliase,A16AB19,A16AB,Enzymes,Enzymes,unknown
pegvisomant,pegvisomant,pegvisomant,H01AX01,H01AX,Other anterior pituitary lobe hormones and analogues,Other anterior pituitary lobe hormones and analogues,unknown
pembrolizumab,pembrolizumab,pembrolizumab,L01XC18,L01XC,Monoclonal antibodies,Monoclonal antibodies,unknown
pemetrexed,pemetrexed,pemetrexed,L01BA04,L01BA,Folic acid analogues,Folic acid analogues,unknown
pemigatinib,pemigatinib,pemigatinib,L01EX20,L01EX,Other protein kinase inhibitors,Other protein kinase inhibitors,unknown
pemoline,pemoline,pemoline,N06BA05,N06BA,Centrally acting sympathomimetics,Centrally acting sympathomimetics,unknown
penamecillin,penamecillin,penamecillin,J01CE06,J01CE,Beta-lactamase sensitive penicillins,Beta-lactamase sensitive penicillins,penicillin
penbutolol,penbutolol,penbutolol,C07AA23,C07AA,"Beta blocking agents, non-selective","Beta blocking agents, non-selective",beta_blocker
penciclovir,penciclovir,penciclovir,D06BB06,D06BB,Antivirals,Antivirals,unknown
penfluridol,penfluridol,penfluridol,N05AG03,N05AG,Diphenylbutylpiperidine derivatives,Diphenylbutylpiperidine derivatives,unknown
penicillamine,penicillamine,penicillamine,M01CC01,M01CC,Penicillamine and similar agents,Penicillamine and similar agents,unknown
penimepicycline,penimepicycline,penimepicycline,J01AA10,J01AA,Tetracyclines,Tetracyclines,tetracycline
pentaerithrityl,pentaerithrityl,pentaerithrityl,A06AD14,A06AD,Osmotically acting laxatives,Osmotically acting laxatives,unknown
pentaerithrityl tetranitrate,pentaerithrityl tetranitrate,pentaerithrityl tetranitrate,C01DA05,C01DA,Organic nitrates,Organic nitrates,unknown
pentagastrin,pentagastrin,pentagastrin,V04CG04,V04CG,Tests for gastric secretion,Tests for gastric secretion,unknown
pentamidine isethionate,pentamidine isethionate,pentamidine isethionate,P01CX01,P01CX,Other agents against leishmaniasis and trypanosomiasis,Other agents against leishmaniasis and trypanosomiasis,unknown
pentamycin,pentamycin,pentamycin,G01AA11,G01AA,Antibiotics,Antibiotics,unknown
pentanedioic acid imidazolyl ethanamide,pentanedioic acid imidazolyl ethanamide,pentanedioic acid imidazolyl ethanamide,J05AX21,J05AX,Other antivirals,Other antivirals,unknown
pentazocine,pentazocine,pentazocine,N02AD01,N02AD,Benzomorphan derivatives,Benzomorphan derivatives,opioid
pentetrazol,pentetrazol,pentetrazol,R07AB03,R07AB,Respiratory stimulants,Respiratory stimulants,unknown
penthienate,penthienate,penthienate,A03AB04,A03AB,"Synthetic anticholinergics, quaternary ammonium compounds","Synthetic anticholinergics, quaternary ammonium compounds",unknown
pentifylline,pentifylline,pentifylline,C04AD01,C04AD,Purine derivatives,Purine derivatives,unknown
pentobarbital,pentobarbital,pentobarbital,N05CA01,N05CA,"Barbiturates, plain","Barbiturates, plain",unknown
pentosan polysulfate sodium,pentosan polysulfate sodium,pentosan polysulfate sodium,G04BX15,G04BX,Other urologicals,Other urologicals,unknown
pentostatin,pentostatin,pentostatin,L01XX08,L01XX,Other antineoplastic agents,Other antineoplastic agents,unknown
pentoxifylline,pentoxifylline,pentoxifylline,C04AD03,C04AD,Purine derivatives,Purine derivatives,unknown
pentoxyverine,pentoxyverine,pentoxyverine,R05DB05,R05DB,Other cough suppressants,Other cough suppressants,unknown
pepsin,pepsin,pepsin,A09AA03,A09AA,Enzyme preparations,Enzyme preparations,unknown
peramivir,peramivir,peramivir,J05AH03,J05AH,Neuraminidase inhibitors,Neuraminidase inhibitors,unknown
perampanel,perampanel,perampanel,N03AX22,N03AX,Other antiepileptics,Other antiepileptics,unknown
perazine,perazine,perazine,N05AB10,N05AB,Phenothiazines with piperazine structure,Phenothiazines with piperazine structure,unknown
perflenapent,perflenapent,perflenapent,V08DA03,V08DA,Ultrasound contrast media,Ultrasound contrast media,unknown
perflubron,perflubron,perflubron,V08CX01,V08CX,Other magnetic resonance imaging contrast media,Other magnetic resonance imaging contrast media,unknown
pergolide,pergolide,pergolide,N04BC02,N04BC,Dopamine agonists,Dopamine agonists,unknown
perhexiline,perhexiline,perhexiline,C08EX02,C08EX,Other non-selective calcium channel blockers,Other non-selective calcium channel blockers,unknown
periciazine,periciazine,periciazine,N05AC01,N05AC,Phenothiazines with piperidine structure,Phenothiazines with piperidine structure,unknown
perindopril,perindopril,perindopril,C09AA04,C09AA,"ACE inhibitors, plain","ACE inhibitors, plain",ace_inhibitor
permethrin,permethrin,permethrin,P03AC04,P03AC,"Pyrethrines, incl. synthetic compounds","Pyrethrines, incl. synthetic compounds",unknown
perphenazine,perphenazine,perphenazine,N05AB03,N05AB,Phenothiazines with piperazine structure,Phenothiazines with piperazine structure,unknown
pertussis immunoglobulin,pertussis immunoglobulin,pertussis immunoglobulin,J06BB13,J06BB,Specific immunoglobulins,Specific immunoglobulins,unknown
pertuzumab,pertuzumab,pertuzumab,L01XC13,L01XC,Monoclonal antibodies,Monoclonal antibodies,unknown
peruvoside,peruvoside,peruvoside,C01AX02,C01AX,Other cardiac glycosides,Other cardiac glycosides,unknown
pethidine,pethidine,pethidine,N02AB02,N02AB,Phenylpiperidine derivatives,Phenylpiperidine derivatives,opioid
pexidartinib,pexidartinib,pexidartinib,L01EX15,L01EX,Other protein kinase inhibitors,Other protein kinase inhibitors,unknown
phanquinone,phanquinone,phanquinone,P01AX04,P01AX,Other agents against amoebiasis and other protozoal diseases,Other agents against amoebiasis and other protozoal diseases,unknown
phenacemide,phenacemide,phenacemide,N03AX07,N03AX,Other antiepileptics,Other antiepileptics,unknown
phenacetin,phenacetin,phenacetin,N02BE03,N02BE,Anilides,Anilides,unknown
phenazocine,phenazocine,phenazocine,N02AD02,N02AD,Benzomorphan derivatives,Benzomorphan derivatives,opioid
phenazone,phenazone,phenazone,N02BB01,N02BB,Pyrazolones,Pyrazolones,unknown
phenazopyridine,phenazopyridine,phenazopyridine,G04BX06,G04BX,Other urologicals,Other urologicals,unknown
phenelzine,phenelzine,phenelzine,N06AF03,N06AF,"Monoamine oxidase inhibitors, non-selective","Monoamine oxidase inhibitors, non-selective",unknown
pheneticillin,pheneticillin,pheneticillin,J01CE05,J01CE,Beta-lactamase sensitive penicillins,Beta-lactamase sensitive penicillins,penicillin
pheneturide,pheneturide,pheneturide,N03AX13,N03AX,Other antiepileptics,Other antiepileptics,unknown
phenformin,phenformin,phenformin,A10BA01,A10BA,Biguanides,Biguanides,biguanide
phenglutarimide,phenglutarimide,phenglutarimide,N04AA09,N04AA,Tertiary amines,Tertiary amines,unknown
phenibut,phenibut,phenibut,N06BX22,N06BX,Other psychostimulants and nootropics,Other psychostimulants and nootropics,unknown
phenindamine,phenindamine,phenindamine,R06AX04,R06AX,Other antihistamines for systemic use,Other antihistamines for systemic use,antihistamine
phenindione,phenindione,phenindione,B01AA02,B01AA,Vitamin K antagonists,Vitamin K antagonists,anticoagulant
pheniramine,pheniramine,pheniramine,R06AB05,R06AB,Substituted alkylamines,Substituted alkylamines,antihistamine
phenobarbital,phenobarbital,phenobarbital,N03AA02,N03AA,Barbiturates and derivatives,Barbiturates and derivatives,unknown
phenol,phenol,phenol,C05BB05,C05BB,Sclerosing agents for local injection,Sclerosing agents for local injection,unknown
phenolphthalein,phenolphthalein,phenolphthalein,A06AB04,A06AB,Contact laxatives,Contact laxatives,unknown
phenolsulfonphthalein,phenolsulfonphthalein,phenolsulfonphthalein,V04CH03,V04CH,Tests for renal function and ureteral injuries,Tests for renal function and ureteral injuries,unknown
phenoperidine,phenoperidine,phenoperidine,N01AH04,N01AH,Opioid anesthetics,Opioid anesthetics,unknown
phenothrin,phenothrin,phenothrin,P03AC03,P03AC,"Pyrethrines, incl. synthetic compounds","Pyrethrines, incl. synthetic compounds",unknown
phenoxybenzamine,phenoxybenzamine,phenoxybenzamine,C04AX02,C04AX,Other peripheral vasodilators,Other peripheral vasodilators,unknown
phenoxymethylpenicillin,phenoxymethylpenicillin,phenoxymethylpenicillin,J01CE02,J01CE,Beta-lactamase sensitive penicillins,Beta-lactamase sensitive penicillins,penicillin
phenprobamate,phenprobamate,phenprobamate,M03BA01,M03BA,Carbamic acid esters,Carbamic acid esters,unknown
phenprocoumon,phenprocoumon,phenprocoumon,B01AA04,B01AA,Vitamin K antagonists,Vitamin K antagonists,anticoagulant
phensuximide,phensuximide,phensuximide,N03AD02,N03AD,Succinimide derivatives,Succinimide derivatives,unknown
phentermine,phentermine,phentermine,A08AA01,A08AA,Centrally acting antiobesity products,Centrally acting antiobesity products,unknown
phentolamine,phentolamine,phentolamine,C04AB01,C04AB,Imidazoline derivatives,Imidazoline derivatives,unknown
phenyl salicylate,phenyl salicylate,phenyl salicylate,G04BX12,G04BX,Other urologicals,Other urologicals,unknown
phenylbutazone,phenylbutazone,phenylbutazone,M01AA01,M01AA,Butylpyrazolidines,Butylpyrazolidines,nsaid
phenylephrine,phenylephrine,phenylephrine,R01BA03,R01BA,Sympathomimetics,Sympathomimetics,unknown
phenylmercuric borate,phenylmercuric borate,phenylmercuric borate,D08AK02,D08AK,Mercurial products,Mercurial products,unknown
phenylmercuric nitrate,phenylmercuric nitrate,phenylmercuric nitrate,D09AA04,D09AA,Medicated dressings with antiinfectives,Medicated dressings with antiinfectives,unknown
phenylpropanolamine,phenylpropanolamine,phenylpropanolamine,R01BA01,R01BA,Sympathomimetics,Sympathomimetics,unknown
phenytoin,phenytoin,phenytoin,N03AB02,N03AB,Hydantoin derivatives,Hydantoin derivatives,unknown
phloroglucinol,phloroglucinol,phloroglucinol,A03AX12,A03AX,Other drugs for functional gastrointestinal disorders,Other drugs for functional gastrointestinal disorders,unknown
pholcodine,pholcodine,pholcodine,R05DA08,R05DA,Opium alkaloids and derivatives,Opium alkaloids and derivatives,unknown
phosphorous 32p chromicphosphate colloid,phosphorous (32P) chromicphosphate colloid,phosphorous (32P) chromicphosphate colloid,V10AX01,V10AX,Other antiinflammatory therapeutic radiopharmaceuticals,Other antiinflammatory therapeutic radiopharmaceuticals,unknown
phthalylsulfathiazole,phthalylsulfathiazole,phthalylsulfathiazole,A07AB02,A07AB,Sulfonamides,Sulfonamides,unknown
physostigmine,physostigmine,physostigmine,S01EB05,S01EB,Parasympathomimetics,Parasympathomimetics,unknown
phytomenadione,phytomenadione,phytomenadione,B02BA01,B02BA,Vitamin K,Vitamin K,unknown
picloxydine,picloxydine,picloxydine,S01AX16,S01AX,Other antiinfectives,Other antiinfectives,unknown
picotamide,picotamide,picotamide,B01AC03,B01AC,Platelet aggregation inhibitors excl. heparin,Platelet aggregation inhibitors excl. heparin,antiplatelet
pidotimod,pidotimod,pidotimod,L03AX05,L03AX,Other immunostimulants,Other immunostimulants,unknown
piketoprofen,piketoprofen,piketoprofen,M02AA28,M02AA,"Antiinflammatory preparations, non-steroids for topical use","Antiinflammatory preparations, non-steroids for topical use",nsaid
pilocarpine,pilocarpine,pilocarpine,N07AX01,N07AX,Other parasympathomimetics,Other parasympathomimetics,unknown
pimavanserin,pimavanserin,pimavanserin,N05AX17,N05AX,Other antipsychotics,Other antipsychotics,unknown
pimecrolimus,pimecrolimus,pimecrolimus,D11AH02,D11AH,"Agents for dermatitis, excluding corticosteroids","Agents for dermatitis, excluding corticosteroids",unknown
pimethixene,pimethixene,pimethixene,R06AX23,R06AX,Other antihistamines for systemic use,Other antihistamines for systemic use,antihistamine
pimozide,pimozide,pimozide,N05AG02,N05AG,Diphenylbutylpiperidine derivatives,Diphenylbutylpiperidine derivatives,unknown
pinacidil,pinacidil,pinacidil,C02DG01,C02DG,Guanidine derivatives,Guanidine derivatives,unknown
pinaverium,pinaverium,pinaverium,A03AX04,A03AX,Other drugs for functional gastrointestinal disorders,Other drugs for functional gastrointestinal disorders,unknown
pinazepam,pinazepam,pinazepam,N05BA14,N05BA,Benzodiazepine derivatives,Benzodiazepine derivatives,benzodiazepine
pindolol,pindolol,pindolol,C07AA03,C07AA,"Beta blocking agents, non-selective","Beta blocking agents, non-selective",beta_blocker
pioglitazone,pioglitazone,pioglitazone,A10BG03,A10BG,Thiazolidinediones,Thiazolidinediones,unknown
pipamperone,pipamperone,pipamperone,N05AD05,N05AD,Butyrophenone derivatives,Butyrophenone derivatives,unknown
pipazetate,pipazetate,pipazetate,R05DB11,R05DB,Other cough suppressants,Other cough suppressants,unknown
pipecuronium bromide,pipecuronium bromide,pipecuronium bromide,M03AC06,M03AC,Other quaternary ammonium compounds,Other quaternary ammonium compounds,unknown
pipemidic acid,pipemidic acid,pipemidic acid,J01MB04,J01MB,Other quinolones,Other quinolones,unknown
pipenzolate,pipenzolate,pipenzolate,A03AB14,A03AB,"Synthetic anticholinergics, quaternary ammonium compounds","Synthetic anticholinergics, quaternary ammonium compounds",unknown
piperacillin,piperacillin,piperacillin,J01CA12,J01CA,Penicillins with extended spectrum,Penicillins with extended spectrum,penicillin
piperazine,piperazine,piperazine,P02CB01,P02CB,Piperazine and derivatives,Piperazine and derivatives,unknown
piperidione,piperidione,piperidione,R05DB23,R05DB,Other cough suppressants,Other cough suppressants,unknown
piperidolate,piperidolate,piperidolate,A03AA30,A03AA,"Synthetic anticholinergics, esters with tertiary amino group","Synthetic anticholinergics, esters with tertiary amino group",unknown
pipobroman,pipobroman,pipobroman,L01AX02,L01AX,Other alkylating agents,Other alkylating agents,unknown
pipotiazine,pipotiazine,pipotiazine,N05AC04,N05AC,Phenothiazines with piperidine structure,Phenothiazines with piperidine structure,unknown
pipradrol,pipradrol,pipradrol,N06BX15,N06BX,Other psychostimulants and nootropics,Other psychostimulants and nootropics,unknown
piprozolin,piprozolin,piprozolin,A05AX01,A05AX,Other drugs for bile therapy,Other drugs for bile therapy,unknown
piracetam,piracetam,piracetam,N06BX03,N06BX,Other psychostimulants and nootropics,Other psychostimulants and nootropics,unknown
pirarubicin,pirarubicin,pirarubicin,L01DB08,L01DB,Anthracyclines and related substances,Anthracyclines and related substances,unknown
pirbuterol,pirbuterol,pirbuterol,R03CC07,R03CC,Selective beta-2-adrenoreceptor agonists,Selective beta-2-adrenoreceptor agonists,unknown
pirenzepine,pirenzepine,pirenzepine,A02BX03,A02BX,Other drugs for peptic ulcer and gastro-oesophageal reflux disease (GORD),Other drugs for peptic ulcer and gastro-oesophageal reflux disease (GORD),unknown
piretanide,piretanide,piretanide,C03CA03,C03CA,"Sulfonamides, plain","Sulfonamides, plain",unknown
pirfenidone,pirfenidone,pirfenidone,L04AX05,L04AX,Other immunosuppressants,Other immunosuppressants,unknown
piribedil,piribedil,piribedil,N04BC08,N04BC,Dopamine agonists,Dopamine agonists,unknown
pirisudanol,pirisudanol,pirisudanol,N06BX08,N06BX,Other psychostimulants and nootropics,Other psychostimulants and nootropics,unknown
piritramide,piritramide,piritramide,N02AC03,N02AC,Diphenylpropylamine derivatives,Diphenylpropylamine derivatives,opioid
piromidic acid,piromidic acid,piromidic acid,J01MB03,J01MB,Other quinolones,Other quinolones,unknown
piroxicam,piroxicam,piroxicam,M01AC01,M01AC,Oxicams,Oxicams,nsaid
pirprofen,pirprofen,pirprofen,M01AE08,M01AE,Propionic acid derivatives,Propionic acid derivatives,nsaid
pitavastatin,pitavastatin,pitavastatin,C10AA08,C10AA,HMG CoA reductase inhibitors,HMG CoA reductase inhibitors,statin
pitolisant,pitolisant,pitolisant,N07XX11,N07XX,Other nervous system drugs,Other nervous system drugs,unknown
pivagabine,pivagabine,pivagabine,N06AX15,N06AX,Other antidepressants,Other antidepressants,unknown
pivampicillin,pivampicillin,pivampicillin,J01CA02,J01CA,Penicillins with extended spectrum,Penicillins with extended spectrum,penicillin
pivmecillinam,pivmecillinam,pivmecillinam,J01CA08,J01CA,Penicillins with extended spectrum,Penicillins with extended spectrum,penicillin
pixantrone,pixantrone,pixantrone,L01DB11,L01DB,Anthracyclines and related substances,Anthracyclines and related substances,unknown
pizotifen,pizotifen,pizotifen,N02CX01,N02CX,Other antimigraine preparations,Other antimigraine preparations,unknown
plastic iud,plastic IUD,plastic IUD,G02BA01,G02BA,Intrauterine contraceptives,Intrauterine contraceptives,unknown
plastic iud with copper,plastic IUD with copper,plastic IUD with copper,G02BA02,G02BA,Intrauterine contraceptives,Intrauterine contraceptives,unknown
plastic iud with progestogen,plastic IUD with progestogen,plastic IUD with progestogen,G02BA03,G02BA,Intrauterine contraceptives,Intrauterine contraceptives,unknown
plazomicin,plazomicin,plazomicin,J01GB14,J01GB,Other aminoglycosides,Other aminoglycosides,aminoglycoside
plecanatide,plecanatide,plecanatide,A06AX07,A06AX,Other drugs for constipation,Other drugs for constipation,unknown
pleconaril,pleconaril,pleconaril,J05AX06,J05AX,Other antivirals,Other antivirals,unknown
plerixafor,plerixafor,plerixafor,L03AX16,L03AX,Other immunostimulants,Other immunostimulants,unknown
plicamycin,plicamycin,plicamycin,L01DC02,L01DC,Other cytotoxic antibiotics,Other cytotoxic antibiotics,unknown
plitidepsin,plitidepsin,plitidepsin,L01XX57,L01XX,Other antineoplastic agents,Other antineoplastic agents,unknown
podophyllotoxin,podophyllotoxin,podophyllotoxin,D06BB04,D06BB,Antivirals,Antivirals,unknown
polatuzumab vedotin,polatuzumab vedotin,polatuzumab vedotin,L01XC37,L01XC,Monoclonal antibodies,Monoclonal antibodies,unknown
poldine,poldine,poldine,A03AB11,A03AB,"Synthetic anticholinergics, quaternary ammonium compounds","Synthetic anticholinergics, quaternary ammonium compounds",unknown
policosanol,policosanol,policosanol,C10AX08,C10AX,Other lipid modifying agents,Other lipid modifying agents,unknown
policresulen,policresulen,policresulen,D08AE02,D08AE,Phenol and derivatives,Phenol and derivatives,unknown
polidocanol,polidocanol,polidocanol,C05BB02,C05BB,Sclerosing agents for local injection,Sclerosing agents for local injection,unknown
polihexanide,polihexanide,polihexanide,D08AC05,D08AC,Biguanides and amidines,Biguanides and amidines,unknown
polmacoxib,polmacoxib,polmacoxib,M01AH07,M01AH,Coxibs,Coxibs,nsaid
poly i c,poly I:C,poly I:C,L03AX07,L03AX,Other immunostimulants,Other immunostimulants,unknown
poly iclc,poly ICLC,poly ICLC,L03AX08,L03AX,Other immunostimulants,Other immunostimulants,unknown
polycarbophil calcium,polycarbophil calcium,polycarbophil calcium,A06AC08,A06AC,Bulk-forming laxatives,Bulk-forming laxatives,unknown
polyestradiol phosphate,polyestradiol phosphate,polyestradiol phosphate,L02AA02,L02AA,Estrogens,Estrogens,unknown
polymyxin b,polymyxin B,polymyxin B,A07AA05,A07AA,Antibiotics,Antibiotics,unknown
polynoxylin,polynoxylin,polynoxylin,A01AB05,A01AB,Antiinfectives and antiseptics for local oral treatment,Antiinfectives and antiseptics for local oral treatment,unknown
polyplatillen,polyplatillen,polyplatillen,L01XA05,L01XA,Platinum compounds,Platinum compounds,unknown
polystyrene sulfonate,polystyrene sulfonate,polystyrene sulfonate,V03AE01,V03AE,Drugs for treatment of hyperkalemia and hyperphosphatemia,Drugs for treatment of hyperkalemia and hyperphosphatemia,unknown
polythiazide,polythiazide,polythiazide,C03AA05,C03AA,"Thiazides, plain","Thiazides, plain",unknown
pomalidomide,pomalidomide,pomalidomide,L04AX06,L04AX,Other immunosuppressants,Other immunosuppressants,unknown
ponatinib,ponatinib,ponatinib,L01EA05,L01EA,BCR-ABL tyrosine kinase inhibitors,BCR-ABL tyrosine kinase inhibitors,unknown
porfimer sodium,porfimer sodium,porfimer sodium,L01XD01,L01XD,Sensitizers used in photodynamic/radiation therapy,Sensitizers used in photodynamic/radiation therapy,unknown
posaconazole,posaconazole,posaconazole,J02AC04,J02AC,Triazole derivatives,Triazole derivatives,unknown
potassium acetate,potassium acetate,potassium acetate,B05XA17,B05XA,Electrolyte solutions,Electrolyte solutions,unknown
potassium canrenoate,potassium canrenoate,potassium canrenoate,C03DA02,C03DA,Aldosterone antagonists,Aldosterone antagonists,unknown
potassium chloride,potassium chloride,potassium chloride,A12BA01,A12BA,Potassium,Potassium,unknown
potassium citrate,potassium citrate,potassium citrate,A12BA02,A12BA,Potassium,Potassium,unknown
potassium clorazepate,potassium clorazepate,potassium clorazepate,N05BA05,N05BA,Benzodiazepine derivatives,Benzodiazepine derivatives,benzodiazepine
potassium gluconate,potassium gluconate,potassium gluconate,A12BA05,A12BA,Potassium,Potassium,unknown
potassium hydrogencarbonate,potassium hydrogencarbonate,potassium hydrogencarbonate,A12BA04,A12BA,Potassium,Potassium,unknown
potassium hydrogentartrate,potassium hydrogentartrate,potassium hydrogentartrate,A12BA03,A12BA,Potassium,Potassium,unknown
potassium iodide,potassium iodide,potassium iodide,R05CA02,R05CA,Expectorants,Expectorants,unknown
potassium lactate,potassium lactate,potassium lactate,B05XA15,B05XA,Electrolyte solutions,Electrolyte solutions,unknown
potassium perchlorate,potassium perchlorate,potassium perchlorate,H03BC01,H03BC,Perchlorates,Perchlorates,unknown
potassium permanganate,potassium permanganate,potassium permanganate,D08AX06,D08AX,Other antiseptics and disinfectants,Other antiseptics and disinfectants,unknown
potassium polysulfide,potassium polysulfide,potassium polysulfide,P03AA02,P03AA,Sulfur containing products,Sulfur containing products,unknown
potassium salicylate,potassium salicylate,potassium salicylate,N02BA12,N02BA,Salicylic acid and derivatives,Salicylic acid and derivatives,unknown
povidone-iodine,povidone-iodine,povidone-iodine,D08AG02,D08AG,Iodine products,Iodine products,unknown
practolol,practolol,practolol,C07AB01,C07AB,"Beta blocking agents, selective","Beta blocking agents, selective",beta_blocker
prajmaline,prajmaline,prajmaline,C01BA08,C01BA,"Antiarrhythmics, class Ia","Antiarrhythmics, class Ia",unknown
pralatrexate,pralatrexate,pralatrexate,L01BA05,L01BA,Folic acid analogues,Folic acid analogues,unknown
pralidoxime,pralidoxime,pralidoxime,V03AB04,V03AB,Antidotes,Antidotes,unknown
pramipexole,pramipexole,pramipexole,N04BC05,N04BC,Dopamine agonists,Dopamine agonists,unknown
pramiracetam,pramiracetam,pramiracetam,N06BX16,N06BX,Other psychostimulants and nootropics,Other psychostimulants and nootropics,unknown
pramlintide,pramlintide,pramlintide,A10BX05,A10BX,"Other blood glucose lowering drugs, excl. insulins","Other blood glucose lowering drugs, excl. insulins",unknown
pramocaine,pramocaine,pramocaine,C05AD07,C05AD,Local anesthetics,Local anesthetics,unknown
pranlukast,pranlukast,pranlukast,R03DC02,R03DC,Leukotriene receptor antagonists,Leukotriene receptor antagonists,unknown
pranoprofen,pranoprofen,pranoprofen,S01BC09,S01BC,"Antiinflammatory agents, non-steroids","Antiinflammatory agents, non-steroids",nsaid
prasterone,prasterone,prasterone,A14AA07,A14AA,Androstan derivatives,Androstan derivatives,unknown
prasugrel,prasugrel,prasugrel,B01AC22,B01AC,Platelet aggregation inhibitors excl. heparin,Platelet aggregation inhibitors excl. heparin,antiplatelet
pravastatin,pravastatin,pravastatin,C10AA03,C10AA,HMG CoA reductase inhibitors,HMG CoA reductase inhibitors,statin
prazepam,prazepam,prazepam,N05BA11,N05BA,Benzodiazepine derivatives,Benzodiazepine derivatives,benzodiazepine
praziquantel,praziquantel,praziquantel,P02BA01,P02BA,Quinoline derivatives and related substances,Quinoline derivatives and related substances,unknown
prazosin,prazosin,prazosin,C02CA01,C02CA,Alpha-adrenoreceptor antagonists,Alpha-adrenoreceptor antagonists,unknown
prednicarbate,prednicarbate,prednicarbate,D07AC18,D07AC,"Corticosteroids, potent (group III)","Corticosteroids, potent (group III)",unknown
prednimustine,prednimustine,prednimustine,L01AA08,L01AA,Nitrogen mustard analogues,Nitrogen mustard analogues,unknown
prednisolone,prednisolone,prednisolone,H02AB06,H02AB,Glucocorticoids,Glucocorticoids,unknown
prednisone,prednisone,prednisone,H02AB07,H02AB,Glucocorticoids,Glucocorticoids,unknown
prednylidene,prednylidene,prednylidene,H02AB11,H02AB,Glucocorticoids,Glucocorticoids,unknown
pregabalin,pregabalin,pregabalin,N03AX16,N03AX,Other antiepileptics,Other antiepileptics,unknown
prenalterol,prenalterol,prenalterol,C01CA13,C01CA,Adrenergic and dopaminergic agents,Adrenergic and dopaminergic agents,unknown
prenoxdiazine,prenoxdiazine,prenoxdiazine,R05DB18,R05DB,Other cough suppressants,Other cough suppressants,unknown
prenylamine,prenylamine,prenylamine,C01DX02,C01DX,Other vasodilators used in cardiac diseases,Other vasodilators used in cardiac diseases,unknown
prethcamide,prethcamide,prethcamide,R07AB06,R07AB,Respiratory stimulants,Respiratory stimulants,unknown
pretomanid,pretomanid,pretomanid,J04AK08,J04AK,Other drugs for treatment of tuberculosis,Other drugs for treatment of tuberculosis,unknown
pridinol,pridinol,pridinol,M03BX03,M03BX,Other centrally acting agents,Other centrally acting agents,unknown
prifinium bromide,prifinium bromide,prifinium bromide,A03AB18,A03AB,"Synthetic anticholinergics, quaternary ammonium compounds","Synthetic anticholinergics, quaternary ammonium compounds",unknown
prilocaine,prilocaine,prilocaine,N01BB04,N01BB,Amides,Amides,unknown
primaquine,primaquine,primaquine,P01BA03,P01BA,Aminoquinolines,Aminoquinolines,unknown
primidone,primidone,primidone,N03AA03,N03AA,Barbiturates and derivatives,Barbiturates and derivatives,unknown
pristinamycin,pristinamycin,pristinamycin,J01FG01,J01FG,Streptogramins,Streptogramins,unknown
probenecid,probenecid,probenecid,M04AB01,M04AB,Preparations increasing uric acid excretion,Preparations increasing uric acid excretion,unknown
probucol,probucol,probucol,C10AX02,C10AX,Other lipid modifying agents,Other lipid modifying agents,unknown
procainamide,procainamide,procainamide,C01BA02,C01BA,"Antiarrhythmics, class Ia","Antiarrhythmics, class Ia",unknown
procaine,procaine,procaine,C05AD05,C05AD,Local anesthetics,Local anesthetics,unknown
procaine benzylpenicillin,procaine benzylpenicillin,procaine benzylpenicillin,J01CE09,J01CE,Beta-lactamase sensitive penicillins,Beta-lactamase sensitive penicillins,penicillin
procarbazine,procarbazine,procarbazine,L01XB01,L01XB,Methylhydrazines,Methylhydrazines,unknown
procaterol,procaterol,procaterol,R03CC08,R03CC,Selective beta-2-adrenoreceptor agonists,Selective beta-2-adrenoreceptor agonists,unknown
prochlorperazine,prochlorperazine,prochlorperazine,N05AB04,N05AB,Phenothiazines with piperazine structure,Phenothiazines with piperazine structure,unknown
procyclidine,procyclidine,procyclidine,N04AA04,N04AA,Tertiary amines,Tertiary amines,unknown
profenamine,profenamine,profenamine,N04AA05,N04AA,Tertiary amines,Tertiary amines,unknown
progabide,progabide,progabide,N03AG05,N03AG,Fatty acid derivatives,Fatty acid derivatives,unknown
progesterone,progesterone,progesterone,G03DA04,G03DA,Pregnen (4) derivatives,Pregnen (4) derivatives,unknown
proglumetacin,proglumetacin,proglumetacin,M01AB14,M01AB,Acetic acid derivatives and related substances,Acetic acid derivatives and related substances,nsaid
proglumide,proglumide,proglumide,A02BX06,A02BX,Other drugs for peptic ulcer and gastro-oesophageal reflux disease (GORD),Other drugs for peptic ulcer and gastro-oesophageal reflux disease (GORD),unknown
proguanil,proguanil,proguanil,P01BB01,P01BB,Biguanides,Biguanides,unknown
prolintane,prolintane,prolintane,N06BX14,N06BX,Other psychostimulants and nootropics,Other psychostimulants and nootropics,unknown
promazine,promazine,promazine,N05AA03,N05AA,Phenothiazines with aliphatic side-chain,Phenothiazines with aliphatic side-chain,unknown
promegestone,promegestone,promegestone,G03DB07,G03DB,Pregnadien derivatives,Pregnadien derivatives,unknown
promestriene,promestriene,promestriene,G03CA09,G03CA,"Natural and semisynthetic estrogens, plain","Natural and semisynthetic estrogens, plain",unknown
promethazine,promethazine,promethazine,R06AD02,R06AD,Phenothiazine derivatives,Phenothiazine derivatives,antihistamine
propacetamol,propacetamol,propacetamol,N02BE05,N02BE,Anilides,Anilides,unknown
propafenone,propafenone,propafenone,C01BC03,C01BC,"Antiarrhythmics, class Ic","Antiarrhythmics, class Ic",unknown
propamidine,propamidine,propamidine,D08AC03,D08AC,Biguanides and amidines,Biguanides and amidines,unknown
propanidid,propanidid,propanidid,N01AX04,N01AX,Other general anesthetics,Other general anesthetics,unknown
propanol,propanol,propanol,D08AX03,D08AX,Other antiseptics and disinfectants,Other antiseptics and disinfectants,unknown
propantheline,propantheline,propantheline,A03AB05,A03AB,"Synthetic anticholinergics, quaternary ammonium compounds","Synthetic anticholinergics, quaternary ammonium compounds",unknown
propatylnitrate,propatylnitrate,propatylnitrate,C01DA07,C01DA,Organic nitrates,Organic nitrates,unknown
propenidazole,propenidazole,propenidazole,G01AF14,G01AF,Imidazole derivatives,Imidazole derivatives,unknown
propentofylline,propentofylline,propentofylline,N06BC02,N06BC,Xanthine derivatives,Xanthine derivatives,unknown
propicillin,propicillin,propicillin,J01CE03,J01CE,Beta-lactamase sensitive penicillins,Beta-lactamase sensitive penicillins,penicillin
propiomazine,propiomazine,propiomazine,N05CM06,N05CM,Other hypnotics and sedatives,Other hypnotics and sedatives,unknown
propiverine,propiverine,propiverine,G04BD06,G04BD,Drugs for urinary frequency and incontinence,Drugs for urinary frequency and incontinence,unknown
propofol,propofol,propofol,N01AX10,N01AX,Other general anesthetics,Other general anesthetics,unknown
propranolol,propranolol,propranolol,C07AA05,C07AA,"Beta blocking agents, non-selective","Beta blocking agents, non-selective",beta_blocker
propyliodone,propyliodone,propyliodone,V08AD03,V08AD,Non-watersoluble X-ray contrast media,Non-watersoluble X-ray contrast media,unknown
propylthiouracil,propylthiouracil,propylthiouracil,H03BA02,H03BA,Thiouracils,Thiouracils,unknown
propyphenazone,propyphenazone,propyphenazone,N02BB04,N02BB,Pyrazolones,Pyrazolones,unknown
proquazone,proquazone,proquazone,M01AX13,M01AX,"Other antiinflammatory and antirheumatic agents, non-steroids","Other antiinflammatory and antirheumatic agents, non-steroids",nsaid
proscillaridin,proscillaridin,proscillaridin,C01AB01,C01AB,Scilla glycosides,Scilla glycosides,unknown
protamine,protamine,protamine,V03AB14,V03AB,Antidotes,Antidotes,unknown
protein c,protein C,protein C,B01AD12,B01AD,Enzymes,Enzymes,unknown
protein hydrolysates,protein hydrolysates,protein hydrolysates,B05BA04,B05BA,Solutions for parenteral nutrition,Solutions for parenteral nutrition,unknown
prothipendyl,prothipendyl,prothipendyl,N05AX07,N05AX,Other antipsychotics,Other antipsychotics,unknown
protiofate,protiofate,protiofate,G01AX13,G01AX,Other antiinfectives and antiseptics,Other antiinfectives and antiseptics,unknown
protionamide,protionamide,protionamide,J04AD01,J04AD,Thiocarbamide derivatives,Thiocarbamide derivatives,unknown
protirelin,protirelin,protirelin,V04CJ02,V04CJ,Tests for thyreoidea function,Tests for thyreoidea function,unknown
protriptyline,protriptyline,protriptyline,N06AA11,N06AA,Non-selective monoamine reuptake inhibitors,Non-selective monoamine reuptake inhibitors,unknown
proxazole,proxazole,proxazole,A03AX07,A03AX,Other drugs for functional gastrointestinal disorders,Other drugs for functional gastrointestinal disorders,unknown
proxibarbal,proxibarbal,proxibarbal,N05CA22,N05CA,"Barbiturates, plain","Barbiturates, plain",unknown
proxymetacaine,proxymetacaine,proxymetacaine,S01HA04,S01HA,Local anesthetics,Local anesthetics,unknown
proxyphylline,proxyphylline,proxyphylline,R03DA03,R03DA,Xanthines,Xanthines,unknown
prucalopride,prucalopride,prucalopride,A06AX05,A06AX,Other drugs for constipation,Other drugs for constipation,unknown
prulifloxacin,prulifloxacin,prulifloxacin,J01MA17,J01MA,Fluoroquinolones,Fluoroquinolones,fluoroquinolone
prunus africanae cortex,Prunus africanae cortex,Prunus africanae cortex,G04CX01,G04CX,Other drugs used in benign prostatic hypertrophy,Other drugs used in benign prostatic hypertrophy,unknown
prussian blue,prussian blue,prussian blue,V03AB31,V03AB,Antidotes,Antidotes,unknown
pseudoephedrine,pseudoephedrine,pseudoephedrine,R01BA02,R01BA,Sympathomimetics,Sympathomimetics,unknown
pyrantel,pyrantel,pyrantel,P02CC01,P02CC,Tetrahydropyrimidine derivatives,Tetrahydropyrimidine derivatives,unknown
pyrazinamide,pyrazinamide,pyrazinamide,J04AK01,J04AK,Other drugs for treatment of tuberculosis,Other drugs for treatment of tuberculosis,unknown
pyrethrum,pyrethrum,pyrethrum,P03AC01,P03AC,"Pyrethrines, incl. synthetic compounds","Pyrethrines, incl. synthetic compounds",unknown
pyridostigmine,pyridostigmine,pyridostigmine,N07AA02,N07AA,Anticholinesterases,Anticholinesterases,unknown
pyridoxal phosphate,pyridoxal phosphate,pyridoxal phosphate,A11HA06,A11HA,Other plain vitamin preparations,Other plain vitamin preparations,unknown
pyridoxine vit b6,pyridoxine (vit B6),pyridoxine (vit B6),A11HA02,A11HA,Other plain vitamin preparations,Other plain vitamin preparations,unknown
pyrimethamine,pyrimethamine,pyrimethamine,P01BD01,P01BD,Diaminopyrimidines,Diaminopyrimidines,unknown
pyrithione zinc,pyrithione zinc,pyrithione zinc,D11AX12,D11AX,Other dermatologicals,Other dermatologicals,unknown
pyrithyldione,pyrithyldione,pyrithyldione,N05CE03,N05CE,Piperidinedione derivatives,Piperidinedione derivatives,unknown
pyritinol,pyritinol,pyritinol,N06BX02,N06BX,Other psychostimulants and nootropics,Other psychostimulants and nootropics,unknown
pyrrobutamine,pyrrobutamine,pyrrobutamine,R06AX08,R06AX,Other antihistamines for systemic use,Other antihistamines for systemic use,antihistamine
pyrrolnitrin,pyrrolnitrin,pyrrolnitrin,D01AA07,D01AA,Antibiotics,Antibiotics,unknown
pyrvinium,pyrvinium,pyrvinium,P02CX01,P02CX,Other antinematodals,Other antinematodals,unknown
quassia,quassia,quassia,P03AX04,P03AX,"Other ectoparasiticides, incl. scabicides","Other ectoparasiticides, incl. scabicides",unknown
quazepam,quazepam,quazepam,N05CD10,N05CD,Benzodiazepine derivatives,Benzodiazepine derivatives,benzodiazepine
quetiapine,quetiapine,quetiapine,N05AH04,N05AH,"Diazepines, oxazepines, thiazepines and oxepines","Diazepines, oxazepines, thiazepines and oxepines",unknown
quifenadine,quifenadine,quifenadine,R06AX31,R06AX,Other antihistamines for systemic use,Other antihistamines for systemic use,antihistamine
quinagolide,quinagolide,quinagolide,G02CB04,G02CB,Prolactine inhibitors,Prolactine inhibitors,unknown
quinapril,quinapril,quinapril,C09AA06,C09AA,"ACE inhibitors, plain","ACE inhibitors, plain",ace_inhibitor
quinbolone,quinbolone,quinbolone,A14AA06,A14AA,Androstan derivatives,Androstan derivatives,unknown
quinethazone,quinethazone,quinethazone,C03BA02,C03BA,"Sulfonamides, plain","Sulfonamides, plain",unknown
quingestanol,quingestanol,quingestanol,G03AC04,G03AC,Progestogens,Progestogens,unknown
quinidine,quinidine,quinidine,C01BA01,C01BA,"Antiarrhythmics, class Ia","Antiarrhythmics, class Ia",unknown
quinine,quinine,quinine,P01BC01,P01BC,Methanolquinolines,Methanolquinolines,unknown
quinisocaine,quinisocaine,quinisocaine,D04AB05,D04AB,Anesthetics for topical use,Anesthetics for topical use,unknown
quinupramine,quinupramine,quinupramine,N06AA23,N06AA,Non-selective monoamine reuptake inhibitors,Non-selective monoamine reuptake inhibitors,unknown
quinupristin/dalfopristin,quinupristin/dalfopristin,quinupristin/dalfopristin,J01FG02,J01FG,Streptogramins,Streptogramins,unknown
quizartinib,quizartinib,quizartinib,L01EX11,L01EX,Other protein kinase inhibitors,Other protein kinase inhibitors,unknown
rabeprazole,rabeprazole,rabeprazole,A02BC04,A02BC,Proton pump inhibitors,Proton pump inhibitors,unknown
rabies immunoglobulin,rabies immunoglobulin,rabies immunoglobulin,J06BB05,J06BB,Specific immunoglobulins,Specific immunoglobulins,unknown
rabies serum,rabies serum,rabies serum,J06AA06,J06AA,Immune sera,Immune sera,unknown
racecadotril,racecadotril,racecadotril,A07XA04,A07XA,Other antidiarrheals,Other antidiarrheals,unknown
radium 223ra dichloride,radium (223Ra) dichloride,radium (223Ra) dichloride,V10XX03,V10XX,Various therapeutic radiopharmaceuticals,Various therapeutic radiopharmaceuticals,unknown
raloxifene,raloxifene,raloxifene,G03XC01,G03XC,Selective estrogen receptor modulators,Selective estrogen receptor modulators,unknown
raltegravir,raltegravir,raltegravir,J05AJ01,J05AJ,Integrase inhibitors,Integrase inhibitors,unknown
raltitrexed,raltitrexed,raltitrexed,L01BA03,L01BA,Folic acid analogues,Folic acid analogues,unknown
ramelteon,ramelteon,ramelteon,N05CH02,N05CH,Melatonin receptor agonists,Melatonin receptor agonists,unknown
ramipril,ramipril,ramipril,C09AA05,C09AA,"ACE inhibitors, plain","ACE inhibitors, plain",ace_inhibitor
ramucirumab,ramucirumab,ramucirumab,L01XC21,L01XC,Monoclonal antibodies,Monoclonal antibodies,unknown
ranibizumab,ranibizumab,ranibizumab,S01LA04,S01LA,Antineovascularisation agents,Antineovascularisation agents,unknown
ranimustine,ranimustine,ranimustine,L01AD07,L01AD,Nitrosoureas,Nitrosoureas,unknown
ranitidine,ranitidine,ranitidine,A02BA02,A02BA,H2-receptor antagonists,H2-receptor antagonists,unknown
ranitidine bismuth citrate,ranitidine bismuth citrate,ranitidine bismuth citrate,A02BA07,A02BA,H2-receptor antagonists,H2-receptor antagonists,unknown
ranolazine,ranolazine,ranolazine,C01EB18,C01EB,Other cardiac preparations,Other cardiac preparations,unknown
rasagiline,rasagiline,rasagiline,N04BD02,N04BD,Monoamine oxidase B inhibitors,Monoamine oxidase B inhibitors,unknown
rasburicase,rasburicase,rasburicase,V03AF07,V03AF,Detoxifying agents for antineoplastic treatment,Detoxifying agents for antineoplastic treatment,unknown
ravulizumab,ravulizumab,ravulizumab,L04AA43,L04AA,Selective immunosuppressants,Selective immunosuppressants,unknown
raxibacumab,raxibacumab,raxibacumab,J06BB18,J06BB,Specific immunoglobulins,Specific immunoglobulins,unknown
rebamipide,rebamipide,rebamipide,A02BX14,A02BX,Other drugs for peptic ulcer and gastro-oesophageal reflux disease (GORD),Other drugs for peptic ulcer and gastro-oesophageal reflux disease (GORD),unknown
reboxetine,reboxetine,reboxetine,N06AX18,N06AX,Other antidepressants,Other antidepressants,unknown
regadenoson,regadenoson,regadenoson,C01EB21,C01EB,Other cardiac preparations,Other cardiac preparations,unknown
regorafenib,regorafenib,regorafenib,L01EX05,L01EX,Other protein kinase inhibitors,Other protein kinase inhibitors,unknown
remifentanil,remifentanil,remifentanil,N01AH06,N01AH,Opioid anesthetics,Opioid anesthetics,unknown
remikiren,remikiren,remikiren,C09XA01,C09XA,Renin-inhibitors,Renin-inhibitors,unknown
remimazolam,remimazolam,remimazolam,N05CD14,N05CD,Benzodiazepine derivatives,Benzodiazepine derivatives,benzodiazepine
remoxipride,remoxipride,remoxipride,N05AL04,N05AL,Benzamides,Benzamides,unknown
repaglinide,repaglinide,repaglinide,A10BX02,A10BX,"Other blood glucose lowering drugs, excl. insulins","Other blood glucose lowering drugs, excl. insulins",unknown
reposal,reposal,reposal,N05CA12,N05CA,"Barbiturates, plain","Barbiturates, plain",unknown
reproterol,reproterol,reproterol,R03AC15,R03AC,Selective beta-2-adrenoreceptor agonists,Selective beta-2-adrenoreceptor agonists,unknown
rescinnamine,rescinnamine,rescinnamine,C02AA01,C02AA,Rauwolfia alkaloids,Rauwolfia alkaloids,unknown
reserpine,reserpine,reserpine,C02AA02,C02AA,Rauwolfia alkaloids,Rauwolfia alkaloids,unknown
reslizumab,reslizumab,reslizumab,R03DX08,R03DX,Other systemic drugs for obstructive airway diseases,Other systemic drugs for obstructive airway diseases,unknown
resorcinol,resorcinol,resorcinol,D10AX02,D10AX,Other anti-acne preparations for topical use,Other anti-acne preparations for topical use,unknown
retapamulin,retapamulin,retapamulin,D06AX13,D06AX,Other antibiotics for topical use,Other antibiotics for topical use,unknown
reteplase,reteplase,reteplase,B01AD07,B01AD,Enzymes,Enzymes,unknown
retigabine,retigabine,retigabine,N03AX21,N03AX,Other antiepileptics,Other antiepileptics,unknown
retinol,retinol,retinol,D10AD02,D10AD,Retinoids for topical use in acne,Retinoids for topical use in acne,unknown
retinol vit a,retinol (vit A),retinol (vit A),A11CA01,A11CA,"Vitamin A, plain","Vitamin A, plain",unknown
revefenacin,revefenacin,revefenacin,R03BB08,R03BB,Anticholinergics,Anticholinergics,unknown
reviparin,reviparin,reviparin,B01AB08,B01AB,Heparin group,Heparin group,unknown
rhenium 186re etidronic acid,rhenium (186Re) etidronic acid,rhenium (186Re) etidronic acid,V10BX03,V10BX,Various pain palliation radiopharmaceuticals,Various pain palliation radiopharmaceuticals,unknown
rhenium 186re sulfide colloid,rhenium (186Re) sulfide colloid,rhenium (186Re) sulfide colloid,V10AX05,V10AX,Other antiinflammatory therapeutic radiopharmaceuticals,Other antiinflammatory therapeutic radiopharmaceuticals,unknown
ribavirin,ribavirin,ribavirin,J05AP01,J05AP,Antivirals for treatment of HCV infections,Antivirals for treatment of HCV infections,unknown
ribociclib,ribociclib,ribociclib,L01EF02,L01EF,Cyclin-dependent kinase (CDK) inhibitors,Cyclin-dependent kinase (CDK) inhibitors,unknown
riboflavin,riboflavin,riboflavin,S01XA26,S01XA,Other ophthalmologicals,Other ophthalmologicals,unknown
riboflavin vit b2,riboflavin (vit B2),riboflavin (vit B2),A11HA04,A11HA,Other plain vitamin preparations,Other plain vitamin preparations,unknown
ribostamycin,ribostamycin,ribostamycin,J01GB10,J01GB,Other aminoglycosides,Other aminoglycosides,aminoglycoside
ridaforolimus,ridaforolimus,ridaforolimus,L01EG03,L01EG,Mammalian target of rapamycin (mTOR) kinase inhibitors,Mammalian target of rapamycin (mTOR) kinase inhibitors,unknown
rifabutin,rifabutin,rifabutin,J04AB04,J04AB,Antibiotics,Antibiotics,unknown
rifampicin,rifampicin,rifampicin,J04AB02,J04AB,Antibiotics,Antibiotics,unknown
rifamycin,rifamycin,rifamycin,J04AB03,J04AB,Antibiotics,Antibiotics,unknown
rifapentine,rifapentine,rifapentine,J04AB05,J04AB,Antibiotics,Antibiotics,unknown
rifaximin,rifaximin,rifaximin,A07AA11,A07AA,Antibiotics,Antibiotics,unknown
rilmenidine,rilmenidine,rilmenidine,C02AC06,C02AC,Imidazoline receptor agonists,Imidazoline receptor agonists,unknown
rilonacept,rilonacept,rilonacept,L04AC04,L04AC,Interleukin inhibitors,Interleukin inhibitors,unknown
rilpivirine,rilpivirine,rilpivirine,J05AG05,J05AG,Non-nucleoside reverse transcriptase inhibitors,Non-nucleoside reverse transcriptase inhibitors,unknown
riluzole,riluzole,riluzole,N07XX02,N07XX,Other nervous system drugs,Other nervous system drugs,unknown
rimantadine,rimantadine,rimantadine,J05AC02,J05AC,Cyclic amines,Cyclic amines,unknown
rimazolium,rimazolium,rimazolium,N02BG02,N02BG,Other analgesics and antipyretics,Other analgesics and antipyretics,unknown
rimexolone,rimexolone,rimexolone,H02AB12,H02AB,Glucocorticoids,Glucocorticoids,unknown
rimiterol,rimiterol,rimiterol,R03AC05,R03AC,Selective beta-2-adrenoreceptor agonists,Selective beta-2-adrenoreceptor agonists,unknown
rimonabant,rimonabant,rimonabant,A08AX01,A08AX,Other antiobesity drugs,Other antiobesity drugs,unknown
riociguat,riociguat,riociguat,C02KX05,C02KX,Antihypertensives for pulmonary arterial hypertension,Antihypertensives for pulmonary arterial hypertension,unknown
ripretinib,ripretinib,ripretinib,L01EX19,L01EX,Other protein kinase inhibitors,Other protein kinase inhibitors,unknown
risankizumab,risankizumab,risankizumab,L04AC18,L04AC,Interleukin inhibitors,Interleukin inhibitors,unknown
risdiplam,risdiplam,risdiplam,M09AX10,M09AX,Other drugs for disorders of the musculo-skeletal system,Other drugs for disorders of the musculo-skeletal system,unknown
risedronic acid,risedronic acid,risedronic acid,M05BA07,M05BA,Bisphosphonates,Bisphosphonates,unknown
risperidone,risperidone,risperidone,N05AX08,N05AX,Other antipsychotics,Other antipsychotics,unknown
ritiometan,ritiometan,ritiometan,R01AX05,R01AX,Other nasal preparations,Other nasal preparations,unknown
ritodrine,ritodrine,ritodrine,G02CA01,G02CA,"Sympathomimetics, labour repressants","Sympathomimetics, labour repressants",unknown
ritonavir,ritonavir,ritonavir,J05AE03,J05AE,Protease inhibitors,Protease inhibitors,unknown
rituximab,rituximab,rituximab,L01XC02,L01XC,Monoclonal antibodies,Monoclonal antibodies,unknown
rivaroxaban,rivaroxaban,rivaroxaban,B01AF01,B01AF,Direct factor Xa inhibitors,Direct factor Xa inhibitors,anticoagulant
rivastigmine,rivastigmine,rivastigmine,N06DA03,N06DA,Anticholinesterases,Anticholinesterases,unknown
rizatriptan,rizatriptan,rizatriptan,N02CC04,N02CC,Selective serotonin (5HT1) agonists,Selective serotonin (5HT1) agonists,unknown
rociletinib,rociletinib,rociletinib,L01EB05,L01EB,Epidermal growth factor receptor (EGFR) tyrosine kinase inhibitors,Epidermal growth factor receptor (EGFR) tyrosine kinase inhibitors,unknown
rociverine,rociverine,rociverine,A03AA06,A03AA,"Synthetic anticholinergics, esters with tertiary amino group","Synthetic anticholinergics, esters with tertiary amino group",unknown
rocuronium bromide,rocuronium bromide,rocuronium bromide,M03AC09,M03AC,Other quaternary ammonium compounds,Other quaternary ammonium compounds,unknown
rofecoxib,rofecoxib,rofecoxib,M01AH02,M01AH,Coxibs,Coxibs,nsaid
roflumilast,roflumilast,roflumilast,R03DX07,R03DX,Other systemic drugs for obstructive airway diseases,Other systemic drugs for obstructive airway diseases,unknown
rokitamycin,rokitamycin,rokitamycin,J01FA12,J01FA,Macrolides,Macrolides,macrolide
rolapitant,rolapitant,rolapitant,A04AD14,A04AD,Other antiemetics,Other antiemetics,unknown
rolitetracycline,rolitetracycline,rolitetracycline,J01AA09,J01AA,Tetracyclines,Tetracyclines,tetracycline
romidepsin,romidepsin,romidepsin,L01XH02,L01XH,Histone deacetylase (HDAC) inhibitors,Histone deacetylase (HDAC) inhibitors,unknown
romiplostim,romiplostim,romiplostim,B02BX04,B02BX,Other systemic hemostatics,Other systemic hemostatics,unknown
romosozumab,romosozumab,romosozumab,M05BX06,M05BX,Other drugs affecting bone structure and mineralization,Other drugs affecting bone structure and mineralization,unknown
ronifibrate,ronifibrate,ronifibrate,C10AB07,C10AB,Fibrates,Fibrates,unknown
ropeginterferon alfa-2b,ropeginterferon alfa-2b,ropeginterferon alfa-2b,L03AB15,L03AB,Interferons,Interferons,unknown
ropinirole,ropinirole,ropinirole,N04BC04,N04BC,Dopamine agonists,Dopamine agonists,unknown
ropivacaine,ropivacaine,ropivacaine,N01BB09,N01BB,Amides,Amides,unknown
roquinimex,roquinimex,roquinimex,L03AX02,L03AX,Other immunostimulants,Other immunostimulants,unknown
rose bengal sodium,rose bengal sodium,rose bengal sodium,S01JA02,S01JA,Colouring agents,Colouring agents,unknown
rosiglitazone,rosiglitazone,rosiglitazone,A10BG02,A10BG,Thiazolidinediones,Thiazolidinediones,unknown
rosoxacin,rosoxacin,rosoxacin,J01MB01,J01MB,Other quinolones,Other quinolones,unknown
rosuvastatin,rosuvastatin,rosuvastatin,C10AA07,C10AA,HMG CoA reductase inhibitors,HMG CoA reductase inhibitors,statin
rotigotine,rotigotine,rotigotine,N04BC09,N04BC,Dopamine agonists,Dopamine agonists,unknown
roxadustat,roxadustat,roxadustat,B03XA05,B03XA,Other antianemic preparations,Other antianemic preparations,unknown
roxatidine,roxatidine,roxatidine,A02BA06,A02BA,H2-receptor antagonists,H2-receptor antagonists,unknown
roxithromycin,roxithromycin,roxithromycin,J01FA06,J01FA,Macrolides,Macrolides,macrolide
rubella immunoglobulin,rubella immunoglobulin,rubella immunoglobulin,J06BB06,J06BB,Specific immunoglobulins,Specific immunoglobulins,unknown
rubidium 82rb chloride,rubidium (82Rb) chloride,rubidium (82Rb) chloride,V09GX04,V09GX,Other cardiovascular system diagnostic radiopharmaceuticals,Other cardiovascular system diagnostic radiopharmaceuticals,unknown
rucaparib,rucaparib,rucaparib,L01XK03,L01XK,Poly (ADP-ribose) polymerase (PARP) inhibitors,Poly (ADP-ribose) polymerase (PARP) inhibitors,unknown
rufinamide,rufinamide,rufinamide,N03AF03,N03AF,Carboxamide derivatives,Carboxamide derivatives,unknown
rufloxacin,rufloxacin,rufloxacin,J01MA10,J01MA,Fluoroquinolones,Fluoroquinolones,fluoroquinolone
rupatadine,rupatadine,rupatadine,R06AX28,R06AX,Other antihistamines for systemic use,Other antihistamines for systemic use,antihistamine
rutoside,rutoside,rutoside,C05CA01,C05CA,Bioflavonoids,Bioflavonoids,unknown
ruxolitinib,ruxolitinib,ruxolitinib,L01EJ01,L01EJ,Janus-associated kinase (JAK) inhibitors,Janus-associated kinase (JAK) inhibitors,unknown
s-atenolol,s-atenolol,s-atenolol,C07AB11,C07AB,"Beta blocking agents, selective","Beta blocking agents, selective",beta_blocker
sabalis serrulatae fructus,Sabalis serrulatae fructus,Sabalis serrulatae fructus,G04CX02,G04CX,Other drugs used in benign prostatic hypertrophy,Other drugs used in benign prostatic hypertrophy,unknown
saccharated iron oxide,saccharated iron oxide,saccharated iron oxide,B03AB02,B03AB,"Iron trivalent, oral preparations","Iron trivalent, oral preparations",unknown
saccharomyces boulardii,saccharomyces boulardii,saccharomyces boulardii,A07FA02,A07FA,Antidiarrheal microorganisms,Antidiarrheal microorganisms,unknown
sacrosidase,sacrosidase,sacrosidase,A16AB06,A16AB,Enzymes,Enzymes,unknown
safinamide,safinamide,safinamide,N04BD03,N04BD,Monoamine oxidase B inhibitors,Monoamine oxidase B inhibitors,unknown
salbutamol,salbutamol,salbutamol,R03CC02,R03CC,Selective beta-2-adrenoreceptor agonists,Selective beta-2-adrenoreceptor agonists,unknown
salicylamide,salicylamide,salicylamide,N02BA05,N02BA,Salicylic acid and derivatives,Salicylic acid and derivatives,unknown
salicylic acid,salicylic acid,salicylic acid,S01BC08,S01BC,"Antiinflammatory agents, non-steroids","Antiinflammatory agents, non-steroids",nsaid
salmeterol,salmeterol,salmeterol,R03AC12,R03AC,Selective beta-2-adrenoreceptor agonists,Selective beta-2-adrenoreceptor agonists,unknown
salsalate,salsalate,salsalate,N02BA06,N02BA,Salicylic acid and derivatives,Salicylic acid and derivatives,unknown
samarium 153sm hydroxyapatite colloid,samarium (153Sm) hydroxyapatite colloid,samarium (153Sm) hydroxyapatite colloid,V10AX02,V10AX,Other antiinflammatory therapeutic radiopharmaceuticals,Other antiinflammatory therapeutic radiopharmaceuticals,unknown
samarium 153sm lexidronam,samarium (153Sm) lexidronam,samarium (153Sm) lexidronam,V10BX02,V10BX,Various pain palliation radiopharmaceuticals,Various pain palliation radiopharmaceuticals,unknown
sapropterin,sapropterin,sapropterin,A16AX07,A16AX,Various alimentary tract and metabolism products,Various alimentary tract and metabolism products,unknown
saquinavir,saquinavir,saquinavir,J05AE01,J05AE,Protease inhibitors,Protease inhibitors,unknown
sarecycline,sarecycline,sarecycline,J01AA14,J01AA,Tetracyclines,Tetracyclines,tetracycline
sargramostim,sargramostim,sargramostim,L03AA09,L03AA,Colony stimulating factors,Colony stimulating factors,unknown
sarilumab,sarilumab,sarilumab,L04AC14,L04AC,Interleukin inhibitors,Interleukin inhibitors,unknown
saruplase,saruplase,saruplase,B01AD08,B01AD,Enzymes,Enzymes,unknown
satralizumab,satralizumab,satralizumab,L04AC19,L04AC,Interleukin inhibitors,Interleukin inhibitors,unknown
satraplatin,satraplatin,satraplatin,L01XA04,L01XA,Platinum compounds,Platinum compounds,unknown
saxagliptin,saxagliptin,saxagliptin,A10BH03,A10BH,Dipeptidyl peptidase 4 (DPP-4) inhibitors,Dipeptidyl peptidase 4 (DPP-4) inhibitors,unknown
scopolamine,scopolamine,scopolamine,N05CM05,N05CM,Other hypnotics and sedatives,Other hypnotics and sedatives,unknown
sebelipase alfa,sebelipase alfa,sebelipase alfa,A16AB14,A16AB,Enzymes,Enzymes,unknown
secnidazole,secnidazole,secnidazole,P01AB07,P01AB,Nitroimidazole derivatives,Nitroimidazole derivatives,unknown
secobarbital,secobarbital,secobarbital,N05CA06,N05CA,"Barbiturates, plain","Barbiturates, plain",unknown
secretin,secretin,secretin,V04CK01,V04CK,Tests for pancreatic function,Tests for pancreatic function,unknown
secukinumab,secukinumab,secukinumab,L04AC10,L04AC,Interleukin inhibitors,Interleukin inhibitors,unknown
selegiline,selegiline,selegiline,N04BD01,N04BD,Monoamine oxidase B inhibitors,Monoamine oxidase B inhibitors,unknown
selenium 75se norcholesterol,selenium (75Se) norcholesterol,selenium (75Se) norcholesterol,V09XX03,V09XX,Various diagnostic radiopharmaceuticals,Various diagnostic radiopharmaceuticals,unknown
selenium 75se tauroselcholic acid,selenium (75Se) tauroselcholic acid,selenium (75Se) tauroselcholic acid,V09DX01,V09DX,Other hepatic and reticulo endothelial system diagnostic radiopharmaceuticals,Other hepatic and reticulo endothelial system diagnostic radiopharmaceuticals,unknown
selenium compounds,selenium compounds,selenium compounds,D11AC03,D11AC,Medicated shampoos,Medicated shampoos,unknown
selenium sulfide,selenium sulfide,selenium sulfide,D01AE13,D01AE,Other antifungals for topical use,Other antifungals for topical use,unknown
selexipag,selexipag,selexipag,B01AC27,B01AC,Platelet aggregation inhibitors excl. heparin,Platelet aggregation inhibitors excl. heparin,antiplatelet
selinexor,selinexor,selinexor,L01XX66,L01XX,Other antineoplastic agents,Other antineoplastic agents,unknown
selumetinib,selumetinib,selumetinib,L01EE04,L01EE,Mitogen-activated protein kinase (MEK) inhibitors,Mitogen-activated protein kinase (MEK) inhibitors,unknown
semaglutide,semaglutide,semaglutide,A10BJ06,A10BJ,Glucagon-like peptide-1 (GLP-1) analogues,Glucagon-like peptide-1 (GLP-1) analogues,unknown
semustine,semustine,semustine,L01AD03,L01AD,Nitrosoureas,Nitrosoureas,unknown
senega,senega,senega,R05CA06,R05CA,Expectorants,Expectorants,unknown
senna glycosides,senna glycosides,senna glycosides,A06AB06,A06AB,Contact laxatives,Contact laxatives,unknown
sequifenadine,sequifenadine,sequifenadine,R06AX32,R06AX,Other antihistamines for systemic use,Other antihistamines for systemic use,antihistamine
seratrodast,seratrodast,seratrodast,R03DX06,R03DX,Other systemic drugs for obstructive airway diseases,Other systemic drugs for obstructive airway diseases,unknown
serelaxin,serelaxin,serelaxin,C01DX21,C01DX,Other vasodilators used in cardiac diseases,Other vasodilators used in cardiac diseases,unknown
sermorelin,sermorelin,sermorelin,H01AC04,H01AC,Somatropin and somatropin agonists,Somatropin and somatropin agonists,unknown
sertaconazole,sertaconazole,sertaconazole,D01AC14,D01AC,Imidazole and triazole derivatives,Imidazole and triazole derivatives,unknown
sertindole,sertindole,sertindole,N05AE03,N05AE,Indole derivatives,Indole derivatives,unknown
sertraline,sertraline,sertraline,N06AB06,N06AB,Selective serotonin reuptake inhibitors,Selective serotonin reuptake inhibitors,unknown
serum gonadotrophin,serum gonadotrophin,serum gonadotrophin,G03GA03,G03GA,Gonadotropins,Gonadotropins,unknown
sevelamer,sevelamer,sevelamer,V03AE02,V03AE,Drugs for treatment of hyperkalemia and hyperphosphatemia,Drugs for treatment of hyperkalemia and hyperphosphatemia,unknown
sevoflurane,sevoflurane,sevoflurane,N01AB08,N01AB,Halogenated hydrocarbons,Halogenated hydrocarbons,unknown
sibutramine,sibutramine,sibutramine,A08AA10,A08AA,Centrally acting antiobesity products,Centrally acting antiobesity products,unknown
sildenafil,sildenafil,sildenafil,G04BE03,G04BE,Drugs used in erectile dysfunction,Drugs used in erectile dysfunction,unknown
silicones,silicones,silicones,A03AX13,A03AX,Other drugs for functional gastrointestinal disorders,Other drugs for functional gastrointestinal disorders,unknown
silodosin,silodosin,silodosin,G04CA04,G04CA,Alpha-adrenoreceptor antagonists,Alpha-adrenoreceptor antagonists,unknown
siltuximab,siltuximab,siltuximab,L04AC11,L04AC,Interleukin inhibitors,Interleukin inhibitors,unknown
silver,silver,silver,D08AL30,D08AL,Silver compounds,Silver compounds,unknown
silver compounds,silver compounds,silver compounds,S01AX02,S01AX,Other antiinfectives,Other antiinfectives,unknown
silver nitrate,silver nitrate,silver nitrate,D08AL01,D08AL,Silver compounds,Silver compounds,unknown
silver sulfadiazine,silver sulfadiazine,silver sulfadiazine,D06BA01,D06BA,Sulfonamides,Sulfonamides,unknown
silymarin,silymarin,silymarin,A05BA03,A05BA,Liver therapy,Liver therapy,unknown
simeprevir,simeprevir,simeprevir,J05AP05,J05AP,Antivirals for treatment of HCV infections,Antivirals for treatment of HCV infections,unknown
simfibrate,simfibrate,simfibrate,C10AB06,C10AB,Fibrates,Fibrates,unknown
simvastatin,simvastatin,simvastatin,C10AA01,C10AA,HMG CoA reductase inhibitors,HMG CoA reductase inhibitors,statin
sincalide,sincalide,sincalide,V04CC03,V04CC,Tests for bile duct patency,Tests for bile duct patency,unknown
sinecatechins,sinecatechins,sinecatechins,D06BB12,D06BB,Antivirals,Antivirals,unknown
siponimod,siponimod,siponimod,L04AA42,L04AA,Selective immunosuppressants,Selective immunosuppressants,unknown
sipuleucel-t,sipuleucel-T,sipuleucel-T,L03AX17,L03AX,Other immunostimulants,Other immunostimulants,unknown
sirolimus,sirolimus,sirolimus,L04AA10,L04AA,Selective immunosuppressants,Selective immunosuppressants,unknown
sirukumab,sirukumab,sirukumab,L04AC15,L04AC,Interleukin inhibitors,Interleukin inhibitors,unknown
sisomicin,sisomicin,sisomicin,J01GB08,J01GB,Other aminoglycosides,Other aminoglycosides,aminoglycoside
sitafloxacin,sitafloxacin,sitafloxacin,J01MA21,J01MA,Fluoroquinolones,Fluoroquinolones,fluoroquinolone
sitagliptin,sitagliptin,sitagliptin,A10BH01,A10BH,Dipeptidyl peptidase 4 (DPP-4) inhibitors,Dipeptidyl peptidase 4 (DPP-4) inhibitors,unknown
sitaxentan,sitaxentan,sitaxentan,C02KX03,C02KX,Antihypertensives for pulmonary arterial hypertension,Antihypertensives for pulmonary arterial hypertension,unknown
sitimagene ceradenovec,sitimagene ceradenovec,sitimagene ceradenovec,L01XX37,L01XX,Other antineoplastic agents,Other antineoplastic agents,unknown
smallpox vaccines,smallpox vaccines,smallpox vaccines,J07BX01,J07BX,Other viral vaccines,Other viral vaccines,unknown
snake venom antiserum,snake venom antiserum,snake venom antiserum,J06AA03,J06AA,Immune sera,Immune sera,unknown
sobrerol,sobrerol,sobrerol,R05CB07,R05CB,Mucolytics,Mucolytics,unknown
sodium acetate,sodium acetate,sodium acetate,B05XA08,B05XA,Electrolyte solutions,Electrolyte solutions,unknown
sodium aminosalicylate,sodium aminosalicylate,sodium aminosalicylate,J04AA02,J04AA,Aminosalicylic acid and derivatives,Aminosalicylic acid and derivatives,unknown
sodium apolate,sodium apolate,sodium apolate,C05BA02,C05BA,Heparins or heparinoids for topical use,Heparins or heparinoids for topical use,unknown
sodium aurothiomalate,sodium aurothiomalate,sodium aurothiomalate,M01CB01,M01CB,Gold preparations,Gold preparations,unknown
sodium aurotiosulfate,sodium aurotiosulfate,sodium aurotiosulfate,M01CB02,M01CB,Gold preparations,Gold preparations,unknown
sodium benzoate,sodium benzoate,sodium benzoate,A16AX11,A16AX,Various alimentary tract and metabolism products,Various alimentary tract and metabolism products,unknown
sodium bicarbonate,sodium bicarbonate,sodium bicarbonate,B05CB04,B05CB,Salt solutions,Salt solutions,unknown
sodium borate,sodium borate,sodium borate,S01AX07,S01AX,Other antiinfectives,Other antiinfectives,unknown
sodium cellulose phosphate,sodium cellulose phosphate,sodium cellulose phosphate,V03AG01,V03AG,Drugs for treatment of hypercalcemia,Drugs for treatment of hypercalcemia,unknown
sodium chloride,sodium chloride,sodium chloride,A12CA01,A12CA,Sodium,Sodium,unknown
sodium chlorite,sodium chlorite,sodium chlorite,D03AX11,D03AX,Other cicatrizants,Other cicatrizants,unknown
sodium citrate,sodium citrate,sodium citrate,B05CB02,B05CB,Salt solutions,Salt solutions,unknown
sodium edetate,sodium edetate,sodium edetate,S01XA05,S01XA,Other ophthalmologicals,Other ophthalmologicals,unknown
sodium feredetate,sodium feredetate,sodium feredetate,B03AB03,B03AB,"Iron trivalent, oral preparations","Iron trivalent, oral preparations",unknown
sodium fluoride,sodium fluoride,sodium fluoride,A01AA01,A01AA,Caries prophylactic agents,Caries prophylactic agents,unknown
sodium fluoride 18f,sodium fluoride (18F),sodium fluoride (18F),V09IX06,V09IX,Other diagnostic radiopharmaceuticals for tumour detection,Other diagnostic radiopharmaceuticals for tumour detection,unknown
sodium folinate,sodium folinate,sodium folinate,V03AF06,V03AF,Detoxifying agents for antineoplastic treatment,Detoxifying agents for antineoplastic treatment,unknown
sodium glycerophosphate,sodium glycerophosphate,sodium glycerophosphate,B05XA14,B05XA,Electrolyte solutions,Electrolyte solutions,unknown
sodium hypochlorite,sodium hypochlorite,sodium hypochlorite,D08AX07,D08AX,Other antiseptics and disinfectants,Other antiseptics and disinfectants,unknown
sodium iodide 123i,sodium iodide (123I),sodium iodide (123I),V09FX02,V09FX,Various thyroid diagnostic radiopharmaceuticals,Various thyroid diagnostic radiopharmaceuticals,unknown
sodium iodide 124i,sodium iodide (124I),sodium iodide (124I),V09FX04,V09FX,Various thyroid diagnostic radiopharmaceuticals,Various thyroid diagnostic radiopharmaceuticals,unknown
sodium iodide 131i,sodium iodide (131I),sodium iodide (131I),V09FX03,V09FX,Various thyroid diagnostic radiopharmaceuticals,Various thyroid diagnostic radiopharmaceuticals,unknown
sodium iodohippurate 123i,sodium iodohippurate (123I),sodium iodohippurate (123I),V09CX01,V09CX,Other renal system diagnostic radiopharmaceuticals,Other renal system diagnostic radiopharmaceuticals,unknown
sodium iodohippurate 131i,sodium iodohippurate (131I),sodium iodohippurate (131I),V09CX02,V09CX,Other renal system diagnostic radiopharmaceuticals,Other renal system diagnostic radiopharmaceuticals,unknown
sodium iopodate,sodium iopodate,sodium iopodate,V08AC08,V08AC,"Watersoluble, hepatotropic X-ray contrast media","Watersoluble, hepatotropic X-ray contrast media",unknown
sodium iothalamate 125i,sodium iothalamate (125I),sodium iothalamate (125I),V09CX03,V09CX,Other renal system diagnostic radiopharmaceuticals,Other renal system diagnostic radiopharmaceuticals,unknown
sodium levofolinate,sodium levofolinate,sodium levofolinate,V03AF10,V03AF,Detoxifying agents for antineoplastic treatment,Detoxifying agents for antineoplastic treatment,unknown
sodium monofluorophosphate,sodium monofluorophosphate,sodium monofluorophosphate,A12CD02,A12CD,Fluoride,Fluoride,unknown
sodium nitrite,sodium nitrite,sodium nitrite,V03AB08,V03AB,Antidotes,Antidotes,unknown
sodium oxybate,sodium oxybate,sodium oxybate,N07XX04,N07XX,Other nervous system drugs,Other nervous system drugs,unknown
sodium perborate,sodium perborate,sodium perborate,A01AB19,A01AB,Antiinfectives and antiseptics for local oral treatment,Antiinfectives and antiseptics for local oral treatment,unknown
sodium phenylbutyrate,sodium phenylbutyrate,sodium phenylbutyrate,A16AX03,A16AX,Various alimentary tract and metabolism products,Various alimentary tract and metabolism products,unknown
sodium phosphate,sodium phosphate,sodium phosphate,A06AD17,A06AD,Osmotically acting laxatives,Osmotically acting laxatives,unknown
sodium phosphate 32p,sodium phosphate (32P),sodium phosphate (32P),V10XX01,V10XX,Various therapeutic radiopharmaceuticals,Various therapeutic radiopharmaceuticals,unknown
sodium picosulfate,sodium picosulfate,sodium picosulfate,A06AB08,A06AB,Contact laxatives,Contact laxatives,unknown
sodium propionate,sodium propionate,sodium propionate,S01AX10,S01AX,Other antiinfectives,Other antiinfectives,unknown
sodium salicylate,sodium salicylate,sodium salicylate,N02BA04,N02BA,Salicylic acid and derivatives,Salicylic acid and derivatives,unknown
sodium selenate,sodium selenate,sodium selenate,A12CE01,A12CE,Selenium,Selenium,unknown
sodium selenite,sodium selenite,sodium selenite,A12CE02,A12CE,Selenium,Selenium,unknown
sodium stibogluconate,sodium stibogluconate,sodium stibogluconate,P01CB02,P01CB,Antimony compounds,Antimony compounds,unknown
sodium sulfate,sodium sulfate,sodium sulfate,A06AD13,A06AD,Osmotically acting laxatives,Osmotically acting laxatives,unknown
sodium tartrate,sodium tartrate,sodium tartrate,A06AD21,A06AD,Osmotically acting laxatives,Osmotically acting laxatives,unknown
sodium tetradecyl sulfate,sodium tetradecyl sulfate,sodium tetradecyl sulfate,C05BB04,C05BB,Sclerosing agents for local injection,Sclerosing agents for local injection,unknown
sodium zirconium cyclosilicate,sodium zirconium cyclosilicate,sodium zirconium cyclosilicate,V03AE10,V03AE,Drugs for treatment of hyperkalemia and hyperphosphatemia,Drugs for treatment of hyperkalemia and hyperphosphatemia,unknown
sofosbuvir,sofosbuvir,sofosbuvir,J05AP08,J05AP,Antivirals for treatment of HCV infections,Antivirals for treatment of HCV infections,unknown
solifenacin,solifenacin,solifenacin,G04BD08,G04BD,Drugs for urinary frequency and incontinence,Drugs for urinary frequency and incontinence,unknown
solithromycin,solithromycin,solithromycin,J01FA16,J01FA,Macrolides,Macrolides,macrolide
solriamfetol,solriamfetol,solriamfetol,N06BA14,N06BA,Centrally acting sympathomimetics,Centrally acting sympathomimetics,unknown
somapacitan,somapacitan,somapacitan,H01AC07,H01AC,Somatropin and somatropin agonists,Somatropin and somatropin agonists,unknown
somatorelin,somatorelin,somatorelin,V04CD05,V04CD,Tests for pituitary function,Tests for pituitary function,unknown
somatostatin,somatostatin,somatostatin,H01CB01,H01CB,Somatostatin and analogues,Somatostatin and analogues,unknown
somatrem,somatrem,somatrem,H01AC02,H01AC,Somatropin and somatropin agonists,Somatropin and somatropin agonists,unknown
somatropin,somatropin,somatropin,H01AC01,H01AC,Somatropin and somatropin agonists,Somatropin and somatropin agonists,unknown
sonidegib,sonidegib,sonidegib,L01XJ02,L01XJ,Hedgehog pathway inhibitors,Hedgehog pathway inhibitors,unknown
sorafenib,sorafenib,sorafenib,L01EX02,L01EX,Other protein kinase inhibitors,Other protein kinase inhibitors,unknown
sorbitol,sorbitol,sorbitol,A06AD18,A06AD,Osmotically acting laxatives,Osmotically acting laxatives,unknown
sotagliflozin,sotagliflozin,sotagliflozin,A10BK06,A10BK,Sodium-glucose co-transporter 2 (SGLT2) inhibitors,Sodium-glucose co-transporter 2 (SGLT2) inhibitors,unknown
sotalol,sotalol,sotalol,C07AA07,C07AA,"Beta blocking agents, non-selective","Beta blocking agents, non-selective",beta_blocker
spaglumic acid,spaglumic acid,spaglumic acid,R01AC05,R01AC,"Antiallergic agents, excl. corticosteroids","Antiallergic agents, excl. corticosteroids",unknown
sparfloxacin,sparfloxacin,sparfloxacin,J01MA09,J01MA,Fluoroquinolones,Fluoroquinolones,fluoroquinolone
sparteine,sparteine,sparteine,C01BA04,C01BA,"Antiarrhythmics, class Ia","Antiarrhythmics, class Ia",unknown
spectinomycin,spectinomycin,spectinomycin,J01XX04,J01XX,Other antibacterials,Other antibacterials,unknown
spiramycin,spiramycin,spiramycin,J01FA02,J01FA,Macrolides,Macrolides,macrolide
spirapril,spirapril,spirapril,C09AA11,C09AA,"ACE inhibitors, plain","ACE inhibitors, plain",ace_inhibitor
spironolactone,spironolactone,spironolactone,C03DA01,C03DA,Aldosterone antagonists,Aldosterone antagonists,unknown
stannous fluoride,stannous fluoride,stannous fluoride,A01AA04,A01AA,Caries prophylactic agents,Caries prophylactic agents,unknown
stanozolol,stanozolol,stanozolol,A14AA02,A14AA,Androstan derivatives,Androstan derivatives,unknown
staphylococcus immunoglobulin,staphylococcus immunoglobulin,staphylococcus immunoglobulin,J06BB08,J06BB,Specific immunoglobulins,Specific immunoglobulins,unknown
stavudine,stavudine,stavudine,J05AF04,J05AF,Nucleoside and nucleotide reverse transcriptase inhibitors,Nucleoside and nucleotide reverse transcriptase inhibitors,unknown
stem cells from umbilical cord blood,stem cells from umbilical cord blood,stem cells from umbilical cord blood,B05AX04,B05AX,Other blood products,Other blood products,unknown
stepronin,stepronin,stepronin,R05CB11,R05CB,Mucolytics,Mucolytics,unknown
sterculia,sterculia,sterculia,A06AC03,A06AC,Bulk-forming laxatives,Bulk-forming laxatives,unknown
stibophen,stibophen,stibophen,P02BX03,P02BX,Other antitrematodal agents,Other antitrematodal agents,unknown
stiripentol,stiripentol,stiripentol,N03AX17,N03AX,Other antiepileptics,Other antiepileptics,unknown
stramoni preparations,stramoni preparations,stramoni preparations,R03BB03,R03BB,Anticholinergics,Anticholinergics,unknown
streptoduocin,streptoduocin,streptoduocin,J01GA02,J01GA,Streptomycins,Streptomycins,unknown
streptokinase,streptokinase,streptokinase,B01AD01,B01AD,Enzymes,Enzymes,unknown
streptomycin,streptomycin,streptomycin,J01GA01,J01GA,Streptomycins,Streptomycins,unknown
streptozocin,streptozocin,streptozocin,L01AD04,L01AD,Nitrosoureas,Nitrosoureas,unknown
strontium 89sr chloride,strontium (89Sr) chloride,strontium (89Sr) chloride,V10BX01,V10BX,Various pain palliation radiopharmaceuticals,Various pain palliation radiopharmaceuticals,unknown
strontium ranelate,strontium ranelate,strontium ranelate,M05BX03,M05BX,Other drugs affecting bone structure and mineralization,Other drugs affecting bone structure and mineralization,unknown
styramate,styramate,styramate,M03BA04,M03BA,Carbamic acid esters,Carbamic acid esters,unknown
succinimide,succinimide,succinimide,G04BX10,G04BX,Other urologicals,Other urologicals,unknown
succinylsulfathiazole,succinylsulfathiazole,succinylsulfathiazole,A07AB04,A07AB,Sulfonamides,Sulfonamides,unknown
sucralfate,sucralfate,sucralfate,A02BX02,A02BX,Other drugs for peptic ulcer and gastro-oesophageal reflux disease (GORD),Other drugs for peptic ulcer and gastro-oesophageal reflux disease (GORD),unknown
sucroferric oxyhydroxide,sucroferric oxyhydroxide,sucroferric oxyhydroxide,V03AE05,V03AE,Drugs for treatment of hyperkalemia and hyperphosphatemia,Drugs for treatment of hyperkalemia and hyperphosphatemia,unknown
sufentanil,sufentanil,sufentanil,N01AH03,N01AH,Opioid anesthetics,Opioid anesthetics,unknown
sugammadex,sugammadex,sugammadex,V03AB35,V03AB,Antidotes,Antidotes,unknown
sulbactam,sulbactam,sulbactam,J01CG01,J01CG,Beta-lactamase inhibitors,Beta-lactamase inhibitors,penicillin
sulbenicillin,sulbenicillin,sulbenicillin,J01CA16,J01CA,Penicillins with extended spectrum,Penicillins with extended spectrum,penicillin
sulbentine,sulbentine,sulbentine,D01AE09,D01AE,Other antifungals for topical use,Other antifungals for topical use,unknown
sulbutiamine,sulbutiamine,sulbutiamine,A11DA02,A11DA,"Vitamin B1, plain","Vitamin B1, plain",unknown
sulconazole,sulconazole,sulconazole,D01AC09,D01AC,Imidazole and triazole derivatives,Imidazole and triazole derivatives,unknown
sulfacetamide,sulfacetamide,sulfacetamide,D10AF06,D10AF,Antiinfectives for treatment of acne,Antiinfectives for treatment of acne,unknown
sulfadiazine,sulfadiazine,sulfadiazine,J01EC02,J01EC,Intermediate-acting sulfonamides,Intermediate-acting sulfonamides,sulfonamide
sulfadicramide,sulfadicramide,sulfadicramide,S01AB03,S01AB,Sulfonamides,Sulfonamides,unknown
sulfadimethoxine,sulfadimethoxine,sulfadimethoxine,J01ED01,J01ED,Long-acting sulfonamides,Long-acting sulfonamides,sulfonamide
sulfadimidine,sulfadimidine,sulfadimidine,J01EB03,J01EB,Short-acting sulfonamides,Short-acting sulfonamides,sulfonamide
sulfafenazol,sulfafenazol,sulfafenazol,S01AB05,S01AB,Sulfonamides,Sulfonamides,unknown
sulfafurazole,sulfafurazole,sulfafurazole,J01EB05,J01EB,Short-acting sulfonamides,Short-acting sulfonamides,sulfonamide
sulfaguanidine,sulfaguanidine,sulfaguanidine,A07AB03,A07AB,Sulfonamides,Sulfonamides,unknown
sulfaisodimidine,sulfaisodimidine,sulfaisodimidine,J01EB01,J01EB,Short-acting sulfonamides,Short-acting sulfonamides,sulfonamide
sulfalene,sulfalene,sulfalene,J01ED02,J01ED,Long-acting sulfonamides,Long-acting sulfonamides,sulfonamide
sulfamazone,sulfamazone,sulfamazone,J01ED09,J01ED,Long-acting sulfonamides,Long-acting sulfonamides,sulfonamide
sulfamerazine,sulfamerazine,sulfamerazine,J01ED07,J01ED,Long-acting sulfonamides,Long-acting sulfonamides,sulfonamide
sulfamethizole,sulfamethizole,sulfamethizole,J01EB02,J01EB,Short-acting sulfonamides,Short-acting sulfonamides,sulfonamide
sulfamethoxazole,sulfamethoxazole,sulfamethoxazole,J01EC01,J01EC,Intermediate-acting sulfonamides,Intermediate-acting sulfonamides,sulfonamide
sulfamethoxypyridazine,sulfamethoxypyridazine,sulfamethoxypyridazine,J01ED05,J01ED,Long-acting sulfonamides,Long-acting sulfonamides,sulfonamide
sulfametomidine,sulfametomidine,sulfametomidine,J01ED03,J01ED,Long-acting sulfonamides,Long-acting sulfonamides,sulfonamide
sulfametoxydiazine,sulfametoxydiazine,sulfametoxydiazine,J01ED04,J01ED,Long-acting sulfonamides,Long-acting sulfonamides,sulfonamide
sulfamoxole,sulfamoxole,sulfamoxole,J01EC03,J01EC,Intermediate-acting sulfonamides,Intermediate-acting sulfonamides,sulfonamide
sulfanilamide,sulfanilamide,sulfanilamide,J01EB06,J01EB,Short-acting sulfonamides,Short-acting sulfonamides,sulfonamide
sulfaperin,sulfaperin,sulfaperin,J01ED06,J01ED,Long-acting sulfonamides,Long-acting sulfonamides,sulfonamide
sulfaphenazole,sulfaphenazole,sulfaphenazole,J01ED08,J01ED,Long-acting sulfonamides,Long-acting sulfonamides,sulfonamide
sulfapyridine,sulfapyridine,sulfapyridine,J01EB04,J01EB,Short-acting sulfonamides,Short-acting sulfonamides,sulfonamide
sulfasalazine,sulfasalazine,sulfasalazine,A07EC01,A07EC,Aminosalicylic acid and similar agents,Aminosalicylic acid and similar agents,unknown
sulfathiazole,sulfathiazole,sulfathiazole,J01EB07,J01EB,Short-acting sulfonamides,Short-acting sulfonamides,sulfonamide
sulfathiourea,sulfathiourea,sulfathiourea,J01EB08,J01EB,Short-acting sulfonamides,Short-acting sulfonamides,sulfonamide
sulfatolamide,sulfatolamide,sulfatolamide,G01AE01,G01AE,Sulfonamides,Sulfonamides,unknown
sulfinpyrazone,sulfinpyrazone,sulfinpyrazone,M04AB02,M04AB,Preparations increasing uric acid excretion,Preparations increasing uric acid excretion,unknown
sulfobromophthalein,sulfobromophthalein,sulfobromophthalein,V04CE02,V04CE,Tests for liver functional capacity,Tests for liver functional capacity,unknown
sulfur,sulfur,sulfur,D10AB02,D10AB,Preparations containing sulfur,Preparations containing sulfur,unknown
sulfur compounds,sulfur compounds,sulfur compounds,D11AC08,D11AC,Medicated shampoos,Medicated shampoos,unknown
sulglicotide,sulglicotide,sulglicotide,A02BX08,A02BX,Other drugs for peptic ulcer and gastro-oesophageal reflux disease (GORD),Other drugs for peptic ulcer and gastro-oesophageal reflux disease (GORD),unknown
sulindac,sulindac,sulindac,M01AB02,M01AB,Acetic acid derivatives and related substances,Acetic acid derivatives and related substances,nsaid
suloctidil,suloctidil,suloctidil,C04AX19,C04AX,Other peripheral vasodilators,Other peripheral vasodilators,unknown
sulodexide,sulodexide,sulodexide,B01AB11,B01AB,Heparin group,Heparin group,unknown
sulpiride,sulpiride,sulpiride,N05AL01,N05AL,Benzamides,Benzamides,unknown
sulprostone,sulprostone,sulprostone,G02AD05,G02AD,Prostaglandins,Prostaglandins,unknown
sultamicillin,sultamicillin,sultamicillin,J01CR04,J01CR,"Combinations of penicillins, incl. beta-lactamase inhibitors","Combinations of penicillins, incl. beta-lactamase inhibitors",penicillin
sultiame,sultiame,sultiame,N03AX03,N03AX,Other antiepileptics,Other antiepileptics,unknown
sultopride,sultopride,sultopride,N05AL02,N05AL,Benzamides,Benzamides,unknown
sumatriptan,sumatriptan,sumatriptan,N02CC01,N02CC,Selective serotonin (5HT1) agonists,Selective serotonin (5HT1) agonists,unknown
sunitinib,sunitinib,sunitinib,L01EX01,L01EX,Other protein kinase inhibitors,Other protein kinase inhibitors,unknown
suprofen,suprofen,suprofen,M01AE07,M01AE,Propionic acid derivatives,Propionic acid derivatives,nsaid
suramin sodium,suramin sodium,suramin sodium,P01CX02,P01CX,Other agents against leishmaniasis and trypanosomiasis,Other agents against leishmaniasis and trypanosomiasis,unknown
susoctocog alfa,susoctocog alfa,susoctocog alfa,B02BD14,B02BD,Blood coagulation factors,Blood coagulation factors,unknown
suvorexant,suvorexant,suvorexant,N05CM19,N05CM,Other hypnotics and sedatives,Other hypnotics and sedatives,unknown
suxamethonium,suxamethonium,suxamethonium,M03AB01,M03AB,Choline derivatives,Choline derivatives,unknown
suxibuzone,suxibuzone,suxibuzone,M02AA22,M02AA,"Antiinflammatory preparations, non-steroids for topical use","Antiinflammatory preparations, non-steroids for topical use",nsaid
tacalcitol,tacalcitol,tacalcitol,D05AX04,D05AX,Other antipsoriatics for topical use,Other antipsoriatics for topical use,unknown
tacrine,tacrine,tacrine,N06DA01,N06DA,Anticholinesterases,Anticholinesterases,unknown
tacrolimus,tacrolimus,tacrolimus,L04AD02,L04AD,Calcineurin inhibitors,Calcineurin inhibitors,unknown
tadalafil,tadalafil,tadalafil,G04BE08,G04BE,Drugs used in erectile dysfunction,Drugs used in erectile dysfunction,unknown
tafamidis,tafamidis,tafamidis,N07XX08,N07XX,Other nervous system drugs,Other nervous system drugs,unknown
tafasitamab,tafasitamab,tafasitamab,L01XC35,L01XC,Monoclonal antibodies,Monoclonal antibodies,unknown
tafenoquine,tafenoquine,tafenoquine,P01BA07,P01BA,Aminoquinolines,Aminoquinolines,unknown
tafluprost,tafluprost,tafluprost,S01EE05,S01EE,Prostaglandin analogues,Prostaglandin analogues,unknown
tagraxofusp,tagraxofusp,tagraxofusp,L01XX67,L01XX,Other antineoplastic agents,Other antineoplastic agents,unknown
talampicillin,talampicillin,talampicillin,J01CA15,J01CA,Penicillins with extended spectrum,Penicillins with extended spectrum,penicillin
talastine,talastine,talastine,R06AB07,R06AB,Substituted alkylamines,Substituted alkylamines,antihistamine
talazoparib,talazoparib,talazoparib,L01XK04,L01XK,Poly (ADP-ribose) polymerase (PARP) inhibitors,Poly (ADP-ribose) polymerase (PARP) inhibitors,unknown
talbutal,talbutal,talbutal,N05CA07,N05CA,"Barbiturates, plain","Barbiturates, plain",unknown
taliglucerase alfa,taliglucerase alfa,taliglucerase alfa,A16AB11,A16AB,Enzymes,Enzymes,unknown
talimogene laherparepvec,talimogene laherparepvec,talimogene laherparepvec,L01XX51,L01XX,Other antineoplastic agents,Other antineoplastic agents,unknown
talinolol,talinolol,talinolol,C07AB13,C07AB,"Beta blocking agents, selective","Beta blocking agents, selective",beta_blocker
tamoxifen,tamoxifen,tamoxifen,L02BA01,L02BA,Anti-estrogens,Anti-estrogens,unknown
tamsulosin,tamsulosin,tamsulosin,G04CA02,G04CA,Alpha-adrenoreceptor antagonists,Alpha-adrenoreceptor antagonists,unknown
tapentadol,tapentadol,tapentadol,N02AX06,N02AX,Other opioids,Other opioids,opioid
tasimelteon,tasimelteon,tasimelteon,N05CH03,N05CH,Melatonin receptor agonists,Melatonin receptor agonists,unknown
tasonermin,tasonermin,tasonermin,L03AX11,L03AX,Other immunostimulants,Other immunostimulants,unknown
tasosartan,tasosartan,tasosartan,C09CA05,C09CA,"Angiotensin II receptor blockers (ARBs), plain","Angiotensin II receptor blockers (ARBs), plain",arb
taurolidine,taurolidine,taurolidine,B05CA05,B05CA,Antiinfectives,Antiinfectives,unknown
tavaborole,tavaborole,tavaborole,D01AE24,D01AE,Other antifungals for topical use,Other antifungals for topical use,unknown
tazarotene,tazarotene,tazarotene,D05AX05,D05AX,Other antipsoriatics for topical use,Other antipsoriatics for topical use,unknown
tazobactam,tazobactam,tazobactam,J01CG02,J01CG,Beta-lactamase inhibitors,Beta-lactamase inhibitors,penicillin
tebipenem pivoxil,tebipenem pivoxil,tebipenem pivoxil,J01DH06,J01DH,Carbapenems,Carbapenems,unknown
technetium 99mtc anticarcinoembryonicantigen antibody,technetium (99mTc) antiCarcinoEmbryonicAntigen antibody,technetium (99mTc) antiCarcinoEmbryonicAntigen antibody,V09IA01,V09IA,Technetium (99mTc) compounds,Technetium (99mTc) compounds,unknown
technetium 99mtc antigranulocyte antibody,technetium (99mTc) antigranulocyte antibody,technetium (99mTc) antigranulocyte antibody,V09HA03,V09HA,Technetium (99mTc) compounds,Technetium (99mTc) compounds,unknown
technetium 99mtc antimelanoma antibody,technetium (99mTc) antimelanoma antibody,technetium (99mTc) antimelanoma antibody,V09IA02,V09IA,Technetium (99mTc) compounds,Technetium (99mTc) compounds,unknown
technetium 99mtc apcitide,technetium (99mTc) apcitide,technetium (99mTc) apcitide,V09GA07,V09GA,Technetium (99mTc) compounds,Technetium (99mTc) compounds,unknown
technetium 99mtc arcitumomab,technetium (99mTc) arcitumomab,technetium (99mTc) arcitumomab,V09IA06,V09IA,Technetium (99mTc) compounds,Technetium (99mTc) compounds,unknown
technetium 99mtc bicisate,technetium (99mTc) bicisate,technetium (99mTc) bicisate,V09AA02,V09AA,Technetium (99mTc) compounds,Technetium (99mTc) compounds,unknown
technetium 99mtc butedronic acid,technetium (99mTc) butedronic acid,technetium (99mTc) butedronic acid,V09BA04,V09BA,Technetium (99mTc) compounds,Technetium (99mTc) compounds,unknown
technetium 99mtc depreotide,technetium (99mTc) depreotide,technetium (99mTc) depreotide,V09IA05,V09IA,Technetium (99mTc) compounds,Technetium (99mTc) compounds,unknown
technetium 99mtc disofenin,technetium (99mTc) disofenin,technetium (99mTc) disofenin,V09DA01,V09DA,Technetium (99mTc) compounds,Technetium (99mTc) compounds,unknown
technetium 99mtc etarfolatide,technetium (99mTc) etarfolatide,technetium (99mTc) etarfolatide,V09IA08,V09IA,Technetium (99mTc) compounds,Technetium (99mTc) compounds,unknown
technetium 99mtc ethylenedicysteine,technetium (99mTc) ethylenedicysteine,technetium (99mTc) ethylenedicysteine,V09CA06,V09CA,Technetium (99mTc) compounds,Technetium (99mTc) compounds,unknown
technetium 99mtc etifenin,technetium (99mTc) etifenin,technetium (99mTc) etifenin,V09DA02,V09DA,Technetium (99mTc) compounds,Technetium (99mTc) compounds,unknown
technetium 99mtc exametazime,technetium (99mTc) exametazime,technetium (99mTc) exametazime,V09AA01,V09AA,Technetium (99mTc) compounds,Technetium (99mTc) compounds,unknown
technetium 99mtc exametazime labelled cells,technetium (99mTc) exametazime labelled cells,technetium (99mTc) exametazime labelled cells,V09HA02,V09HA,Technetium (99mTc) compounds,Technetium (99mTc) compounds,unknown
technetium 99mtc furifosmin,technetium (99mTc) furifosmin,technetium (99mTc) furifosmin,V09GA05,V09GA,Technetium (99mTc) compounds,Technetium (99mTc) compounds,unknown
technetium 99mtc galtifenin,technetium (99mTc) galtifenin,technetium (99mTc) galtifenin,V09DA05,V09DA,Technetium (99mTc) compounds,Technetium (99mTc) compounds,unknown
technetium 99mtc gluceptate,technetium (99mTc) gluceptate,technetium (99mTc) gluceptate,V09CA04,V09CA,Technetium (99mTc) compounds,Technetium (99mTc) compounds,unknown
technetium 99mtc gluconate,technetium (99mTc) gluconate,technetium (99mTc) gluconate,V09CA05,V09CA,Technetium (99mTc) compounds,Technetium (99mTc) compounds,unknown
technetium 99mtc human albumin,technetium (99mTc) human albumin,technetium (99mTc) human albumin,V09GA04,V09GA,Technetium (99mTc) compounds,Technetium (99mTc) compounds,unknown
technetium 99mtc human immunoglobulin,technetium (99mTc) human immunoglobulin,technetium (99mTc) human immunoglobulin,V09HA01,V09HA,Technetium (99mTc) compounds,Technetium (99mTc) compounds,unknown
technetium 99mtc hynic-octreotide,technetium (99mTc) hynic-octreotide,technetium (99mTc) hynic-octreotide,V09IA07,V09IA,Technetium (99mTc) compounds,Technetium (99mTc) compounds,unknown
technetium 99mtc lidofenin,technetium (99mTc) lidofenin,technetium (99mTc) lidofenin,V09DA03,V09DA,Technetium (99mTc) compounds,Technetium (99mTc) compounds,unknown
technetium 99mtc macrosalb,technetium (99mTc) macrosalb,technetium (99mTc) macrosalb,V09EB01,V09EB,"Technetium (99mTc), particles for injection","Technetium (99mTc), particles for injection",unknown
technetium 99mtc mebrofenin,technetium (99mTc) mebrofenin,technetium (99mTc) mebrofenin,V09DA04,V09DA,Technetium (99mTc) compounds,Technetium (99mTc) compounds,unknown
technetium 99mtc medronic acid,technetium (99mTc) medronic acid,technetium (99mTc) medronic acid,V09BA02,V09BA,Technetium (99mTc) compounds,Technetium (99mTc) compounds,unknown
technetium 99mtc mertiatide,technetium (99mTc) mertiatide,technetium (99mTc) mertiatide,V09CA03,V09CA,Technetium (99mTc) compounds,Technetium (99mTc) compounds,unknown
technetium 99mtc microcolloid,technetium (99mTc) microcolloid,technetium (99mTc) microcolloid,V09DB02,V09DB,"Technetium (99mTc), particles and colloids","Technetium (99mTc), particles and colloids",unknown
technetium 99mtc microspheres,technetium (99mTc) microspheres,technetium (99mTc) microspheres,V09EB02,V09EB,"Technetium (99mTc), particles for injection","Technetium (99mTc), particles for injection",unknown
technetium 99mtc millimicrospheres,technetium (99mTc) millimicrospheres,technetium (99mTc) millimicrospheres,V09DB03,V09DB,"Technetium (99mTc), particles and colloids","Technetium (99mTc), particles and colloids",unknown
technetium 99mtc nanocolloid,technetium (99mTc) nanocolloid,technetium (99mTc) nanocolloid,V09DB01,V09DB,"Technetium (99mTc), particles and colloids","Technetium (99mTc), particles and colloids",unknown
technetium 99mtc oxidronic acid,technetium (99mTc) oxidronic acid,technetium (99mTc) oxidronic acid,V09BA01,V09BA,Technetium (99mTc) compounds,Technetium (99mTc) compounds,unknown
technetium 99mtc pentavalent succimer,technetium (99mTc) pentavalent succimer,technetium (99mTc) pentavalent succimer,V09IA03,V09IA,Technetium (99mTc) compounds,Technetium (99mTc) compounds,unknown
technetium 99mtc pentetic acid,technetium (99mTc) pentetic acid,technetium (99mTc) pentetic acid,V09CA01,V09CA,Technetium (99mTc) compounds,Technetium (99mTc) compounds,unknown
technetium 99mtc pertechnetate,technetium (99mTc) pertechnetate,technetium (99mTc) pertechnetate,V09FX01,V09FX,Various thyroid diagnostic radiopharmaceuticals,Various thyroid diagnostic radiopharmaceuticals,unknown
technetium 99mtc phytate,technetium (99mTc) phytate,technetium (99mTc) phytate,V09DB07,V09DB,"Technetium (99mTc), particles and colloids","Technetium (99mTc), particles and colloids",unknown
technetium 99mtc pyrophosphate,technetium (99mTc) pyrophosphate,technetium (99mTc) pyrophosphate,V09BA03,V09BA,Technetium (99mTc) compounds,Technetium (99mTc) compounds,unknown
technetium 99mtc rheniumsulfide colloid,technetium (99mTc) rheniumsulfide colloid,technetium (99mTc) rheniumsulfide colloid,V09DB06,V09DB,"Technetium (99mTc), particles and colloids","Technetium (99mTc), particles and colloids",unknown
technetium 99mtc sestamibi,technetium (99mTc) sestamibi,technetium (99mTc) sestamibi,V09GA01,V09GA,Technetium (99mTc) compounds,Technetium (99mTc) compounds,unknown
technetium 99mtc stannous agent labelled cells,technetium (99mTc) stannous agent labelled cells,technetium (99mTc) stannous agent labelled cells,V09GA06,V09GA,Technetium (99mTc) compounds,Technetium (99mTc) compounds,unknown
technetium 99mtc succimer,technetium (99mTc) succimer,technetium (99mTc) succimer,V09CA02,V09CA,Technetium (99mTc) compounds,Technetium (99mTc) compounds,unknown
technetium 99mtc sulesomab,technetium (99mTc) sulesomab,technetium (99mTc) sulesomab,V09HA04,V09HA,Technetium (99mTc) compounds,Technetium (99mTc) compounds,unknown
technetium 99mtc sulfur colloid,technetium (99mTc) sulfur colloid,technetium (99mTc) sulfur colloid,V09DB05,V09DB,"Technetium (99mTc), particles and colloids","Technetium (99mTc), particles and colloids",unknown
technetium 99mtc teboroxime,technetium (99mTc) teboroxime,technetium (99mTc) teboroxime,V09GA03,V09GA,Technetium (99mTc) compounds,Technetium (99mTc) compounds,unknown
technetium 99mtc technegas,technetium (99mTc) technegas,technetium (99mTc) technegas,V09EA02,V09EA,"Technetium (99mTc), inhalants","Technetium (99mTc), inhalants",unknown
technetium 99mtc tetrofosmin,technetium (99mTc) tetrofosmin,technetium (99mTc) tetrofosmin,V09GA02,V09GA,Technetium (99mTc) compounds,Technetium (99mTc) compounds,unknown
technetium 99mtc tilmanocept,technetium (99mTc) tilmanocept,technetium (99mTc) tilmanocept,V09IA09,V09IA,Technetium (99mTc) compounds,Technetium (99mTc) compounds,unknown
technetium 99mtc tin colloid,technetium (99mTc) tin colloid,technetium (99mTc) tin colloid,V09DB04,V09DB,"Technetium (99mTc), particles and colloids","Technetium (99mTc), particles and colloids",unknown
technetium 99mtc votumumab,technetium (99mTc) votumumab,technetium (99mTc) votumumab,V09IA04,V09IA,Technetium (99mTc) compounds,Technetium (99mTc) compounds,unknown
teclozan,teclozan,teclozan,P01AC04,P01AC,Dichloroacetamide derivatives,Dichloroacetamide derivatives,unknown
tecovirimat,tecovirimat,tecovirimat,J05AX24,J05AX,Other antivirals,Other antivirals,unknown
tedisamil,tedisamil,tedisamil,C01BD06,C01BD,"Antiarrhythmics, class III","Antiarrhythmics, class III",unknown
tedizolid,tedizolid,tedizolid,J01XX11,J01XX,Other antibacterials,Other antibacterials,unknown
teduglutide,teduglutide,teduglutide,A16AX08,A16AX,Various alimentary tract and metabolism products,Various alimentary tract and metabolism products,unknown
tegafur,tegafur,tegafur,L01BC03,L01BC,Pyrimidine analogues,Pyrimidine analogues,unknown
tegaserod,tegaserod,tegaserod,A06AX06,A06AX,Other drugs for constipation,Other drugs for constipation,unknown
teicoplanin,teicoplanin,teicoplanin,J01XA02,J01XA,Glycopeptide antibacterials,Glycopeptide antibacterials,unknown
telaprevir,telaprevir,telaprevir,J05AP02,J05AP,Antivirals for treatment of HCV infections,Antivirals for treatment of HCV infections,unknown
telavancin,telavancin,telavancin,J01XA03,J01XA,Glycopeptide antibacterials,Glycopeptide antibacterials,unknown
telbivudine,telbivudine,telbivudine,J05AF11,J05AF,Nucleoside and nucleotide reverse transcriptase inhibitors,Nucleoside and nucleotide reverse transcriptase inhibitors,unknown
telithromycin,telithromycin,telithromycin,J01FA15,J01FA,Macrolides,Macrolides,macrolide
telmisartan,telmisartan,telmisartan,C09CA07,C09CA,"Angiotensin II receptor blockers (ARBs), plain","Angiotensin II receptor blockers (ARBs), plain",arb
telotristat,telotristat,telotristat,A16AX15,A16AX,Various alimentary tract and metabolism products,Various alimentary tract and metabolism products,unknown
temafloxacin,temafloxacin,temafloxacin,J01MA05,J01MA,Fluoroquinolones,Fluoroquinolones,fluoroquinolone
temazepam,temazepam,temazepam,N05CD07,N05CD,Benzodiazepine derivatives,Benzodiazepine derivatives,benzodiazepine
temocapril,temocapril,temocapril,C09AA14,C09AA,"ACE inhibitors, plain","ACE inhibitors, plain",ace_inhibitor
temocillin,temocillin,temocillin,J01CA17,J01CA,Penicillins with extended spectrum,Penicillins with extended spectrum,penicillin
temoporfin,temoporfin,temoporfin,L01XD05,L01XD,Sensitizers used in photodynamic/radiation therapy,Sensitizers used in photodynamic/radiation therapy,unknown
temozolomide,temozolomide,temozolomide,L01AX03,L01AX,Other alkylating agents,Other alkylating agents,unknown
temsirolimus,temsirolimus,temsirolimus,L01EG01,L01EG,Mammalian target of rapamycin (mTOR) kinase inhibitors,Mammalian target of rapamycin (mTOR) kinase inhibitors,unknown
tenapanor,tenapanor,tenapanor,A06AX08,A06AX,Other drugs for constipation,Other drugs for constipation,unknown
tenecteplase,tenecteplase,tenecteplase,B01AD11,B01AD,Enzymes,Enzymes,unknown
teneligliptin,teneligliptin,teneligliptin,A10BH08,A10BH,Dipeptidyl peptidase 4 (DPP-4) inhibitors,Dipeptidyl peptidase 4 (DPP-4) inhibitors,unknown
tenidap,tenidap,tenidap,M01AX23,M01AX,"Other antiinflammatory and antirheumatic agents, non-steroids","Other antiinflammatory and antirheumatic agents, non-steroids",nsaid
teniposide,teniposide,teniposide,L01CB02,L01CB,Podophyllotoxin derivatives,Podophyllotoxin derivatives,unknown
tenitramine,tenitramine,tenitramine,C01DA38,C01DA,Organic nitrates,Organic nitrates,unknown
tenofovir alafenamide,tenofovir alafenamide,tenofovir alafenamide,J05AF13,J05AF,Nucleoside and nucleotide reverse transcriptase inhibitors,Nucleoside and nucleotide reverse transcriptase inhibitors,unknown
tenofovir disoproxil,tenofovir disoproxil,tenofovir disoproxil,J05AF07,J05AF,Nucleoside and nucleotide reverse transcriptase inhibitors,Nucleoside and nucleotide reverse transcriptase inhibitors,unknown
tenonitrozole,tenonitrozole,tenonitrozole,P01AX08,P01AX,Other agents against amoebiasis and other protozoal diseases,Other agents against amoebiasis and other protozoal diseases,unknown
tenoxicam,tenoxicam,tenoxicam,M01AC02,M01AC,Oxicams,Oxicams,nsaid
tepotinib,tepotinib,tepotinib,L01EX21,L01EX,Other protein kinase inhibitors,Other protein kinase inhibitors,unknown
terazosin,terazosin,terazosin,G04CA03,G04CA,Alpha-adrenoreceptor antagonists,Alpha-adrenoreceptor antagonists,unknown
terbinafine,terbinafine,terbinafine,D01BA02,D01BA,Antifungals for systemic use,Antifungals for systemic use,unknown
terbutaline,terbutaline,terbutaline,R03CC03,R03CC,Selective beta-2-adrenoreceptor agonists,Selective beta-2-adrenoreceptor agonists,unknown
terconazole,terconazole,terconazole,G01AG02,G01AG,Triazole derivatives,Triazole derivatives,unknown
terfenadine,terfenadine,terfenadine,R06AX12,R06AX,Other antihistamines for systemic use,Other antihistamines for systemic use,antihistamine
terguride,terguride,terguride,G02CB06,G02CB,Prolactine inhibitors,Prolactine inhibitors,unknown
teriflunomide,teriflunomide,teriflunomide,L04AA31,L04AA,Selective immunosuppressants,Selective immunosuppressants,unknown
teriparatide,teriparatide,teriparatide,H05AA02,H05AA,Parathyroid hormones and analogues,Parathyroid hormones and analogues,unknown
terizidone,terizidone,terizidone,J04AK03,J04AK,Other drugs for treatment of tuberculosis,Other drugs for treatment of tuberculosis,unknown
terlipressin,terlipressin,terlipressin,H01BA04,H01BA,Vasopressin and analogues,Vasopressin and analogues,unknown
terodiline,terodiline,terodiline,G04BD05,G04BD,Drugs for urinary frequency and incontinence,Drugs for urinary frequency and incontinence,unknown
tertatolol,tertatolol,tertatolol,C07AA16,C07AA,"Beta blocking agents, non-selective","Beta blocking agents, non-selective",beta_blocker
tesamorelin,tesamorelin,tesamorelin,H01AC06,H01AC,Somatropin and somatropin agonists,Somatropin and somatropin agonists,unknown
testosterone,testosterone,testosterone,G03BA03,G03BA,3-oxoandrosten (4) derivatives,3-oxoandrosten (4) derivatives,unknown
tetanus antitoxin,tetanus antitoxin,tetanus antitoxin,J06AA02,J06AA,Immune sera,Immune sera,unknown
tetanus immunoglobulin,tetanus immunoglobulin,tetanus immunoglobulin,J06BB02,J06BB,Specific immunoglobulins,Specific immunoglobulins,unknown
tetanus toxoid,tetanus toxoid,tetanus toxoid,J07AM01,J07AM,Tetanus vaccines,Tetanus vaccines,unknown
tetrabenazine,tetrabenazine,tetrabenazine,N07XX06,N07XX,Other nervous system drugs,Other nervous system drugs,unknown
tetracaine,tetracaine,tetracaine,C05AD02,C05AD,Local anesthetics,Local anesthetics,unknown
tetracosactide,tetracosactide,tetracosactide,H01AA02,H01AA,ACTH,ACTH,unknown
tetracycline,tetracycline,tetracycline,J01AA07,J01AA,Tetracyclines,Tetracyclines,tetracycline
tetragalacturonic acid hydroxymethylester,tetragalacturonic acid hydroxymethylester,tetragalacturonic acid hydroxymethylester,B02BC03,B02BC,Local hemostatics,Local hemostatics,unknown
tetramethrin,tetramethrin,tetramethrin,P03BA04,P03BA,Pyrethrines,Pyrethrines,unknown
tetramethylglycoluril,tetramethylglycoluril,tetramethylglycoluril,N06BX21,N06BX,Other psychostimulants and nootropics,Other psychostimulants and nootropics,unknown
tetrazepam,tetrazepam,tetrazepam,M03BX07,M03BX,Other centrally acting agents,Other centrally acting agents,unknown
tetryzoline,tetryzoline,tetryzoline,R01AA06,R01AA,"Sympathomimetics, plain","Sympathomimetics, plain",unknown
textiles,textiles,textiles,V01AA09,V01AA,Allergen extracts,Allergen extracts,unknown
thalidomide,thalidomide,thalidomide,L04AX02,L04AX,Other immunosuppressants,Other immunosuppressants,unknown
thallium 201tl chloride,thallium (201Tl) chloride,thallium (201Tl) chloride,V09GX01,V09GX,Other cardiovascular system diagnostic radiopharmaceuticals,Other cardiovascular system diagnostic radiopharmaceuticals,unknown
thebacon,thebacon,thebacon,R05DA10,R05DA,Opium alkaloids and derivatives,Opium alkaloids and derivatives,unknown
thenalidine,thenalidine,thenalidine,R06AX03,R06AX,Other antihistamines for systemic use,Other antihistamines for systemic use,antihistamine
theobromine,theobromine,theobromine,C03BD01,C03BD,Xanthine derivatives,Xanthine derivatives,unknown
theodrenaline,theodrenaline,theodrenaline,C01CA23,C01CA,Adrenergic and dopaminergic agents,Adrenergic and dopaminergic agents,unknown
theophylline,theophylline,theophylline,R03DA04,R03DA,Xanthines,Xanthines,unknown
thiamazole,thiamazole,thiamazole,H03BB02,H03BB,Sulfur-containing imidazole derivatives,Sulfur-containing imidazole derivatives,unknown
thiamine vit b1,thiamine (vit B1),thiamine (vit B1),A11DA01,A11DA,"Vitamin B1, plain","Vitamin B1, plain",unknown
thiamphenicol,thiamphenicol,thiamphenicol,J01BA02,J01BA,Amphenicols,Amphenicols,unknown
thiazinam,thiazinam,thiazinam,R06AD06,R06AD,Phenothiazine derivatives,Phenothiazine derivatives,antihistamine
thiethylperazine,thiethylperazine,thiethylperazine,R06AD03,R06AD,Phenothiazine derivatives,Phenothiazine derivatives,antihistamine
thioacetazone,thioacetazone,thioacetazone,J04AK07,J04AK,Other drugs for treatment of tuberculosis,Other drugs for treatment of tuberculosis,unknown
thiocolchicoside,thiocolchicoside,thiocolchicoside,M03BX05,M03BX,Other centrally acting agents,Other centrally acting agents,unknown
thioctic acid,thioctic acid,thioctic acid,A16AX01,A16AX,Various alimentary tract and metabolism products,Various alimentary tract and metabolism products,unknown
thiomersal,thiomersal,thiomersal,D08AK06,D08AK,Mercurial products,Mercurial products,unknown
thiopental,thiopental,thiopental,N01AF03,N01AF,"Barbiturates, plain","Barbiturates, plain",unknown
thiopropazate,thiopropazate,thiopropazate,N05AB05,N05AB,Phenothiazines with piperazine structure,Phenothiazines with piperazine structure,unknown
thioproperazine,thioproperazine,thioproperazine,N05AB08,N05AB,Phenothiazines with piperazine structure,Phenothiazines with piperazine structure,unknown
thioridazine,thioridazine,thioridazine,N05AC02,N05AC,Phenothiazines with piperidine structure,Phenothiazines with piperidine structure,unknown
thiosulfate,thiosulfate,thiosulfate,V03AB06,V03AB,Antidotes,Antidotes,unknown
thiotepa,thiotepa,thiotepa,L01AC01,L01AC,Ethylene imines,Ethylene imines,unknown
thiram,thiram,thiram,P03AA05,P03AA,Sulfur containing products,Sulfur containing products,unknown
thonzylamine,thonzylamine,thonzylamine,R06AC06,R06AC,Substituted ethylene diamines,Substituted ethylene diamines,antihistamine
thrombin,thrombin,thrombin,B02BC06,B02BC,Local hemostatics,Local hemostatics,unknown
thrombocytes,thrombocytes,thrombocytes,B05AX02,B05AX,Other blood products,Other blood products,unknown
thymopentin,thymopentin,thymopentin,L03AX09,L03AX,Other immunostimulants,Other immunostimulants,unknown
thyroid gland preparations,thyroid gland preparations,thyroid gland preparations,H03AA05,H03AA,Thyroid hormones,Thyroid hormones,unknown
thyrotropin,thyrotropin,thyrotropin,V04CJ01,V04CJ,Tests for thyreoidea function,Tests for thyreoidea function,unknown
thyrotropin alfa,thyrotropin alfa,thyrotropin alfa,H01AB01,H01AB,Thyrotropin,Thyrotropin,unknown
tiabendazole,tiabendazole,tiabendazole,P02CA02,P02CA,Benzimidazole derivatives,Benzimidazole derivatives,unknown
tiadenol,tiadenol,tiadenol,C10AX03,C10AX,Other lipid modifying agents,Other lipid modifying agents,unknown
tiagabine,tiagabine,tiagabine,N03AG06,N03AG,Fatty acid derivatives,Fatty acid derivatives,unknown
tianeptine,tianeptine,tianeptine,N06AX14,N06AX,Other antidepressants,Other antidepressants,unknown
tiapride,tiapride,tiapride,N05AL03,N05AL,Benzamides,Benzamides,unknown
tiaprofenic acid,tiaprofenic acid,tiaprofenic acid,M01AE11,M01AE,Propionic acid derivatives,Propionic acid derivatives,nsaid
tiazofurine,tiazofurine,tiazofurine,L01XX18,L01XX,Other antineoplastic agents,Other antineoplastic agents,unknown
tiazotic acid,tiazotic acid,tiazotic acid,C01EB23,C01EB,Other cardiac preparations,Other cardiac preparations,unknown
tibezonium iodide,tibezonium iodide,tibezonium iodide,A01AB15,A01AB,Antiinfectives and antiseptics for local oral treatment,Antiinfectives and antiseptics for local oral treatment,unknown
tibolone,tibolone,tibolone,G03CX01,G03CX,Other estrogens,Other estrogens,unknown
ticagrelor,ticagrelor,ticagrelor,B01AC24,B01AC,Platelet aggregation inhibitors excl. heparin,Platelet aggregation inhibitors excl. heparin,antiplatelet
ticarcillin,ticarcillin,ticarcillin,J01CA13,J01CA,Penicillins with extended spectrum,Penicillins with extended spectrum,penicillin
ticlatone,ticlatone,ticlatone,D01AE08,D01AE,Other antifungals for topical use,Other antifungals for topical use,unknown
ticlopidine,ticlopidine,ticlopidine,B01AC05,B01AC,Platelet aggregation inhibitors excl. heparin,Platelet aggregation inhibitors excl. heparin,antiplatelet
tidiacic arginine,tidiacic arginine,tidiacic arginine,A05BA07,A05BA,Liver therapy,Liver therapy,unknown
tiemonium iodide,tiemonium iodide,tiemonium iodide,A03AB17,A03AB,"Synthetic anticholinergics, quaternary ammonium compounds","Synthetic anticholinergics, quaternary ammonium compounds",unknown
tienilic acid,tienilic acid,tienilic acid,C03CC02,C03CC,Aryloxyacetic acid derivatives,Aryloxyacetic acid derivatives,unknown
tigecycline,tigecycline,tigecycline,J01AA12,J01AA,Tetracyclines,Tetracyclines,tetracycline
tilactase,tilactase,tilactase,A09AA04,A09AA,Enzyme preparations,Enzyme preparations,unknown
tilbroquinol,tilbroquinol,tilbroquinol,P01AA05,P01AA,Hydroxyquinoline derivatives,Hydroxyquinoline derivatives,unknown
tildrakizumab,tildrakizumab,tildrakizumab,L04AC17,L04AC,Interleukin inhibitors,Interleukin inhibitors,unknown
tilidine,tilidine,tilidine,N02AX01,N02AX,Other opioids,Other opioids,opioid
tilorone,tilorone,tilorone,J05AX19,J05AX,Other antivirals,Other antivirals,unknown
tiludronic acid,tiludronic acid,tiludronic acid,M05BA05,M05BA,Bisphosphonates,Bisphosphonates,unknown
timepidium bromide,timepidium bromide,timepidium bromide,A03AB19,A03AB,"Synthetic anticholinergics, quaternary ammonium compounds","Synthetic anticholinergics, quaternary ammonium compounds",unknown
timolol,timolol,timolol,C07AA06,C07AA,"Beta blocking agents, non-selective","Beta blocking agents, non-selective",beta_blocker
tinidazole,tinidazole,tinidazole,P01AB02,P01AB,Nitroimidazole derivatives,Nitroimidazole derivatives,unknown
tinzaparin,tinzaparin,tinzaparin,B01AB10,B01AB,Heparin group,Heparin group,unknown
tiocarlide,tiocarlide,tiocarlide,J04AD02,J04AD,Thiocarbamide derivatives,Thiocarbamide derivatives,unknown
tioclomarol,tioclomarol,tioclomarol,B01AA11,B01AA,Vitamin K antagonists,Vitamin K antagonists,anticoagulant
tioconazole,tioconazole,tioconazole,D01AC07,D01AC,Imidazole and triazole derivatives,Imidazole and triazole derivatives,unknown
tioguanine,tioguanine,tioguanine,L01BB03,L01BB,Purine analogues,Purine analogues,unknown
tiopronin,tiopronin,tiopronin,G04BX16,G04BX,Other urologicals,Other urologicals,unknown
tiotixene,tiotixene,tiotixene,N05AF04,N05AF,Thioxanthene derivatives,Thioxanthene derivatives,unknown
tiotropium bromide,tiotropium bromide,tiotropium bromide,R03BB04,R03BB,Anticholinergics,Anticholinergics,unknown
tioxolone,tioxolone,tioxolone,D10AB03,D10AB,Preparations containing sulfur,Preparations containing sulfur,unknown
tipepidine,tipepidine,tipepidine,R05DB24,R05DB,Other cough suppressants,Other cough suppressants,unknown
tipranavir,tipranavir,tipranavir,J05AE09,J05AE,Protease inhibitors,Protease inhibitors,unknown
tiracizine,tiracizine,tiracizine,C01EB11,C01EB,Other cardiac preparations,Other cardiac preparations,unknown
tiratricol,tiratricol,tiratricol,D11AX08,D11AX,Other dermatologicals,Other dermatologicals,unknown
tirbanibulin,tirbanibulin,tirbanibulin,D06BX03,D06BX,Other chemotherapeutics,Other chemotherapeutics,unknown
tirilazad,tirilazad,tirilazad,N07XX01,N07XX,Other nervous system drugs,Other nervous system drugs,unknown
tirofiban,tirofiban,tirofiban,B01AC17,B01AC,Platelet aggregation inhibitors excl. heparin,Platelet aggregation inhibitors excl. heparin,antiplatelet
tiropramide,tiropramide,tiropramide,A03AC05,A03AC,"Synthetic antispasmodics, amides with tertiary amines","Synthetic antispasmodics, amides with tertiary amines",unknown
tisagenlecleucel,tisagenlecleucel,tisagenlecleucel,L01XX71,L01XX,Other antineoplastic agents,Other antineoplastic agents,unknown
tisopurine,tisopurine,tisopurine,M04AA02,M04AA,Preparations inhibiting uric acid production,Preparations inhibiting uric acid production,unknown
tivozanib,tivozanib,tivozanib,L01EK03,L01EK,Vascular endothelial growth factor receptor (VEGFR) tyrosine kinase inhibitors,Vascular endothelial growth factor receptor (VEGFR) tyrosine kinase inhibitors,unknown
tixocortol,tixocortol,tixocortol,A07EA05,A07EA,Corticosteroids acting locally,Corticosteroids acting locally,unknown
tizanidine,tizanidine,tizanidine,M03BX02,M03BX,Other centrally acting agents,Other centrally acting agents,unknown
tobramycin,tobramycin,tobramycin,J01GB01,J01GB,Other aminoglycosides,Other aminoglycosides,aminoglycoside
tocainide,tocainide,tocainide,C01BB03,C01BB,"Antiarrhythmics, class Ib","Antiarrhythmics, class Ib",unknown
tocilizumab,tocilizumab,tocilizumab,L04AC07,L04AC,Interleukin inhibitors,Interleukin inhibitors,unknown
tocofersolan,tocofersolan,tocofersolan,A11HA08,A11HA,Other plain vitamin preparations,Other plain vitamin preparations,unknown
tocopherol vit e,tocopherol (vit E),tocopherol (vit E),A11HA03,A11HA,Other plain vitamin preparations,Other plain vitamin preparations,unknown
tofacitinib,tofacitinib,tofacitinib,L04AA29,L04AA,Selective immunosuppressants,Selective immunosuppressants,unknown
tofisopam,tofisopam,tofisopam,N05BA23,N05BA,Benzodiazepine derivatives,Benzodiazepine derivatives,benzodiazepine
tolazamide,tolazamide,tolazamide,A10BB05,A10BB,Sulfonylureas,Sulfonylureas,sulfonylurea
tolazoline,tolazoline,tolazoline,C04AB02,C04AB,Imidazoline derivatives,Imidazoline derivatives,unknown
tolbutamide,tolbutamide,tolbutamide,A10BB03,A10BB,Sulfonylureas,Sulfonylureas,sulfonylurea
tolcapone,tolcapone,tolcapone,N04BX01,N04BX,Other dopaminergic agents,Other dopaminergic agents,unknown
tolciclate,tolciclate,tolciclate,D01AE19,D01AE,Other antifungals for topical use,Other antifungals for topical use,unknown
tolfenamic acid,tolfenamic acid,tolfenamic acid,M01AG02,M01AG,Fenamates,Fenamates,nsaid
tolmetin,tolmetin,tolmetin,M01AB03,M01AB,Acetic acid derivatives and related substances,Acetic acid derivatives and related substances,nsaid
tolnaftate,tolnaftate,tolnaftate,D01AE18,D01AE,Other antifungals for topical use,Other antifungals for topical use,unknown
tolonidine,tolonidine,tolonidine,C02AC04,C02AC,Imidazoline receptor agonists,Imidazoline receptor agonists,unknown
toloxatone,toloxatone,toloxatone,N06AG03,N06AG,Monoamine oxidase A inhibitors,Monoamine oxidase A inhibitors,unknown
tolperisone,tolperisone,tolperisone,M03BX04,M03BX,Other centrally acting agents,Other centrally acting agents,unknown
tolpropamine,tolpropamine,tolpropamine,D04AA12,D04AA,Antihistamines for topical use,Antihistamines for topical use,unknown
tolrestat,tolrestat,tolrestat,A10XA01,A10XA,Aldose reductase inhibitors,Aldose reductase inhibitors,unknown
tolterodine,tolterodine,tolterodine,G04BD07,G04BD,Drugs for urinary frequency and incontinence,Drugs for urinary frequency and incontinence,unknown
tolvaptan,tolvaptan,tolvaptan,C03XA01,C03XA,Vasopressin antagonists,Vasopressin antagonists,unknown
topiramate,topiramate,topiramate,N03AX11,N03AX,Other antiepileptics,Other antiepileptics,unknown
topotecan,topotecan,topotecan,L01CE01,L01CE,Topoisomerase 1 (TOP1) inhibitors,Topoisomerase 1 (TOP1) inhibitors,unknown
torasemide,torasemide,torasemide,C03CA04,C03CA,"Sulfonamides, plain","Sulfonamides, plain",unknown
toremifene,toremifene,toremifene,L02BA02,L02BA,Anti-estrogens,Anti-estrogens,unknown
tositumomab/iodine 131i tositumomab,tositumomab/iodine (131I) tositumomab,tositumomab/iodine (131I) tositumomab,V10XA53,V10XA,Iodine (131I) compounds,Iodine (131I) compounds,unknown
tosufloxacin,tosufloxacin,tosufloxacin,J01MA22,J01MA,Fluoroquinolones,Fluoroquinolones,fluoroquinolone
tosylchloramide sodium,tosylchloramide sodium,tosylchloramide sodium,D08AX04,D08AX,Other antiseptics and disinfectants,Other antiseptics and disinfectants,unknown
trabectedin,trabectedin,trabectedin,L01CX01,L01CX,Other plant alkaloids and natural products,Other plant alkaloids and natural products,unknown
tralokinumab,tralokinumab,tralokinumab,D11AH07,D11AH,"Agents for dermatitis, excluding corticosteroids","Agents for dermatitis, excluding corticosteroids",unknown
tramadol,tramadol,tramadol,N02AX02,N02AX,Other opioids,Other opioids,opioid
tramazoline,tramazoline,tramazoline,R01AA09,R01AA,"Sympathomimetics, plain","Sympathomimetics, plain",unknown
trametinib,trametinib,trametinib,L01EE01,L01EE,Mitogen-activated protein kinase (MEK) inhibitors,Mitogen-activated protein kinase (MEK) inhibitors,unknown
trandolapril,trandolapril,trandolapril,C09AA10,C09AA,"ACE inhibitors, plain","ACE inhibitors, plain",ace_inhibitor
tranexamic acid,tranexamic acid,tranexamic acid,B02AA02,B02AA,Amino acids,Amino acids,unknown
tranylcypromine,tranylcypromine,tranylcypromine,N06AF04,N06AF,"Monoamine oxidase inhibitors, non-selective","Monoamine oxidase inhibitors, non-selective",unknown
trapidil,trapidil,trapidil,C01DX11,C01DX,Other vasodilators used in cardiac diseases,Other vasodilators used in cardiac diseases,unknown
trastuzumab,trastuzumab,trastuzumab,L01XC03,L01XC,Monoclonal antibodies,Monoclonal antibodies,unknown
trastuzumab deruxtecan,trastuzumab deruxtecan,trastuzumab deruxtecan,L01XC41,L01XC,Monoclonal antibodies,Monoclonal antibodies,unknown
trastuzumab emtansine,trastuzumab emtansine,trastuzumab emtansine,L01XC14,L01XC,Monoclonal antibodies,Monoclonal antibodies,unknown
travoprost,travoprost,travoprost,S01EE04,S01EE,Prostaglandin analogues,Prostaglandin analogues,unknown
trazodone,trazodone,trazodone,N06AX05,N06AX,Other antidepressants,Other antidepressants,unknown
tree pollen,tree pollen,tree pollen,V01AA05,V01AA,Allergen extracts,Allergen extracts,unknown
treosulfan,treosulfan,treosulfan,L01AB02,L01AB,Alkyl sulfonates,Alkyl sulfonates,unknown
trepibutone,trepibutone,trepibutone,A03AX09,A03AX,Other drugs for functional gastrointestinal disorders,Other drugs for functional gastrointestinal disorders,unknown
treprostinil,treprostinil,treprostinil,B01AC21,B01AC,Platelet aggregation inhibitors excl. heparin,Platelet aggregation inhibitors excl. heparin,antiplatelet
tretinoin,tretinoin,tretinoin,D10AD01,D10AD,Retinoids for topical use in acne,Retinoids for topical use in acne,unknown
tretoquinol,tretoquinol,tretoquinol,R03CC09,R03CC,Selective beta-2-adrenoreceptor agonists,Selective beta-2-adrenoreceptor agonists,unknown
triamcinolone,triamcinolone,triamcinolone,H02AB08,H02AB,Glucocorticoids,Glucocorticoids,unknown
triamterene,triamterene,triamterene,C03DB02,C03DB,Other potassium-sparing agents,Other potassium-sparing agents,unknown
triaziquone,triaziquone,triaziquone,L01AC02,L01AC,Ethylene imines,Ethylene imines,unknown
triazolam,triazolam,triazolam,N05CD05,N05CD,Benzodiazepine derivatives,Benzodiazepine derivatives,benzodiazepine
tribenoside,tribenoside,tribenoside,C05AX05,C05AX,Other agents for treatment of hemorrhoids and anal fissures for topical use,Other agents for treatment of hemorrhoids and anal fissures for topical use,unknown
tribromometacresol,tribromometacresol,tribromometacresol,D01AE03,D01AE,Other antifungals for topical use,Other antifungals for topical use,unknown
trichlormethiazide,trichlormethiazide,trichlormethiazide,C03AA06,C03AA,"Thiazides, plain","Thiazides, plain",unknown
trichloroethylene,trichloroethylene,trichloroethylene,N01AB05,N01AB,Halogenated hydrocarbons,Halogenated hydrocarbons,unknown
triclabendazole,triclabendazole,triclabendazole,P02BX04,P02BX,Other antitrematodal agents,Other antitrematodal agents,unknown
triclofos,triclofos,triclofos,N05CM07,N05CM,Other hypnotics and sedatives,Other hypnotics and sedatives,unknown
triclosan,triclosan,triclosan,D08AE04,D08AE,Phenol and derivatives,Phenol and derivatives,unknown
tridihexethyl,tridihexethyl,tridihexethyl,A03AB08,A03AB,"Synthetic anticholinergics, quaternary ammonium compounds","Synthetic anticholinergics, quaternary ammonium compounds",unknown
trientine,trientine,trientine,A16AX12,A16AX,Various alimentary tract and metabolism products,Various alimentary tract and metabolism products,unknown
trifarotene,trifarotene,trifarotene,D10AD06,D10AD,Retinoids for topical use in acne,Retinoids for topical use in acne,unknown
trifluoperazine,trifluoperazine,trifluoperazine,N05AB06,N05AB,Phenothiazines with piperazine structure,Phenothiazines with piperazine structure,unknown
trifluperidol,trifluperidol,trifluperidol,N05AD02,N05AD,Butyrophenone derivatives,Butyrophenone derivatives,unknown
triflupromazine,triflupromazine,triflupromazine,N05AA05,N05AA,Phenothiazines with aliphatic side-chain,Phenothiazines with aliphatic side-chain,unknown
trifluridine,trifluridine,trifluridine,S01AD02,S01AD,Antivirals,Antivirals,unknown
triflusal,triflusal,triflusal,B01AC18,B01AC,Platelet aggregation inhibitors excl. heparin,Platelet aggregation inhibitors excl. heparin,antiplatelet
triheptanoin,triheptanoin,triheptanoin,A16AX17,A16AX,Various alimentary tract and metabolism products,Various alimentary tract and metabolism products,unknown
trihexyphenidyl,trihexyphenidyl,trihexyphenidyl,N04AA01,N04AA,Tertiary amines,Tertiary amines,unknown
trilostane,trilostane,trilostane,H02CA01,H02CA,Anticorticosteroids,Anticorticosteroids,unknown
trimazosin,trimazosin,trimazosin,C02CA03,C02CA,Alpha-adrenoreceptor antagonists,Alpha-adrenoreceptor antagonists,unknown
trimebutine,trimebutine,trimebutine,A03AA05,A03AA,"Synthetic anticholinergics, esters with tertiary amino group","Synthetic anticholinergics, esters with tertiary amino group",unknown
trimetaphan,trimetaphan,trimetaphan,C02BA01,C02BA,Sulfonium derivatives,Sulfonium derivatives,unknown
trimetazidine,trimetazidine,trimetazidine,C01EB15,C01EB,Other cardiac preparations,Other cardiac preparations,unknown
trimethadione,trimethadione,trimethadione,N03AC02,N03AC,Oxazolidine derivatives,Oxazolidine derivatives,unknown
trimethobenzamide,trimethobenzamide,trimethobenzamide,R06AA10,R06AA,Aminoalkyl ethers,Aminoalkyl ethers,antihistamine
trimethoprim,trimethoprim,trimethoprim,J01EA01,J01EA,Trimethoprim and derivatives,Trimethoprim and derivatives,unknown
trimethyldiphenylpropylamine,trimethyldiphenylpropylamine,trimethyldiphenylpropylamine,A03AX30,A03AX,Other drugs for functional gastrointestinal disorders,Other drugs for functional gastrointestinal disorders,unknown
trimetrexate,trimetrexate,trimetrexate,P01AX07,P01AX,Other agents against amoebiasis and other protozoal diseases,Other agents against amoebiasis and other protozoal diseases,unknown
trimipramine,trimipramine,trimipramine,N06AA06,N06AA,Non-selective monoamine reuptake inhibitors,Non-selective monoamine reuptake inhibitors,unknown
trioxysalen,trioxysalen,trioxysalen,D05BA01,D05BA,Psoralens for systemic use,Psoralens for systemic use,unknown
tripelennamine,tripelennamine,tripelennamine,R06AC04,R06AC,Substituted ethylene diamines,Substituted ethylene diamines,antihistamine
triprolidine,triprolidine,triprolidine,R06AX07,R06AX,Other antihistamines for systemic use,Other antihistamines for systemic use,antihistamine
triptorelin,triptorelin,triptorelin,L02AE04,L02AE,Gonadotropin releasing hormone analogues,Gonadotropin releasing hormone analogues,unknown
triticum wheat fibre,triticum (wheat fibre),triticum (wheat fibre),A06AC07,A06AC,Bulk-forming laxatives,Bulk-forming laxatives,unknown
tritoqualine,tritoqualine,tritoqualine,R06AX21,R06AX,Other antihistamines for systemic use,Other antihistamines for systemic use,antihistamine
trofosfamide,trofosfamide,trofosfamide,L01AA07,L01AA,Nitrogen mustard analogues,Nitrogen mustard analogues,unknown
troglitazone,troglitazone,troglitazone,A10BG01,A10BG,Thiazolidinediones,Thiazolidinediones,unknown
trolamine,trolamine,trolamine,D03AX12,D03AX,Other cicatrizants,Other cicatrizants,unknown
troleandomycin,troleandomycin,troleandomycin,J01FA08,J01FA,Macrolides,Macrolides,macrolide
trolnitrate,trolnitrate,trolnitrate,C01DA09,C01DA,Organic nitrates,Organic nitrates,unknown
tromantadine,tromantadine,tromantadine,D06BB02,D06BB,Antivirals,Antivirals,unknown
trometamol,trometamol,trometamol,B05BB03,B05BB,Solutions affecting the electrolyte balance,Solutions affecting the electrolyte balance,unknown
tropatepine,tropatepine,tropatepine,N04AA12,N04AA,Tertiary amines,Tertiary amines,unknown
tropicamide,tropicamide,tropicamide,S01FA06,S01FA,Anticholinergics,Anticholinergics,unknown
tropisetron,tropisetron,tropisetron,A04AA03,A04AA,Serotonin (5HT3) antagonists,Serotonin (5HT3) antagonists,unknown
trospium,trospium,trospium,G04BD09,G04BD,Drugs for urinary frequency and incontinence,Drugs for urinary frequency and incontinence,unknown
trovafloxacin,trovafloxacin,trovafloxacin,J01MA13,J01MA,Fluoroquinolones,Fluoroquinolones,fluoroquinolone
troxerutin,troxerutin,troxerutin,C05CA04,C05CA,Bioflavonoids,Bioflavonoids,unknown
troxipide,troxipide,troxipide,A02BX11,A02BX,Other drugs for peptic ulcer and gastro-oesophageal reflux disease (GORD),Other drugs for peptic ulcer and gastro-oesophageal reflux disease (GORD),unknown
trypsin,trypsin,trypsin,B06AA07,B06AA,Enzymes,Enzymes,unknown
tryptophan,tryptophan,tryptophan,N06AX02,N06AX,Other antidepressants,Other antidepressants,unknown
tuaminoheptane,tuaminoheptane,tuaminoheptane,R01AA11,R01AA,"Sympathomimetics, plain","Sympathomimetics, plain",unknown
tuberculin,tuberculin,tuberculin,V04CF01,V04CF,Tuberculosis diagnostics,Tuberculosis diagnostics,unknown
tubocurarine,tubocurarine,tubocurarine,M03AA02,M03AA,Curare alkaloids,Curare alkaloids,unknown
tucatinib,tucatinib,tucatinib,L01EH03,L01EH,Human epidermal growth factor receptor 2 (HER2) tyrosine kinase inhibitors,Human epidermal growth factor receptor 2 (HER2) tyrosine kinase inhibitors,unknown
tulobuterol,tulobuterol,tulobuterol,R03CC11,R03CC,Selective beta-2-adrenoreceptor agonists,Selective beta-2-adrenoreceptor agonists,unknown
tyloxapol,tyloxapol,tyloxapol,R05CA01,R05CA,Expectorants,Expectorants,unknown
tymazoline,tymazoline,tymazoline,R01AA13,R01AA,"Sympathomimetics, plain","Sympathomimetics, plain",unknown
typhoid-hepatitis a,typhoid-hepatitis A,typhoid-hepatitis A,J07CA10,J07CA,"Bacterial and viral vaccines, combined","Bacterial and viral vaccines, combined",unknown
tyropanoic acid,tyropanoic acid,tyropanoic acid,V08AC09,V08AC,"Watersoluble, hepatotropic X-ray contrast media","Watersoluble, hepatotropic X-ray contrast media",unknown
tyrothricin,tyrothricin,tyrothricin,D06AX08,D06AX,Other antibiotics for topical use,Other antibiotics for topical use,unknown
ubidecarenone,ubidecarenone,ubidecarenone,C01EB09,C01EB,Other cardiac preparations,Other cardiac preparations,unknown
udenafil,udenafil,udenafil,G04BE11,G04BE,Drugs used in erectile dysfunction,Drugs used in erectile dysfunction,unknown
ulinastatin,ulinastatin,ulinastatin,B02AB05,B02AB,Proteinase inhibitors,Proteinase inhibitors,unknown
ulipristal,ulipristal,ulipristal,G03AD02,G03AD,Emergency contraceptives,Emergency contraceptives,unknown
ulobetasol,ulobetasol,ulobetasol,D07AC21,D07AC,"Corticosteroids, potent (group III)","Corticosteroids, potent (group III)",unknown
umeclidinium bromide,umeclidinium bromide,umeclidinium bromide,R03BB07,R03BB,Anticholinergics,Anticholinergics,unknown
umifenovir,umifenovir,umifenovir,J05AX13,J05AX,Other antivirals,Other antivirals,unknown
undecylenic acid,undecylenic acid,undecylenic acid,D01AE04,D01AE,Other antifungals for topical use,Other antifungals for topical use,unknown
unoprostone,unoprostone,unoprostone,S01EE02,S01EE,Prostaglandin analogues,Prostaglandin analogues,unknown
upadacitinib,upadacitinib,upadacitinib,L04AA44,L04AA,Selective immunosuppressants,Selective immunosuppressants,unknown
uramustine,uramustine,uramustine,L01AD08,L01AD,Nitrosoureas,Nitrosoureas,unknown
urapidil,urapidil,urapidil,C02CA06,C02CA,Alpha-adrenoreceptor antagonists,Alpha-adrenoreceptor antagonists,unknown
urate oxidase,urate oxidase,urate oxidase,M04AX01,M04AX,Other antigout preparations,Other antigout preparations,unknown
uridine triacetate,uridine triacetate,uridine triacetate,A16AX13,A16AX,Various alimentary tract and metabolism products,Various alimentary tract and metabolism products,unknown
urofollitropin,urofollitropin,urofollitropin,G03GA04,G03GA,Gonadotropins,Gonadotropins,unknown
urokinase,urokinase,urokinase,B01AD04,B01AD,Enzymes,Enzymes,unknown
ursodeoxycholic acid,ursodeoxycholic acid,ursodeoxycholic acid,A05AA02,A05AA,Bile acids and derivatives,Bile acids and derivatives,unknown
ustekinumab,ustekinumab,ustekinumab,L04AC05,L04AC,Interleukin inhibitors,Interleukin inhibitors,unknown
vaccinia immunoglobulin,vaccinia immunoglobulin,vaccinia immunoglobulin,J06BB07,J06BB,Specific immunoglobulins,Specific immunoglobulins,unknown
vaginal ring with progestogen,vaginal ring with progestogen,vaginal ring with progestogen,G02BB02,G02BB,Intravaginal contraceptives,Intravaginal contraceptives,unknown
valaciclovir,valaciclovir,valaciclovir,J05AB11,J05AB,Nucleosides and nucleotides excl. reverse transcriptase inhibitors,Nucleosides and nucleotides excl. reverse transcriptase inhibitors,unknown
valbenazine,valbenazine,valbenazine,N07XX13,N07XX,Other nervous system drugs,Other nervous system drugs,unknown
valdecoxib,valdecoxib,valdecoxib,M01AH03,M01AH,Coxibs,Coxibs,nsaid
valerianae radix,Valerianae radix,Valerianae radix,N05CM09,N05CM,Other hypnotics and sedatives,Other hypnotics and sedatives,unknown
valethamate,valethamate,valethamate,A03AX14,A03AX,Other drugs for functional gastrointestinal disorders,Other drugs for functional gastrointestinal disorders,unknown
valganciclovir,valganciclovir,valganciclovir,J05AB14,J05AB,Nucleosides and nucleotides excl. reverse transcriptase inhibitors,Nucleosides and nucleotides excl. reverse transcriptase inhibitors,unknown
valnoctamide,valnoctamide,valnoctamide,N05CM13,N05CM,Other hypnotics and sedatives,Other hypnotics and sedatives,unknown
valproic acid,valproic acid,valproic acid,N03AG01,N03AG,Fatty acid derivatives,Fatty acid derivatives,unknown
valpromide,valpromide,valpromide,N03AG02,N03AG,Fatty acid derivatives,Fatty acid derivatives,unknown
valrubicin,valrubicin,valrubicin,L01DB09,L01DB,Anthracyclines and related substances,Anthracyclines and related substances,unknown
valsartan,valsartan,valsartan,C09CA03,C09CA,"Angiotensin II receptor blockers (ARBs), plain","Angiotensin II receptor blockers (ARBs), plain",arb
vancomycin,vancomycin,vancomycin,A07AA09,A07AA,Antibiotics,Antibiotics,unknown
vandetanib,vandetanib,vandetanib,L01EX04,L01EX,Other protein kinase inhibitors,Other protein kinase inhibitors,unknown
vapreotide,vapreotide,vapreotide,H01CB04,H01CB,Somatostatin and analogues,Somatostatin and analogues,unknown
vardenafil,vardenafil,vardenafil,G04BE09,G04BE,Drugs used in erectile dysfunction,Drugs used in erectile dysfunction,unknown
varenicline,varenicline,varenicline,N07BA03,N07BA,Drugs used in nicotine dependence,Drugs used in nicotine dependence,unknown
varicella/zoster immunoglobulin,varicella/zoster immunoglobulin,varicella/zoster immunoglobulin,J06BB03,J06BB,Specific immunoglobulins,Specific immunoglobulins,unknown
various,various,various,A01AB11,A01AB,Antiinfectives and antiseptics for local oral treatment,Antiinfectives and antiseptics for local oral treatment,unknown
vasopressin argipressin,vasopressin (argipressin),vasopressin (argipressin),H01BA01,H01BA,Vasopressin and analogues,Vasopressin and analogues,unknown
vecuronium,vecuronium,vecuronium,M03AC03,M03AC,Other quaternary ammonium compounds,Other quaternary ammonium compounds,unknown
vedolizumab,vedolizumab,vedolizumab,L04AA33,L04AA,Selective immunosuppressants,Selective immunosuppressants,unknown
velaglucerase alfa,velaglucerase alfa,velaglucerase alfa,A16AB10,A16AB,Enzymes,Enzymes,unknown
veliparib,veliparib,veliparib,L01XK05,L01XK,Poly (ADP-ribose) polymerase (PARP) inhibitors,Poly (ADP-ribose) polymerase (PARP) inhibitors,unknown
velmanase alfa,velmanase alfa,velmanase alfa,A16AB15,A16AB,Enzymes,Enzymes,unknown
vemurafenib,vemurafenib,vemurafenib,L01EC01,L01EC,B-Raf serine-threonine kinase (BRAF) inhibitors,B-Raf serine-threonine kinase (BRAF) inhibitors,unknown
venetoclax,venetoclax,venetoclax,L01XX52,L01XX,Other antineoplastic agents,Other antineoplastic agents,unknown
venlafaxine,venlafaxine,venlafaxine,N06AX16,N06AX,Other antidepressants,Other antidepressants,unknown
veralipride,veralipride,veralipride,N05AL06,N05AL,Benzamides,Benzamides,unknown
verapamil,verapamil,verapamil,C08DA01,C08DA,Phenylalkylamine derivatives,Phenylalkylamine derivatives,unknown
veratrum,veratrum,veratrum,C02KA01,C02KA,"Alkaloids, excl. rauwolfia","Alkaloids, excl. rauwolfia",unknown
vericiguat,vericiguat,vericiguat,C01DX22,C01DX,Other vasodilators used in cardiac diseases,Other vasodilators used in cardiac diseases,unknown
vernakalant,vernakalant,vernakalant,C01BG11,C01BG,"Other antiarrhythmics, class I and III","Other antiarrhythmics, class I and III",unknown
verteporfin,verteporfin,verteporfin,S01LA01,S01LA,Antineovascularisation agents,Antineovascularisation agents,unknown
vestronidase alfa,vestronidase alfa,vestronidase alfa,A16AB18,A16AB,Enzymes,Enzymes,unknown
vidarabine,vidarabine,vidarabine,J05AB03,J05AB,Nucleosides and nucleotides excl. reverse transcriptase inhibitors,Nucleosides and nucleotides excl. reverse transcriptase inhibitors,unknown
vigabatrin,vigabatrin,vigabatrin,N03AG04,N03AG,Fatty acid derivatives,Fatty acid derivatives,unknown
vilazodone,vilazodone,vilazodone,N06AX24,N06AX,Other antidepressants,Other antidepressants,unknown
vildagliptin,vildagliptin,vildagliptin,A10BH02,A10BH,Dipeptidyl peptidase 4 (DPP-4) inhibitors,Dipeptidyl peptidase 4 (DPP-4) inhibitors,unknown
viloxazine,viloxazine,viloxazine,N06AX09,N06AX,Other antidepressants,Other antidepressants,unknown
viminol,viminol,viminol,N02BG05,N02BG,Other analgesics and antipyretics,Other analgesics and antipyretics,unknown
vinbarbital,vinbarbital,vinbarbital,N05CA09,N05CA,"Barbiturates, plain","Barbiturates, plain",unknown
vinblastine,vinblastine,vinblastine,L01CA01,L01CA,Vinca alkaloids and analogues,Vinca alkaloids and analogues,unknown
vinburnine,vinburnine,vinburnine,C04AX17,C04AX,Other peripheral vasodilators,Other peripheral vasodilators,unknown
vincamine,vincamine,vincamine,C04AX07,C04AX,Other peripheral vasodilators,Other peripheral vasodilators,unknown
vincristine,vincristine,vincristine,L01CA02,L01CA,Vinca alkaloids and analogues,Vinca alkaloids and analogues,unknown
vindesine,vindesine,vindesine,L01CA03,L01CA,Vinca alkaloids and analogues,Vinca alkaloids and analogues,unknown
vinflunine,vinflunine,vinflunine,L01CA05,L01CA,Vinca alkaloids and analogues,Vinca alkaloids and analogues,unknown
vinorelbine,vinorelbine,vinorelbine,L01CA04,L01CA,Vinca alkaloids and analogues,Vinca alkaloids and analogues,unknown
vinpocetine,vinpocetine,vinpocetine,N06BX18,N06BX,Other psychostimulants and nootropics,Other psychostimulants and nootropics,unknown
vintafolide,vintafolide,vintafolide,L01CA06,L01CA,Vinca alkaloids and analogues,Vinca alkaloids and analogues,unknown
vinyl ether,vinyl ether,vinyl ether,N01AA02,N01AA,Ethers,Ethers,unknown
vinylbital,vinylbital,vinylbital,N05CA08,N05CA,"Barbiturates, plain","Barbiturates, plain",unknown
virginiamycin,virginiamycin,virginiamycin,D06AX10,D06AX,Other antibiotics for topical use,Other antibiotics for topical use,unknown
vismodegib,vismodegib,vismodegib,L01XJ01,L01XJ,Hedgehog pathway inhibitors,Hedgehog pathway inhibitors,unknown
visnadine,visnadine,visnadine,C04AX24,C04AX,Other peripheral vasodilators,Other peripheral vasodilators,unknown
vitamin a concentrates,vitamin A concentrates,vitamin A concentrates,V04CB01,V04CB,Tests for fat absorption,Tests for fat absorption,unknown
voclosporin,voclosporin,voclosporin,L04AD03,L04AD,Calcineurin inhibitors,Calcineurin inhibitors,unknown
voglibose,voglibose,voglibose,A10BF03,A10BF,Alpha glucosidase inhibitors,Alpha glucosidase inhibitors,unknown
von willebrand factor,von Willebrand factor,von Willebrand factor,B02BD10,B02BD,Blood coagulation factors,Blood coagulation factors,unknown
vonoprazan,vonoprazan,vonoprazan,A02BC08,A02BC,Proton pump inhibitors,Proton pump inhibitors,unknown
vorapaxar,vorapaxar,vorapaxar,B01AC26,B01AC,Platelet aggregation inhibitors excl. heparin,Platelet aggregation inhibitors excl. heparin,antiplatelet
voretigene neparvovec,voretigene neparvovec,voretigene neparvovec,S01XA27,S01XA,Other ophthalmologicals,Other ophthalmologicals,unknown
voriconazole,voriconazole,voriconazole,J02AC03,J02AC,Triazole derivatives,Triazole derivatives,unknown
vorinostat,vorinostat,vorinostat,L01XH01,L01XH,Histone deacetylase (HDAC) inhibitors,Histone deacetylase (HDAC) inhibitors,unknown
vorozole,vorozole,vorozole,L02BG05,L02BG,Aromatase inhibitors,Aromatase inhibitors,unknown
vortioxetine,vortioxetine,vortioxetine,N06AX26,N06AX,Other antidepressants,Other antidepressants,unknown
vosaroxin,vosaroxin,vosaroxin,L01XX53,L01XX,Other antineoplastic agents,Other antineoplastic agents,unknown
warfarin,warfarin,warfarin,B01AA03,B01AA,Vitamin K antagonists,Vitamin K antagonists,anticoagulant
xaliproden,xaliproden,xaliproden,N07XX03,N07XX,Other nervous system drugs,Other nervous system drugs,unknown
xamoterol,xamoterol,xamoterol,C01CX07,C01CX,Other cardiac stimulants,Other cardiac stimulants,unknown
xantinol nicotinate,xantinol nicotinate,xantinol nicotinate,C04AD02,C04AD,Purine derivatives,Purine derivatives,unknown
xenon,xenon,xenon,N01AX15,N01AX,Other general anesthetics,Other general anesthetics,unknown
xenon 127xe gas,xenon (127Xe) gas,xenon (127Xe) gas,V09EX02,V09EX,Other respiratory system diagnostic radiopharmaceuticals,Other respiratory system diagnostic radiopharmaceuticals,unknown
xenon 133xe gas,xenon (133Xe) gas,xenon (133Xe) gas,V09EX03,V09EX,Other respiratory system diagnostic radiopharmaceuticals,Other respiratory system diagnostic radiopharmaceuticals,unknown
xenysalate,xenysalate,xenysalate,D11AC09,D11AC,Medicated shampoos,Medicated shampoos,unknown
xibornol,xibornol,xibornol,J01XX02,J01XX,Other antibacterials,Other antibacterials,unknown
ximelagatran,ximelagatran,ximelagatran,B01AE05,B01AE,Direct thrombin inhibitors,Direct thrombin inhibitors,anticoagulant
xipamide,xipamide,xipamide,C03BA10,C03BA,"Sulfonamides, plain","Sulfonamides, plain",unknown
xylometazoline,xylometazoline,xylometazoline,R01AA07,R01AA,"Sympathomimetics, plain","Sympathomimetics, plain",unknown
yohimbine,yohimbine,yohimbine,G04BE04,G04BE,Drugs used in erectile dysfunction,Drugs used in erectile dysfunction,unknown
yttrium 90y citrate colloid,yttrium (90Y) citrate colloid,yttrium (90Y) citrate colloid,V10AA01,V10AA,Yttrium (90Y) compounds,Yttrium (90Y) compounds,unknown
yttrium 90y ferrihydroxide colloid,yttrium (90Y) ferrihydroxide colloid,yttrium (90Y) ferrihydroxide colloid,V10AA02,V10AA,Yttrium (90Y) compounds,Yttrium (90Y) compounds,unknown
yttrium 90y silicate colloid,yttrium (90Y) silicate colloid,yttrium (90Y) silicate colloid,V10AA03,V10AA,Yttrium (90Y) compounds,Yttrium (90Y) compounds,unknown
zafirlukast,zafirlukast,zafirlukast,R03DC01,R03DC,Leukotriene receptor antagonists,Leukotriene receptor antagonists,unknown
zalcitabine,zalcitabine,zalcitabine,J05AF03,J05AF,Nucleoside and nucleotide reverse transcriptase inhibitors,Nucleoside and nucleotide reverse transcriptase inhibitors,unknown
zaleplon,zaleplon,zaleplon,N05CF03,N05CF,Benzodiazepine related drugs,Benzodiazepine related drugs,benzodiazepine
zanamivir,zanamivir,zanamivir,J05AH01,J05AH,Neuraminidase inhibitors,Neuraminidase inhibitors,unknown
zanubrutinib,zanubrutinib,zanubrutinib,L01EL03,L01EL,Bruton's tyrosine kinase (BTK) inhibitors,Bruton's tyrosine kinase (BTK) inhibitors,unknown
ziconotide,ziconotide,ziconotide,N02BG08,N02BG,Other analgesics and antipyretics,Other analgesics and antipyretics,unknown
zidovudine,zidovudine,zidovudine,J05AF01,J05AF,Nucleoside and nucleotide reverse transcriptase inhibitors,Nucleoside and nucleotide reverse transcriptase inhibitors,unknown
zimeldine,zimeldine,zimeldine,N06AB02,N06AB,Selective serotonin reuptake inhibitors,Selective serotonin reuptake inhibitors,unknown
zinc acetate,zinc acetate,zinc acetate,A16AX05,A16AX,Various alimentary tract and metabolism products,Various alimentary tract and metabolism products,unknown
zinc bandage with supplements,zinc bandage with supplements,zinc bandage with supplements,D09AB02,D09AB,Zinc bandages,Zinc bandages,unknown
zinc bandage without supplements,zinc bandage without supplements,zinc bandage without supplements,D09AB01,D09AB,Zinc bandages,Zinc bandages,unknown
zinc chloride,zinc chloride,zinc chloride,B05XA12,B05XA,Electrolyte solutions,Electrolyte solutions,unknown
zinc compounds,zinc compounds,zinc compounds,S01AX03,S01AX,Other antiinfectives,Other antiinfectives,unknown
zinc gluconate,zinc gluconate,zinc gluconate,A12CB02,A12CB,Zinc,Zinc,unknown
zinc preparations,zinc preparations,zinc preparations,C05AX04,C05AX,Other agents for treatment of hemorrhoids and anal fissures for topical use,Other agents for treatment of hemorrhoids and anal fissures for topical use,unknown
zinc protein complex,zinc protein complex,zinc protein complex,A12CB03,A12CB,Zinc,Zinc,unknown
zinc sulfate,zinc sulfate,zinc sulfate,A12CB01,A12CB,Zinc,Zinc,unknown
zipeprol,zipeprol,zipeprol,R05DB15,R05DB,Other cough suppressants,Other cough suppressants,unknown
ziprasidone,ziprasidone,ziprasidone,N05AE04,N05AE,Indole derivatives,Indole derivatives,unknown
zofenopril,zofenopril,zofenopril,C09AA15,C09AA,"ACE inhibitors, plain","ACE inhibitors, plain",ace_inhibitor
zoledronic acid,zoledronic acid,zoledronic acid,M05BA08,M05BA,Bisphosphonates,Bisphosphonates,unknown
zolimidine,zolimidine,zolimidine,A02BX10,A02BX,Other drugs for peptic ulcer and gastro-oesophageal reflux disease (GORD),Other drugs for peptic ulcer and gastro-oesophageal reflux disease (GORD),unknown
zolmitriptan,zolmitriptan,zolmitriptan,N02CC03,N02CC,Selective serotonin (5HT1) agonists,Selective serotonin (5HT1) agonists,unknown
zolpidem,zolpidem,zolpidem,N05CF02,N05CF,Benzodiazepine related drugs,Benzodiazepine related drugs,benzodiazepine
zomepirac,zomepirac,zomepirac,M01AB04,M01AB,Acetic acid derivatives and related substances,Acetic acid derivatives and related substances,nsaid
zonisamide,zonisamide,zonisamide,N03AX15,N03AX,Other antiepileptics,Other antiepileptics,unknown
zopiclone,zopiclone,zopiclone,N05CF01,N05CF,Benzodiazepine related drugs,Benzodiazepine related drugs,benzodiazepine
zorubicin,zorubicin,zorubicin,L01DB05,L01DB,Anthracyclines and related substances,Anthracyclines and related substances,unknown
zotepine,zotepine,zotepine,N05AX11,N05AX,Other antipsychotics,Other antipsychotics,unknown
zucapsaicin,zucapsaicin,zucapsaicin,M02AB02,M02AB,Capsaicin and similar agents,Capsaicin and similar agents,unknown
zuclopenthixol,zuclopenthixol,zuclopenthixol,N05AF05,N05AF,Thioxanthene derivatives,Thioxanthene derivatives,unknown