text,label,source,domain
i cant help but agree with the headline at the bottom bright side the youtube channel is annoying,anger,goemotions,general_english_social_media
crap well its still horribly high on vancouver island wonderful,anxiety,goemotions,general_english_social_media
id say british humor isnt for everyone i think he was on point most of the time,cognitive_fog,goemotions,general_english_social_media
man i remember playing street hockey at desert breeze growing up good times,happiness,goemotions,general_english_social_media
this is wrong on so many levels,anger,goemotions,general_english_social_media
thanks bud,happiness,goemotions,general_english_social_media
this video was close to being the most famous video in history,happiness,goemotions,general_english_social_media
i already called the county i got married in trying to find out about it but they had nothing on either of us about a divorce im so anxious,anxiety,goemotions,general_english_social_media
wait how do u know he is a therapist,cognitive_fog,goemotions,general_english_social_media
interesting i know another millionaire who takes to twitter and rambles in an attempt to distract people from negative news about him,cognitive_fog,goemotions,general_english_social_media
im now scared to post this link i guess i should stop,anxiety,goemotions,general_english_social_media
that was just embarrassing we should not be loosing here,anxiety,goemotions,general_english_social_media
sorry your diverse inclusive baby was aborted,sadness,goemotions,general_english_social_media
having no position is in itself a position im not sure which party is more likely to split right now,cognitive_fog,goemotions,general_english_social_media
yeah i don’t like my friend’s opinion either,anger,goemotions,general_english_social_media
lmao i love this i love speaking nonsense to myself as well,happiness,goemotions,general_english_social_media
this is a toxic behaviour get rid of him as soon as possible,anger,goemotions,general_english_social_media
i thought you were and name too,cognitive_fog,goemotions,general_english_social_media
i wonder if that child puts it on his resume,cognitive_fog,goemotions,general_english_social_media
eh for the right money you cant go wrong letting the kid earn it,anger,goemotions,general_english_social_media
thank you for your comment i didnt know phoenix had a subreddit so now im subbed,happiness,goemotions,general_english_social_media
oh name you idiot,anger,goemotions,general_english_social_media
i am feeling anxious since morning,anxiety,project_authored,eldermeds_conversation
wow jurassic park looks a lot different than in the cinema,cognitive_fog,goemotions,general_english_social_media
great post glad you had a good time here xpost it to rtravel,happiness,goemotions,general_english_social_media
these stupid fucking cunts don’t even use “shade” correctly name would toss them off the pier,anger,goemotions,general_english_social_media
i laughed so hard,happiness,goemotions,general_english_social_media
hijacking this is a good thingchicks llike guys with balls and chicks with balls,happiness,goemotions,general_english_social_media
yeah i dont think so lol,happiness,goemotions,general_english_social_media
those mindsets are extremely dangerous to our democracy,anxiety,goemotions,general_english_social_media
you shouldnt skip to any scene this is a masterpiece from start to finish,neutral,goemotions,general_english_social_media
the poor car,sadness,goemotions,general_english_social_media
im imagining impossible skill checks doc with a pig being in madness 3 with a reverse bear trap on you in the radius of unnerving pressence shutters,neutral,goemotions,general_english_social_media
oh man i was being facetious it annoyed me so much,anger,goemotions,general_english_social_media
cute but i dont like where this is going,anger,goemotions,general_english_social_media
thanks for adding water to an old nightmare,happiness,goemotions,general_english_social_media
and those are countries ruled according to religion principles,cognitive_fog,goemotions,general_english_social_media
really sad how often people dont go into the closest lane first and then change lanes when safe to do so,sadness,goemotions,general_english_social_media
ok my apologies then,sadness,goemotions,general_english_social_media
the second half of the game was a big disappointment for me i really wish they kept the family around for much longer,sadness,goemotions,general_english_social_media
that was an horrendous season to an otherwise amazing show,anxiety,goemotions,general_english_social_media
i completely agree with you just the whole mood against abortion gets my blood boiling,anger,goemotions,general_english_social_media
theyre not giving you better than this most likely so just open them,neutral,goemotions,general_english_social_media
im ashamed that while trying to figure out what tke stands for all i can come up with is tau kappa epsilon,anxiety,goemotions,general_english_social_media
liesaboutflossing sorry if i used the wrong pronoun,sadness,goemotions,general_english_social_media
idiots gonna idiot,anger,goemotions,general_english_social_media
i’m sorry i don’t have the box with me,sadness,goemotions,general_english_social_media
read the linked,neutral,goemotions,general_english_social_media
happy anniversary ❤,happiness,goemotions,general_english_social_media
haha thank you i do love a good tea,happiness,goemotions,general_english_social_media
sir the fuck down this is an intervention we need to talk,anger,goemotions,general_english_social_media
that would really piss them off,anger,goemotions,general_english_social_media
very creepy horrorthemed very accurate description and only from a few second piece of an audio recording,anxiety,goemotions,general_english_social_media
shut up about the sun shut up about the sun,anger,goemotions,general_english_social_media
eh not sure we shoulda fired name name was regarded as one of the best for quite a long time,cognitive_fog,goemotions,general_english_social_media
takes a random post from this subreddit when theres no plates,neutral,goemotions,general_english_social_media
i think that making someone an approved submitter might get around that not 100 sure though,cognitive_fog,goemotions,general_english_social_media
she did,neutral,goemotions,general_english_social_media
yeah it’s not exactly rocketpropelled hot wheels cars playing soccer but eh i’m down,sadness,goemotions,general_english_social_media
name i’m so sorry sweety,sadness,goemotions,general_english_social_media
ad hominem fallacy,neutral,goemotions,general_english_social_media
thats a really good one too i am pretty upset to learn how limited my vocabulary is,sadness,goemotions,general_english_social_media
i cant understand why pepsi and coke are the two most popular sodas or why fans think theyre so different,cognitive_fog,goemotions,general_english_social_media
please explain how this is stupid,anger,goemotions,general_english_social_media
did a lousy job my dishes are still dirty,sadness,goemotions,general_english_social_media
♪… im here without you baby but youre still on my lonely mind i think about you baby and i dream about you all the time ♪,loneliness,domain_relabel,general_english_social_media
im disappointed name never plays guitar again,sadness,goemotions,general_english_social_media
this is literally the only thing i know about warhammer orks and i feel kind of bad about that its the coolest concept faithbased technology,anxiety,goemotions,general_english_social_media
everyone likes name,happiness,goemotions,general_english_social_media
latestage reddit im afraid its malignant there are only palliative care options available at this point,anxiety,goemotions,general_english_social_media
misandry is not part of our feminism here don’t make such comments again,anger,goemotions,general_english_social_media
um yea you’re being creepy stop stalking her,anger,goemotions,general_english_social_media
youre going to get behind our anointed centrist establishment candidate and youre going to like it how did 2016 turn out for you again,happiness,goemotions,general_english_social_media
honey mustard,neutral,goemotions,general_english_social_media
i do hate fortnite dances,anger,goemotions,general_english_social_media
i love polo shirts,happiness,goemotions,general_english_social_media
i love it she really snapped,happiness,goemotions,general_english_social_media
i still have empathy because shes a human with a family every bigots are human,cognitive_fog,goemotions,general_english_social_media
thats what i thought he can be very lucky to walk away from that,cognitive_fog,goemotions,general_english_social_media
and she will try so be careful op,anxiety,goemotions,general_english_social_media
royalty half of them are all related one way or another,neutral,goemotions,general_english_social_media
the house feels empty and lonely,loneliness,project_authored,eldermeds_conversation
but what volumes does the 3rd chart speak,cognitive_fog,goemotions,general_english_social_media
dream market is also down for me in the usa,anger,goemotions,general_english_social_media
name isn’t even a homer at this point he’s just dumb,anger,goemotions,general_english_social_media
i love it that theyre filming this with a phone or something,happiness,goemotions,general_english_social_media
i agreed with your comment until you told people they shouldn’t be parents for not knowing the difference between deodorant and antiperspirant,anger,goemotions,general_english_social_media
wow this is terrifying,anxiety,goemotions,general_english_social_media
hers are just terrible i’ve seen the look great on other people,anxiety,goemotions,general_english_social_media
this must have been the fastest reply ive ever gotten omg,neutral,goemotions,general_english_social_media
ill admit i wanted to be upset because i dont identify as a feminist but also that dress is super cute omg you are very talented,sadness,goemotions,general_english_social_media
i appreciate name diving for that but because he did it lead to wide open korver transition 3 about as automatic as it gets,neutral,goemotions,general_english_social_media
marlins name of wow talk about a blast from the past i don’t remember him being so highly regarded as a prospect,neutral,goemotions,general_english_social_media
indeed this episode is for me the best one officially im scared for the finale,anxiety,goemotions,general_english_social_media
this im sorry but this is a dumb reply ofc it was fake kindness golly,sadness,goemotions,general_english_social_media
how dare you hate name,anger,goemotions,general_english_social_media
i cant tell if this is a happy or sad ending 😐,cognitive_fog,goemotions,general_english_social_media
if 23andme and facebook team up you get a sample and find hee facebook user with the matching sample,neutral,goemotions,general_english_social_media
i was told ignar was going to be awful by this sub,anxiety,goemotions,general_english_social_media
petsitting is over didnt know i was lonely without a doggo until now,loneliness,domain_relabel,general_english_social_media
i am struggling with sadness today,sadness,project_authored,eldermeds_conversation
i think you should be able to with enough skill and precision but not in a spam swing fight i agree,anger,goemotions,general_english_social_media
yeah theres even more registered online scary,anxiety,goemotions,general_english_social_media
name being discussed as top 1520 pick name top 5 and name early round 2 this would be the most amazing draft ever though lol,happiness,goemotions,general_english_social_media
agreed to your statement,neutral,goemotions,general_english_social_media
i tried doing this for my son but he was afraid of it,anxiety,goemotions,general_english_social_media
what if i dont want the service why should i be forced to purchase that service,cognitive_fog,goemotions,general_english_social_media
totally came to ask this question too,cognitive_fog,goemotions,general_english_social_media
go support them then,neutral,goemotions,general_english_social_media
actually there are some terminals now that let you disable it lmao very sad,sadness,goemotions,general_english_social_media
detective from svu,neutral,goemotions,general_english_social_media
oh right that was a huge leap my bad,sadness,goemotions,general_english_social_media
name s that d shut it down,neutral,goemotions,general_english_social_media
i feel lonely and isolated,loneliness,project_authored,eldermeds_conversation
i am shocked shocked i tell you,anxiety,goemotions,general_english_social_media
i really didn’t wanna get up to do stuff today,anger,goemotions,general_english_social_media
it was genetic iirc and he had corrective surgeries on both shoulders eventually,neutral,goemotions,general_english_social_media
sorry i read that as newly white and it cracked me up,sadness,goemotions,general_english_social_media
only beijing forbidden city and national museum are great 100 pre day would be enough to find a decent hotel,cognitive_fog,goemotions,general_english_social_media
really thats very interesting,happiness,goemotions,general_english_social_media
that only works for the ironclad,neutral,goemotions,general_english_social_media
yes i love her laugh so much,happiness,goemotions,general_english_social_media
why is there a huge focus on the living room the perspective confused me so much,cognitive_fog,goemotions,general_english_social_media
im feeling the same as you exactly the same bro i hope you get better and find someone,sadness,goemotions,general_english_social_media
my dvr did the same thing as yours damn them,anger,goemotions,general_english_social_media
thats why i sleep with 4,neutral,goemotions,general_english_social_media
i am enjoying my day so far,happiness,project_authored,eldermeds_conversation
i feel overwhelmed and tense,anxiety,project_authored,eldermeds_conversation
sorry you feel that way,sadness,goemotions,general_english_social_media
oh sorry bud didnt mean to be rude,sadness,goemotions,general_english_social_media
the guy who tells people to shut up,neutral,goemotions,general_english_social_media
done it since i was a kid i was very edgy,anxiety,goemotions,general_english_social_media
and op is not self deprecating,anger,goemotions,general_english_social_media
thats not how any law works,anger,goemotions,general_english_social_media
i dont care what idiots think about me,anger,goemotions,general_english_social_media
i wish name would read our subreddit and comment in here,neutral,goemotions,general_english_social_media
because name was definitely pregnant with both a boy and a girl when he got on yup,neutral,goemotions,general_english_social_media
any one of us could be a journalist and that level of journalism feeding the masses is mildly scary,anxiety,goemotions,general_english_social_media
she even tweeted the ghost adventures crew oh wow,happiness,goemotions,general_english_social_media
my biggest question is who is name also who are the name also who is name,cognitive_fog,goemotions,general_english_social_media
and did i say they didnt read the whole thread you bimbo,anger,goemotions,general_english_social_media
makes me sad ill never be with a beautiful woman,sadness,goemotions,general_english_social_media
i like your attitude you seem like a good person,happiness,goemotions,general_english_social_media
hm so sad am i supposed to feel bad for you because you dont look like name phelps btw hes on steroids no doubt,sadness,goemotions,general_english_social_media
i said this somewhere else but i swear that man in the hood is caucasian but that was actually hilarious,happiness,goemotions,general_english_social_media
this is the strangest rendition of our national anthem that i’ve ever heard,happiness,goemotions,general_english_social_media
id like to apologize on behalf of all azwel mains,sadness,goemotions,general_english_social_media
i feel cheerful and hopeful today,happiness,project_authored,eldermeds_conversation
3 name you were too good for this world,sadness,goemotions,general_english_social_media
you know you make inroads do 5 points better each time few cycles down the lane you have a tossup on your hands,neutral,goemotions,general_english_social_media
the best boy,neutral,goemotions,general_english_social_media
spoken like proud slaughterbound crotch fruit,anger,goemotions,general_english_social_media
how insulting to beavis and butthead,anxiety,goemotions,general_english_social_media
absolutely it takes me back to a much happier time when i die i hope i go to san junipero,happiness,goemotions,general_english_social_media
women arent smart enough to see an intellectual kino du art like name multiple times,anger,goemotions,general_english_social_media
hell win you two games in dramatic fashion and quietly lose you 10 by shooting you out of the game,neutral,goemotions,general_english_social_media
name i hate my hometown,anger,goemotions,general_english_social_media
b e n,neutral,goemotions,general_english_social_media
dammit,anger,goemotions,general_english_social_media
right because name was a circumcized name who died for our sins,anxiety,goemotions,general_english_social_media
man is still the most extraordinary machine of alland women are even cooler name,neutral,goemotions,general_english_social_media
rahway mechanical llc should be able to great guy,happiness,goemotions,general_english_social_media
watching name play after quite some time she has lost insane amount of weight did this happen after stabbing incident,cognitive_fog,goemotions,general_english_social_media
i was so scared i thought the kid was going to backpedal into a street,anxiety,goemotions,general_english_social_media
its extremely common hell you probably have it yourself and just dont know,cognitive_fog,goemotions,general_english_social_media
that scared me,anxiety,goemotions,general_english_social_media
this is the first time i’ve ever been reposted i’m honored,happiness,goemotions,general_english_social_media
i am so sorry my kids are the only thing keeping me going the loneliness is agony,loneliness,domain_relabel,general_english_social_media
but its such a lovely place i might need help,happiness,goemotions,general_english_social_media
first i was afraid i was petrified,anxiety,goemotions,general_english_social_media
thanks for the lead ordered,happiness,goemotions,general_english_social_media
i feel so guilty that this picture exists i feel like i need to donate to charity after this,sadness,goemotions,general_english_social_media
especially if youre looking for the linux or mac versions which exist for a large portion of steam games,neutral,goemotions,general_english_social_media
yeah hes trash,anger,goemotions,general_english_social_media
very sad news for the man widespread travel disruption is expected for the evening commute,sadness,goemotions,general_english_social_media
so when a 22 week old infant is born premature does that thing near worthless morally,cognitive_fog,goemotions,general_english_social_media
your team lacks ethics,anger,goemotions,general_english_social_media
to show themself in public like that they never did grow up a 11 year old in a 25 year old body sad really,sadness,goemotions,general_english_social_media
shamelessly stolen from three flavours cornetto posting,anxiety,goemotions,general_english_social_media
slightly too pissed off with this comment to merely downvote not angry enough to begin tirade lunchbreak ruined,anger,goemotions,general_english_social_media
my worst fear when i finally get over someone those damn what ifs,anxiety,goemotions,general_english_social_media
i cant believe people voted us to beat sydney ive become extremely optimistic over the past few months and even i voted sydney,anger,goemotions,general_english_social_media
i wouldnt get your hopes up until youve been dating a while,anxiety,goemotions,general_english_social_media
he was recently defending the new brazilian president who is uh not left at all lol,neutral,goemotions,general_english_social_media
please keep your head up things get better stay strong,happiness,goemotions,general_english_social_media
he knew what you meant he pretended to be confused to save face that’s disgusting,anger,goemotions,general_english_social_media
he most likely saw you and just didn’t care sadly,sadness,goemotions,general_english_social_media
terrifying every time,anxiety,goemotions,general_english_social_media
yeah i killed this post reddit is a great place and im glad i made my suggestion here,happiness,goemotions,general_english_social_media
i hope she makes enough for therapy for her kid,happiness,goemotions,general_english_social_media
psst your spoiler tag is busted dont leave spaces between the and your text,anger,goemotions,general_english_social_media
now if you are in the bathroom taking care of business cat is being a bro and getting you some privacy bathroom bouncer,neutral,goemotions,general_english_social_media
i think i should say that i am a student and have no income,neutral,goemotions,general_english_social_media
it’s definitely around in eastern nebraska you can even get it at runza,neutral,goemotions,general_english_social_media
i missed this villain of the week feel of the show feels reminiscent of s1 and s2,sadness,goemotions,general_english_social_media
women have a right to their own bodies your comments are horribly patronizing they indicate that women intellectually develop slower than men which is sexist,anxiety,goemotions,general_english_social_media
it must be really sad and lonely under your bridge troll,loneliness,domain_relabel,general_english_social_media
i’m still using a laptop from 2008 and until last month i was using a phone from 2013 actually felt bad upgrading the phone,sadness,goemotions,general_english_social_media
due to work gotta stay legal edibles aren’t legal yet sadly fortunately not taking it for cancer though just pain,sadness,goemotions,general_english_social_media
i’m so nervous,anxiety,goemotions,general_english_social_media
i could go but honestly it is the worst place on earth i have 0 desire to do it,anger,goemotions,general_english_social_media
i took a picture of a farmer treating his crops with roundup yesterday it was horrifying,anxiety,goemotions,general_english_social_media
guns go off accidentally all the time don’t point them at someone unless you plan to kill them,anxiety,goemotions,general_english_social_media
name i really loved your hustle for 35 yards thats why it was so hard to cut you,happiness,goemotions,general_english_social_media
default mods you people keep saying those words like they mean something,neutral,goemotions,general_english_social_media
out of curiosity have you read the great partnership by lord rabbi name i have not but i do listen to his parsha podcast,cognitive_fog,goemotions,general_english_social_media
im afraid if i have a awful time or something like that im going to get worse,anxiety,goemotions,general_english_social_media
i find it very doglike and adorable i find it very monsterlike and terrifying,anxiety,goemotions,general_english_social_media
its called bipolar and its fatal,neutral,goemotions,general_english_social_media
i think im overly defensive tbh but yeah this relationship will be ending when i see him next,anxiety,goemotions,general_english_social_media
she must have a very boring life,sadness,goemotions,general_english_social_media
oh neat i didnt realize you guys shot it i figured the company had set up a tripod in that case i retract my complaint,happiness,goemotions,general_english_social_media
thought i was already there with the terrible title,anxiety,goemotions,general_english_social_media
what a turnaround,happiness,goemotions,general_english_social_media
name could rebound and still be overpaid depending on how hard he rebounds,neutral,goemotions,general_english_social_media
i wish nonbpd people understood the pain of a relationship ending like we do its crippling and lasts forever,sadness,goemotions,general_english_social_media
i ended up crying and breaking down once i got to my friends house im so sorry that happened to you as well,sadness,goemotions,general_english_social_media
i am seeing the insane clown posse there in two weeks and i have no idea how i am going to get home covered in faygo,cognitive_fog,goemotions,general_english_social_media
viva la tank,neutral,goemotions,general_english_social_media
sorry what i meant to say was if it had been worded differently it wouldnt have the same effect,sadness,goemotions,general_english_social_media
this is the most scary name can ever be to me cause it’s also the most real he could ever be 😂,anxiety,goemotions,general_english_social_media
the coolest of beans my friend,happiness,goemotions,general_english_social_media
those bastards lied to me,anger,goemotions,general_english_social_media
omg this is hilarious,happiness,goemotions,general_english_social_media
you seem horrible,anxiety,goemotions,general_english_social_media
season 2 has been fantastic,neutral,goemotions,general_english_social_media
i was scared for that white building,anxiety,goemotions,general_english_social_media
praise the name,neutral,goemotions,general_english_social_media
luckily everyone regrets myspace,sadness,goemotions,general_english_social_media
i find your lack of name disturbing,anger,goemotions,general_english_social_media
this is proper funny actually,happiness,goemotions,general_english_social_media
this does not sound like a good situation for a child at all imo,anger,goemotions,general_english_social_media
yes but my point is name raping name makes more sense if she gives birth to name and name not name,neutral,goemotions,general_english_social_media
“guys watch out the scary looking kid is coming down the hall”,anxiety,goemotions,general_english_social_media
i like the reference to the good place,happiness,goemotions,general_english_social_media
i really hate this jersey and it just doesnt seem like a sabres logo despite being the most accurate to the name of the team,anger,goemotions,general_english_social_media
i feel happy after speaking with my daughter,happiness,project_authored,eldermeds_conversation
ah alt right thinking afraid of people who have anything upstairs or between their ears,anxiety,goemotions,general_english_social_media
welli really am name one of the original neckbeards so maybe,cognitive_fog,goemotions,general_english_social_media
whatever you do dont give your virginity to anyone you will regret it if you give it up cheaply,sadness,goemotions,general_english_social_media
i actually find running harder than passing on all madden,sadness,goemotions,general_english_social_media
because it was a terrible idea,anxiety,goemotions,general_english_social_media
so not a single mp wants brexit to be canceled you really believe that,cognitive_fog,goemotions,general_english_social_media
how do you think money is created it is largely controlled by the government and is distributed to create certain results in our society,cognitive_fog,goemotions,general_english_social_media
that was an awful open shot,anger,goemotions,general_english_social_media
i know right burger king is clearly superior no wonder he is fa,cognitive_fog,goemotions,general_english_social_media
your characters so broken,anger,goemotions,general_english_social_media
you think her being a name is the reason for the hatred really,cognitive_fog,goemotions,general_english_social_media
that woman is on the fast track to being ostracized from that group real quick,neutral,goemotions,general_english_social_media
he is just awful enough to do something like that,anger,goemotions,general_english_social_media
i am embarrassed to admit that i was shocked to find out that his books all had the same exact weight and that you knew what that weight was,anxiety,goemotions,general_english_social_media
lpt if you need more money just get a better job that pays more,happiness,goemotions,general_english_social_media
is anyone familiar with what the post was about im guessing it was on the nyc hate crime,cognitive_fog,goemotions,general_english_social_media
i am irritated and cannot calm down,anger,project_authored,eldermeds_conversation
ok well its just an opinion maybe tcu will get it done,neutral,goemotions,general_english_social_media
stuff like this makes me worry a little less about the future generations,anxiety,goemotions,general_english_social_media
devils fan here how good is name im watching this game and was wondering how hes been and what his potential is,cognitive_fog,goemotions,general_english_social_media
fair enough you know him better than any of us do,cognitive_fog,goemotions,general_english_social_media
this made me stop subconsciously breathing and now i cant stop thinking about it,anxiety,goemotions,general_english_social_media
fam i fucking love name play gotta be the most exciting dude in the league other than name when he’s hitting everything from 30ft,happiness,goemotions,general_english_social_media
yeah sorry about that i dont mean it,sadness,goemotions,general_english_social_media
coming from name even though it’s a hypothetical question it’s still gotta feel scary,anxiety,goemotions,general_english_social_media
fuck your shitty ass title,anger,goemotions,general_english_social_media
i will eventually thank you for the kind words,happiness,goemotions,general_english_social_media
dude is really nice but i’m gonna be so upset if we ignore our huge need for a small forward again,sadness,goemotions,general_english_social_media
true he probably is just lonely thank you for the kind words,loneliness,domain_relabel,general_english_social_media
those are hoteps theyre delusional idiots no one takes them seriously,anger,goemotions,general_english_social_media
i would agree that doesn’t really address the conservative versus altright labeling issue though,sadness,goemotions,general_english_social_media
til religion are the second biggest religious group in arizonaim starting to see why its been red for so long,cognitive_fog,goemotions,general_english_social_media
me too they just slow everything down,neutral,goemotions,general_english_social_media
i’m sorry about your pup at least between the two of them she won’t be neglected i just feel badly for you,sadness,goemotions,general_english_social_media
what if she runs back to you just for more attention but still no interest in dating,cognitive_fog,goemotions,general_english_social_media
id really like to see one of these redstriped zebras,happiness,goemotions,general_english_social_media
everyone knows the name make good stuff shamwow guy,neutral,goemotions,general_english_social_media
dude she had just lost her baby too,sadness,goemotions,general_english_social_media
every single patch,neutral,goemotions,general_english_social_media
im not sure how is this as big an issue as you put it up to be,cognitive_fog,goemotions,general_english_social_media
the fuck come from nothing now something doesnt matter,anger,goemotions,general_english_social_media
hi don’t feel alone im here to talk if ya want if not thats cool too remember to try to be optimistic,loneliness,domain_relabel,general_english_social_media
yes please would make thing less overthinking and stressful,anxiety,goemotions,general_english_social_media
she liked the bumper sticker so much she decided to get it for herself,happiness,goemotions,general_english_social_media
the shocking conclusion,anxiety,goemotions,general_english_social_media
this is so scary keep safe i would put fencing up and become a licensed carrier at that point sounds like crazy druggies,anxiety,goemotions,general_english_social_media
is it really up to 11,cognitive_fog,goemotions,general_english_social_media
that sounds frustrating,anger,goemotions,general_english_social_media
that’s the face of trying your best not to smile at a bad pun,cognitive_fog,goemotions,general_english_social_media
what a crybaby don’t drink and drive,anger,goemotions,general_english_social_media
the acl is somewhere inside yes some people also said it was a lateral ligament hope he can recover quickly,happiness,goemotions,general_english_social_media
youre just upset because it accurately highlights the absurdity of the minimum wage,sadness,goemotions,general_english_social_media
this is my favorite reddit conversation i’ve seen in a while,happiness,goemotions,general_english_social_media
yeah that does actually most of this is news to me thanks for actually providing some articles,happiness,goemotions,general_english_social_media
yeah it’s the opponents club that should be scared of us we are real madrid,anxiety,goemotions,general_english_social_media
i love arbys,happiness,goemotions,general_english_social_media
i feel irritated and upset right now,anger,project_authored,eldermeds_conversation
invite everyone in the server it fills fast,neutral,goemotions,general_english_social_media
im a firm climate change believer but jeez that was painful to read sorry this is far from bestof,sadness,goemotions,general_english_social_media
it didnt last long sadly,sadness,goemotions,general_english_social_media
true and so sad to see somewhere along the way the governing of a country my mutual consensus turned into a national sport with 2 teams,sadness,goemotions,general_english_social_media
sorry pal it’s actually one of my least favorites,sadness,goemotions,general_english_social_media
i dont think the people who agree with this post fully understand how large a legion is,anger,goemotions,general_english_social_media
i cant imagine buds being very hard to find in hawaii,anger,goemotions,general_english_social_media
true i guess we all cheer for salt lake since they are directly affiliated with us,cognitive_fog,goemotions,general_english_social_media
if hes telling the truth he wont get fired for this because hes too essential,neutral,goemotions,general_english_social_media
that was helpful to hear thanks for your response,happiness,goemotions,general_english_social_media
fine i hope he has a fine wife and she’s fine if he shall need to pay a fine,happiness,goemotions,general_english_social_media
i came here for this you and your fancy teeth filled with toxic pfas can bite me,anger,goemotions,general_english_social_media
i enjoy fixing problems i think of it as a task that i can achieve people get to overworked when they set too unreachable goals,happiness,goemotions,general_english_social_media
til cheddar cheese didnt originate in the us thank you,happiness,goemotions,general_english_social_media
yep and because you do you’re going on the highway to hell,anger,goemotions,general_english_social_media
the faces in that drawing are kinda horrifying,anxiety,goemotions,general_english_social_media
lmao good luck tryna convince anyone you’re not just a brain washed redpiller tryna start shit just for validation,anger,goemotions,general_english_social_media
name buddy name being lonely is only much needed solitude in disguise a break from all the shit,loneliness,domain_relabel,general_english_social_media
sorry about that,sadness,goemotions,general_english_social_media
wonder which one belongs to name and what would be his final carbon footprint tally for this trip alone,cognitive_fog,goemotions,general_english_social_media
such a disappointment mobile games are such a shallow replacement for a full sequel what a let down,sadness,goemotions,general_english_social_media
i am not feeling good,sadness,project_authored,eldermeds_conversation
i dont know who wrote what but good call the ds are completely different from one to the other,cognitive_fog,goemotions,general_english_social_media
of course he will lie cheat and steal to make him self relevant to the public horrible person,anxiety,goemotions,general_english_social_media
thanks for your advice,happiness,goemotions,general_english_social_media
hugs my teddy bear and starts crying,sadness,goemotions,general_english_social_media
sometimes i feel bad if i dont every now and then i mostly talk with her on scig tho,sadness,goemotions,general_english_social_media
hes not wrong,sadness,goemotions,general_english_social_media
then name took little donnie two scoops out to get a happy meal because hes been such a good top businessman,happiness,goemotions,general_english_social_media
what is the least confusing racism to you,cognitive_fog,goemotions,general_english_social_media
i really hate this family nothing but snakeoil salesmen whos negative influence will reverberate for a new generation of young women who deserve better role models,anger,goemotions,general_english_social_media
that entire family is so embarrassing,anxiety,goemotions,general_english_social_media
hey just noticed its your 2nd cakeday fleecethread hug,happiness,goemotions,general_english_social_media
these people are holding our country back im happy natural selection is taking its course,happiness,goemotions,general_english_social_media
tiki lounge always smells like sewage im surprise its lasted this long,anger,goemotions,general_english_social_media
name you people are so fucking dumb,anger,goemotions,general_english_social_media
im just curious all those people who blamed you for his infidelity what are they saying now,cognitive_fog,goemotions,general_english_social_media
thats a succinct explanation thanks,happiness,goemotions,general_english_social_media
short and simple more embarrassing being a janitor or being in the unemployment line,anxiety,goemotions,general_english_social_media
shut tf up name,anger,goemotions,general_english_social_media
oh my name thats so awkward,anxiety,goemotions,general_english_social_media
sadly i’m younger 15,sadness,goemotions,general_english_social_media
new book or is he talking about 12 rules,cognitive_fog,goemotions,general_english_social_media
im not trying to intimidate you just saying that what you are doing is wrong and illegal and you should stop doing it,anger,goemotions,general_english_social_media
i am upset and weak,sadness,project_authored,eldermeds_conversation
name combat is terrible and the only reason i don’t play it anymore,anxiety,goemotions,general_english_social_media
thought they would be his least favorite band,neutral,goemotions,general_english_social_media
i can relate it kind of breaks your heart and your spirit doesn’t it,cognitive_fog,goemotions,general_english_social_media
worrying what other people think is what collectivists have brainwashed you to think and feel you are just a coward making excuses for your cowardice,anxiety,goemotions,general_english_social_media
i’d rather have 50 every time i see a variation of this prompt lol,happiness,goemotions,general_english_social_media
this is traumatising,sadness,goemotions,general_english_social_media
what are those baby blue thingies,cognitive_fog,goemotions,general_english_social_media
not the right sub im afraid,anxiety,goemotions,general_english_social_media
how much out of curiosity’s sake,cognitive_fog,goemotions,general_english_social_media
poor wee thing is probably terrified somewhere,anxiety,goemotions,general_english_social_media
not a single one of these allegations are of russian collusion its more perjury trap nonsense,anger,goemotions,general_english_social_media
and no one seemed to care except that lonely woman with white hair,loneliness,domain_relabel,general_english_social_media
i enjoyed the 150 seconds of this person going about their day uneventfully,happiness,goemotions,general_english_social_media
uploaded sept 20 2016 frysuspiciouseyesjpg,neutral,goemotions,general_english_social_media
this hurts to watch,sadness,goemotions,general_english_social_media
haha damn this put a huge smile on my face good job on handling that situation this almost deserves its own post,happiness,goemotions,general_english_social_media
things can be a little bit true you know it isnt all or nothing do you consider yourself a skeptic by the way,cognitive_fog,goemotions,general_english_social_media
well that’s horrific,anxiety,goemotions,general_english_social_media
gotta boost that self esteem,neutral,goemotions,general_english_social_media
lots of love,happiness,goemotions,general_english_social_media
its the top comment how weird,anger,goemotions,general_english_social_media
dude are you okay,cognitive_fog,goemotions,general_english_social_media
student of the game amazing physical attributes and devastating punching power humble enough to take bits and pieces from legends,anxiety,goemotions,general_english_social_media
kamala 2020,neutral,goemotions,general_english_social_media
im still a little surprised at how god awful that defense was the bengals definitely have some talent to work with,anger,goemotions,general_english_social_media
and if thats the case then there is no helping him it sucks that those people cant be helped,anger,goemotions,general_english_social_media
mmmm looks like some delicious asbestos tile being rubbed there,cognitive_fog,goemotions,general_english_social_media
notleynomics helps grow the economy once again thank name we have such good governance,happiness,goemotions,general_english_social_media
im sorry you felt alone its a terrible suffocating feeling of dread i hope you are feeling better and that you are in good health,loneliness,domain_relabel,general_english_social_media
oh yeah definitely sometimes i was with three people while on one date,neutral,goemotions,general_english_social_media
hot bath helps me or just heating pad on my breasts looks awkward but it helps,anxiety,goemotions,general_english_social_media
i reject that name cant defend now his legs being gone that might have legs,anger,goemotions,general_english_social_media
name cut spending significantly,neutral,goemotions,general_english_social_media
yo this name was literally pulling moves out of the hitman games jumping over to your balcony thats terrifying,anxiety,goemotions,general_english_social_media
that is not a law its a freaking poem that someone decided to write,anger,goemotions,general_english_social_media
2017s sky high fees proved that this tech fails on a large scale its a disappointing reality,sadness,goemotions,general_english_social_media
they talked about choosing either stance tho and i thought i read menu which makes me think of morrigan ult,cognitive_fog,goemotions,general_english_social_media
do you not commute to work its still like that during rush hour traffic,cognitive_fog,goemotions,general_english_social_media
she got exactly what she wanted,cognitive_fog,goemotions,general_english_social_media
there are levels of survival we are prepared to accept,neutral,goemotions,general_english_social_media
uhh speak for yourself maybe youre just too jittery ive not had a problem you simply dont move the stick and it wont move,anxiety,goemotions,general_english_social_media
no thats stupid,anger,goemotions,general_english_social_media
you seem pretty upset about this its not an email it is a formal filing it doesnt surprise me you dont understand that though,sadness,goemotions,general_english_social_media
they are so old and so predictable that they can not see how “silly” they look when they post articles like this,sadness,goemotions,general_english_social_media
a track would be much more suitable for this kind of recklessness keep this kind of dangerous driving off of public roads,anger,goemotions,general_english_social_media
i dont like name she is not relevant to the series,anger,goemotions,general_english_social_media
go you,neutral,goemotions,general_english_social_media
go pursue that education let name wallow in her own sadness,sadness,goemotions,general_english_social_media
i’m very sorry for the loss of your friend,sadness,goemotions,general_english_social_media
and when the 4th quarter needed it most it vanished,sadness,goemotions,general_english_social_media
i miss being little 😭😭😭,sadness,goemotions,general_english_social_media
right before that he called name for getting barged in the back and nearly kicked in the face weird performance didnt change the result mind,anger,goemotions,general_english_social_media
brilliant i have absolutely no idea whats going on,cognitive_fog,goemotions,general_english_social_media
you can anything you want when you have jordan bone,neutral,goemotions,general_english_social_media
because idiots in this sub care too much about what other people have on their screen it only tells me that too many people on here are narcissists,anger,goemotions,general_english_social_media
just sitting in the fast lane fishing for tickets ugh,anger,goemotions,general_english_social_media
oh that sounds gross now i have this horrible deamon alien like picture in my head 🤢,anxiety,goemotions,general_english_social_media
that arm flail of “ahhh stranger danger” cracked me up then sealed with a boop,neutral,goemotions,general_english_social_media
and everybody clapped fuck this loser,anger,goemotions,general_english_social_media
these name impersonators are getting terrible,anger,goemotions,general_english_social_media
yup not anymore keep your blood sugar up it really helps and drink water,neutral,goemotions,general_english_social_media
“people said i was stupid for stretching out my lobe so far that it ripped well who’s stupid now”,anger,goemotions,general_english_social_media
imagine being scared of a black bear,anxiety,goemotions,general_english_social_media
i interview applicants and respect people that ask about work life balance and harassment policy are applicants afraid of asking these questions,anxiety,goemotions,general_english_social_media
this is horrifying,anxiety,goemotions,general_english_social_media
im sorry dude drumming octopuss,sadness,goemotions,general_english_social_media
true im just glad i didnt have to go through my high school years we the her,happiness,goemotions,general_english_social_media
don’t i know it i can’t believe this breading station thing is so enormous,cognitive_fog,goemotions,general_english_social_media
my first thought was how bloody your hands are when your downed you turned blood and gore off good man,cognitive_fog,goemotions,general_english_social_media
i’m genuinely surprised that name didn’t believe name lipstick speech like that shit genuinely moved me,sadness,goemotions,general_english_social_media
i can understand political acrimony but the death of humor is really disappointing very sad indeed,sadness,goemotions,general_english_social_media
huge difference so important amen sister,cognitive_fog,goemotions,general_english_social_media
the ideal is not to have hope but to act like you do but if you must chose pick the former,neutral,goemotions,general_english_social_media
weed has never killed anyone until now,cognitive_fog,goemotions,general_english_social_media
hahahaha i love this man,happiness,goemotions,general_english_social_media
put it in a box and wrap it like a present bring it on as carry on,neutral,goemotions,general_english_social_media
oh hey this is pretty awesome ive never seen such a concise itinerary on one page before,cognitive_fog,goemotions,general_english_social_media
ive never heard of him do you have a link curious to see if he has any videos on accents im familiar with,cognitive_fog,goemotions,general_english_social_media
pretty good but i would put the bishop on b4 so that the knight will be in danger of the queen after taking the bishop,anxiety,goemotions,general_english_social_media
holy shit i’m stupid,anger,goemotions,general_english_social_media
yeah it’s a repost i saw this same exact post in a different subreddit couple months ago,neutral,goemotions,general_english_social_media
11 an hour doesnt leave a lot of room to be a hero,anger,goemotions,general_english_social_media
that moment when you feel isolated in rforeveralone never had anyone like me,loneliness,domain_relabel,general_english_social_media
you forgot our dear friends from paris,sadness,goemotions,general_english_social_media
am i the only one who really wants to know exactly what shit went down between them,cognitive_fog,goemotions,general_english_social_media
you dodged a bullet she sounds like shes easily manipulated and theyre nightmare in laws bad combo,anger,goemotions,general_english_social_media
im sorry for you but that pic is in the wrong subreddit,sadness,goemotions,general_english_social_media
youre welcome hope you enjoy them as much as i did,happiness,goemotions,general_english_social_media
honestly this type of support sounds very shallow it’s not like you’re gonna support women in any way when their babies are born,anger,goemotions,general_english_social_media
he’s been a duke homer since the 90s lol at this point in his career we know what we’re getting with name,happiness,goemotions,general_english_social_media
my mood is normal today,neutral,project_authored,eldermeds_conversation
that makes sense you had a good reaction time glad no one was hurt,happiness,goemotions,general_english_social_media
bet thatd cut down on road traffic accidents,neutral,goemotions,general_english_social_media
i feel worried and overwhelmed,anxiety,project_authored,eldermeds_conversation
being lonely without him is far better than being lonely with him good line im stealing that one,loneliness,domain_relabel,general_english_social_media
holy shit amazing response,happiness,goemotions,general_english_social_media
don’t worry he’s more afraid of you than you are of him just act tough it’ll workmaybe,anxiety,goemotions,general_english_social_media
how did i miss that,cognitive_fog,goemotions,general_english_social_media
agreed you cant count on him every night the entire team is frustrating as hell,anger,goemotions,general_english_social_media
yep i dont know how are arent up,cognitive_fog,goemotions,general_english_social_media
origin peak is a volcanic island less than 2000 years old volcanoes can appear very quickly,neutral,goemotions,general_english_social_media
seeing name score on them was unbelievable how embarrassing,anxiety,goemotions,general_english_social_media
there is too much pressure on me,anxiety,project_authored,eldermeds_conversation
i’m shocked that no one got whooshed by this comment,cognitive_fog,goemotions,general_english_social_media
i think it it would have been even worse if that was the case,anger,goemotions,general_english_social_media
your post is cogent rationale and completely confirms what i have always to some degree felt deep down thanks for sharing,happiness,goemotions,general_english_social_media
it is a regular day for me,neutral,project_authored,eldermeds_conversation
typical spewing of logical fallacies by a dotard go back to bestgunnit and play with the other special needs children,neutral,goemotions,general_english_social_media
possibly cool idea not well thought out,anger,goemotions,general_english_social_media
sorry thats a mistype i mean equally irresponsible,sadness,goemotions,general_english_social_media
its disgusting where our society is free tube sites need to be banned,anger,goemotions,general_english_social_media
as a closing tm that’s terrifying,anxiety,goemotions,general_english_social_media
some fragile egos seem very upset at the ad womp womp,sadness,goemotions,general_english_social_media
they 100 know each other maybe not personally,cognitive_fog,goemotions,general_english_social_media
wasn’t the black saber first seen in the clone wars but otherwise all true,cognitive_fog,goemotions,general_english_social_media
sad truth is you cant run away from who you are no matter how hard you try,sadness,goemotions,general_english_social_media
i’m broke dealing with my own mental illness and immediately concerned with just keeping the peace,sadness,goemotions,general_english_social_media
im not confident in name but he may be the best option,cognitive_fog,goemotions,general_english_social_media
fuck off,anger,goemotions,general_english_social_media
uh yeah that was a dumb question and if you thought it was going somewhere you re dead wrong,anger,goemotions,general_english_social_media
that is crazy,anger,goemotions,general_english_social_media
updooted like the filthy animal i am,neutral,goemotions,general_english_social_media
it’s got to be embarrassing at this point,anxiety,goemotions,general_english_social_media
go in appropriate attire with several copies of your resume and list of references good luck,happiness,goemotions,general_english_social_media
yeah it’s just a pointless invasive comment when it’s coming from a stranger,anger,goemotions,general_english_social_media
same can be said for fragile liberals who cant handle cultural traditions and keep trying to push the envelope,anger,goemotions,general_english_social_media
he broke the wheel so bad its going backwards,sadness,goemotions,general_english_social_media
yes that is so true why didn’t i think of that,cognitive_fog,goemotions,general_english_social_media
in sorry but that seems like quite a shallow grave,sadness,goemotions,general_english_social_media
ive read his and name further response and feel curious on the gofundme creators authenticity butnthats just me yay for positivity,cognitive_fog,goemotions,general_english_social_media
this is good what is it es carne de burro heh my names name,cognitive_fog,goemotions,general_english_social_media
today has been emotionally difficult,sadness,project_authored,eldermeds_conversation
im so glad name is better looking than how hes depicted in ufc ea 3,happiness,goemotions,general_english_social_media
no just a bastard pastry,anger,goemotions,general_english_social_media
oh sorry ill do that,sadness,goemotions,general_english_social_media
after name comment the stock prices fell and the name was never heard from again crab juice went up 4 points,neutral,goemotions,general_english_social_media
what did i ever do to you,cognitive_fog,goemotions,general_english_social_media
a mad men fan nice unfortunately i dont have any idea where to get this at,cognitive_fog,goemotions,general_english_social_media
its soooo cringy that i had to watch it again,anxiety,goemotions,general_english_social_media
im thinking like an old guy who doesnt want to deal with the responsibility of head coaching anymore,anxiety,goemotions,general_english_social_media
classic imperialism at its finest,neutral,goemotions,general_english_social_media
great for him to admit it not many people are that humble,happiness,goemotions,general_english_social_media
pls come back,neutral,goemotions,general_english_social_media
i feel disappointed and low,sadness,project_authored,eldermeds_conversation
i drove to alaska from washington state a couple years ago in a tractor trailer those roads are already pretty interesting,cognitive_fog,goemotions,general_english_social_media
i mean yeah tbh,neutral,goemotions,general_english_social_media
you clearly dont have a clue about name career so dont start worrying about it now,anxiety,goemotions,general_english_social_media
sub chill i see what you did there,cognitive_fog,goemotions,general_english_social_media
i was petrified,anxiety,goemotions,general_english_social_media
that sounds terrible,anxiety,goemotions,general_english_social_media
general population are scared of press,anxiety,goemotions,general_english_social_media
i guess thanks,happiness,goemotions,general_english_social_media
literally wasn’t the worst effort of the season,anger,goemotions,general_english_social_media
that weighs heavy on the heart i’m so sorry for your loss,sadness,goemotions,general_english_social_media
i do not feel good today,sadness,project_authored,eldermeds_conversation
name just make one shot and we’ll be happy,happiness,goemotions,general_english_social_media
wasn’t it 99 of the world’s population like how in the fuck is that even possible,cognitive_fog,goemotions,general_english_social_media
i enjoy that general area sections 203205 are good sections pricewide and view wise,happiness,goemotions,general_english_social_media
im afraid ill pick something else,anxiety,goemotions,general_english_social_media
oh god how i always wish she shows up to the lonely hearts party every time i watch that episode,loneliness,domain_relabel,general_english_social_media
wow i think youve done all you can,happiness,goemotions,general_english_social_media
of course man i really appreciate this but its okay i can just message you through here its fine,happiness,goemotions,general_english_social_media
this is so accurate,neutral,goemotions,general_english_social_media
i am mad about what happened this morning,anger,project_authored,eldermeds_conversation
the word nourish makes me cringe now tbh,anxiety,goemotions,general_english_social_media
florida he got two,neutral,goemotions,general_english_social_media
just watched this last night ron u make ma heart melt 😭,sadness,goemotions,general_english_social_media
well quite now i’m all annoyed,anger,goemotions,general_english_social_media
real class a asshole there,anger,goemotions,general_english_social_media
that feeling when you hire a really horny electrical engineer to make a comic,happiness,goemotions,general_english_social_media
cannot confirm i don’t see any dictatorship yet,cognitive_fog,goemotions,general_english_social_media
im sorry for your loss from the picture it looks like he had a great life if that helps,sadness,goemotions,general_english_social_media
its like an arts school but with dangerous easily weaponizable spells being flung all over the place,anxiety,goemotions,general_english_social_media
fournier with at least one air ball a game,neutral,goemotions,general_english_social_media
excellent analysis,happiness,goemotions,general_english_social_media
its very normal in most parts of the world it just rightfully appears horrifying to those in 1st world countries,anxiety,goemotions,general_english_social_media
ive been married 31 years and name still waiting whos the beta now name,neutral,goemotions,general_english_social_media
i love how his armor got bigger and bigger as he got progressively fatter,happiness,goemotions,general_english_social_media
you dont get to judge me,anger,goemotions,general_english_social_media
love that guy,happiness,goemotions,general_english_social_media
i can feel that mans feelings and im crying,sadness,goemotions,general_english_social_media
thank you for explaining,happiness,goemotions,general_english_social_media
i know what i said son,neutral,goemotions,general_english_social_media
nothing much is happening today,neutral,project_authored,eldermeds_conversation
nah youre fine this is why all souchefs are heathen,cognitive_fog,goemotions,general_english_social_media
if it gets caught it cant breed😱,anger,goemotions,general_english_social_media
many thanks,happiness,goemotions,general_english_social_media
you could notice he was a little bit nervous i think that was the main reason for his way of playing in this game,anxiety,goemotions,general_english_social_media
the 5 days got an audible name out of me thats terrifying,anxiety,goemotions,general_english_social_media
should probably go see some sort of doctor tbh,neutral,goemotions,general_english_social_media
very succinct and accurate,neutral,goemotions,general_english_social_media
infp i’m a very selfless person which helped me find friends but not a love interest or a partner,sadness,goemotions,general_english_social_media
i’d be afraid to get high after that yo,anxiety,goemotions,general_english_social_media
damn also awesome for the victims and others who spoke out about the abuse,anger,goemotions,general_english_social_media
name has a very high release point he throws like a 63 qb he also has a giant hands,neutral,goemotions,general_english_social_media
i feel sad and low today,sadness,project_authored,eldermeds_conversation
also hate the little 2 wheeled zapper,anger,goemotions,general_english_social_media
but i have to admit its catchy this is not and has not ever been an inherently positive characteristic about any song,sadness,goemotions,general_english_social_media
oh heck owo,neutral,goemotions,general_english_social_media
edgy bro,anxiety,goemotions,general_english_social_media
name is my 2nd favorite qb after name very high ceiling and name always seems to get the best out of his qbs,happiness,goemotions,general_english_social_media
my ego is pretty ok my funometer is a little off and needs calibration probably though,cognitive_fog,goemotions,general_english_social_media
a sorry lot,sadness,goemotions,general_english_social_media
seeing people overtaking on the right makes me anxious,anxiety,goemotions,general_english_social_media
sorry pal but your just england’s b team,sadness,goemotions,general_english_social_media
i feel i should do this even after living here for 7 years ive barely done any touristy things shame on me,anxiety,goemotions,general_english_social_media
truly wretched,sadness,goemotions,general_english_social_media
two different writers have two differing opinions im shocked just absolutely shocked i tell you,cognitive_fog,goemotions,general_english_social_media
depends on the drug weed makes me antisocial and when im in public i feel paranoid and i feel like everyone knows im high,anxiety,goemotions,general_english_social_media
i love this now when commies say they had the word libertarian first we can say we had class analysis first,happiness,goemotions,general_english_social_media
did it taste good i bet it tasted good,happiness,goemotions,general_english_social_media
spent time with them argue with them laugh with them cry with them we all get lonely when we are old,loneliness,domain_relabel,general_english_social_media
i think we still have a decent shot at the playoffs because the hornets are also really bad but i would rather miss it and tank tbh,happiness,goemotions,general_english_social_media
i had a big omnibus edition it was great but a good 45 inches thick,cognitive_fog,goemotions,general_english_social_media
we got some good sex scenes or is it blue balling bs,cognitive_fog,goemotions,general_english_social_media
that’s what i meant sorry bout that never fold aks pre,sadness,goemotions,general_english_social_media
not starting it at that temperature is a great way to drain your car of an ability to start pick your poison,anger,goemotions,general_english_social_media
i want to cry and rest,sadness,project_authored,eldermeds_conversation
i’m sorry mr name,sadness,goemotions,general_english_social_media
very insightful and tragic post op thank you for sharing and raising awareness as someone who has been through the trenches,happiness,goemotions,general_english_social_media
that whole name bit of im not gonna rape you im a little boy is oddly on target,neutral,goemotions,general_english_social_media
it was a few years ago now i’m afraid i don’t have it or i would,anxiety,goemotions,general_english_social_media
does it tickle inside your nostril i always imagined it would be annoying,anger,goemotions,general_english_social_media
i avoid them like the plague and report them,anger,goemotions,general_english_social_media
sometimes i think its like the movie shallow hal you see the person for who they really are on the inside and its terrifying,anxiety,goemotions,general_english_social_media
i wanted to romance name more than ive wanted to romance more than any other character in the series such an awesome dude,happiness,goemotions,general_english_social_media
ah i was also confused but i think they mean friends around the same age,cognitive_fog,goemotions,general_english_social_media
55 here of course i could never catch me one of those wonderful incels,sadness,goemotions,general_english_social_media
thanks for the recommendation hopefully my ulta will have some to swatch,happiness,goemotions,general_english_social_media
actually whoosh doesnt apply here because the criteria for whooshing is different,anger,goemotions,general_english_social_media
tournament was a blast met some really cool people loved it all thanks for holding it would love to do it again someday,happiness,goemotions,general_english_social_media
sounds like my sil with mehubby but shes a bitch and we never liked her anyways so neither of us really care lol,anger,goemotions,general_english_social_media
no no totally justified,cognitive_fog,goemotions,general_english_social_media
that is so creepy and scary imagine if he really was a dr and the only one available in your hmo,anxiety,goemotions,general_english_social_media
probably scared they’re gonna get flashed by a camera,anxiety,goemotions,general_english_social_media
sadly i think this is true maybe this is the incentive adults need to get into action,sadness,goemotions,general_english_social_media
lol this lasted long,happiness,goemotions,general_english_social_media
this is my fiancé and i hate it,anger,goemotions,general_english_social_media
and i can’t blame you whyy they are beautiful little bugs,anger,goemotions,general_english_social_media
words of wisdom do spend that cash in upgrading your ability cards,happiness,goemotions,general_english_social_media
happy new year everyone,happiness,goemotions,general_english_social_media
this was such a genius character even reading quotes makes me breakout laughing every time,happiness,goemotions,general_english_social_media
i hate that its over an interstate bridge so people traveling from the west from other states have to look at it edit because its fucking corny,anger,goemotions,general_english_social_media
gotta wonder how a fake bc could possibly result from a mixup,cognitive_fog,goemotions,general_english_social_media
imagine if you lived here and these people were your parents welcome to my reality,neutral,goemotions,general_english_social_media
that poor girl who said shed help out is about to get a surprise when she finds out she has to pay for the coffee,cognitive_fog,goemotions,general_english_social_media
the only death that made me feel any emotion and it wasn’t even the death itself,sadness,goemotions,general_english_social_media
a complete lack of selfreflection is a prerequisite for being a name supporter,sadness,goemotions,general_english_social_media
look on the bright side i dont know what your bright side is but just look at it,cognitive_fog,goemotions,general_english_social_media
only a dozen times that’s nothing you can do that in one evening you’re giving up before you even tried,anger,goemotions,general_english_social_media
death of fear is certain,anxiety,goemotions,general_english_social_media
apologies i take it all back as i’ve just seen his latest effort,sadness,goemotions,general_english_social_media
dont let your high expectations of government disappoint you,sadness,goemotions,general_english_social_media
maybe a wall of traffic,neutral,goemotions,general_english_social_media
whhhaaa really when was this,cognitive_fog,goemotions,general_english_social_media
dude i think youve just proven my point,cognitive_fog,goemotions,general_english_social_media
so then what do i do should i tell priests will they kick me out,cognitive_fog,goemotions,general_english_social_media
it should go well with kratom anyway i need to just eliminate anxiety and not have cravings,anxiety,goemotions,general_english_social_media
hope they had fun in the snow,happiness,goemotions,general_english_social_media
it’s pretty cringe,anxiety,goemotions,general_english_social_media
the huge attention paid by powerful male republicans takes makes a lot more sense when you consider this might be what they thought it was about,neutral,goemotions,general_english_social_media
greasy bastards are getting part of what they deserve some fines just don’t seem to be enough sometimes,anger,goemotions,general_english_social_media
and that still doesn’t debate the fact that he’s all about the money,cognitive_fog,goemotions,general_english_social_media
if youre cold and lonely theyre cold and lonely bring them in,loneliness,domain_relabel,general_english_social_media
you look like a failed attempt to gene splice name and name dna,sadness,goemotions,general_english_social_media
i am feeling hopeless and tired,sadness,project_authored,eldermeds_conversation
i’m kind of scared to talk to my manager about it,anxiety,goemotions,general_english_social_media
so sorry to hear that matey what a good dog give him lots of pets,sadness,goemotions,general_english_social_media
some of them will have to get new vehicles to meet the requirements that means we get cleaner air wheres the problem exactly,cognitive_fog,goemotions,general_english_social_media
qb coach too shit,anger,goemotions,general_english_social_media
i do not understand what happened,cognitive_fog,project_authored,eldermeds_conversation
she sucks but you don’t sound much better,anger,goemotions,general_english_social_media
sadly enough i was thinking the same,sadness,goemotions,general_english_social_media
it could be bait and switch which would be a surprise,cognitive_fog,goemotions,general_english_social_media
yeah it helps me too but i still dont feel well rested the next day,sadness,goemotions,general_english_social_media
name bless you fellow name what a wonderful testimony of the changes that name can make in us,happiness,goemotions,general_english_social_media
yikes what a loony bird,anger,goemotions,general_english_social_media
wooah o didnt know name had a son xd,cognitive_fog,goemotions,general_english_social_media
which one is he playing,cognitive_fog,goemotions,general_english_social_media
i feel angry and frustrated today,anger,project_authored,eldermeds_conversation
to this day i get nervous reading anything with name name in it,anxiety,goemotions,general_english_social_media
congrats happy for you,happiness,goemotions,general_english_social_media
i like how the ceremony goes right out the window after he delivers the rings to get all the pets,happiness,goemotions,general_english_social_media
clearly there is only one way to solve this dilemma communism,cognitive_fog,goemotions,general_english_social_media
i pray that you will have strenght to fight for yourself and go nc,happiness,goemotions,general_english_social_media
that number 3 is soooo familiar and sad,sadness,goemotions,general_english_social_media
well yeah youve gotta paint it white yourselves,anger,goemotions,general_english_social_media
f actor here as well also willing to learn anything and everything involving film,cognitive_fog,goemotions,general_english_social_media
i want to keep name name and name also name but he doesnt want to stay everyone else can go,neutral,goemotions,general_english_social_media
stumbling out of a closet in full name outfit im afraid its not,anxiety,goemotions,general_english_social_media
this is so true,cognitive_fog,goemotions,general_english_social_media
oh man this gave me some flashbacks to awesome times playing with my dad,happiness,goemotions,general_english_social_media
ahhh good old social forced slavery for real good advice thanks,happiness,goemotions,general_english_social_media
its ok i still have no idea how to add,cognitive_fog,goemotions,general_english_social_media
as name wishes he didnt want to be buried so they had is ashes thrown in a lake in india as name wanted please respect his wishes,sadness,goemotions,general_english_social_media
those other countries clearly exploited to shit dats cuz its not mah name you with your big brain logic,anger,goemotions,general_english_social_media
yea i wouldve lost it there,cognitive_fog,goemotions,general_english_social_media
does anybody have a serious answer to this,cognitive_fog,goemotions,general_english_social_media
breath little dude breath,neutral,goemotions,general_english_social_media
name is gorgeous and so are you,cognitive_fog,goemotions,general_english_social_media
i’m so sorry for your loss if you ever want to queue pm me for my steam,sadness,goemotions,general_english_social_media
ripped but not bulky is anything but unremarkable so attractive talented and rich i cant imagine what women see in guys like that,cognitive_fog,goemotions,general_english_social_media
what in the fuck now is garbage,anger,goemotions,general_english_social_media
dunno mate italy lookin strong,happiness,goemotions,general_english_social_media
depends on whats causing the hallucinations,neutral,goemotions,general_english_social_media
so we are really going to miss the playoffs in the same season as the 10 game win streak they are who we thought they were,sadness,goemotions,general_english_social_media
no noodlebox for you then sorry,sadness,goemotions,general_english_social_media
just bulk until you can control yourself again,neutral,goemotions,general_english_social_media
should start at 1mg and see how you feel,cognitive_fog,goemotions,general_english_social_media
ohhh this sounds interesting what pod,cognitive_fog,goemotions,general_english_social_media
its not about claiming its yours its just about where it is from,neutral,goemotions,general_english_social_media
the guy is clearly kidding not sure how you missed that,cognitive_fog,goemotions,general_english_social_media
name why im curious what youre thinking,cognitive_fog,goemotions,general_english_social_media
people who had theirs stolen or bought a base model with crappy wheels,neutral,goemotions,general_english_social_media
that’s sex discrimination the male class has their own bathrooms but the female does not,anger,goemotions,general_english_social_media
are you happy at your work,cognitive_fog,goemotions,general_english_social_media
very sorry for your loss,sadness,goemotions,general_english_social_media
i would make that face too if i just realized i was hc of the new york jets,cognitive_fog,goemotions,general_english_social_media
for the night is dark and full of terrors,anxiety,goemotions,general_english_social_media
pressing q everytime garrosh tries to throw someone helps tho if u wanna play support play like one thanks,happiness,goemotions,general_english_social_media
i meanthey both seem true to me,cognitive_fog,goemotions,general_english_social_media
yep just pc this time sorry,sadness,goemotions,general_english_social_media
oohhh so you go to school on a military base is your mom or dad in the military or both,cognitive_fog,goemotions,general_english_social_media
i keep wondering about armpit waxing but the potential pain scares me,anxiety,goemotions,general_english_social_media
goldfish are awesome pets they are cheaper to replace than they are to feed d,happiness,goemotions,general_english_social_media
dirty southern wankers,anger,goemotions,general_english_social_media
you are totally right complete waste of time,anger,goemotions,general_english_social_media
you are nervous just focus on the other stuff my dude,anxiety,goemotions,general_english_social_media
the title made me laugh so much after reading this glad things are going great with your wife many more happy years to you three,happiness,goemotions,general_english_social_media
you guys are so cute together good luck with the destressing,happiness,goemotions,general_english_social_media
is it because of the accents you thought they were the same,cognitive_fog,goemotions,general_english_social_media
id be shocked if he knew much of anything about the eu,anxiety,goemotions,general_english_social_media
good luck friend,happiness,goemotions,general_english_social_media
yeah i love my friends and my own cats on drugs theyre the perfect buddies i love being with them when im tripping,happiness,goemotions,general_english_social_media
the character missions are still there but they just unlock an outfit now,neutral,goemotions,general_english_social_media
i miss my family and feel alone,loneliness,project_authored,eldermeds_conversation
honestly wish i could do this i miss my long hair sometimes,sadness,goemotions,general_english_social_media
if they killed off women they’d start finding reasons to kill eachother off soon enough too,neutral,goemotions,general_english_social_media
name i hope we get lucky again great job with the write up i don’t follow college ball too much so this helps a ton,happiness,goemotions,general_english_social_media
ok thats why i was so confused of why i saw two name,cognitive_fog,goemotions,general_english_social_media
an escort is a person who provides a service do you refer to waiters as it,neutral,goemotions,general_english_social_media
gone girl 2 looks like its gonna be great,happiness,goemotions,general_english_social_media
go to class,neutral,goemotions,general_english_social_media
i definetly love some epistemology,happiness,goemotions,general_english_social_media
oh name i cant tell anymore,anger,goemotions,general_english_social_media
call ambulance or police for a wellness check but make her pay the ambulance fees callout fees not op it should teach her real fast,anger,goemotions,general_english_social_media
i love the north east can’t say much for the rest though,happiness,goemotions,general_english_social_media
name damn it i hate when enemy keepers use their hands and stuff to keep the ball outside their goal make a mistake pls,anger,goemotions,general_english_social_media
ok ok we got it,neutral,goemotions,general_english_social_media
thanks for the insight,happiness,goemotions,general_english_social_media
that was such a bad yellow he had the height and positional advantage such a bad challenge,anger,goemotions,general_english_social_media
i am not sure what day it is,cognitive_fog,project_authored,eldermeds_conversation
this picture really drives home that the cis can be super terrifying when they want to,anxiety,goemotions,general_english_social_media
cali is getting rain this weekend so going to miss that,sadness,goemotions,general_english_social_media
the sound isnt mixed terribly like in high school kids and a nice taxidermised bear in the usa a beautiful day,anxiety,goemotions,general_english_social_media
no shit stupidest idea having a safe place for junkies to get fucked up,anger,goemotions,general_english_social_media
tribe member they arent native so thats annoying to me because i am,anger,goemotions,general_english_social_media
i literally teared up reading this that poor poor guy he has a great attitude but thats heartbreaking,sadness,goemotions,general_english_social_media
this is horrific,anxiety,goemotions,general_english_social_media
like i said previously i realise they werent commonly called asylum seekers until recently however that doesnt mean that previously they werent asylum seekers,cognitive_fog,goemotions,general_english_social_media
i gathered that part from the boulder barnes and noble part was just curious if we were ever in the same ward,cognitive_fog,goemotions,general_english_social_media
i wish i wasn’t a failure of a person,sadness,goemotions,general_english_social_media
its free real essential oils,neutral,goemotions,general_english_social_media
wow really i watched a fair bit of kr contenders i guess i just wasn’t paying that much attention,cognitive_fog,goemotions,general_english_social_media
lol additionally “learning” physiotherapy as if we dptspts didnt spend our own 3 years learning,happiness,goemotions,general_english_social_media
replace that friend with a whole pile of desillusioned friends and you might as well me,happiness,goemotions,general_english_social_media
good i want them to remain crazed more winning for us,happiness,goemotions,general_english_social_media
name now you have my attention do you want your fun fact or no,cognitive_fog,goemotions,general_english_social_media
my mind is restless and stressed,anxiety,project_authored,eldermeds_conversation
thanks man that feels good to hear i’m glad someone is on my side and finally understanding how i feel about this season😄👍,happiness,goemotions,general_english_social_media
tried that for a year and still scrawny and look young 😂,sadness,goemotions,general_english_social_media
beat me to it just because the news makes it seem like there is a pandemic of school shootings it is exceedingly unlikely to happen,anger,goemotions,general_english_social_media
excited for you guys to be there see you there name,happiness,goemotions,general_english_social_media
well it depends on your level class and how good you roll,cognitive_fog,goemotions,general_english_social_media
were worse to animals than we were 100 years ago js,anger,goemotions,general_english_social_media
hulu is awful for this the volume on their commercials is deafening,anger,goemotions,general_english_social_media
how crazy is that matrix confirmed,happiness,goemotions,general_english_social_media
you dont understand what money is,neutral,goemotions,general_english_social_media
did you mean all of massachusetts or just boston because im pretty sure western mass drives well,happiness,goemotions,general_english_social_media
tell that to rpolygrumps very very nsfw dude they scare me more than this sub,anxiety,goemotions,general_english_social_media
so are leftists ones you will get banned for disagreeing with someone reeeeing at trump,anger,goemotions,general_english_social_media
i used to build a ramp and jump over other kids on my bike ala name i was amazed at the time,happiness,goemotions,general_english_social_media
good meme nice meme,sadness,goemotions,general_english_social_media
this converstaion reminds me of this old name cartoon apparently some people were upset by it,sadness,goemotions,general_english_social_media
kid still sad after eating food because it wasnt a happy meal,sadness,goemotions,general_english_social_media
it’s a shitpost 😐 also don’t tell me to shut up you’re not my mom or are you,anger,goemotions,general_english_social_media
its still usually allowed if the first thing touched is ball,neutral,goemotions,general_english_social_media
i like putting myself in the girls shoes so i love romances,happiness,goemotions,general_english_social_media
i am okay and nothing unusual happened,neutral,project_authored,eldermeds_conversation
i think she has a good chance,happiness,goemotions,general_english_social_media
i remember when wall wal mart tried to overtake the german market eat this wal mart,neutral,goemotions,general_english_social_media
thanks dude,happiness,goemotions,general_english_social_media
that was an oldfashioned good old hockey brawl what a fight name definitely got the best of him though,happiness,goemotions,general_english_social_media
best pen in baseball even though id still take name over name,sadness,goemotions,general_english_social_media
stop spreading false hope,anger,goemotions,general_english_social_media
thats called lust and is completely normal just dont get obsessive and do things to keep you busy and dont be afraid of them feelings,cognitive_fog,goemotions,general_english_social_media
very sure they are metal,cognitive_fog,goemotions,general_english_social_media
name is from the bay im sure he believes name is the greatest of all time as well,neutral,goemotions,general_english_social_media
if they actually want to prevent abortions they should be fighting for universal healthcare comprehensive sex ed and civilized parental leave policies,happiness,goemotions,general_english_social_media
any response helps and makes me feel like i’m not alonethank you❤️,happiness,goemotions,general_english_social_media
you’re not being used but she has no right to tell you what to do with your money,anger,goemotions,general_english_social_media
yuck no im waiting until marriage obvs,anger,goemotions,general_english_social_media
bds is a discriminatory bigoted hateful movement its not just oh i disagree with some things that israel has done,anger,goemotions,general_english_social_media
name forbid someone make a joke around you,anger,goemotions,general_english_social_media
nah its still funny i think it would be less funny if it was my country tho,happiness,goemotions,general_english_social_media
shouldve just given him the sum you usually pay and transfer the burden of awkwardness onto him,anxiety,goemotions,general_english_social_media
upvoted because she follows name,neutral,goemotions,general_english_social_media
im using mine on the consumer cellular customers that come in mad at me because they have to set up an apple account to use their iphone,anger,goemotions,general_english_social_media
the only part of church im sad my kids will miss,sadness,goemotions,general_english_social_media
24 minutes is not enough time to wash long hair 1015 minutes minimum stay strong,cognitive_fog,goemotions,general_english_social_media
i fucking love danbo thanks for putting it back in my head i see my future self there in a few hours,happiness,goemotions,general_english_social_media
its my masterpiece,happiness,goemotions,general_english_social_media
lmk if u come across anything,neutral,goemotions,general_english_social_media
love the cafe zoetrope such a charming place beautiful building too,happiness,goemotions,general_english_social_media
such an ignorant comment his reasoning is public information and is right,anger,goemotions,general_english_social_media
what and you’re not a vegetable s,cognitive_fog,goemotions,general_english_social_media
yeah i think most of what name says is sensible policy but this would be a step too far,happiness,goemotions,general_english_social_media
like i said i’m glad that’s working out for him but for most of the world being gainfully employed societal norms absolutely matter,happiness,goemotions,general_english_social_media
holy shit he hit him hard,anger,goemotions,general_english_social_media
thats an adorable horsie,happiness,goemotions,general_english_social_media
hahahaha the seedy underbelly of the competitve choir world exposed,happiness,goemotions,general_english_social_media
what did it say the mods on rrant deleted it,cognitive_fog,goemotions,general_english_social_media
no your are disrespectful at least i pay my respects,anger,goemotions,general_english_social_media
a is just horrifying if she were to die i’d want her to go painlessly,anxiety,goemotions,general_english_social_media
when i drove refers i was always afraid this would happen to me i always shut my doors im just a worrier,anxiety,goemotions,general_english_social_media
really visually haunting though for me it makes me think of strange alternate futures and dystopian scifi worlds,anxiety,goemotions,general_english_social_media
it’s also extremely expensive and school options are limited just a thought i’m all about advancing your career,sadness,goemotions,general_english_social_media
me me big sad,sadness,goemotions,general_english_social_media
wow that is shockingly uncool,anger,goemotions,general_english_social_media
what the fuck got that song on repeat right now,neutral,goemotions,general_english_social_media
yeah yikes i have no idea what happened there,cognitive_fog,goemotions,general_english_social_media
you know when i typed legal tender i had a horrible feeling i was going down a rabbit hole,anxiety,goemotions,general_english_social_media
did he just hecking kill name,cognitive_fog,goemotions,general_english_social_media
yeah you motherfucker,anger,goemotions,general_english_social_media
we really missing jv,sadness,goemotions,general_english_social_media
wow no wonder everyone is driving mopeds around thats all theres room for,cognitive_fog,goemotions,general_english_social_media
yeah but even then i feel like they could’ve went about it better,sadness,goemotions,general_english_social_media
you sick fuck it has heads and arms we can’t eat that,anger,goemotions,general_english_social_media
disgusting amount of oil,anger,goemotions,general_english_social_media
its so really sad how praising the creator name has become something associated with terrorism astaghfirullah,sadness,goemotions,general_english_social_media
naw man asain men have an easier time most of my asain friend are pretty boy fuckbois lol,happiness,goemotions,general_english_social_media
oh my name i can’t handle this,sadness,goemotions,general_english_social_media
lol still makes me laugh,happiness,goemotions,general_english_social_media
but should i and who would i report that too since none of us 3 are in the same country,neutral,goemotions,general_english_social_media
only solves her loneliness though that kid is not reproducing with anybody unless theyre not the only ones left on earth,loneliness,domain_relabel,general_english_social_media
i am practicing an speech for tonight when he drops by to see my dad i am every level of nervous,anxiety,goemotions,general_english_social_media
proud of you,happiness,goemotions,general_english_social_media
youre pushing me to adopting irrational and nonsensical beliefs dogs are cats now,anger,goemotions,general_english_social_media
i hope you are getting your levels tested you can do some damage to yourself if theyre too high,happiness,goemotions,general_english_social_media
dude wants to help his mother cool i do the same my mom lives in my basement but he is doing it with my money,anger,goemotions,general_english_social_media
i made my own sauce for chicken dishes this week i am happy lgd,happiness,goemotions,general_english_social_media
haha the death and suffering here haha he had kids haha he was a philanthropist haha you might be a sociopath,happiness,goemotions,general_english_social_media
thank you 😁,happiness,goemotions,general_english_social_media
thats how i used to feel but contracting oneitis added a heaping shitpile of loneliness and agony on top,loneliness,domain_relabel,general_english_social_media
what a legend true spidey meme master,neutral,goemotions,general_english_social_media
i said im curious to see how many women would do it,cognitive_fog,goemotions,general_english_social_media
i’d tell her nothing that freaking weirdo would just never see my kid the end disgusting,anger,goemotions,general_english_social_media
this is scary,anxiety,goemotions,general_english_social_media
this is one of the worst ive seen,anger,goemotions,general_english_social_media
hurr durr put well regulated back in the constitution ok name the fucking name,anger,goemotions,general_english_social_media
fuck you i was in the bed,anger,goemotions,general_english_social_media
i feel stable and ordinary,neutral,project_authored,eldermeds_conversation
heh i remember that commercial was pretty cringy,anxiety,goemotions,general_english_social_media
yikes as someone who dislocates things often name this scares me,anxiety,goemotions,general_english_social_media
yeah how dare he ask if you were feeling ok,anger,goemotions,general_english_social_media
this thread is one of worst things ive ever read,anger,goemotions,general_english_social_media
i’m afraid it will eventually go that way,anxiety,goemotions,general_english_social_media
i’m tryin to make the community better and bring this to peoples attention he’s a filthy cheater,anger,goemotions,general_english_social_media
i miss this show so much,sadness,goemotions,general_english_social_media
this really hurts my feelings,sadness,goemotions,general_english_social_media
2009 kpop stays legendary,neutral,goemotions,general_english_social_media
same i didnt want to stress and try the impossible winning 23 ranked matches in a day oof,neutral,goemotions,general_english_social_media
once you pop you can’t stop wait a minute,cognitive_fog,goemotions,general_english_social_media
go pack from rva,neutral,goemotions,general_english_social_media
i am confused about my routine,cognitive_fog,project_authored,eldermeds_conversation
i’m starting to worry that name is not okay,anxiety,goemotions,general_english_social_media
i ask them straight why they dont respect my decision that usually fixes it,cognitive_fog,goemotions,general_english_social_media
in that case i’m appalled,anxiety,goemotions,general_english_social_media
was the same with me for a couple of years before puberty i was frequently mistaken for an adult woman,anxiety,goemotions,general_english_social_media
this girl wasnt molested she was a young legal girl who thought it was cool to get with someone her dads age,anger,goemotions,general_english_social_media
i wouldnt necessarily call you and addict but you definetly have unhealthy relationship with mdma,anger,goemotions,general_english_social_media
i feel down since the morning,sadness,project_authored,eldermeds_conversation
thats really kind thanks stranger,happiness,goemotions,general_english_social_media
oh wow that’s nice of new york,cognitive_fog,goemotions,general_english_social_media
do you hate china then,cognitive_fog,goemotions,general_english_social_media
name has a drive that name doesnt at all he cares more about his hair than buying a house for his mom from what i have seen,anxiety,goemotions,general_english_social_media
i really hope we win tomorrow 500 halfway through the season would be insanely satisfying also i want to win lol,happiness,goemotions,general_english_social_media
you can see the regret in the eyes,sadness,goemotions,general_english_social_media
till they bark at the racists in your subreddit,neutral,goemotions,general_english_social_media
if you were better than the players you met every day you would be able to get better stats while playing against them,cognitive_fog,goemotions,general_english_social_media
hey we all love south park friend,happiness,goemotions,general_english_social_media
worried me there,anxiety,goemotions,general_english_social_media
that espn intro made me emotional 😭,sadness,goemotions,general_english_social_media
so green bay doesnt get him id be sad for the kid,sadness,goemotions,general_english_social_media
you wash your hands with hand sanitizer 🤔,cognitive_fog,goemotions,general_english_social_media
when your boss catches on to your fake call ins so you need a doctors note for a punctured lung,neutral,goemotions,general_english_social_media
stop using that excuse he hasnt been dominant since returning,anger,goemotions,general_english_social_media
i concur redact the label,neutral,goemotions,general_english_social_media
hey just noticed its your 2nd cakeday name hug,neutral,goemotions,general_english_social_media
aaaand im still here i dont have a alt account but whoever you reported im sure is alive and well youre terrible,anxiety,goemotions,general_english_social_media
this probably not a good file to keep on your phone if you are accessing this from within,anger,goemotions,general_english_social_media
sorry every time i try a link post my post fails i’m just doing a text post,sadness,goemotions,general_english_social_media
name has to have a shot tough son of a bitch also name name,anger,goemotions,general_english_social_media
i missed the part where that’s my problem cancels sm4,neutral,goemotions,general_english_social_media
honestly i realized they’re not really gatekeeping but name last comment shows the gatekeeping,cognitive_fog,goemotions,general_english_social_media
i feel sorry for this little girl shes legitimely scared,sadness,goemotions,general_english_social_media
please you deserve life you know it deep down inside,sadness,goemotions,general_english_social_media
i think you can find it in pieces on youtube but cw seed should work it’s odd that it isn’t,neutral,goemotions,general_english_social_media
we look like hawks at this time good old days,cognitive_fog,goemotions,general_english_social_media
the crime here is using the shaker parmesan crap,neutral,goemotions,general_english_social_media
i am just going through my routine,neutral,project_authored,eldermeds_conversation
thanks thats very helpful because i cant seem to decifer all of the levels of irony in some posts on this subreddit haha,happiness,goemotions,general_english_social_media
i am not well today,sadness,project_authored,eldermeds_conversation
if you just slam on the brakes and accommodate these assholes they usually dont even realize theyve done anything wrong,anger,goemotions,general_english_social_media
i love this movie one of my favorite little touches is the music name character is listening to,happiness,goemotions,general_english_social_media
it makes anyone unattractive,neutral,goemotions,general_english_social_media
rngbased access to very important mechanics is frustrating for some people,anger,goemotions,general_english_social_media
themmuns have everywhere infiltrated so they do,neutral,goemotions,general_english_social_media
ive seen some unfunny comment sections on rjokes but this one takes the cake,anger,goemotions,general_english_social_media
how did that tree not grow,cognitive_fog,goemotions,general_english_social_media
i could not agree with you more these selfish women crying abuse to manipulate,anger,goemotions,general_english_social_media
peta approved im out i hate peta even more than i hate mlms,anger,goemotions,general_english_social_media
it is like how i imagine name and name people seeing wooden ships across the water the first time,cognitive_fog,goemotions,general_english_social_media
happy birthday and im really glad i wont be feeling like you when you wake up tomorrow,happiness,goemotions,general_english_social_media
thats true but you see one man can really make a difference name i loved the movie,happiness,goemotions,general_english_social_media
deflections dont help your cause,anger,goemotions,general_english_social_media
oh that’s so sad that she thinks anyone cares about her opinion,sadness,goemotions,general_english_social_media
im afraid you have your terms mixed up,anxiety,goemotions,general_english_social_media
thank you ill try my best at least im not binging while im here,happiness,goemotions,general_english_social_media
i’ve read this exact same story except the car was a red porsche,cognitive_fog,goemotions,general_english_social_media
had to been done thank me later,neutral,goemotions,general_english_social_media
he’s a brave man,neutral,goemotions,general_english_social_media
paid 166 in arlington todaylove this,happiness,goemotions,general_english_social_media
i feel like this is just a really old meme lol,happiness,goemotions,general_english_social_media
name is so good at drafting too but he just struggles as a head coach i’d be ok with this,sadness,goemotions,general_english_social_media
you should’ve baked it in the oven huge difference in quality one of my favorite lonely friday night netflix meals,loneliness,domain_relabel,general_english_social_media
neat idea but it looks terrible as a tool its faster to just separate with your hands,anxiety,goemotions,general_english_social_media
im also scared,anxiety,goemotions,general_english_social_media
ashamed of being british,sadness,goemotions,general_english_social_media
i wonder the same thing where could i go where no one would ever find me i usually come around to dropping myself in the millworks,cognitive_fog,goemotions,general_english_social_media
for some reason im reminded of this,cognitive_fog,goemotions,general_english_social_media
i agree its needs a bit more due to the 88mm gun i’ve got the heat t round which really is kinda useless,anger,goemotions,general_english_social_media
outside of belpedio we really dont have a lot of decent call ups on d ps its amazing how much name has improved this year,neutral,goemotions,general_english_social_media
missing this roster 😢😢😢,sadness,goemotions,general_english_social_media
yea its a tricky one we need more buttons,anxiety,goemotions,general_english_social_media
the sad thing is relatively speaking these are actually pretty good living conditions check out harris ranch,sadness,goemotions,general_english_social_media
absolutely is sorry i just came by to say howdy back until i saw all the hubbah name,sadness,goemotions,general_english_social_media
im a woman and i lost mine at 26 was just a later bloomer this obsession with virginity is odd,sadness,goemotions,general_english_social_media
then he stabbed like five cops and hid in a haystack,anxiety,goemotions,general_english_social_media
i pirate anything i want to watch that is not on those platforms,neutral,goemotions,general_english_social_media
i dont know what the main broadcast is like but the mnf crew is amazing,cognitive_fog,goemotions,general_english_social_media
the city would have that removed so quickly to keep the cash cow mooing,neutral,goemotions,general_english_social_media
i think seager and urias will be better than any free agency acquisition we can possibly make if both are healthy,cognitive_fog,goemotions,general_english_social_media
the name he asked if i was was some foreign name it was so far off from my actual name i thought it was a joke at first,cognitive_fog,goemotions,general_english_social_media
bet you 20 she had more in her than 005 hell more than 008 hmm,neutral,goemotions,general_english_social_media
it kind of was for some people,neutral,goemotions,general_english_social_media
as a democrat even i am afraid of a super majority,anxiety,goemotions,general_english_social_media
this morning was great and i smiled a lot,happiness,project_authored,eldermeds_conversation
wifi and 4g are microwaves and it is radiation,neutral,goemotions,general_english_social_media
this cut so terribly deep and touched places i had hidden away im at a loss for words,sadness,goemotions,general_english_social_media
would of,neutral,goemotions,general_english_social_media
meanwhile my sister won’t even hug my goodbye when i drop her off at school,sadness,goemotions,general_english_social_media
never argue with religious people you cant win they think name is real after all,anger,goemotions,general_english_social_media
i just use a very generic “this card wont seem to process for some reason do you have another form of payment you could try”,cognitive_fog,goemotions,general_english_social_media
its free karma,neutral,goemotions,general_english_social_media
good for him most guys are like name and would take her back in an instant,happiness,goemotions,general_english_social_media
they can’t ask for much hes on his last year it’s similar to us and name,neutral,goemotions,general_english_social_media
thank you for this ❤️❤️🦵🏼,happiness,goemotions,general_english_social_media
rest in peaches j2d or whatever his name was nice meme,neutral,goemotions,general_english_social_media
you nailed the crazy eyes she scary,anxiety,goemotions,general_english_social_media
you have mental problems dude get off the internet and get a life,anxiety,goemotions,general_english_social_media
i gotta say that was a well fought period i was worried a couple times,anxiety,goemotions,general_english_social_media
i understand that but i enjoy the silence and lonely feeling i have,loneliness,domain_relabel,general_english_social_media
exactlywe need a car tunnel and then let the old road to be allowed for truck traffic,neutral,goemotions,general_english_social_media
im with the photo guy it would be an awful feeling to watch your date flirt with some other dude on your date,anger,goemotions,general_english_social_media
always and on a shallower note he is aging so well the handsome devil,anxiety,goemotions,general_english_social_media
how dare you assume my mortality o,anger,goemotions,general_english_social_media
youre right its all very murky,anxiety,goemotions,general_english_social_media
so i heard how is she havent seen her in a while,cognitive_fog,goemotions,general_english_social_media
considering you are also a child i cant say im surprised by your edgy hot take,cognitive_fog,goemotions,general_english_social_media
looks like he has a history of being an awful human,anger,goemotions,general_english_social_media
yet somehow that doesnt make death threats any less scary because of the fear the 000001 of them will try to follow through on that threat,anxiety,goemotions,general_english_social_media
why is that a concern their not language students nor are they part of an international language program,cognitive_fog,goemotions,general_english_social_media
yeah but youre not anymore im afraid,anxiety,goemotions,general_english_social_media
was not one of those players still want to go back to the mw2 days totally would if i still had my ps3,sadness,goemotions,general_english_social_media
dude let’s just offer them a choice between remaining and staying democracy lmao,happiness,goemotions,general_english_social_media
ugh im sorry man jerk off until your heart is content and dont apologize for it,sadness,goemotions,general_english_social_media
i dont just cringe i feel literal embarrassment for anyone who has watched it,anxiety,goemotions,general_english_social_media
if shes making inapropriate claims thats a problem too im not exactly sure what your point is,cognitive_fog,goemotions,general_english_social_media
wow how many beds is 22 wards,cognitive_fog,goemotions,general_english_social_media
they arent wrong here in illinois,cognitive_fog,goemotions,general_english_social_media
john 316 what are you on about edit also if this is the case then why is literally every genealogy in the torah by father,cognitive_fog,goemotions,general_english_social_media
girlfriend is straight off of shop hush social app and onto reddit someone tell her its slightly embarrassing,anxiety,goemotions,general_english_social_media
thats way dangerous to keep then together they may break out and start feedig on the other ear buds to gain heir strength,anger,goemotions,general_english_social_media
lincoln osiris,neutral,goemotions,general_english_social_media
i lost a six pack this way once for a good year every traffic stop became a field sobriety test,sadness,goemotions,general_english_social_media
cant believe he took the time to count that they both seem a bit obssesed,cognitive_fog,goemotions,general_english_social_media
how dare you shes in your flair too,anger,goemotions,general_english_social_media
its practically non existent im mostly afraid to initiate a hug because im afraid i dont knowforgot how to hug,anxiety,goemotions,general_english_social_media
its very convenient,happiness,goemotions,general_english_social_media
i think my family would leave tscc if that happened they are so sexiest,neutral,goemotions,general_english_social_media
i wish someone would talk with me,loneliness,project_authored,eldermeds_conversation
yah i unfortunately was sitting and watching this documentary with my mother that was very awkward,anxiety,goemotions,general_english_social_media
i would just beat up someone i really hate my brother,anger,goemotions,general_english_social_media
ive only seen the beginning of this videountil today,cognitive_fog,goemotions,general_english_social_media
youd better not cry,sadness,goemotions,general_english_social_media
oh certainly this winter has been mild it just started taking a dump on us the last week or so,neutral,goemotions,general_english_social_media
judging by this comment i’m sure women find you to be a real treat,neutral,goemotions,general_english_social_media
omg terrifying,anxiety,goemotions,general_english_social_media
in my eyes 6 la liga’s in a span of 18 years is just embarrassing,anxiety,goemotions,general_english_social_media
even if it does and they win a tourney name is gone after this year lol,neutral,goemotions,general_english_social_media
oh their theme gives me anxiety,anxiety,goemotions,general_english_social_media
i can’t help but notice they didn’t show name name or the most dramatic transformation of all name,neutral,goemotions,general_english_social_media
unfortunately successful and rich people blame foreigners too,sadness,goemotions,general_english_social_media
why im not familar with the situation this is the best nebraska team in decades from what i can see,cognitive_fog,goemotions,general_english_social_media
dont feel bad i am sure the otters are getting taken care care of just fine,sadness,goemotions,general_english_social_media
oh wow thanks so this person was going for that,happiness,goemotions,general_english_social_media
pilots omg you are not alone there,anger,goemotions,general_english_social_media
forever you are watching the name put 800000 people into unemployment because upholding name policies and ideas are anathema because they align with president name,neutral,goemotions,general_english_social_media
huge office fan and i agree name and name are annoying,anger,goemotions,general_english_social_media
the op is basically saying the sb is a product on a shelf with a price tag stating her time and body are commodities,neutral,goemotions,general_english_social_media
preach the nuthuggers and happy go lucky blind sheep if the front office are nowhere to be found so disappointed in this team,sadness,goemotions,general_english_social_media
6lbs is a lap dog if someone shoots that cause theyre scared its aggressive,anxiety,goemotions,general_english_social_media
come back,neutral,goemotions,general_english_social_media
im always stuck in platinum because every match is a loss no healer what so ever,sadness,goemotions,general_english_social_media
a mod like this especially if its exclusive to your servers would be full no matter what,neutral,goemotions,general_english_social_media
gotta love texas high school football for exposing me early,happiness,goemotions,general_english_social_media
i like your colour choices and i can feel your love of the city keep up the art sending you lots of love and healing,happiness,goemotions,general_english_social_media
shes thicc gigiddy,neutral,goemotions,general_english_social_media
just hit my 3pl8 squat been looking forward to this for a long time so really happy i finally got it now on to 4,happiness,goemotions,general_english_social_media
like an idiot,anger,goemotions,general_english_social_media
bro this is awesome,happiness,goemotions,general_english_social_media
dude has come up big in big situations time after time to doubt his talent and clutch ness is dumb,anger,goemotions,general_english_social_media
give it time,neutral,goemotions,general_english_social_media
thank you 😊,happiness,goemotions,general_english_social_media
like name and name,neutral,goemotions,general_english_social_media
haha even the name don’t want you hahah,happiness,goemotions,general_english_social_media
sounds good ya ill have to listen to those thanks,happiness,goemotions,general_english_social_media
grey socks and leather sandals that hurts me through the screen,sadness,goemotions,general_english_social_media
scary times we live in,anxiety,goemotions,general_english_social_media
im so sorry that your partner doesnt understand that you no longer want to put hormones in your body,sadness,goemotions,general_english_social_media
food pranks really irk me 😔,anger,goemotions,general_english_social_media
you got shafted,neutral,goemotions,general_english_social_media
good luck and godspeed,happiness,goemotions,general_english_social_media
so sorry for your loss,sadness,goemotions,general_english_social_media
no if anything the exact opposite couldn’t be further from the truth,neutral,goemotions,general_english_social_media
are you really that brain deadidiot,anger,goemotions,general_english_social_media
you make less than zero sense,anger,goemotions,general_english_social_media
did you know your post about your comment being downvoted is also being downvoted,cognitive_fog,goemotions,general_english_social_media
did he drug her or was she actually drunk when she ordered,cognitive_fog,goemotions,general_english_social_media
today feels normal and steady,neutral,project_authored,eldermeds_conversation
please dont use it as toothpaste it will destroy your teeth,sadness,goemotions,general_english_social_media
and i dub thee name an uninteresting name for an uninteresting person who has done absolutely nothing with their life,sadness,goemotions,general_english_social_media
we had a clown banging on dorm windows on campus with a knife in 2016 was terrifying,anxiety,goemotions,general_english_social_media
justifying a potential rape because its name and she should feel thankful wow,anger,goemotions,general_english_social_media
ah the classic i dont deserve you argument,anger,goemotions,general_english_social_media
ya know i hate lying but i guess id make an exception for this,anger,goemotions,general_english_social_media
arrogance of the highest order,anger,goemotions,general_english_social_media
omg is this the one that wore white 😳,cognitive_fog,goemotions,general_english_social_media
the last message was particularly painful to read,sadness,goemotions,general_english_social_media
and some of us wish to die first so we dont have to deal with the loneliness,loneliness,domain_relabel,general_english_social_media
i apologize if i came across that way it was not my intention i meant only to state a fact,sadness,goemotions,general_english_social_media
and people have the audacity to ask me what’s special about this series,neutral,goemotions,general_english_social_media
oats have proteins similar enough to gluten avenins that they can actually cause problems for some people with ceiliacs maybe thatd work,neutral,goemotions,general_english_social_media
woo new sci fi thanks,happiness,goemotions,general_english_social_media
ive never heard him say this news to me,anxiety,goemotions,general_english_social_media
thanks for clearing that up for me now i know that i do not need to rush a playthrough of the game,happiness,goemotions,general_english_social_media
never stop playing them i love going against legions and never see them enough in this game,happiness,goemotions,general_english_social_media
with that attitude i guess he won’t mind when you dumb him,anger,goemotions,general_english_social_media
here you go sis be warned tho top cringe,neutral,goemotions,general_english_social_media
grandoozys lineup was diverse yet managed to disappoint rock jam and edm fans thats a recipe for failure,neutral,goemotions,general_english_social_media
i just made french toast chili for lunchdinner,neutral,goemotions,general_english_social_media
soyou can link those then right,cognitive_fog,goemotions,general_english_social_media
super curious commenting to check in,cognitive_fog,goemotions,general_english_social_media
are we talking about name or name,cognitive_fog,goemotions,general_english_social_media
i am still just a little salty that he isn’t,neutral,goemotions,general_english_social_media
im still so sad we never got to see name witnessing his miracle babys first steps ☹️,sadness,goemotions,general_english_social_media
this whole sub makes me sad,sadness,goemotions,general_english_social_media
name is phenomenal it’ll be a sad day once he’s gone,sadness,goemotions,general_english_social_media
fuck a newspaper,anger,goemotions,general_english_social_media
meta if you feel otherwise please speak now or forever hold your bow,neutral,goemotions,general_english_social_media
im so sorry this is no way to be live or be treated its so immature and emotionallyabusive i really hope your circumstances improve,sadness,goemotions,general_english_social_media
were sorry all circuits are busy now due name lost keys try your call again,sadness,goemotions,general_english_social_media
considering that the majority of people who play poker still open limp im surprised these posts arent more common,cognitive_fog,goemotions,general_english_social_media
the school should make a list of sexual assaulters the boys who engage in this should be shamed publicly,anxiety,goemotions,general_english_social_media
nice find,neutral,goemotions,general_english_social_media
there’s a fairly strong intersection between white supremacists and antivacs from what i’ve noticed,cognitive_fog,goemotions,general_english_social_media
i have two and nothing has ever happened to me the media doesnt want you to show your support because they want supporters to feel isolated,loneliness,domain_relabel,general_english_social_media
that’s scary,anxiety,goemotions,general_english_social_media
to me the best smell a person can have is just a clean smell,neutral,goemotions,general_english_social_media
spiders in the corners of the house and praying mantis on the curtains best anti fly setup ever,neutral,goemotions,general_english_social_media
nope im good to go my goal this year is to drop a packet for warrant officer,anger,goemotions,general_english_social_media
this looks like dont hug me im scared,anxiety,goemotions,general_english_social_media
you seem worried name,cognitive_fog,goemotions,general_english_social_media
go on twitter,neutral,goemotions,general_english_social_media
if she deleted your snapchat just because you showed up to a bingo then it seems shes a bit of a bad person,anger,goemotions,general_english_social_media
this is very serious how dare you guys mock this serious science,anger,goemotions,general_english_social_media
congratulations welcome to the world new person,happiness,goemotions,general_english_social_media
i wish its too tiny to see from up here,neutral,goemotions,general_english_social_media
weebles wobble but they dont fall down,neutral,goemotions,general_english_social_media
i do like how he instantly turns to the pilot like dude turn around i dropped my phone,happiness,goemotions,general_english_social_media
youre simply suggesting betrayal in a different form,anger,goemotions,general_english_social_media
creep factor midnight virgins gonna be scared,anxiety,goemotions,general_english_social_media
seeing that knife on this subreddit put the fear of name in me,anxiety,goemotions,general_english_social_media
imagine wanting a crockpot that cooks enough for one person whats the point,cognitive_fog,goemotions,general_english_social_media
i see you flaired it with helpso what do you need help with,cognitive_fog,goemotions,general_english_social_media
that made me feel bad for nw,sadness,goemotions,general_english_social_media
i have no one to speak with today,loneliness,project_authored,eldermeds_conversation
get dunked on,neutral,goemotions,general_english_social_media
i am furious that nobody listened to me,anger,project_authored,eldermeds_conversation
whats your source for that just curious and yes i know it sounds like a tired contrarian statement,cognitive_fog,goemotions,general_english_social_media
yes views are a real thing that matters the very fact that a person makes an effort to appeal to voters is not,neutral,goemotions,general_english_social_media
thats amazing,happiness,goemotions,general_english_social_media
what a cringeworthy load of kak this is wow i have no words,anxiety,goemotions,general_english_social_media
name fucking name please no,anger,goemotions,general_english_social_media
just imagine disney characters without gloves yes its that horrifying,anxiety,goemotions,general_english_social_media
someone on reddit said hes like a football expert version of name on bojack horseman,neutral,goemotions,general_english_social_media
dude coyotes are no joke good job name,happiness,goemotions,general_english_social_media
i don’t want everybody to live the same way as me i just wanted to express the stupidity of it,anger,goemotions,general_english_social_media
i love you i think that helps me a lot,happiness,goemotions,general_english_social_media
great about to rewrite my many todo lists,cognitive_fog,goemotions,general_english_social_media
got it thank you,happiness,goemotions,general_english_social_media
thats your justification youre a terrible person correction youre a terrible child get some help,anxiety,goemotions,general_english_social_media
you can request a hand count at bottle drop i think,neutral,goemotions,general_english_social_media
this ones pretty fucking funny also lol to that kid with that shotgun the kick would break his shoulder in half,happiness,goemotions,general_english_social_media
sometimes it’s annoying but i think it’s at an okay place right now,anger,goemotions,general_english_social_media
you can be partners without being codependant you can also keep your individuality without worrying or hurting your relationship its all about communication,neutral,goemotions,general_english_social_media
me too i have so much shit and i can’t imagine taking any of it into my car and piling it that high wtf,anger,goemotions,general_english_social_media
i like name so far but i know im alone in that,loneliness,domain_relabel,general_english_social_media
yes and i wish people werent so afraid to say it as many times as necessary,anxiety,goemotions,general_english_social_media
i wonder how people who are in collegeundergrad who are in stable relationships do it,cognitive_fog,goemotions,general_english_social_media
i’m to scared to tell them,anxiety,goemotions,general_english_social_media
no no this sub has so much to offer so many great pictures to see you have a great place here,cognitive_fog,goemotions,general_english_social_media
thats just sad if its for a game,sadness,goemotions,general_english_social_media
which totally makes it less funny for a person like me who has never seen this before and laughed,happiness,goemotions,general_english_social_media
my wife is out for shabbos and im so lonely without her,loneliness,domain_relabel,general_english_social_media
willing to replace name for her,neutral,goemotions,general_english_social_media
name is scary,anxiety,goemotions,general_english_social_media
but but the lizards would eat the bugs,cognitive_fog,goemotions,general_english_social_media
well thats survival sweety run away live to fight another day you on the other hand are the one that learns the hard way and ends up dying first,anxiety,goemotions,general_english_social_media
these people have absolutely no confidence in their ability to make a living it’s pathetic,sadness,goemotions,general_english_social_media
im curious because this reminds me of where i used to go to school what town is it,cognitive_fog,goemotions,general_english_social_media
that movie really scared me when i was a kid,anxiety,goemotions,general_english_social_media
it happens so much that it really scares me tbh,anxiety,goemotions,general_english_social_media
if everyone liked exactly the same thing there would be a few very worn out girls and billions of lonely horny guys,loneliness,domain_relabel,general_english_social_media
nae bother happy to bring musical joy in to any household,happiness,goemotions,general_english_social_media
im a revolver guy so ive always admired the rhino and its low bore axis design the rhino and the kimber k6s are on my list,cognitive_fog,goemotions,general_english_social_media
mixed drinks are tastier and i hate raw clear spirits in particular,anger,goemotions,general_english_social_media
“i don’t need no more sisters i got enough last year” cut to shocked mid drag faces in the werk room,anger,goemotions,general_english_social_media
i wanna add on that the perk i was talking about is on the dagger from the pack which you can get standalone for 250 helix points,neutral,goemotions,general_english_social_media
but religion monks dont speak,cognitive_fog,goemotions,general_english_social_media
the older i get the more it hurts,sadness,goemotions,general_english_social_media
this has happened to me with the girls i tried to connect with irl as well as fa lonely girls from this very sub,loneliness,domain_relabel,general_english_social_media
that is incredibly disheartening,sadness,goemotions,general_english_social_media
thats the stuff of nightmares right there,anxiety,goemotions,general_english_social_media
a big fat phony,neutral,goemotions,general_english_social_media
thanks for answering,happiness,goemotions,general_english_social_media
magic city is a strip club in atl if you didnt know,neutral,goemotions,general_english_social_media
lol posting it on my story ya i was expecting alot of hate from my post xd my friends know me tho lol,happiness,goemotions,general_english_social_media
she just wants to make sure she has good casting for her character in the lifetime movie,neutral,goemotions,general_english_social_media
what a fuckin n,anger,goemotions,general_english_social_media
they just forgot to key in your lunch breaks still be happy you’re getting 40,neutral,goemotions,general_english_social_media
definite fridge horror moment for that movie that poor man,sadness,goemotions,general_english_social_media
i hope this grossed u out ur welcome 😎,happiness,goemotions,general_english_social_media
you cant argue that these are the same when clearly one of them has a monopoly over the market,anger,goemotions,general_english_social_media
that was truly disgusting,anger,goemotions,general_english_social_media
i also relate and regret,sadness,goemotions,general_english_social_media
i’m scared for y’all saying undone,anxiety,goemotions,general_english_social_media
and i answered sorry if you cant follow i agree that having a pet involves unnecessarily having power over a small animal,sadness,goemotions,general_english_social_media
im surprised that this is still happening despite the threats of an invasion of manbij,anxiety,goemotions,general_english_social_media
i will have one of each please not just far left and right all any doubles you might have as well thanks byeee,happiness,goemotions,general_english_social_media
yeah this is always my first thought when i read this kind of stuff kinda sad to be honest,sadness,goemotions,general_english_social_media
name doesnt know the pain of chronic masturbation though so i think name has the right,neutral,goemotions,general_english_social_media
exactly its like a deepity only longer and wronger,cognitive_fog,goemotions,general_english_social_media
devastating to hear of any news like this,sadness,goemotions,general_english_social_media
850 damage dealt but no kill,sadness,goemotions,general_english_social_media
this just really motivated me thanks,happiness,goemotions,general_english_social_media
i watching the jump and name pierce just said he created the step back what,neutral,goemotions,general_english_social_media
team chaplain edit to the downvoters he actually acts as team chaplain,neutral,goemotions,general_english_social_media
insensitive tweets dont help though,anger,goemotions,general_english_social_media
midland has a ton of smart people a lot of petroleum engineers,cognitive_fog,goemotions,general_english_social_media
can i see it,cognitive_fog,goemotions,general_english_social_media
cursed image,anger,goemotions,general_english_social_media
so theyre just not going to change it like they did in the louisville game thats cool,neutral,goemotions,general_english_social_media
yeah i could definitely see that which is sad,sadness,goemotions,general_english_social_media
i regret that i have but one upvote to give for your post very powerful,sadness,goemotions,general_english_social_media
expectations was amazing this ain’t it,anger,goemotions,general_english_social_media
name approved this comment,neutral,goemotions,general_english_social_media
sapa is pretty good but takashi is by far the best quality sushi in salt lake,neutral,goemotions,general_english_social_media
if this is actually how it goes i won’t feel so bad going from 5 to 8 in week 17,sadness,goemotions,general_english_social_media
my problem is i like to get high,neutral,goemotions,general_english_social_media
it still seems dangerous,anxiety,goemotions,general_english_social_media
those little whippersnappers are always generationgapping us 😂,neutral,goemotions,general_english_social_media
oof okay thanks for the info hopefully he fares better with our linetes,happiness,goemotions,general_english_social_media
still pretty embarrasing though p,anxiety,goemotions,general_english_social_media
today is neither good nor bad,neutral,project_authored,eldermeds_conversation
ok 🤷‍♀️ i believe in you you can do it,happiness,goemotions,general_english_social_media
be brave you have our support,neutral,goemotions,general_english_social_media
yeah i’m at the dh store so it’s far but not that far people really are horrible,anxiety,goemotions,general_english_social_media
bad news dude youre almost 100 years past that,sadness,goemotions,general_english_social_media
theyre all so cute heres mine,happiness,goemotions,general_english_social_media
youve never played against a good support name then,sadness,goemotions,general_english_social_media
more worried about the multitrillion dollars in entitlement programs than 5 on a wall,anxiety,goemotions,general_english_social_media
name is so cute and name is a very dashing name,neutral,goemotions,general_english_social_media
hahaha that’s amazing good for you,happiness,goemotions,general_english_social_media
i agree with everything you said i still fell sad for her but this is the consequences of her own choices,sadness,goemotions,general_english_social_media
i like abram wayyyy more that rapp i hope we can snag abram so we can use our first two picks to fill other holes,happiness,goemotions,general_english_social_media
sorry to hear that brother why do you feel more lonely now compared to usual,loneliness,domain_relabel,general_english_social_media
this is amazing man kick some ass make good food get paid congratulations,happiness,goemotions,general_english_social_media
im so nervous,anxiety,goemotions,general_english_social_media
i dont know the loneliness goes from mental pain to physical discomfort and pain,loneliness,domain_relabel,general_english_social_media
i have bought this but not played im scared hold me,anxiety,goemotions,general_english_social_media
that hurt too much to watch twice,sadness,goemotions,general_english_social_media
omg,neutral,goemotions,general_english_social_media
i worry that as soon as vr and ar take off itll be the nail in the coffin and we will be trapped,anxiety,goemotions,general_english_social_media
well i bought cheese when i went and was shocked at the great variety and lower prices that probably skewed my view,anxiety,goemotions,general_english_social_media
simultaneously terrible and awesome facial hair,sadness,goemotions,general_english_social_media
i was dispointed in 5 it was clearly thrown in to sell 3 as they wanted to make 3 not 5 d,sadness,goemotions,general_english_social_media
not for long,neutral,goemotions,general_english_social_media
crosspost from same community,cognitive_fog,goemotions,general_english_social_media
oh don’t worry i have an oil for that,anxiety,goemotions,general_english_social_media
can you stop living with this person engaging in it will only make it more toxic,anger,goemotions,general_english_social_media
curious as to why hes been passed up so many times now,cognitive_fog,goemotions,general_english_social_media
i feel left out and alone,loneliness,project_authored,eldermeds_conversation
how many of each have been killed or injured,cognitive_fog,goemotions,general_english_social_media
thats honestly less than i expected,sadness,goemotions,general_english_social_media
its not healthy though its processed lol i see what you did there pun intended,happiness,goemotions,general_english_social_media
oof somebody doesn’t like anyone to make jokes or enjoy anything it least we’re not complete pricks douche,anger,goemotions,general_english_social_media
so you are the only occupant in the dwelling that drives,cognitive_fog,goemotions,general_english_social_media
karma what a great example for us all sir,sadness,goemotions,general_english_social_media
yep exactly and he never demands the ball as well hes afraid of it,anxiety,goemotions,general_english_social_media
tell us more about this magical potion how do we craft it,cognitive_fog,goemotions,general_english_social_media
same thing with depression it’s becoming a trend and i hate it,anger,goemotions,general_english_social_media
they look like great bros sorry for your loss 3,sadness,goemotions,general_english_social_media
name no wife no child and felt lonely enough to ask the name for a clone of himself he then raised as his son,loneliness,domain_relabel,general_english_social_media
sorry mate you’ve got the wrong sub this is for bad uk,sadness,goemotions,general_english_social_media
very weird game but will definitely take the w,anxiety,goemotions,general_english_social_media
when its time its time,neutral,goemotions,general_english_social_media
ill be honest i just want new stories not prequels doing things in the past are just too limiting with storytelling,anger,goemotions,general_english_social_media
i agree it seems the recruiter is a poor communicator and i think that is where some of my apprehension is coming from,anxiety,goemotions,general_english_social_media
can you explain to me what sw brt means,cognitive_fog,goemotions,general_english_social_media
boys this team is 🔥🚒,neutral,goemotions,general_english_social_media
i like it i hope that answer is okay with you because i might lose sleep if its not,happiness,goemotions,general_english_social_media
yeah name couldnt do it name couldnt do it its probably not gonna happen again,neutral,goemotions,general_english_social_media
nobody said they dont have the right its still embarrassing,anxiety,goemotions,general_english_social_media
roll a blunt walk over and strike a conversation or mind your fcking business,anger,goemotions,general_english_social_media
shouldnt be driving baked anyways even if you think you can gives us stoners a bad rap,sadness,goemotions,general_english_social_media
yep shes completely isolated part of the abuse,loneliness,domain_relabel,general_english_social_media
she has not laid her hands on her phone to call another man in x years,anger,goemotions,general_english_social_media
thanks i desperately need to connect with other women,happiness,goemotions,general_english_social_media
read a book you fucking crook,anger,goemotions,general_english_social_media
you dont really work for the tsa if they arent paying you you are a slave go home,anger,goemotions,general_english_social_media
this comment made me very nervous,anxiety,goemotions,general_english_social_media
i saw your missing post and hoped you found your baby im sorry for your heartache,sadness,goemotions,general_english_social_media
i am grateful for my family,happiness,project_authored,eldermeds_conversation
i’m sorry,sadness,goemotions,general_english_social_media
name face looks like some actressmodel who i can picture in my head but i cant remember her name,cognitive_fog,goemotions,general_english_social_media
redpill is a modern name for an old sentiment and anyways matrix came out 20 years ago,cognitive_fog,goemotions,general_english_social_media
name is such an iconic runway model 🤣🤣🤣🤣🤣🤣🤣🤣🤣🤣🤣🤣🤣🤣👍🏻👍🏻👍🏻👍🏻,neutral,goemotions,general_english_social_media
its kind of worrying that you genuinely believe that leftwing people are actively trying to destroy their own country approaching usa levels of ridiculous viewpoints,anxiety,goemotions,general_english_social_media
if you buy a membership for yourself and your friends you can easily buy tickets to most games,neutral,goemotions,general_english_social_media
this is an incredible insight ive never thought of before loyalty vs disloyalty compared to care vs harm i mean,cognitive_fog,goemotions,general_english_social_media
people need to stop excusing bad behavior,anger,goemotions,general_english_social_media
what’s the clip from i’m scared to put “teen boy good kisser 900 number” into youtube,anxiety,goemotions,general_english_social_media
i wish i could forget about the redesign sadly reddit is adamant about reminding me all the time it exists,sadness,goemotions,general_english_social_media
i remember saying name messed up the timeline worse than name over a year ago,sadness,goemotions,general_english_social_media
so much lonely,loneliness,domain_relabel,general_english_social_media
yeah that happens t,cognitive_fog,goemotions,general_english_social_media
its just a hug,neutral,goemotions,general_english_social_media
i was afraid things would if we kept seeing each other which is why i brought this up to her now rather than later,anxiety,goemotions,general_english_social_media
please revise your post to include whatever your talking about because i have no idea what your referencing,cognitive_fog,goemotions,general_english_social_media
i am not good today,sadness,project_authored,eldermeds_conversation
honestly scared to see what happens,anxiety,goemotions,general_english_social_media
i think the main problem here is you missed that the person originally said franchises and not specifically overwatch that is burning,cognitive_fog,goemotions,general_english_social_media
i saw that comment and wondered if someone was going to post it here i almost feel bad maybe they’re lonely,loneliness,domain_relabel,general_english_social_media
bonus her infamous bizarre introduction video truly frightening,anxiety,goemotions,general_english_social_media
yea feel sad for that kid that native guy is an anti name activist who destroyed his life,sadness,goemotions,general_english_social_media
not in the slightest im actually dumbfounded,cognitive_fog,goemotions,general_english_social_media
i’m tired from working hard and i want someone to snuggle me to sleep,anxiety,goemotions,general_english_social_media
lol this was cosmetic thankfully both of mine are alive and well,happiness,goemotions,general_english_social_media
glucose guardian salmonblue you are doing amazing sweetie,happiness,goemotions,general_english_social_media
old can be a dangerous place gotta stay safe somehow,anxiety,goemotions,general_english_social_media
this is peak dundee,cognitive_fog,goemotions,general_english_social_media
i just spent the whole week sneaking away to smoke and trying to get into some girls shorts,neutral,goemotions,general_english_social_media
my father needs to read this i may be wrong tho,cognitive_fog,goemotions,general_english_social_media
it involves a relationship with a girl so i need a girls input sorry i’m not sexist or anything,sadness,goemotions,general_english_social_media
consciousness level the other is confused the other is dumb you are here the other is evil,cognitive_fog,goemotions,general_english_social_media
nier 1 is 2030 hours per playthrough nier automata is about 10 hours per route,neutral,goemotions,general_english_social_media
poor and lonely,loneliness,domain_relabel,general_english_social_media
i’m going to die right now i’m so scared tears and snot everywhere,anxiety,goemotions,general_english_social_media
name would never use name hes a good boy,happiness,goemotions,general_english_social_media
does that violate the nap or not hmm🤔,cognitive_fog,goemotions,general_english_social_media
lsd or the fungal kind out of curiosity,cognitive_fog,goemotions,general_english_social_media
is that the cobbler in the background of the family portrait this is great,cognitive_fog,goemotions,general_english_social_media
i dont understand the question do you stand to lose something by acting like an adult with integrity,cognitive_fog,goemotions,general_english_social_media
oh im sorry you holding up okay,sadness,goemotions,general_english_social_media
yeah somebody needs to seek counseling immediately,cognitive_fog,goemotions,general_english_social_media
in 5 days bones would not be crusted oversorry not buying it,sadness,goemotions,general_english_social_media
i didnt realize belgium was behind on climate change,cognitive_fog,goemotions,general_english_social_media
sorry for your loss mate,sadness,goemotions,general_english_social_media
i am here to tell you that it really will work out okay i have certainly felt like you before it sucks to feel lonely,loneliness,domain_relabel,general_english_social_media
thats actually kinda funny just hoping you dont ask for a transfer to the womens facilities,happiness,goemotions,general_english_social_media
the article was about legal delivery you big dummy i too love when people without knowledge of a situation respond like they know what’s what,anger,goemotions,general_english_social_media
this is considered being successful at this point in their lives if you live downtown lol,happiness,goemotions,general_english_social_media
that facial hairguy just finished playing red dead redemption 2 probably,neutral,goemotions,general_english_social_media
i grew up in a cornish village not much murder to be honest but plenty of drugs and pub lockins,neutral,goemotions,general_english_social_media
name to the fox lady “my record vs you would be 70”,neutral,goemotions,general_english_social_media
who was the molester in the family cause the way you worded it confused me,cognitive_fog,goemotions,general_english_social_media
new to the area i would think its due to the cold i havent seen my neighborhood this dark,cognitive_fog,goemotions,general_english_social_media
i am very angry about being ignored,anger,project_authored,eldermeds_conversation
oh man i love name shes so consistently good,happiness,goemotions,general_english_social_media
im sorry that america funded a coup but i get to have my medicare aoc,sadness,goemotions,general_english_social_media
mine is entirely too interested in any and all candlerelated mitzvot she basks in the shabbat candlelight and was absolutely spellbound by her first hannukah,neutral,goemotions,general_english_social_media
can i speak to the suns manager,cognitive_fog,goemotions,general_english_social_media
that just sounds like a show that would piss me off tbh,anger,goemotions,general_english_social_media
i dont know about that is that something,cognitive_fog,goemotions,general_english_social_media
but where,cognitive_fog,goemotions,general_english_social_media
i understand it but still cant ask questions i am too afraid,anxiety,goemotions,general_english_social_media
and isolated rooms when i had to go in with my baby with chickenpox they put us in a room where no one else was,loneliness,domain_relabel,general_english_social_media
fucking seriously,anger,goemotions,general_english_social_media
could this be an indication as to how the majority of the country wants the law,cognitive_fog,goemotions,general_english_social_media
wasnt he eagles top try scorer last year despite being a forward,neutral,goemotions,general_english_social_media
it better not as i only bought the bloody thing last week sorry guess im still in shock from the kettle dying,sadness,goemotions,general_english_social_media
what did the dyslexic atheist insomniac do last night he stayed up all night wondering if there was a dog,cognitive_fog,goemotions,general_english_social_media
youre telling me you dont get your meth from there,neutral,goemotions,general_english_social_media
saw thundamentals live happy that this song got in top 30,happiness,goemotions,general_english_social_media
i agree there’s no salt on that pretzelmonstrosity,sadness,goemotions,general_english_social_media
really i thought it had or at least it should guess im better off leaving too,sadness,goemotions,general_english_social_media
i don’t get this question as they know full well exactly why i am not married,cognitive_fog,goemotions,general_english_social_media
all the ladies can stay at my place,neutral,goemotions,general_english_social_media
important part of this surprising its not there,sadness,goemotions,general_english_social_media
i feel like that’s the least disgusting option imagine a penis or vaginal canal made out of fingers,anger,goemotions,general_english_social_media
yeah i am ill private message you a link to my profile thank you,happiness,goemotions,general_english_social_media
oh my god del monico horrific even the ambient smell in the hallways makes me gag,anxiety,goemotions,general_english_social_media
im afraid im gonna have to go with what he said about an hour ago unicorns he just ruled out any sort of,anxiety,goemotions,general_english_social_media
gotta hang tough,neutral,goemotions,general_english_social_media
this is why i’m afraid to fly,anxiety,goemotions,general_english_social_media
that made me laugh and if my mum’s mind was still here she’d laugh too,happiness,goemotions,general_english_social_media
i kill you scum,anger,goemotions,general_english_social_media
name there are somany but my favorite are hold you in my arms name dont forget me way out west name name,happiness,goemotions,general_english_social_media
im sorry it happened like that for you i really cant imagine,sadness,goemotions,general_english_social_media
name was speaking as a mans,neutral,goemotions,general_english_social_media
yes please do im worried about her d,anxiety,goemotions,general_english_social_media
this situation makes me feel angry,anger,project_authored,eldermeds_conversation
link pls i need to see this i bet he dropped it,cognitive_fog,goemotions,general_english_social_media
didn’t know if you knew so i was just trying to give context to your statement sorry,sadness,goemotions,general_english_social_media
im sorry for you loss man truly i am,sadness,goemotions,general_english_social_media
dont yall scream communist at everything and burn nike stuff for no legitimate reason,cognitive_fog,goemotions,general_english_social_media
hates the patriarchyhas an iphone designed by a man so hypocrite can be added to the list of bullshit that makes up your personality,anger,goemotions,general_english_social_media
name is a cute woman a shyster but cute,neutral,goemotions,general_english_social_media
i am 33 and i still regret things i said in the 5th grade,sadness,goemotions,general_english_social_media
theres an online service we had to upload everything to that checks it against all the other uploads it has received worldwide to detect plagiarism,neutral,goemotions,general_english_social_media
damn good thing i got those experts to tell me that id never have guessed,happiness,goemotions,general_english_social_media
even that game winning kick was close our kickers are cursed,sadness,goemotions,general_english_social_media
im 25 and i still dont have a license im terrified of driving and get anxiety every time im behind the wheel,anxiety,goemotions,general_english_social_media
i feel isolated from everyone,loneliness,project_authored,eldermeds_conversation
thanks for remembering i have since added to my post,happiness,goemotions,general_english_social_media
good thing you listened to your gut ran and made a lot of noise yikes glad youre ok,happiness,goemotions,general_english_social_media
i feel worried and stressed today,anxiety,project_authored,eldermeds_conversation
id punt her to another planet if she said that about my dog wtf is wrong with people 😠,anger,goemotions,general_english_social_media
thanks for posting this,happiness,goemotions,general_english_social_media
i was afraid of that,anxiety,goemotions,general_english_social_media
i was thinking that as well after i posted some nasty stuff settles on ceiling tiles,anger,goemotions,general_english_social_media
omg if the name and name run ill have the worst of time deciding who to vote for,cognitive_fog,goemotions,general_english_social_media
amazing doggo 😍,happiness,goemotions,general_english_social_media
everyone is born an atheist some gets afflicted with religion usually via their parents,anxiety,goemotions,general_english_social_media
guns katanas people need to recognize this so gun obsession stops being cool with virgins,neutral,goemotions,general_english_social_media
and the isle of man,neutral,goemotions,general_english_social_media
i have a boobs but a penis it’s quite the embarrassment,anxiety,goemotions,general_english_social_media
name gets punched in the head and gets a penalty,sadness,goemotions,general_english_social_media
is name also running as democrat,cognitive_fog,goemotions,general_english_social_media
but terrible people is my type,anxiety,goemotions,general_english_social_media
sorry but isnt this a little too obvious as the old saying the early bird catches the worm,sadness,goemotions,general_english_social_media
the fact that truechristian and truechristianity are so religion is extremely telling the faith is dishearteningly fractured,sadness,goemotions,general_english_social_media
from one eating disorder to another thats not recovery thats just sad,sadness,goemotions,general_english_social_media
i’m disappointed that no one has suggested taking her up oxo tower yet,sadness,goemotions,general_english_social_media
the second overall pick is pretty embarrassing,anxiety,goemotions,general_english_social_media
well hes right the evil is a choice its not inherent,cognitive_fog,goemotions,general_english_social_media
that last bit is part of the embarrassment actually,anxiety,goemotions,general_english_social_media
i like you youre smart cheeky and funny well played,happiness,goemotions,general_english_social_media
only 150 calories for two so its not as awful as a tub of ice cream still a bad message though,anger,goemotions,general_english_social_media
edward lear lovely chap,happiness,goemotions,general_english_social_media
cant relate because the sadness and loneliness is constant 😎,loneliness,domain_relabel,general_english_social_media
sorry bucko rnecrophilia got taken down i think your in the wrong place buddy here i’ll call you an uber take care of yourself,sadness,goemotions,general_english_social_media
well this is terrifying,anxiety,goemotions,general_english_social_media
just give me 20 million dollars and let me retire early gg wp life,neutral,goemotions,general_english_social_media
no just take care of your body fuck that,anger,goemotions,general_english_social_media
a burned hand teaches best after that advice about fire goes to the heart,cognitive_fog,goemotions,general_english_social_media
tell them i was born autistic,neutral,goemotions,general_english_social_media
this is extremely state specific,neutral,goemotions,general_english_social_media
how did limewire make money,cognitive_fog,goemotions,general_english_social_media
i am under pressure and cannot relax,anxiety,project_authored,eldermeds_conversation
i feel thankful and comfortable,happiness,project_authored,eldermeds_conversation
i joined the casuals on the couch and curled up in horror while watching this,anxiety,goemotions,general_english_social_media
i do not want to dwell into an unfruitful discussion with a troll,anger,goemotions,general_english_social_media
id rather just let them fester over there and deal with them when they hatch from their spores,neutral,goemotions,general_english_social_media
would love it if name showed up as church lady and played a solo on it,happiness,goemotions,general_english_social_media
i do have eap and was lucky enough to get 10 sessions using it i’ll chat with my boss tomorrow about taking time off thank you,happiness,goemotions,general_english_social_media
ive had good luck reselling on stubhub they take a cut but it is secure and easy to do,happiness,goemotions,general_english_social_media
it does imo i like being proud of india and i can not be proud if name wins,happiness,goemotions,general_english_social_media
great movie almost timeless,happiness,goemotions,general_english_social_media
this is beautiful and heartbreaking,sadness,goemotions,general_english_social_media
i was living for him now he left me im not gonna live anymore,sadness,goemotions,general_english_social_media
human nature also leads us to greed violence and aggression natural doesn’t equal good cancer is natural,anger,goemotions,general_english_social_media
spurs gonna get two in a row over us embarrassing,anxiety,goemotions,general_english_social_media
you’re a gorgeous bride d i love the looks you chose,happiness,goemotions,general_english_social_media
because its straight up untrue its a new ce idea but anyone relying on the sentiment is going to be repeatedly disappointed,sadness,goemotions,general_english_social_media
would i pull my gun if that were happening to me absolutely,cognitive_fog,goemotions,general_english_social_media
rover has treated us well,happiness,goemotions,general_english_social_media
i know shes literally only just been revealed but i love the name name,happiness,goemotions,general_english_social_media
yeah however you spell it i don’t play with them,anger,goemotions,general_english_social_media
possible spoiler what about the name animation,cognitive_fog,goemotions,general_english_social_media
name is available,neutral,goemotions,general_english_social_media
i just give a dead stare and say id rather be dead than pregnant i rarely get a response,neutral,goemotions,general_english_social_media
i can’t figure out how to pm you but i have a question about something on another post mom of 2 here 😂,cognitive_fog,goemotions,general_english_social_media
this is terrifying,anxiety,goemotions,general_english_social_media
wow you are quite the romantic,happiness,goemotions,general_english_social_media
i am not okay today,sadness,project_authored,eldermeds_conversation
i’m glad you had a great time here wishing you safe travels,happiness,goemotions,general_english_social_media
pauses clip to make sure thats not me were good what a disappointing name,sadness,goemotions,general_english_social_media
i miss having someone near me,loneliness,project_authored,eldermeds_conversation
tanks being strong is the reason why adcs get buffed,anxiety,goemotions,general_english_social_media
no mayo no care,anger,goemotions,general_english_social_media
this man looks so much older without the cap,cognitive_fog,goemotions,general_english_social_media
since you called me out for saying that i am defending the attacker then just point out which sentence i wrote led you to that conclusion,neutral,goemotions,general_english_social_media
thats a lot of words to say im upset that women dont want to date me,sadness,goemotions,general_english_social_media
looks cool i want it now,happiness,goemotions,general_english_social_media
i didnt realize its been posted that often good to know it was new to me,cognitive_fog,goemotions,general_english_social_media
clean break easier to not obsess when their life isn’t being thrown in your face,neutral,goemotions,general_english_social_media
i guess im confused why beliefs are not voluntary the link talks about conclusions based on that but doesnt seem to address the premise,cognitive_fog,goemotions,general_english_social_media
google “video game addiction” you’re already at step one you know you have a problem,cognitive_fog,goemotions,general_english_social_media
thanks for the advice it does presuppose that i am able to have that conversation with him though will give some thought to how to do it,happiness,goemotions,general_english_social_media
i wonder how many didnt get the joke,cognitive_fog,goemotions,general_english_social_media
haunt her forever,neutral,goemotions,general_english_social_media
not happy,sadness,goemotions,general_english_social_media
as always i leave reddit slightly more confused than when i came here,cognitive_fog,goemotions,general_english_social_media
did you make him finish the meal before he got the toy,cognitive_fog,goemotions,general_english_social_media
welcome im a fellow intja female was also lonely for a long time its great to feel home,loneliness,domain_relabel,general_english_social_media
give the kids back to the parent that actually cares about them name,neutral,goemotions,general_english_social_media
omg creepy,anxiety,goemotions,general_english_social_media
i wasn’t single and then the girl who i wasn’t single with informed me that i’m now single,neutral,goemotions,general_english_social_media
name had them a few months ago friend bought some for her sick dog,sadness,goemotions,general_english_social_media
nothing deserves doxxing oh come on the kneejerk against doxxing is so silly,neutral,goemotions,general_english_social_media
i miss them being alive,sadness,goemotions,general_english_social_media
i’d rather him act more like green arrow then name but i get what you mean,neutral,goemotions,general_english_social_media
man i miss those days la is pretty much dead now,sadness,goemotions,general_english_social_media
i really hope this is old and ironic,happiness,goemotions,general_english_social_media
i know right my parents are extremely proud grateful they dont have to help me pay debt,happiness,goemotions,general_english_social_media
i want 10 0 this organization deserves the embarrassment,anxiety,goemotions,general_english_social_media
i feel alone today,loneliness,project_authored,eldermeds_conversation
i lost it at “wait what did i do”,cognitive_fog,goemotions,general_english_social_media
saved this not op but i feel like you just threw me a life jacket thank you,happiness,goemotions,general_english_social_media
i have secondhand embarrassment for them both,anxiety,goemotions,general_english_social_media
sounds painful man,sadness,goemotions,general_english_social_media
name you disgust me but seriously when do we get a real show and skip the constant ad teases,anger,goemotions,general_english_social_media
what a cataclysm,sadness,goemotions,general_english_social_media
maybe even prettier,neutral,goemotions,general_english_social_media
caveman coding blunt force coding bubble sort,neutral,goemotions,general_english_social_media
oh my name i saw the rocks below the dog and feared the worst,anxiety,goemotions,general_english_social_media
cuteee,neutral,goemotions,general_english_social_media
good morning,neutral,goemotions,general_english_social_media
that must be so frustrating sounds like he’s digging his heels in and refusing to accept his faults,anger,goemotions,general_english_social_media
out of everyone why ac,cognitive_fog,goemotions,general_english_social_media
hurts to read,sadness,goemotions,general_english_social_media
yep there are some good things hidden in amongst the bad it would be disingenuous to claim otherwise,sadness,goemotions,general_english_social_media
ah i didnt understand the context,cognitive_fog,goemotions,general_english_social_media
youre just lonely dude dont mix that feeling with love,loneliness,domain_relabel,general_english_social_media
you need to look up what flaming is dont get offended just because im calling out 14 year old boys like you,anger,goemotions,general_english_social_media
sad rip,sadness,goemotions,general_english_social_media
become a name heres your first step if you want to take the path,neutral,goemotions,general_english_social_media
so sorry for your loss i lost my cat 6 years ago in 2021 due to terminal autism 😭😭,sadness,goemotions,general_english_social_media
mtv is so dramatic lol “beautiful love story”,happiness,goemotions,general_english_social_media
okay perfect ill definitely have that conversation with him then thanks for the help,happiness,goemotions,general_english_social_media
just try the free trial i got bored of it in 4 hours so no buy for me,sadness,goemotions,general_english_social_media
i’m scared of shots but i’m more scared of dying what antivaxxers are scared of is autism,anxiety,goemotions,general_english_social_media
oh that’s terrifying,anxiety,goemotions,general_english_social_media
if it shatters your little ego im fine with this,anger,goemotions,general_english_social_media
i am not fine,sadness,project_authored,eldermeds_conversation
damn i didnt know that you used to mod there,sadness,goemotions,general_english_social_media
something something thats how we do it in philly,neutral,goemotions,general_english_social_media
that’s a terrible amount of bp for 11 kills,anxiety,goemotions,general_english_social_media
the last few years have really woken me up to how misleading and harmful journalism is to our society,cognitive_fog,goemotions,general_english_social_media
i think people feel the need to catch up to guildmates so they can do end game content together,neutral,goemotions,general_english_social_media
do you work in education,neutral,goemotions,general_english_social_media
name was,neutral,goemotions,general_english_social_media
because people want to have more than the absolute bare necessities for survival,neutral,goemotions,general_english_social_media
it’s deeply bizarre,sadness,goemotions,general_english_social_media
that isnt the issue the issue is shilling your channel,anger,goemotions,general_english_social_media
we dont deserve sex with dogs,anger,goemotions,general_english_social_media
sad thing is it would probably forcibly ground the plane,sadness,goemotions,general_english_social_media
he looks fine so does that 1911 hes just holding his girls purse while she rummages through stuff shes right next to him,neutral,goemotions,general_english_social_media
shut up name we’ve had enough of experts,anger,goemotions,general_english_social_media
can you go see her in person,cognitive_fog,goemotions,general_english_social_media
that was a fluid motion and it scared me,anxiety,goemotions,general_english_social_media
i cannot remember what i did this morning,cognitive_fog,project_authored,eldermeds_conversation
real i did it yesterday when there was a large spider trying to hitchhike in my car,neutral,goemotions,general_english_social_media
there were people who knew about that before vice not me but people,neutral,goemotions,general_english_social_media
ah from what i understood you could barely read the biggest line on the chart i thought this was a general statement,cognitive_fog,goemotions,general_english_social_media
thank you and same to you i was a single ap once it was lonely do you see other people,loneliness,domain_relabel,general_english_social_media
when people protested the aca by calling it socialist it moved the frame of reference a bit,neutral,goemotions,general_english_social_media
and the players who are older than me are retiring and it looks like i might never play professional baseball,sadness,goemotions,general_english_social_media
your comment certainly does,neutral,goemotions,general_english_social_media
same to me but she has a handicapped placard but drives name and herself why,cognitive_fog,goemotions,general_english_social_media
nope this was saturdays sunset i wish i was out there today for the sunset,anger,goemotions,general_english_social_media
better order some of that virility drank,neutral,goemotions,general_english_social_media
i dont think you should ever be forced to do any work so obviously not,anger,goemotions,general_english_social_media
name wants to know what you really mean,neutral,goemotions,general_english_social_media
thank you i have never seen the word typed in that way before,happiness,goemotions,general_english_social_media
she clearly was too afraid to speak up,anxiety,goemotions,general_english_social_media
its cute that she thinks name thinks of her as a friend,neutral,goemotions,general_english_social_media
i feel bad today,sadness,project_authored,eldermeds_conversation
said to my very whitelooking brunette coworker once are you an oriental,cognitive_fog,goemotions,general_english_social_media
yeah you’re right i’m not fit for the position thank you for giving me the right words to say,happiness,goemotions,general_english_social_media
sorry but anarchoanything are bot welcome there,sadness,goemotions,general_english_social_media
lol well if its any consolation i thought it was funny,happiness,goemotions,general_english_social_media
so painful to watch,sadness,goemotions,general_english_social_media
does mama count,cognitive_fog,goemotions,general_english_social_media
honestly the fact that theyre over and done didnt truly hit me until i saw that they now have a greatest hits album,sadness,goemotions,general_english_social_media
destroyed property is the same as lynching someone for their race,anger,goemotions,general_english_social_media
i told their kid that it was okay to be upset he was anxious and i was validating his feelings,anxiety,goemotions,general_english_social_media
how is this the epitome of slavery nobody is forcing you to do this stop being dramatic,anger,goemotions,general_english_social_media
here you can see for yourselves,neutral,goemotions,general_english_social_media
frankly partisan politics aside i would really like to know where this fever dream of historical came from its mind boggling,cognitive_fog,goemotions,general_english_social_media
they definitely do they wouldn’t play something else then,neutral,goemotions,general_english_social_media
they didnt watch everton leicester yesterday pretty sure everyone was still drunk,neutral,goemotions,general_english_social_media
today is very bad for me,sadness,project_authored,eldermeds_conversation
same here i appreciate the truckers in this sub and how they emphasize safety,happiness,goemotions,general_english_social_media
yeah i’ll believe it when the packard plant is a bigger version of the factory at franklin,cognitive_fog,goemotions,general_english_social_media
i’m just worried about his attitude and approach with younger players editre worded,anxiety,goemotions,general_english_social_media
anyone know how i can tune in without paying for blaze tv subsription this gonna be good,cognitive_fog,goemotions,general_english_social_media
this is amazing i love it,happiness,goemotions,general_english_social_media
it’s a really depressing show kinda like mad men,sadness,goemotions,general_english_social_media
you made yourself useless playing their game instead of forcing them to play to your strengths,anger,goemotions,general_english_social_media
i’m sorry to hear you’ve been cheated on but you’re free makes it easier for nc if they found a new fp,sadness,goemotions,general_english_social_media
it was good but not great,sadness,goemotions,general_english_social_media
name lets celebrate together yall will be the king of new york praise marks,happiness,goemotions,general_english_social_media
success is the best revenge good job op stay strong youre almost there,happiness,goemotions,general_english_social_media
was that an inglorious basterds quote in there,cognitive_fog,goemotions,general_english_social_media
super creepy and leaving the note is out of line,anxiety,goemotions,general_english_social_media
generally you are still a “teacher” but i’m not sure 100 i know my instructional coach role is still “teacher” contractpay,cognitive_fog,goemotions,general_english_social_media
this reminded me a little bit of a story name tells about a name vs pack of coyotes skip to 48 seconds,neutral,goemotions,general_english_social_media
δ sorry i completely forgot about these but yeah you definitely changed my view,sadness,goemotions,general_english_social_media
i dont know any but my own im afraid,anxiety,goemotions,general_english_social_media
uh sorry were under trumpcare now,sadness,goemotions,general_english_social_media
i suggest going to the food carts buy some legal weed enjoy the bars go to washington park,happiness,goemotions,general_english_social_media
there’s this which is terrifying to think about,anxiety,goemotions,general_english_social_media
i have but i sugar discreetly and i’m genuinely afraid to have that compromised due to the field i’m in,anxiety,goemotions,general_english_social_media
men are disadvantaged literally everywhere,sadness,goemotions,general_english_social_media
like i said its painful,sadness,goemotions,general_english_social_media
it scares me that left to right is also possible for anyone,anxiety,goemotions,general_english_social_media
an innie,neutral,goemotions,general_english_social_media
women dont get an ego boost from and dont enjoy sex with men theyre ambivalent about,neutral,goemotions,general_english_social_media
the charisma myth its bullshit too,anger,goemotions,general_english_social_media
dont be so hard on yourself often things need time dont beat yourself up over it,anger,goemotions,general_english_social_media
that’s pretty awesome,happiness,goemotions,general_english_social_media
her playing with fire and getting burned stay strong,neutral,goemotions,general_english_social_media
ive never been more proud to campaign for a candidate i stg im so happy shes my congresswoman finally dumped comstock,happiness,goemotions,general_english_social_media
oh look its wr2 proceeds to get fucked,anger,goemotions,general_english_social_media
exs are exs for a reason let it go man for your sanity let it go,neutral,goemotions,general_english_social_media
name might be all those things but he pissed me off canceling his appearances at coachella and gov’s ball very unwavy of him,anger,goemotions,general_english_social_media
there is clearly something really goddamned wrong with the policy then,cognitive_fog,goemotions,general_english_social_media
“those floors with that paneling ugh disgusting”,anger,goemotions,general_english_social_media
youre right what a nightmare,anxiety,goemotions,general_english_social_media
sounds like you have a great doctor most are scared to give you any sort of advice like that,anxiety,goemotions,general_english_social_media
do these salinas officers not realize that noshave november is over,cognitive_fog,goemotions,general_english_social_media
nobody came to talk with me,loneliness,project_authored,eldermeds_conversation
thank you maybe its just best if i forget it,happiness,goemotions,general_english_social_media
i’m scared,anxiety,goemotions,general_english_social_media
thats horrifying,anxiety,goemotions,general_english_social_media
and here i am thinking that the animation after surrendervictory is annoying,anger,goemotions,general_english_social_media
i miss mass rez her new ult is horrendous,anxiety,goemotions,general_english_social_media
are you name,cognitive_fog,goemotions,general_english_social_media
thanks again,happiness,goemotions,general_english_social_media
this is the most unathletic thing ive seen in a while,sadness,goemotions,general_english_social_media
i got mine a few months ago and honestly apprehensive to wear it out to a game in fear of staining it,anxiety,goemotions,general_english_social_media
thanks that helps,happiness,goemotions,general_english_social_media
these rich fucking senators are completely out of touch with reality eat the rich,anger,goemotions,general_english_social_media
a great way to start the new year happy new year everyone,happiness,goemotions,general_english_social_media
good luck with ur sales get an ig page going and backpack off thugpug hashtags be a lot easier then on here,happiness,goemotions,general_english_social_media
haha thank you for all of this i’m sorry you can relate to it all you stay safe out there,happiness,goemotions,general_english_social_media
i am frustrated and losing patience,anger,project_authored,eldermeds_conversation
never noticed how unsettling palpatine looked,cognitive_fog,goemotions,general_english_social_media
one who retires at night weeping shall find joy in the morning,neutral,goemotions,general_english_social_media
i was also name we all make mistakes,sadness,goemotions,general_english_social_media
i lose track of what i am doing halfway through a simple task,cognitive_fog,project_authored,eldermeds_conversation
my thoughts feel muddled and i cannot organize them clearly,cognitive_fog,project_authored,eldermeds_conversation
i read the same paragraph several times but cannot follow it,cognitive_fog,project_authored,eldermeds_conversation
it is hard to keep my attention on our conversation today,cognitive_fog,project_authored,eldermeds_conversation
i walked into the kitchen and could not remember what i planned to do,cognitive_fog,project_authored,eldermeds_conversation
my mind feels cloudy even though i slept normally,cognitive_fog,project_authored,eldermeds_conversation
i start one chore and then forget which step comes next,cognitive_fog,project_authored,eldermeds_conversation
i cannot concentrate long enough to finish the newspaper article,cognitive_fog,project_authored,eldermeds_conversation
i keep losing the thread when someone explains something to me,cognitive_fog,project_authored,eldermeds_conversation
it takes extra effort to think through familiar tasks today,cognitive_fog,project_authored,eldermeds_conversation
my head feels unclear and decisions are difficult this morning,cognitive_fog,project_authored,eldermeds_conversation
i was making tea and suddenly lost track of the steps,cognitive_fog,project_authored,eldermeds_conversation
i cannot hold a thought in mind for very long today,cognitive_fog,project_authored,eldermeds_conversation
following the television story has been difficult because my attention drifts,cognitive_fog,project_authored,eldermeds_conversation
i feel mentally slowed and have trouble putting my thoughts together,cognitive_fog,project_authored,eldermeds_conversation
everything followed my normal routine today,neutral,project_authored,eldermeds_conversation
i had breakfast and completed my usual morning tasks,neutral,project_authored,eldermeds_conversation
the day has been ordinary with nothing unusual to report,neutral,project_authored,eldermeds_conversation
i took my medicine at the regular time,neutral,project_authored,eldermeds_conversation
i spent the afternoon doing my usual household chores,neutral,project_authored,eldermeds_conversation
things have been steady and normal today,neutral,project_authored,eldermeds_conversation
i watched the news and then prepared lunch,neutral,project_authored,eldermeds_conversation
my day went as expected,neutral,project_authored,eldermeds_conversation
there is nothing in particular on my mind right now,neutral,project_authored,eldermeds_conversation
i followed the same schedule i normally follow,neutral,project_authored,eldermeds_conversation
today has been uneventful,neutral,project_authored,eldermeds_conversation
i am doing about the same as usual,neutral,project_authored,eldermeds_conversation
i am irritated that this problem keeps happening,anger,project_authored,eldermeds_conversation
the repeated noise has been getting on my nerves,anger,project_authored,eldermeds_conversation
i felt angry when nobody listened to what i said,anger,project_authored,eldermeds_conversation
i am frustrated because the device will not work properly,anger,project_authored,eldermeds_conversation
that interruption annoyed me more than it should have,anger,project_authored,eldermeds_conversation
i am still upset and cross about how i was treated,anger,project_authored,eldermeds_conversation
having to explain the same thing again is making me impatient,anger,project_authored,eldermeds_conversation
i became irritated when my plans were changed without asking,anger,project_authored,eldermeds_conversation
this delay is very frustrating,anger,project_authored,eldermeds_conversation
i feel my temper rising when that happens,anger,project_authored,eldermeds_conversation
i was annoyed by the careless mistake,anger,project_authored,eldermeds_conversation
i am angry about the way they spoke to me,anger,project_authored,eldermeds_conversation
the rooms feel empty now that everyone has gone home,loneliness,project_authored,eldermeds_conversation
i have not had anyone to share a cup of tea with lately,loneliness,project_authored,eldermeds_conversation
evenings feel long when there is nobody here to talk with,loneliness,project_authored,eldermeds_conversation
i wish someone would stop by for a visit,loneliness,project_authored,eldermeds_conversation
i miss having another person nearby during the day,loneliness,project_authored,eldermeds_conversation
the telephone has not rung and i feel forgotten,loneliness,project_authored,eldermeds_conversation
i ate dinner alone again and missed having company,loneliness,project_authored,eldermeds_conversation
there is no one here to tell about my day,loneliness,project_authored,eldermeds_conversation
i feel cut off from the people i care about,loneliness,project_authored,eldermeds_conversation
the house has seemed too quiet since my family left,loneliness,project_authored,eldermeds_conversation
i would like somebody to sit and talk with me,loneliness,project_authored,eldermeds_conversation
i have been on my own all day and it feels difficult,loneliness,project_authored,eldermeds_conversation
i miss the sound of other people around the house,loneliness,project_authored,eldermeds_conversation
nobody has visited this week and i feel alone,loneliness,project_authored,eldermeds_conversation
i wish i had company this afternoon,loneliness,project_authored,eldermeds_conversation
it feels as though everyone is busy somewhere else,loneliness,project_authored,eldermeds_conversation
i have not spoken with another person since yesterday,loneliness,project_authored,eldermeds_conversation
sitting by myself for so long has made me feel isolated,loneliness,project_authored,eldermeds_conversation
i keep hoping a friend will call,loneliness,project_authored,eldermeds_conversation
i feel lonely even though i know my family cares about me,loneliness,project_authored,eldermeds_conversation
i misplaced my reading glasses once but found them beside the newspaper,neutral,project_authored_hard_negative,eldermeds_conversation
i was distracted by the doorbell and then returned to cooking normally,neutral,project_authored_hard_negative,eldermeds_conversation
i forgot one name briefly but remembered it a moment later,neutral,project_authored_hard_negative,eldermeds_conversation
i put the keys in a different drawer today and later found them,neutral,project_authored_hard_negative,eldermeds_conversation
i paused the program to answer the telephone and resumed it afterward,neutral,project_authored_hard_negative,eldermeds_conversation
i am worried about tomorrow but i can still think and follow every task,anxiety,project_authored_hard_negative,eldermeds_conversation
my attention is clear even though i feel nervous about the appointment,anxiety,project_authored_hard_negative,eldermeds_conversation
i keep imagining a bad outcome but have no trouble concentrating,anxiety,project_authored_hard_negative,eldermeds_conversation
i feel uneasy while waiting for the call and know exactly what i am doing,anxiety,project_authored_hard_negative,eldermeds_conversation
fear is keeping me awake although my thoughts remain organized,anxiety,project_authored_hard_negative,eldermeds_conversation
i cannot follow the recipe today but i do not feel worried or afraid,cognitive_fog,project_authored_hard_negative,eldermeds_conversation
my thoughts keep slipping away even though i feel calm,cognitive_fog,project_authored_hard_negative,eldermeds_conversation
i am not anxious but the steps of this familiar task will not stay in mind,cognitive_fog,project_authored_hard_negative,eldermeds_conversation
i feel mentally cloudy without any particular concern troubling me,cognitive_fog,project_authored_hard_negative,eldermeds_conversation
the conversation is hard to follow although i am emotionally settled,cognitive_fog,project_authored_hard_negative,eldermeds_conversation
i am frustrated with the delay but i am not frightened about it,anger,project_authored_hard_negative,eldermeds_conversation
the repeated mistake annoys me rather than making me nervous,anger,project_authored_hard_negative,eldermeds_conversation
i feel angry about being ignored and i am certain of what happened,anger,project_authored_hard_negative,eldermeds_conversation
this unfair rule irritates me but it does not worry me,anger,project_authored_hard_negative,eldermeds_conversation
i am impatient and cross because they are late again,anger,project_authored_hard_negative,eldermeds_conversation
i am nervous about speaking up but i am not angry with anyone,anxiety,project_authored_hard_negative,eldermeds_conversation
the uncertainty makes me uneasy rather than annoyed,anxiety,project_authored_hard_negative,eldermeds_conversation
i fear they may be late but i do not blame them,anxiety,project_authored_hard_negative,eldermeds_conversation
i am tense about the meeting without feeling irritated,anxiety,project_authored_hard_negative,eldermeds_conversation
i worry about the noise because it may signal a problem,anxiety,project_authored_hard_negative,eldermeds_conversation
i feel sad about the loss even though family members are here with me,sadness,project_authored_hard_negative,eldermeds_conversation
i have company today but the disappointing news still makes me unhappy,sadness,project_authored_hard_negative,eldermeds_conversation
i am grieving while surrounded by people who care for me,sadness,project_authored_hard_negative,eldermeds_conversation
my friend is beside me yet i still feel deeply down,sadness,project_authored_hard_negative,eldermeds_conversation
the painful memory makes me tearful and companionship does not change it,sadness,project_authored_hard_negative,eldermeds_conversation
i am not especially sad but i miss having somebody here to talk with,loneliness,project_authored_hard_negative,eldermeds_conversation
my mood is all right but the lack of company feels isolating,loneliness,project_authored_hard_negative,eldermeds_conversation
nothing bad happened today i simply wish someone had visited,loneliness,project_authored_hard_negative,eldermeds_conversation
i feel the absence of conversation more than any sadness,loneliness,project_authored_hard_negative,eldermeds_conversation
i would enjoy having another person nearby although i am not feeling down,loneliness,project_authored_hard_negative,eldermeds_conversation
i completed my chores and felt slightly tired afterward,neutral,project_authored_hard_negative,eldermeds_conversation
the cloudy weather continued while i followed my normal routine,neutral,project_authored_hard_negative,eldermeds_conversation
i stayed indoors today because rain was expected,neutral,project_authored_hard_negative,eldermeds_conversation
the house was quiet while i read my book as usual,neutral,project_authored_hard_negative,eldermeds_conversation
i did not have any special plans and spent the afternoon at home,neutral,project_authored_hard_negative,eldermeds_conversation
its not free though its ridiculously expensive,anger,goemotions,general_english_social_media
damn low tech bait bike,anger,goemotions,general_english_social_media
us girls are taught to always be polite screw that safety is more important,anger,goemotions,general_english_social_media
to be fair we’re still missing cp3 and name this game has been pretty ugly overall though,anger,goemotions,general_english_social_media
but i hate trannies and feminsts owo,anger,goemotions,general_english_social_media
as someone who has polluted their body with copious amounts of sugar i somewhat doubt steroids are any worse abuse anything and it will hurt you,anger,goemotions,general_english_social_media
i dont see anything about harassment in that statement weird,anger,goemotions,general_english_social_media
uhhweird flex but ok,anger,goemotions,general_english_social_media
i dont think theres any most women on this for me it took well over a year after my marriage broke up,anger,goemotions,general_english_social_media
im divorcing my narcissistic ex and that book helped me so much,anger,goemotions,general_english_social_media
name fucking practice and watch some tutorials before fucking up a 100 bottle of french champagne,anger,goemotions,general_english_social_media
80 minutes too late,anger,goemotions,general_english_social_media
why are you trying to cheat nj transit nj transit is in deep financial debt and you are trying to steal from them shame,anger,goemotions,general_english_social_media
hes done nothing to earn trust either he got ran out of miami,anger,goemotions,general_english_social_media
i hate deer damn big assed rats,anger,goemotions,general_english_social_media
don’t like blood of the dead by the looks of it,anger,goemotions,general_english_social_media
where did you get this its terrible,anger,goemotions,general_english_social_media
the bourgeoisie elected courts were going to backtrack on all name economic reforms fuck those guys,anger,goemotions,general_english_social_media
no i dont think i said that anywhere,anger,goemotions,general_english_social_media
i mastered the smelling weed in public just ignore them,anger,goemotions,general_english_social_media
this is almost irritating like take a breath shithead,anger,goemotions,general_english_social_media
yknow that is one of the main reasons farmers have a lot of kids right cheap labor,anger,goemotions,general_english_social_media
that is definitely an unpopular opinion upvoted,anger,goemotions,general_english_social_media
it’s shit it doesn’t let you see schedule information,anger,goemotions,general_english_social_media
i cant believe name is considered an mua and he can find match his foundation lmao,anger,goemotions,general_english_social_media
isnt this a sociopathic tendency a total disregard to your danger,anger,goemotions,general_english_social_media
the only thing i remember about that guy was the super racist remarks he made about name,anger,goemotions,general_english_social_media
this is so infuriating,anger,goemotions,general_english_social_media
this is almost worse than santa con can we get millenials to destroy this please,anger,goemotions,general_english_social_media
that’s beyond disgusting in every way,anger,goemotions,general_english_social_media
damned asshole trouble maker someone has mummy issues 👀,anger,goemotions,general_english_social_media
shittiest crowd weve got this season omg please stay home an empty arena would of been better than this shitshow tabarnack,anger,goemotions,general_english_social_media
not true backtested analysis shows that 85 stocks 15 bonds provides better returns,anger,goemotions,general_english_social_media
just for the sake of accuracy is there a citation for this quotation it is spicy but i can’t bother to check right now,anger,goemotions,general_english_social_media
but that makes even less sense the government is having a hard time collecting taxes therefore people are poor,anger,goemotions,general_english_social_media
what is beautiful about this planet nature is cold harsh and full of suffering and pain there is nothing beautiful at all about it,anger,goemotions,general_english_social_media
agreed rarely get mad at ones like hun or darl being called boy by an old man however is infuriating,anger,goemotions,general_english_social_media
i will not return to those wretched mines,anger,goemotions,general_english_social_media
to make money from money is disgusting and is screwing up the economy,anger,goemotions,general_english_social_media
service ontario isnt a ministry and i dont believe youre close friends with the heads of two ministries at all,anger,goemotions,general_english_social_media
i heard rumors of this from what i understand the plan is to set off nukes to get the core spinning again awesome movie reference btw,anger,goemotions,general_english_social_media
damn this kid and her fancy clothes makes me feel like a bad parent,anger,goemotions,general_english_social_media
thats not what is being contested here telling your kid something like this would certainly make you a bitch,anger,goemotions,general_english_social_media
never running from a real fight,anger,goemotions,general_english_social_media
what is it that you are posting twice all over the internet again,anger,goemotions,general_english_social_media
i want to learn this but booze seems to make me even more silent,anger,goemotions,general_english_social_media
lets say he quits or is fired we already know neither will happen who the name would we pick to replace him,anger,goemotions,general_english_social_media
unbelievable that we didn’t sign him also we could’ve potentially signed name the window we signed name kill me,anger,goemotions,general_english_social_media
if yall didnt like okc before you hate em now,anger,goemotions,general_english_social_media
how can anyone like tottenham like for real they are the worst team you could imagine in every department,anger,goemotions,general_english_social_media
you’ll just be throwing them up ain’t worth it,anger,goemotions,general_english_social_media
play stupid games stamkos win stupid prizes,anger,goemotions,general_english_social_media
man i hate that name guy,anger,goemotions,general_english_social_media
probably people being inappropriate and making light that police officers are number 14 on the list of most dangerous jobs in the,anger,goemotions,general_english_social_media
these refs have it out for the colts i didnt realize we traded our mvp 11 to kc either,anger,goemotions,general_english_social_media
its none of your business stay out of it,anger,goemotions,general_english_social_media
i hate that myself,anger,goemotions,general_english_social_media
i really don’t want the i told you so moment to ever arrive 😔,anger,goemotions,general_english_social_media
i hate text speak do you really want to dumb down your argument more than you need to,anger,goemotions,general_english_social_media
i feel stupid for not looking at her bio but i do have some more pictures,anger,goemotions,general_english_social_media
i dont wonder we have multiple examples af police behavior like this every day,anger,goemotions,general_english_social_media
nice job continuing to ignore the fact she lost her home and her father at the peak of the 2008 housing crisis you obtuse prick,anger,goemotions,general_english_social_media
most of the people commenting in rlibertarian arent libertarians but are just there to tell libertarians how stupid and evil they are,anger,goemotions,general_english_social_media
actually thats the wrong guy the guy youre thinking of is in prison now facing life this guy sucks just as bad though,anger,goemotions,general_english_social_media
ooof i have a hard time trusting asexuals who declare this information mid elationship,anger,goemotions,general_english_social_media
just because you lack critical thinking and reading skills doesnt mean i am a moron it means you need to learn how to think for yourself,anger,goemotions,general_english_social_media
yeah i don’t trust them either,anger,goemotions,general_english_social_media
when only rich people got elected and passed laws,anger,goemotions,general_english_social_media
dont read it just gets worse,anger,goemotions,general_english_social_media
oh man the whole story telling methodology was well done and well paced,anger,goemotions,general_english_social_media
yes you selfish prick,anger,goemotions,general_english_social_media
lol i’m just fucking around i can wait,anger,goemotions,general_english_social_media
for extra measure tape it right by your crotch so she cant take it for sexual assault reasons,anger,goemotions,general_english_social_media
the dress was trailer trash appropriate did he just run out of money for a good dress i mean 300 black undies,anger,goemotions,general_english_social_media
well if you already bought them why throw them away use them up and dont buy anymore,anger,goemotions,general_english_social_media
i have always found them grating,anger,goemotions,general_english_social_media
its called a fullstop in england my fucking immersion in this meme is ruined,anger,goemotions,general_english_social_media
no that means youre actually 41,anger,goemotions,general_english_social_media
a part of me rejects this as being real no person can be this delusional right,anger,goemotions,general_english_social_media
i ended up with my kneecap dislocated like that back in the 80’s it was a tragic hackysack accident 1210 would not recommend,anger,goemotions,general_english_social_media
was already mad when it wasn’t center then when it got knock over i was furious damn machine has no brains,anger,goemotions,general_english_social_media
literally everyone until there is not a single potential enemy left on this earth thats how fascism works buddy,anger,goemotions,general_english_social_media
he gave his 20 year old ex herpies dumped her and she killed herself he’s an awful person,anger,goemotions,general_english_social_media
also the phone is set to another language than the one being spoken which is a bit weird,anger,goemotions,general_english_social_media
this really shows how young and ignorant most of them are,anger,goemotions,general_english_social_media
and yet hes still plummeting in popularity even now no he aint babe,anger,goemotions,general_english_social_media
it is weird looks like you have awesome internet,anger,goemotions,general_english_social_media
theres so much missing information that is hard to dissect did you initiate the divorce what was the reason for the divorce,anger,goemotions,general_english_social_media
getting sucked in to a maneuver thurster or the primary ship screws are hell of away to go,anger,goemotions,general_english_social_media
thats what i say but the commercial is clearly pandering,anger,goemotions,general_english_social_media
i dont think this makes much sense for sacramento,anger,goemotions,general_english_social_media
this sounds like revenge not karma,anger,goemotions,general_english_social_media
he said i am being rude to her,anger,goemotions,general_english_social_media
compelling argument in line with expectation,anger,goemotions,general_english_social_media
why irritated i’m sure you said lots of nice stuff about name at the time,anger,goemotions,general_english_social_media
im praying they get a spinoff keep this crap off my vpr,anger,goemotions,general_english_social_media
no mom said it was my turn,anger,goemotions,general_english_social_media
i can see how you feel this did not teach a child to respect animals and im ashamed and upset honeslty no horse deserved that,anger,goemotions,general_english_social_media
totally irrelevant to my point,anger,goemotions,general_english_social_media
good for you to get out of it seems like a nasty example of narc abuse no contact,anger,goemotions,general_english_social_media
i dont believe you but even if that were true it still harms nobody,anger,goemotions,general_english_social_media
see this is why they should merge rforhonor and rforhonormemes cause clearly it makes no difference what subreddit it’s on,anger,goemotions,general_english_social_media
agreed everything she did was bad she didnt anything good at all edit grammar,anger,goemotions,general_english_social_media
oh look another shit call,anger,goemotions,general_english_social_media
how aren’t you in fucking school,anger,goemotions,general_english_social_media
we always look so hot headed at road 😞,anger,goemotions,general_english_social_media
definitely once i discover their toxic personality i couldnt care less about them,anger,goemotions,general_english_social_media
apple can still go kindly fuck itself tho,anger,goemotions,general_english_social_media
you’re the one who is stupid,anger,goemotions,general_english_social_media
expect the unexpected name funding secured,anger,goemotions,general_english_social_media
0 but then again most of us on here arent placing top 8 at majors so that could factor in,anger,goemotions,general_english_social_media
i mean okayi dont support those socalled religious liberty laws sootheres that,anger,goemotions,general_english_social_media
i wish then i wouldnt have had to pay full price for a switch and smash bros this xmas,anger,goemotions,general_english_social_media
i only buy venus razors in solidarity with women everywhere why should i get to make more and spend less on razors,anger,goemotions,general_english_social_media
she looks so corrupt same with name,anger,goemotions,general_english_social_media
ok this is phrased quite extremely but respectively not many people watch lgbt stuff like even the lgbt people watch more non lgbt stuff than lgbt stuff,anger,goemotions,general_english_social_media
i’m in my early 3 exactly this its the worst,anger,goemotions,general_english_social_media
demented feminist ad literally is just ad saying don’t be a scumbag k,anger,goemotions,general_english_social_media
there is no compromise with people who hold the american people hostage for something the american people dont want dont negotiate with terrorists,anger,goemotions,general_english_social_media
that guy who said that its a good idea to never smile towards women you like pass the book was ultraoverrated,anger,goemotions,general_english_social_media
how dare you disrespect name,anger,goemotions,general_english_social_media
it’s a fucking rockstar videogame not an old west farm and hunting simulator you pleb,anger,goemotions,general_english_social_media
welpi think your question came across as judgmental why did you ask it,anger,goemotions,general_english_social_media
he sexually assaulted you notify the police and the staff,anger,goemotions,general_english_social_media
oi us cancers don’t want him either we respectfully pass his birthday to april,anger,goemotions,general_english_social_media
ohh this is what reddit finds ridiculous about this situation,anger,goemotions,general_english_social_media
us postal service right might have something to do with the government shutdown but i’m not sure,anger,goemotions,general_english_social_media
this is a test now you have to give away that gold your donor was a cruel benefactor,anger,goemotions,general_english_social_media
that is not how that all went down good story though,anger,goemotions,general_english_social_media
there’s a special place in hell for u,anger,goemotions,general_english_social_media
ugh this is so beautiful the richness in those colors it makes me wanna cry,anger,goemotions,general_english_social_media
i dont want people to have bad lifes exactly but apparently many people not only admit this but gloat about it,anger,goemotions,general_english_social_media
its different when its your younger sibling people,anger,goemotions,general_english_social_media
i wonder why the fuck out of this alive well there was a perfectly reasonable explanation,anger,goemotions,general_english_social_media
id rather die than drive a volvo,anger,goemotions,general_english_social_media
oh i didnt realize they were also vegan,anxiety,goemotions,general_english_social_media
i can’t tell who’s wooshing who but i’m afraid to ask by this point,anxiety,goemotions,general_english_social_media
sorry for the dumb question but where do the pagers get their signal from are there still emitter around or do cellphone towers this job now,anxiety,goemotions,general_english_social_media
i thought it was illegal to practice ninjutsu,anxiety,goemotions,general_english_social_media
antivaxers arent funny anymore now theyre just scary,anxiety,goemotions,general_english_social_media
no one bugs me and yet youre scared to take your family in public because of patriot prayer,anxiety,goemotions,general_english_social_media
my greatest fears are getting wooshed and not getting the joke,anxiety,goemotions,general_english_social_media
i never used an escalator until i was about 16 and i still remember moving stairs scaring the hell out of me,anxiety,goemotions,general_english_social_media
i think this qualifies as rprorevenge honestly dude needs to face consequences more often otherwise he will keep trampling over people’s boundaries,anxiety,goemotions,general_english_social_media
eh 3 i dont know why i told him this but hes afraid his life is ruined,anxiety,goemotions,general_english_social_media
i realize i was too hasty in my conclusions,anxiety,goemotions,general_english_social_media
i’m a little scared of telling my parents i’m in high school how do i approach them about this,anxiety,goemotions,general_english_social_media
please treat me with modern medicine i have gastroparisis,anxiety,goemotions,general_english_social_media
idk how to use any the 5th one looks scary,anxiety,goemotions,general_english_social_media
i mean im genuinely not sure if id rather be tortured for all eternity or have to spend all eternity in sunday services,anxiety,goemotions,general_english_social_media
omg why does this sound like name,anxiety,goemotions,general_english_social_media
is this a real thing im a terrible stoner,anxiety,goemotions,general_english_social_media
unsure if op is serious or just being sarcastic i cant decide,anxiety,goemotions,general_english_social_media
oh such a embarrassing mistake or was it,anxiety,goemotions,general_english_social_media
breaking news husband borrows wifes car and should lose their job because of this,anxiety,goemotions,general_english_social_media
i want to go scuba diving so bad but swimming in anything bigger than a pool terrifies me,anxiety,goemotions,general_english_social_media
how long do we have to wait i might need rehab,anxiety,goemotions,general_english_social_media
plus what if something went missing even if they didnt steal anything it would be an awkward moment,anxiety,goemotions,general_english_social_media
oh joy now my life is complete 🙄 anything that ends in an asm should be avoided like the plague,anxiety,goemotions,general_english_social_media
really confused how every comment with more than 1 upvote says this isnt cringe and yet the post has 13k votes,anxiety,goemotions,general_english_social_media
yeah but how is that even possible if 99 of girls who are out are with friends that’s pretty intimidating,anxiety,goemotions,general_english_social_media
oh i have anxiety for her and this conversation,anxiety,goemotions,general_english_social_media
not threatening it is an exhortation to commit a violent sexual act against a woman,anxiety,goemotions,general_english_social_media
damn as a name name i fear who the last greek restauranteur in this death triangle will be,anxiety,goemotions,general_english_social_media
quitting porn only helped with my performance in bed other than that i’m still anxious as hell in social spots,anxiety,goemotions,general_english_social_media
thats what worries me the most the exposed glans is there anything you can recommend so i can prepare myself for underwear etc,anxiety,goemotions,general_english_social_media
right i am more focused on the length of the relationship vs their age,anxiety,goemotions,general_english_social_media
i’m anxious he’s shy we’re both teenagers and from what i understand his parents won’t let him have one,anxiety,goemotions,general_english_social_media
im 35 and never knew this was a thing anyone did until i saw this posted on facebook awhile ago it looks massively uncomfortable,anxiety,goemotions,general_english_social_media
it sounds like you’re the one who is afraid of the internet relax bud you’re on rcringe,anxiety,goemotions,general_english_social_media
thats a shame speaking of that though where are some good places to hear blues in the city,anxiety,goemotions,general_english_social_media
this was the one post that truly frightened me about the insane left they are a cult and not on our side,anxiety,goemotions,general_english_social_media
seriously in dutch right because hes so awkward on his youtubes in english,anxiety,goemotions,general_english_social_media
oh name that was horrible,anxiety,goemotions,general_english_social_media
i understand that there are issues however if someone chose to stay away from perth due to the violent behaviour then where would they go on holiday,anxiety,goemotions,general_english_social_media
after 8 im afraid after 5 it gets dark here early,anxiety,goemotions,general_english_social_media
also anxious that people will be angry or surprised or upset at me for me never telling people about this before,anxiety,goemotions,general_english_social_media
wow ap should find that video and flag whoever did thatdeep scary issues at play,anxiety,goemotions,general_english_social_media
i don’t understand your question why are you nervous if you are happy with the arrangement and he seems interested,anxiety,goemotions,general_english_social_media
yeah it is getting strange ive even been talking to a right wing poster for the last few days who is terrified of her,anxiety,goemotions,general_english_social_media
but why i have enough awkward moments in my life i just want to see comedy when i watch a show labeled as one,anxiety,goemotions,general_english_social_media
i have no idea i always imagined it was purely retail workers that browsed and posted here but i might be wrong in this instance,anxiety,goemotions,general_english_social_media
ive have a serious fear of getting winded this video made my balls fall off,anxiety,goemotions,general_english_social_media
what we are all gonna be corpses soon do i become that sooner,anxiety,goemotions,general_english_social_media
i dont understand why name is starting it on the feet,anxiety,goemotions,general_english_social_media
what if i dont fully have feelings for her and just really like her cuteness,anxiety,goemotions,general_english_social_media
can’t even tell what’s happening here this isn’t cringe,anxiety,goemotions,general_english_social_media
i always walked in the grass man am i weird,anxiety,goemotions,general_english_social_media
oh he did t quit when he just disappeared,anxiety,goemotions,general_english_social_media
i wonder what was more painful the stitches or the humiliation,anxiety,goemotions,general_english_social_media
its so odd he even sits in the copilot spot why isnt he now the pilot name had never even flown into space before,anxiety,goemotions,general_english_social_media
you mean ichigoneroblack rangerim a frog did not know that name voiced name but it does exsplain why he sounded so familiar,anxiety,goemotions,general_english_social_media
this is extremely dangerous and would completely marginalize anyone without a chip making it an absolute necessity for everyone to have a chip,anxiety,goemotions,general_english_social_media
the reason you keep going is the same as mine i just don’t know how we’ll get there,anxiety,goemotions,general_english_social_media
this guy ueightroundsrapid is sending me nude dms even though he knows im underage what do i do,anxiety,goemotions,general_english_social_media
dont you feel embarrassed at all that your country answers to a country literally opposite of the world from yours,anxiety,goemotions,general_english_social_media
its a strange decision that they scheduled this to conflict with the nfl playoffs in the united states,anxiety,goemotions,general_english_social_media
thats terrifying how can people do that to their own citizens,anxiety,goemotions,general_english_social_media
my bad i just realized it i’m 31m and she’s 31f,anxiety,goemotions,general_english_social_media
its this kind of fear that made me make this,anxiety,goemotions,general_english_social_media
you shouldn’t forget it and you probably need therapy years of abuse like that takes its toll,anxiety,goemotions,general_english_social_media
oh that wasnt me my baby brother must have grabbed my phone,anxiety,goemotions,general_english_social_media
roids are a lot more harmful than makeup,anxiety,goemotions,general_english_social_media
says millennials are afraid of hard work dismisses the hard work required to get a fit body,anxiety,goemotions,general_english_social_media
her attempts to be “edgy” fall flat are incredibly cringeworthy,anxiety,goemotions,general_english_social_media
is that were its from all i know is since i was young that is scary af,anxiety,goemotions,general_english_social_media
i was so scared to click that yet i did,anxiety,goemotions,general_english_social_media
what is his endgame people are talking about him but this just makes him look bad,anxiety,goemotions,general_english_social_media
that’s what i’m terrified of,anxiety,goemotions,general_english_social_media
i mean a lot of animals ive seen get terrified of regular stuffed animals imagine having your fears super sized like that,anxiety,goemotions,general_english_social_media
this is pretty worrying and makes me wonder why she can’t that’s not normal,anxiety,goemotions,general_english_social_media
well im scared as shit lets hope for the best benz should be back,anxiety,goemotions,general_english_social_media
oh i thought the laugh was from that one mech show,anxiety,goemotions,general_english_social_media
are you my coworker i swear my boss will randomly scream and its embarrassing,anxiety,goemotions,general_english_social_media
we knows mumps immunity wanes is it possible for measles immunity to do the same thing im kinda scared to try googling it too,anxiety,goemotions,general_english_social_media
its wonderful because its awful at not with,anxiety,goemotions,general_english_social_media
that looks like you need to go to the hospital asap or youll lose a limb and possibly more,anxiety,goemotions,general_english_social_media
such a strange signing hopefully he wont cause to many problems in the dressing room,anxiety,goemotions,general_english_social_media
dont worry when you turn 20 youll look back and cringe too,anxiety,goemotions,general_english_social_media
like i said stunning but not at all surprising you would reference name,anxiety,goemotions,general_english_social_media
i spend a lot of time worrying about how and why thatll happen to me as i get older,anxiety,goemotions,general_english_social_media
i don’t know who name is and at this point i’m too afraid to ask,anxiety,goemotions,general_english_social_media
anyone remember mean name burger and fries that place was the jam,anxiety,goemotions,general_english_social_media
yeah after i showed it to my friend a few minutes later i realized what he meant but i forgot to remove my post,anxiety,goemotions,general_english_social_media
that creepy realization that everything name says is projection,anxiety,goemotions,general_english_social_media
whoops just posted about those two subjects elsewhere itt before i saw your post,anxiety,goemotions,general_english_social_media
one of the scariest things about being in a cult is that you dont realize youre in a cult,anxiety,goemotions,general_english_social_media
reminds me of that black mirror episode where the lady is brainwashed after committing a crime and forced to repeat the same governmentmade story with mind controlling phones forever,anxiety,goemotions,general_english_social_media
in winter its so difficult for me to cope when i had been thinking of getting one but don’t know what they are doing,anxiety,goemotions,general_english_social_media
i did misread i saw 2327,anxiety,goemotions,general_english_social_media
why am i gonna do stop the ant i’m scared of him too,anxiety,goemotions,general_english_social_media
that is absolutely terrifying to me oh my god the idea that she was trapped as a toddler her entire life is just wow,anxiety,goemotions,general_english_social_media
chernobyl incident has scared everyone to death about nuclear im curious where we would be if that never occurred,anxiety,goemotions,general_english_social_media
oh gosh oh frick,anxiety,goemotions,general_english_social_media
acne scars unfortunately and also out of anxiety i tend to pick at my skin,anxiety,goemotions,general_english_social_media
what are your thoughts on public breastfeeding what a strange question to ask 😂😂😂,anxiety,goemotions,general_english_social_media
i had a nightmare about something similar the combination of high walls and water is truly scary,anxiety,goemotions,general_english_social_media
he did all this road to find this coconut oil are you ungrateful,anxiety,goemotions,general_english_social_media
that was the only place i saw and their pictures looked horrible might just have to go to the source and vacation in southern asia,anxiety,goemotions,general_english_social_media
im sorry but i dont get the joke can someone explain it to me,anxiety,goemotions,general_english_social_media
are you okay whats wrong,anxiety,goemotions,general_english_social_media
2 minute name is the scariest name i fear they have yet again like the regular season game scored too soon,anxiety,goemotions,general_english_social_media
color me embarrassed i wonder what colour hed be if she showed that text exchange to his missus,anxiety,goemotions,general_english_social_media
i got second hand embarrassment so hard my face is still red after few minutes of glancing at one of those google docs,anxiety,goemotions,general_english_social_media
thats a bit tricky to pull off,anxiety,goemotions,general_english_social_media
weird how these type of stories seem to happen to low level public figures in this case a actorsinger 🤔,anxiety,goemotions,general_english_social_media
i did not know donuts could be so complicated,anxiety,goemotions,general_english_social_media
i saw these in a cart and i was so confused why the tennis balls were so smallthen i noticed the word gum,anxiety,goemotions,general_english_social_media
i had a panic attack when i saw that thinking that i slept for 3 years and hall was a duck,anxiety,goemotions,general_english_social_media
wow that went south both times wanna try for a third,anxiety,goemotions,general_english_social_media
malicious intentions what are you talking about,anxiety,goemotions,general_english_social_media
if you are feeding your two year old 1200 calories then you are fattening them up for the stew lady,anxiety,goemotions,general_english_social_media
same sometimes when people ask me the number to something i sing this to them and only get confused looks,anxiety,goemotions,general_english_social_media
i know i should be worried but i am not which makes me very worried,anxiety,goemotions,general_english_social_media
omg what a nightmare i feel for you 😞 is there any way you could order it online,anxiety,goemotions,general_english_social_media
i cant believe people actually pay for these 😩,anxiety,goemotions,general_english_social_media
thats what i cant understand either what were they expecting by knocking on the door,anxiety,goemotions,general_english_social_media
could you imagine that would be so terrible for viewers 😂,anxiety,goemotions,general_english_social_media
i have seen this gif like once a week for a year and i still cringe every time,anxiety,goemotions,general_english_social_media
i know right what an embarrassment that local news would call that thing a tractor,anxiety,goemotions,general_english_social_media
breaking news man write oped about what’s bad for women,anxiety,goemotions,general_english_social_media
i know right i mean i liked le tigre but this is just damn embarassing,anxiety,goemotions,general_english_social_media
maybe so should i try to ask her about it im worried that will only scare her more,anxiety,goemotions,general_english_social_media
shoot i posted this in the wrong place here you are several sources happened last summer,anxiety,goemotions,general_english_social_media
looks like wood could be wrong,anxiety,goemotions,general_english_social_media
i always get concerned when i see nono standing at the stove or being instructed to pick milania up from demon spawn practice,anxiety,goemotions,general_english_social_media
im so afraid to weigh myself im gonna have to do it soon though 😭,anxiety,goemotions,general_english_social_media
deathly afraid the undersides of boats too i cant look if i see them in a picture or movie,anxiety,goemotions,general_english_social_media
but then how will i betray it,anxiety,goemotions,general_english_social_media
im concerned they actually have to press a button why no dead mans handle,anxiety,goemotions,general_english_social_media
power trip blindness is scary how someone cant see the obvious aftermath of acting like this with their employees,anxiety,goemotions,general_english_social_media
i know sorry i didnt want to translate some parts but i thought i had to,anxiety,goemotions,general_english_social_media
they come to your house and rob you at gun point be honest what are some ways that this could be resolved,anxiety,goemotions,general_english_social_media
i thought about it before but im afraid i might get in trouble,anxiety,goemotions,general_english_social_media
nowadays i get nervous watching steelers defense back then i couldnt wait to see what theyd do next,anxiety,goemotions,general_english_social_media
i love this place i have multiple things from them and the employees are super great,happiness,goemotions,general_english_social_media
sure they can help nurse name back to health,happiness,goemotions,general_english_social_media
as someone who is a big save the earth guy this is truly awesome and makes me proud to be a fan of the yankees,happiness,goemotions,general_english_social_media
i wish more than anything that i was name,happiness,goemotions,general_english_social_media
my favourite depictions of name and the gang are the ones where name is stoic and sassy and name and name are super emotional goofballs,happiness,goemotions,general_english_social_media
congrats bud hope it was a good 21st,happiness,goemotions,general_english_social_media
you are megalophobic my friend welcome to the club,happiness,goemotions,general_english_social_media
lets hope january treats us a little better than december,happiness,goemotions,general_english_social_media
less expensive than chainlink needs warning signs though and be within his property line,happiness,goemotions,general_english_social_media
i hope that really incredible sex is in your future thank you also you should write fortune cookies,happiness,goemotions,general_english_social_media
hope he takes a break before managing again i love the guy but he needs to updatereevaluate some of his tactics and methods,happiness,goemotions,general_english_social_media
i wish there was hope but we are all bracing for hard brexit my country is a laughing stock right now,happiness,goemotions,general_english_social_media
nope no joke also happy cake day,happiness,goemotions,general_english_social_media
i told him we werent sick we were just on drugs lol unexpected,happiness,goemotions,general_english_social_media
i was actually thinking naming it hardcore mode would make it more enticing for people too funny you called it that,happiness,goemotions,general_english_social_media
thisis so beautiful the stuff of dreams for sure ❤️,happiness,goemotions,general_english_social_media
i’m naming my dog sebastian so i can kinda relate lol def not the same love the name though,happiness,goemotions,general_english_social_media
this post is so helpful thank you,happiness,goemotions,general_english_social_media
i come up and hug her and say good morning usually joke around about the dog or something nothing negative really,happiness,goemotions,general_english_social_media
glad to see it resolved by someone as the community manager said not too long ago i wouldnt give in and pay,happiness,goemotions,general_english_social_media
sweet im a packers fan in winnipeg really hoping to catch a game there next season,happiness,goemotions,general_english_social_media
i love this i really want to hug name now,happiness,goemotions,general_english_social_media
name sure saved that one from swirling down the toilet thank you name,happiness,goemotions,general_english_social_media
hey at least he finds women,happiness,goemotions,general_english_social_media
the color of it is really cool too,happiness,goemotions,general_english_social_media
name didnt remember lol im dying,happiness,goemotions,general_english_social_media
im glad im not the only one that allocates points for road kills,happiness,goemotions,general_english_social_media
thanks for the gold kind stranger,happiness,goemotions,general_english_social_media
give spanish your best effort youll meet girls who speak english even if its pretty rudimentary dance and be confident,happiness,goemotions,general_english_social_media
oh that’s actually seriously a relief how do you know that though,happiness,goemotions,general_english_social_media
oh ye crazy again for 2019 huh,happiness,goemotions,general_english_social_media
dont get down on yourself early nc is very daunting good luck im 11 years nc from nmomlife is good,happiness,goemotions,general_english_social_media
thank yous in the form of hand gestures you carrot cake,happiness,goemotions,general_english_social_media
i smelled this meme coming in from a mile off so good p,happiness,goemotions,general_english_social_media
videos it’s basically a gif with sound pretty cool to see them in action,happiness,goemotions,general_english_social_media
lmao thats a funny coincidence,happiness,goemotions,general_english_social_media
lol you guys are as popular in this thread as in real life,happiness,goemotions,general_english_social_media
i like to laugh,happiness,goemotions,general_english_social_media
omg the etsy side hustle i have time to do that and it fulfills me so much,happiness,goemotions,general_english_social_media
i just encountered this on facebook and your title was my response did we just become best friends,happiness,goemotions,general_english_social_media
i had my skin half ripped off thanks to a belt machine never got my arm close to the belts,happiness,goemotions,general_english_social_media
lol thanks for the info,happiness,goemotions,general_english_social_media
good news good for you buddy hope all of us get back our money soon,happiness,goemotions,general_english_social_media
wishing you all of the best friend,happiness,goemotions,general_english_social_media
easy money thank you name,happiness,goemotions,general_english_social_media
desperation is unattractive stop being so desperate love yourself before you can love someone else,happiness,goemotions,general_english_social_media
thanks so need to try a donair sounds amazing,happiness,goemotions,general_english_social_media
thanks mate name is awesome,happiness,goemotions,general_english_social_media
that does make sense thanks,happiness,goemotions,general_english_social_media
your actions mean your gf is still being bullied nice move,happiness,goemotions,general_english_social_media
thank you that was driving me crazy i thought her response would actually be her correcting him,happiness,goemotions,general_english_social_media
cant wait to develop nutrient management plans for crop production,happiness,goemotions,general_english_social_media
fair enough thats useful and relevant if anecdotal evidence i whish there where good studies on all of this,happiness,goemotions,general_english_social_media
this is what im currently dealing with and im glad i read this nice reminder thank you lol,happiness,goemotions,general_english_social_media
i just hope name gets hired,happiness,goemotions,general_english_social_media
i wish for world peace,happiness,goemotions,general_english_social_media
proud name proud european there are at least 16m of us,happiness,goemotions,general_english_social_media
i would go to bed early and i would have nothing to do the 34 nights a week i play tennis lol,happiness,goemotions,general_english_social_media
now the fun really starts,happiness,goemotions,general_english_social_media
enjoying it it makes shaving my head easier,happiness,goemotions,general_english_social_media
start sending her a text when you go into the shower tell her youre starting your shower and youll be ten minutes see what happens,happiness,goemotions,general_english_social_media
this is how dayz is meant to be very nice story,happiness,goemotions,general_english_social_media
i just heard about this its pretty cool,happiness,goemotions,general_english_social_media
this is fantastic and im happy for her,happiness,goemotions,general_english_social_media
the horizon is very beautiful in this game you should look at it often,happiness,goemotions,general_english_social_media
congratulations the most poorly written video game story in history made you think twice you must be a genius,happiness,goemotions,general_english_social_media
i agree his own hair color is much better with his blue eyes,happiness,goemotions,general_english_social_media
this is why im happy name is our owner i don’t see him being a cheapskate,happiness,goemotions,general_english_social_media
haha glad someone was able to point you in the right direction then,happiness,goemotions,general_english_social_media
i love this post are you with park services,happiness,goemotions,general_english_social_media
wish you the best of luck and greener pastures,happiness,goemotions,general_english_social_media
the real name is always in the comments thank you internet stranger,happiness,goemotions,general_english_social_media
thanks i think she isnt but i hope she will be happy one day too,happiness,goemotions,general_english_social_media
oh nice i was wondering if you could mix flavours ill still stick to mint though 🤷‍♂️,happiness,goemotions,general_english_social_media
for real so happy they just put season 2 on hulu,happiness,goemotions,general_english_social_media
ah thanks for the tip,happiness,goemotions,general_english_social_media
i kinda wish people memed him a lot more because he has so much comedy potential i hope my words inspire to meme him more,happiness,goemotions,general_english_social_media
i love you more,happiness,goemotions,general_english_social_media
pretty fukkin sure lmao its over fam doing another trumpdown would kill the gop so they wont let him do it,happiness,goemotions,general_english_social_media
i love how sly you are being,happiness,goemotions,general_english_social_media
i used to enjoy it and grew out of it,happiness,goemotions,general_english_social_media
yeah odd as those items would identify her and it would seem like an easier job to burn them to unrecognisable remains,happiness,goemotions,general_english_social_media
congratufuckinglations good one you got a good chuckle out of me,happiness,goemotions,general_english_social_media
yep that helps i’m in a sneakarchy for sure thanks for the info,happiness,goemotions,general_english_social_media
i’m sure someone in the lions thread already posted something similar they love shitposts haha,happiness,goemotions,general_english_social_media
its an interesting place you seen that boy shoofta that posts on it he aint right,happiness,goemotions,general_english_social_media
hello fellow newcastle vegans we are very lucky to have so many vegan places,happiness,goemotions,general_english_social_media
oh wow i didnt know my dad had a reddit account,happiness,goemotions,general_english_social_media
hope you feel better and you’re on the way a speedy recovery,happiness,goemotions,general_english_social_media
congrats vegan baking is still daunting to me but i will conquer it one day,happiness,goemotions,general_english_social_media
muppet nice not obscene insult thanks,happiness,goemotions,general_english_social_media
i cant stop laughimg at this😂 thank you though,happiness,goemotions,general_english_social_media
its free hand but thanks for the input 👍,happiness,goemotions,general_english_social_media
i go “thank you very much come agaaain” s and i’m indian,happiness,goemotions,general_english_social_media
hahawhat kind of fan base would do that,happiness,goemotions,general_english_social_media
now im wondering on what ive been missing out again thank you for this,happiness,goemotions,general_english_social_media
ok will do man thanks edit i forgot to mention i heard her asking one of my friends about me and it sounded like she definitely likes me,happiness,goemotions,general_english_social_media
lmao thank you hunni yeah just be w your mom then lol,happiness,goemotions,general_english_social_media
cool thanks for responding,happiness,goemotions,general_english_social_media
haha some days i channel dory from finding nemo just keep swimming just keep swimming glad to hear you have a break coming,happiness,goemotions,general_english_social_media
if i ever feel like getting shot i am going to use this line thanks,happiness,goemotions,general_english_social_media
hahaha dude that was so well put,happiness,goemotions,general_english_social_media
incredible work and very unique good for you,happiness,goemotions,general_english_social_media
this was one of the best reddit reads in a long time great job,happiness,goemotions,general_english_social_media
yeah too many blind assumptions im just happy that were getting four additional characters to pad the roster with,happiness,goemotions,general_english_social_media
id love to have name on our team,happiness,goemotions,general_english_social_media
just go google search but some r real some r unreal lol,happiness,goemotions,general_english_social_media
lol you got us there hahahahahaha way cheaper too,happiness,goemotions,general_english_social_media
lpt as soon as you wake up make a repost your virtual internet points will make you feel better,happiness,goemotions,general_english_social_media
wow great news bro,happiness,goemotions,general_english_social_media
thanks i like your advice im a mom too i was even smaller after she was born than before my pregnancy weirdness,happiness,goemotions,general_english_social_media
to be fair you haev to have a very high iq to understand this meme,happiness,goemotions,general_english_social_media
this hit me with de good ol memories,happiness,goemotions,general_english_social_media
it was shocking to me when i realized this best of luck on your journey,happiness,goemotions,general_english_social_media
just triggered me thanks,happiness,goemotions,general_english_social_media
i love them its so fun to jump around everywhere,happiness,goemotions,general_english_social_media
celeste is one of the free games with gold this month on xbox one i picked it up its a great super hard platformer,happiness,goemotions,general_english_social_media
oh wow thats definitely something,happiness,goemotions,general_english_social_media
i’m the most surprised that name is 35 seems like just yesterday he was plotting with name on how to get booze for the party,happiness,goemotions,general_english_social_media
ok i see what you mean thanks,happiness,goemotions,general_english_social_media
and the apartment is clean you can see the floor,happiness,goemotions,general_english_social_media
this is so cool i love the hat,happiness,goemotions,general_english_social_media
de un tronco a otro i hope they wake up,happiness,goemotions,general_english_social_media
my favorite my hero academia villain,happiness,goemotions,general_english_social_media
name immediately thought of you when i saw this thread can’t stop laughing but i’ll wear yours someday and no others,happiness,goemotions,general_english_social_media
happy to good luck,happiness,goemotions,general_english_social_media
oh my gosh 😂 i do believe it,happiness,goemotions,general_english_social_media
that can be a perfect gift for a name amazing work,happiness,goemotions,general_english_social_media
for a sec i thought i was on nosleep im glad no one got hurt,happiness,goemotions,general_english_social_media
lmao what a guy,happiness,goemotions,general_english_social_media
props to this guy that was an amazing comment,happiness,goemotions,general_english_social_media
i absolutely love it that everyone is scoring please keep this up for the rest of the season,happiness,goemotions,general_english_social_media
i am i do youre welcome,happiness,goemotions,general_english_social_media
thanks that was close,happiness,goemotions,general_english_social_media
keep your chin high op life ain’t always beautiful but it’s a beautiful ride,happiness,goemotions,general_english_social_media
as well as this tell others about your classes and schedule your fe might be weak but it still makes you do stuff,happiness,goemotions,general_english_social_media
its not too late for you either itd never too late please leave the bad behind and go chase your dreams you deserve it,happiness,goemotions,general_english_social_media
wow never knew about name and i thought i was wellread,happiness,goemotions,general_english_social_media
i honestly think he’s making fun of you,happiness,goemotions,general_english_social_media
right and hope you dont realize until too late that youre way better than me,happiness,goemotions,general_english_social_media
opposite for us my fiance cuddles me because it helps him fall asleep then i can play video games in bed,happiness,goemotions,general_english_social_media
i also wanted to point this out i love jjgo,happiness,goemotions,general_english_social_media
had a quick listen and it could potentially be my jam thank you kind name,happiness,goemotions,general_english_social_media
thank you for writing this for letting us into your world so that we can better understand our own i am very grateful for this gift,happiness,goemotions,general_english_social_media
damn sometimes i love people here,happiness,goemotions,general_english_social_media
ah ok good to know thank you much,happiness,goemotions,general_english_social_media
now that’s something i’d like to see 👌🏻,happiness,goemotions,general_english_social_media
good mythical morning hope you get better soon,happiness,goemotions,general_english_social_media
thanks now i can get back to the actual content,happiness,goemotions,general_english_social_media
so the term londoner is now sunderlander thanks for the update,happiness,goemotions,general_english_social_media
true good luck youre doing the right thing,happiness,goemotions,general_english_social_media
sage advice just noticed your reply now thank you,happiness,goemotions,general_english_social_media
yes my mother is ok with it,happiness,goemotions,general_english_social_media
probably because it mentioned name but idk its just was a harmless joke lol,happiness,goemotions,general_english_social_media
its funny to imagine that theyre calling name a married man an incel,happiness,goemotions,general_english_social_media
yes i love their responses to anyone who comments so much shade,happiness,goemotions,general_english_social_media
oh my name me too 😂,happiness,goemotions,general_english_social_media
thatd be amazing heard about newingtons reno not long ago need to get over there,happiness,goemotions,general_english_social_media
if name had served all fast food buffet to a football team reddit would be circlejerking so down to earth and amazing1,happiness,goemotions,general_english_social_media
vincentown diner on 206 a lot of farm to table stuff desserts are excellent everything i’ve had has been delicious,happiness,goemotions,general_english_social_media
youre going to be free one day but never if you stop trying every weeks a new week goodluck,happiness,goemotions,general_english_social_media
yeah it basically gives us carte blanche to challenge every single gun law lol name,happiness,goemotions,general_english_social_media
having a good list of alternatives would be something great we could produce,happiness,goemotions,general_english_social_media
yeah my partner is a starfish thanks i needed that precise clarification dead whale sex too,happiness,goemotions,general_english_social_media
thanks a lot name s,happiness,goemotions,general_english_social_media
lol people still watch cbs,happiness,goemotions,general_english_social_media
loving this start boys,happiness,goemotions,general_english_social_media
i love it more bad blood cod esports baby,happiness,goemotions,general_english_social_media
i love this so much helpful and hilarious,happiness,goemotions,general_english_social_media
congrats you inspire me to try my best too,happiness,goemotions,general_english_social_media
good thanks everyone but finnaly some reading material many thanks,happiness,goemotions,general_english_social_media
remember when that one guy went on “carpenter is awful” campaign that meltdown was my favorite,happiness,goemotions,general_english_social_media
thanks so much for the precious advice that is very helpful,happiness,goemotions,general_english_social_media
congratulations it is satire,happiness,goemotions,general_english_social_media
so sometimes it feels good to be petty especially when it comes to an ex,happiness,goemotions,general_english_social_media
that’s a good idea thanks,happiness,goemotions,general_english_social_media
omg you got me what do i do now pls help,happiness,goemotions,general_english_social_media
cordovan in the mech with the loudspeaker really makes me smile it is just so bonkers i love it,happiness,goemotions,general_english_social_media
thank you this sub is the one place i feel understood,happiness,goemotions,general_english_social_media
you sound like my gf im so lucky to have her in my life,happiness,goemotions,general_english_social_media
are there any unique foods to houston thanks,happiness,goemotions,general_english_social_media
thank you for sharing,happiness,goemotions,general_english_social_media
i enjoyed that bagel boss commercial suddenly craving some greiss coffee,happiness,goemotions,general_english_social_media
i hope your life is as lovely as you are,happiness,goemotions,general_english_social_media
yeah i know it’s just wishful thinking but i would be ecstatic if it came out today,happiness,goemotions,general_english_social_media
oh bless your heart i found this so funny goodness,happiness,goemotions,general_english_social_media
thats awesome to hear,happiness,goemotions,general_english_social_media
im proud that this is the first response i see,happiness,goemotions,general_english_social_media
try to attract the guy that i like other than that i love gaming drawing writing and watching tv,happiness,goemotions,general_english_social_media
seriously it really made me happy i hope when op scrolled through she felt a little tingle of happiness too,happiness,goemotions,general_english_social_media
honestly rams are my second nfc team i wanted you to win it all since the beginning of the playoffs and i love the team even more now,happiness,goemotions,general_english_social_media
i scored 9 points i totally love it that everybody is sweating d,happiness,goemotions,general_english_social_media
i dont even really like papa johns but im starving and that looks amazing right now,happiness,goemotions,general_english_social_media
i know i love it this is who we really are,happiness,goemotions,general_english_social_media
i have no idea how we are down by only 13 its truly a miracle,happiness,goemotions,general_english_social_media
thank god your not on the dev team,happiness,goemotions,general_english_social_media
thanks i will check that out,happiness,goemotions,general_english_social_media
youre stay in school lol,happiness,goemotions,general_english_social_media
glad to have you here,happiness,goemotions,general_english_social_media
i’m super proud of him great guy,happiness,goemotions,general_english_social_media
wait project players magically become great without showing any improvement who would have thought,happiness,goemotions,general_english_social_media
happy day five years from now you will be a top ten player in the nhl,happiness,goemotions,general_english_social_media
i will watch tonight thank you,happiness,goemotions,general_english_social_media
this is just so beautiful man,happiness,goemotions,general_english_social_media
nah just gotta aim better,happiness,goemotions,general_english_social_media
well done kepa get in,happiness,goemotions,general_english_social_media
see i was kinda right in the first verse thanks aha,happiness,goemotions,general_english_social_media
lol good luck hope it goes well for you i have no idea how it’s working at all for me,happiness,goemotions,general_english_social_media
this story made my day ha,happiness,goemotions,general_english_social_media
wow thanks for pointing that out havent heard that one before,happiness,goemotions,general_english_social_media
dont feel guilty if you dont leave it will be continuing the cycle of abuse for your children,happiness,goemotions,general_english_social_media
i would like to thank this game for being over on time,happiness,goemotions,general_english_social_media
jeez i was joking,happiness,goemotions,general_english_social_media
wow all that up and down cycling these people must feel 80 by the time theyre 30,happiness,goemotions,general_english_social_media
welcome to the community my good dude,happiness,goemotions,general_english_social_media
my vanity point for my love for ss is that it has a lance lord,happiness,goemotions,general_english_social_media
ending a relationship with a toxic person is so freeing congratulations,happiness,goemotions,general_english_social_media
yes it was very hard but i appreciate it,happiness,goemotions,general_english_social_media
and he be like great and you im like great and the conversation ends lol,happiness,goemotions,general_english_social_media
thank you so much thank you thank you,happiness,goemotions,general_english_social_media
i look cuter in red p’s,happiness,goemotions,general_english_social_media
spending the day with family in beautiful bowral 🌿,happiness,goemotions,general_english_social_media
i love this 🇦🇺,happiness,goemotions,general_english_social_media
what a wonderful post such love thanks so much,happiness,goemotions,general_english_social_media
i like it that way my point is that you’re an attention seeker like name,happiness,goemotions,general_english_social_media
love galore pt2 💯🔥🔥,happiness,goemotions,general_english_social_media
hes 38 he should retire i hope he at least gets traded to a contender,happiness,goemotions,general_english_social_media
looking for 3 tix for the leafs on the 10th upper or lower thanks,happiness,goemotions,general_english_social_media
ha i like that one,happiness,goemotions,general_english_social_media
it never came into my mind that im being edgy my friend im not worried,happiness,goemotions,general_english_social_media
i cringe every time name is in a fast break because it usually ends with his shot getting spiked lol,happiness,goemotions,general_english_social_media
i also love the first sentence but in a more proscience way than was probably intended,happiness,goemotions,general_english_social_media
glad i could help feels good once in a while i know the feeling,happiness,goemotions,general_english_social_media
thank you soooo much 😍,happiness,goemotions,general_english_social_media
im really excited for this i loved the sense of adventure danger in sunless seas,happiness,goemotions,general_english_social_media
someone somewhere wants to be cuddled too youll never find that person if you dont talk to anyone you want to cuddle with,happiness,goemotions,general_english_social_media
i love it probably my favorite game mode right now especially when playing with a buddy,happiness,goemotions,general_english_social_media
thanks there are so many resources available thank you for telling me about one that actually helped you,happiness,goemotions,general_english_social_media
id pause and say yes haha,happiness,goemotions,general_english_social_media
man at this point id be happy with just a few nonsweeps,happiness,goemotions,general_english_social_media
well i hope everything is going well in your retirement do your best to enjoy it,happiness,goemotions,general_english_social_media
i’m just in awe because this will actually get so many people up in arms,happiness,goemotions,general_english_social_media
my daughter loves this shes taking a bath rn singing fiire,happiness,goemotions,general_english_social_media
man lucky guy i just wish it could have been me i could do the same but different of course let me know,happiness,goemotions,general_english_social_media
love her positions but i think she need to get some experience under her feet before she is ready for that level of a position,happiness,goemotions,general_english_social_media
lol nah that team was nothing more than nyxl and friends nyxl coach and mostly nyxl players,happiness,goemotions,general_english_social_media
i am so pleased for you that you are going for therapy you can really benefit from it i wish you the very best for the future,happiness,goemotions,general_english_social_media
this was actually good until the bird came in,happiness,goemotions,general_english_social_media
if you are reading this have a nice dayxefxbbxbf,happiness,goemotions,general_english_social_media
they were pretty cool in like 2010 but then everyone seemed to realize that you could write on the wipeboard with the same effect,happiness,goemotions,general_english_social_media
thank you so much for sharing this really opened my mind,happiness,goemotions,general_english_social_media
the lads put in excellent shift over the christmas fair dues lads thanks for keeping on top of things delighted online shopper,happiness,goemotions,general_english_social_media
i’ll join your cause brother,neutral,goemotions,general_english_social_media
no i meant it would appear if i just walk up and have the ability without doing anything else,neutral,goemotions,general_english_social_media
thats the point tho they had lots of talent already and just a couple of changes at the key spots changed everything,neutral,goemotions,general_english_social_media
i think theyre getting desperate from all of us cord cutters converting everyone to hulu,neutral,goemotions,general_english_social_media
when someone swipes over too far when you’re showing them pictures on your phone,neutral,goemotions,general_english_social_media
hes 34 years old,neutral,goemotions,general_english_social_media
feel like i could describe my thoughts as very noisy sometimes but my thoughts doesnt really have a voice or noise,neutral,goemotions,general_english_social_media
instagram is in fact owned by facebook,neutral,goemotions,general_english_social_media
👻 windows 10 checking in,neutral,goemotions,general_english_social_media
the frequency with which i hear “gone overseas to defend our country” without a hint of irony should be criminal in itself,neutral,goemotions,general_english_social_media
this is the tyranny right here not the drones and tanks they always use as straw men this man should not have a badge ever,neutral,goemotions,general_english_social_media
creepy yoda voicepack tbh,neutral,goemotions,general_english_social_media
30 for position players is a big deal 30 for pitchers is the middle of their prime,neutral,goemotions,general_english_social_media
name what do you do with his underwear,neutral,goemotions,general_english_social_media
pay you for what just standing there done,neutral,goemotions,general_english_social_media
yeah fat does that,neutral,goemotions,general_english_social_media
same i always disliked his thuggish personality and popoffs on stream but he seems like a genuinely nice guy,neutral,goemotions,general_english_social_media
or us 2014 babies,neutral,goemotions,general_english_social_media
this is almost a ratbge situation,neutral,goemotions,general_english_social_media
name career ended after he broke his foot when he kicked a seat while blacked out on a party after a vikings game,neutral,goemotions,general_english_social_media
she got 35 million more votes than name,neutral,goemotions,general_english_social_media
i was aware i would be going to hospital and would be showing the teacher up should have mentioned it,neutral,goemotions,general_english_social_media
she even looks like a trigglypuff,neutral,goemotions,general_english_social_media
i was going to ask what temperatures are like where you live the beauty of losing refrigeration in the winter is having the great outdoors,neutral,goemotions,general_english_social_media
someone had to do it when name got cut,neutral,goemotions,general_english_social_media
do you think the kid was crazy or was the mom crazy or do you think it was a bit of both,neutral,goemotions,general_english_social_media
what a pretentious selfpromoting post,neutral,goemotions,general_english_social_media
for your is the first president to impose an audit on the dod this never happen,neutral,goemotions,general_english_social_media
or do you mean because the people in this sub aren’t the homophobes in question,neutral,goemotions,general_english_social_media
lets invade the players instagram,neutral,goemotions,general_english_social_media
i knew the top comment had to be about them fonts,neutral,goemotions,general_english_social_media
im shocked shocked to find that redditors dont read sources and stay with the info they get from the misleading titles,neutral,goemotions,general_english_social_media
they might if there was something to eat in the middle s its giving me shudders just watching it s,neutral,goemotions,general_english_social_media
port will finish bottom 4 name will be a massive let down name will win the brownlow,neutral,goemotions,general_english_social_media
what is an ol,neutral,goemotions,general_english_social_media
which views conflict thats a really important part do you still consider yourself orthodox do you want to be orthodox,neutral,goemotions,general_english_social_media
that hunkish dunked his way into my butt if you catch my drift,neutral,goemotions,general_english_social_media
time to do a little of your own research now,neutral,goemotions,general_english_social_media
if name gave me pizza id still be annoyed but id eat it,neutral,goemotions,general_english_social_media
ok name it it will help as for as merc is concerned no worries reached tier one already,neutral,goemotions,general_english_social_media
i mean every team could use a few vets to help the kids im not saying to sign him to a four year deal or anything,neutral,goemotions,general_english_social_media
agreedseems that due to plot force shes starting to slip,neutral,goemotions,general_english_social_media
then he is still able to achieve salvation in name grace i will pray for him and for all your lost souls name bless,neutral,goemotions,general_english_social_media
i knew a girl who was very obese and a heavy cocaine and meth user some people still have no problem eating on drugs,neutral,goemotions,general_english_social_media
man from czech republic cant understand why a name common in his neck of the woods is not so common elsewhere,neutral,goemotions,general_english_social_media
by deep pockets do you mean the fleshlight,neutral,goemotions,general_english_social_media
clam is what your looking for,neutral,goemotions,general_english_social_media
thought name had one,neutral,goemotions,general_english_social_media
update i cant sleep too many thoughts of her and pressure from asking her out tomorrow yesturday i was high so i could fall a sleep easly,neutral,goemotions,general_english_social_media
yes a couple days ago,neutral,goemotions,general_english_social_media
oh look it has started to snow,neutral,goemotions,general_english_social_media
your friend must have had a horrible time writing papers if adjectives like that were off limits,neutral,goemotions,general_english_social_media
if i dont shave i wont be able to wear a bikini so not shaving is not an option,neutral,goemotions,general_english_social_media
has he done this with other world leaders too or only name,neutral,goemotions,general_english_social_media
not to a non negligible extent buy a thesaurus,neutral,goemotions,general_english_social_media
my cat also thinks rugs are for pissing on,neutral,goemotions,general_english_social_media
its becoming increasingly concerning that you refer to yourself in the plural,neutral,goemotions,general_english_social_media
i’m in florence right now on a holiday and my name does it make me want to replay that game,neutral,goemotions,general_english_social_media
you’re gonna let him go without unmasking him,neutral,goemotions,general_english_social_media
is it her turn this time,neutral,goemotions,general_english_social_media
can you send the patch notes i cant ever find them online,neutral,goemotions,general_english_social_media
waiting to see angry “pedos” or whatever they call themselves thinking this is fact and melting down over at td,neutral,goemotions,general_english_social_media
once or twice a day,neutral,goemotions,general_english_social_media
well thats why im reading up on the scientific research available its possible that it could mean that,neutral,goemotions,general_english_social_media
what kind of book,neutral,goemotions,general_english_social_media
do they seriously think freshman congressmen are leadership,neutral,goemotions,general_english_social_media
how about this lady with her barn owl on her shoulder ulolabirds are you sure about that,neutral,goemotions,general_english_social_media
and riding one makes you look like a man trying to be tough during his mid life crisis,neutral,goemotions,general_english_social_media
it always comes down to not accepting who they are themselves so its pretty much 100 of it,neutral,goemotions,general_english_social_media
what mental illness am i displaying,neutral,goemotions,general_english_social_media
its not illegal but cars insurance is usually primary and health secondary her health insurance will ask what caused the injury and likely subro against your auto insurance,neutral,goemotions,general_english_social_media
where is this suggestion the only one i know is to check if you video has the dreaded yellow sign,neutral,goemotions,general_english_social_media
that looks like a wig,neutral,goemotions,general_english_social_media
libtard spotted i call for you name,neutral,goemotions,general_english_social_media
hi game grumps this is name we want to do a cover with you just name not name,neutral,goemotions,general_english_social_media
do you not see the blatant hypocrisy of this post,neutral,goemotions,general_english_social_media
is it that confusing to understand a food layerd with meat chees pasta aand sos we call lasagna,neutral,goemotions,general_english_social_media
exactly doesnt matter what he or any other expert says they refuse to listen,neutral,goemotions,general_english_social_media
i do wish they would start allowing women to join though feels a little behind the times,neutral,goemotions,general_english_social_media
i only ever see crerpypasta reads and they always give credit,neutral,goemotions,general_english_social_media
and penfed iirc will let you pay a 15 charity donation bribe to get in if youre not otherwise eligible,neutral,goemotions,general_english_social_media
dat trigger discipline though,neutral,goemotions,general_english_social_media
did you see on ig where her man offered a fake name profile use of his pj 😂😂,neutral,goemotions,general_english_social_media
its a situationally dependent call yes i would call it again if i had another chance,neutral,goemotions,general_english_social_media
it was obvious with 5 min left coach name didn’t want to win this game,neutral,goemotions,general_english_social_media
when you want a switch you want a switch i guess,neutral,goemotions,general_english_social_media
stop eating 3000 calories a meal,neutral,goemotions,general_english_social_media
literally one visit to that subreddit is proof enough its mentally addictive brain craving dopamine when its not producing it,neutral,goemotions,general_english_social_media
the lack of stick skills name lacks is actually astounding,neutral,goemotions,general_english_social_media
it looks like a vase to put things in,neutral,goemotions,general_english_social_media
what it felt like rooting for the pats today,neutral,goemotions,general_english_social_media
total nonreaction by the trio of guys ‘there goes name again every time we come out here’,neutral,goemotions,general_english_social_media
name if theyre doing wrestling probably fine,neutral,goemotions,general_english_social_media
the only rumor ive ever heard is whether or not the search function exists spoiler alert it does,neutral,goemotions,general_english_social_media
he put some respect on name name tho,neutral,goemotions,general_english_social_media
and sitting on the side of the road for 8 hours to catch you doing 65 in a 55,neutral,goemotions,general_english_social_media
name led yesterday with 4 name had 2,neutral,goemotions,general_english_social_media
the lidl ones definitely dont taste like weetabix if they are make by weetabix then they must be using different stuff,neutral,goemotions,general_english_social_media
there will always be a difference between a friend and a true friend,neutral,goemotions,general_english_social_media
northernwhere the n stands for noledge,neutral,goemotions,general_english_social_media
petulant child no wonder he and name get along,neutral,goemotions,general_english_social_media
didnt the government drastically cut the amount of international students they accept id expect this will reduce the demand for housing,neutral,goemotions,general_english_social_media
makes sense interesting perspective,neutral,goemotions,general_english_social_media
human faces are remarkably elastic aren’t they,neutral,goemotions,general_english_social_media
that beat is mad smooth,neutral,goemotions,general_english_social_media
he sounds exactly like my type of dude looks wise but woof nobody wants to be around someone that unstable glad you made it out alive,neutral,goemotions,general_english_social_media
every government in the world charges these fees welcome to the real world,neutral,goemotions,general_english_social_media
now the season is truly back,neutral,goemotions,general_english_social_media
someone who wants to do a couple of takes and its just gone past 9,neutral,goemotions,general_english_social_media
all the time and the excuse i get is that i need to visit more often otherwise i wouldnt have found out at all,neutral,goemotions,general_english_social_media
fo you understand his lingo,neutral,goemotions,general_english_social_media
name must have like 6 rebounds already,neutral,goemotions,general_english_social_media
well i particularly live in a place where race is never a big issue at all we are too mixed to care,neutral,goemotions,general_english_social_media
did he say skinny wieners,neutral,goemotions,general_english_social_media
not just bad but actively shortens your life because you have finite energy,neutral,goemotions,general_english_social_media
what about for the switch,neutral,goemotions,general_english_social_media
true and hes free to leave if he doesnt get it relationship is a dance,neutral,goemotions,general_english_social_media
name irrational stans are the gift that keeps on giving,neutral,goemotions,general_english_social_media
whoops ya probably shoulda put a s there,neutral,goemotions,general_english_social_media
i think the only person who needs to leave is you,neutral,goemotions,general_english_social_media
did he use his full title when he introduced himself cause that would be sweet,neutral,goemotions,general_english_social_media
she said on the vr aftershow that she had hooked up with girls and had a relationship with a girl before,neutral,goemotions,general_english_social_media
true so just basically everyone it needs to be easier to get a gun than it is now anyways,neutral,goemotions,general_english_social_media
manager of the year name and name gets hired away to ny or la,neutral,goemotions,general_english_social_media
isnt this the game that is ps4 as well,neutral,goemotions,general_english_social_media
from the clips ive heard he says the people not receiving pay are all supporters that are ok with it because they want the wall,neutral,goemotions,general_english_social_media
the right side of the pic looks a lot like ocean grove,neutral,goemotions,general_english_social_media
have either of you or anyone else in your newsroom faced personal threats because of your work on this project,neutral,goemotions,general_english_social_media
if hes mailing you cash and youre waiting to ship the item until payment is received im confused how this would be a scam,neutral,goemotions,general_english_social_media
well bless your heart,neutral,goemotions,general_english_social_media
hey mr name what chu gonna do what chu gonna do make our dreams come true,neutral,goemotions,general_english_social_media
im sure shell last 5 min,neutral,goemotions,general_english_social_media
“we just need more money”,neutral,goemotions,general_english_social_media
she looks so much better she really is pretty,neutral,goemotions,general_english_social_media
my neighbor does the same except hers lights up,neutral,goemotions,general_english_social_media
i’ve heard its convenient if its a particularly messy job,neutral,goemotions,general_english_social_media
ill bite whats your story,neutral,goemotions,general_english_social_media
name better see the floor today,neutral,goemotions,general_english_social_media
boi that nose job,neutral,goemotions,general_english_social_media
you are and so am i,neutral,goemotions,general_english_social_media
is there a personal reason he wants name impeached,neutral,goemotions,general_english_social_media
so youre saying name doesnt have a personal vendetta against me,neutral,goemotions,general_english_social_media
if wed reintroduce wolves to bathrooms coyotes wouldnt be a problem,neutral,goemotions,general_english_social_media
yeah that’s probably what he was trying to say,neutral,goemotions,general_english_social_media
lets do that now and take name back,neutral,goemotions,general_english_social_media
no doubt about that,neutral,goemotions,general_english_social_media
so the tldr version i pulled it out of my ass also get off my subreddit,neutral,goemotions,general_english_social_media
based on what exactly im honestly curious in what you value so highly that america has,neutral,goemotions,general_english_social_media
bank of x co uk,neutral,goemotions,general_english_social_media
from my experience is the difference that ketchup is smooth and that tomato sauce contains spices and such,neutral,goemotions,general_english_social_media
lets be real he should have got the start anyways,neutral,goemotions,general_english_social_media
idk whats so unrealistic about it name is probably just as close to name as name and name are,neutral,goemotions,general_english_social_media
imo the only draggy parts all involve the boy and his yankee doodle shit,neutral,goemotions,general_english_social_media
i have all the names,neutral,goemotions,general_english_social_media
i know north america is a big place but i wonder what it will take to see similar crowds in cities over here,neutral,goemotions,general_english_social_media
i thought it was still in theaters,neutral,goemotions,general_english_social_media
i don’t think she beat name but i def believe she hits this dude and name none of this is news tho,neutral,goemotions,general_english_social_media
not gonna lie thought it was wrapped coke when i didn’t see the subreddit name or read the title,neutral,goemotions,general_english_social_media
not an ulcer canker sore like literally a tastebud,neutral,goemotions,general_english_social_media
it is now the most open bottle,neutral,goemotions,general_english_social_media
right now i live in a medium sized one but i have lived in a big city for a couple of years,neutral,goemotions,general_english_social_media
well that took a dark turn,neutral,goemotions,general_english_social_media
curious about your thoughts on bc’s lng activity,neutral,goemotions,general_english_social_media
i am legitimately confused as to why dont they do what warhammer does with its video game licenses,neutral,goemotions,general_english_social_media
13 year old account this guy is ancient,neutral,goemotions,general_english_social_media
i understand why she is an ex now,neutral,goemotions,general_english_social_media
great write up you’ve sold me on munchak being a good hire,neutral,goemotions,general_english_social_media
not alone my friend,neutral,goemotions,general_english_social_media
except for name whose remains are either still on the way to winterfell or lost altogether,neutral,goemotions,general_english_social_media
uflight209er and i have been having a conversation about it,neutral,goemotions,general_english_social_media
im going to try and have this mindset i wanna eat slower,neutral,goemotions,general_english_social_media
yea but that doesnt mean he hates them s,neutral,goemotions,general_english_social_media
its very popular in the not comic book demographics,neutral,goemotions,general_english_social_media
well username checks out i guess,neutral,goemotions,general_english_social_media
its the long con,neutral,goemotions,general_english_social_media
id prefer her as an actual character,neutral,goemotions,general_english_social_media
a whole lot of reasons tbh,neutral,goemotions,general_english_social_media
i was trying to prove the other guys comment,neutral,goemotions,general_english_social_media
not sure if name or name,neutral,goemotions,general_english_social_media
well you’re not wrong,neutral,goemotions,general_english_social_media
its worth it for the other big character they bring in,neutral,goemotions,general_english_social_media
tbf any ult works well with grav,neutral,goemotions,general_english_social_media
well thats because they dont have a name,neutral,goemotions,general_english_social_media
he really has us in that first half,neutral,goemotions,general_english_social_media
you lost me at dogs,neutral,goemotions,general_english_social_media
not in tuscaloosa its been a looooong time since that happened 1926,neutral,goemotions,general_english_social_media
id let him violate my asp with his baton,neutral,goemotions,general_english_social_media
hat tip to uianamolly this is from sept 2017,neutral,goemotions,general_english_social_media
its important that we get members from all over the political spectrum no one wants a circlejerk,neutral,goemotions,general_english_social_media
so i uh just checked it out and my sanity is gone,neutral,goemotions,general_english_social_media
because theyre name puritanism the haunting fear that someone somewhere may be happy name,neutral,goemotions,general_english_social_media
i actually dont remember the last time i applied sunscreen to any part of my body,neutral,goemotions,general_english_social_media
i hope name bullies wittle baby name tonight like he did last year,neutral,goemotions,general_english_social_media
hey people at the game i asked this last time we did this too but how frosted is the fortress tonight,neutral,goemotions,general_english_social_media
they stole his toilet bucket,neutral,goemotions,general_english_social_media
i thought name was secretly gay to these people or something,neutral,goemotions,general_english_social_media
depends on the artist that made it more than anything,neutral,goemotions,general_english_social_media
i never had that problem,neutral,goemotions,general_english_social_media
i am asking for a reason not saying they are underused,neutral,goemotions,general_english_social_media
theres also miami india and liberia usa,neutral,goemotions,general_english_social_media
a good therapist can lead you to talking about what you need to talk about once they get to know you and your emotions and trends,neutral,goemotions,general_english_social_media
ok mister name triggered boy,neutral,goemotions,general_english_social_media
i groped one of my friends ass last year ive had a gf i have mostly as,neutral,goemotions,general_english_social_media
ive bet youve never even met an immigrant,neutral,goemotions,general_english_social_media
coffee is a nasal cleanser,neutral,goemotions,general_english_social_media
idk if youre saying that im shitposting or that whataboutism is shitposting but obviously im not nor is calling out whataboutism shitposting,neutral,goemotions,general_english_social_media
cold stone i would have been in line,neutral,goemotions,general_english_social_media
this is what he has to say about this natural physique,neutral,goemotions,general_english_social_media
probably the thief trashed the place,neutral,goemotions,general_english_social_media
the best ad placement,neutral,goemotions,general_english_social_media
in bases loaded situations last year opponents hit 500 against name he was a far cry from the name of old,neutral,goemotions,general_english_social_media
name was actually blacklisted by the victims but yeah he must have had the power to blacklist them what,neutral,goemotions,general_english_social_media
you dont picture name,neutral,goemotions,general_english_social_media
name looking like his older brother on that one,neutral,goemotions,general_english_social_media
cant look at batting average name 90 wrc in 3799 pa name 92 wrc in 4917 pa,neutral,goemotions,general_english_social_media
i can read again and again if i want to talk to him again my dude that brought tears,neutral,goemotions,general_english_social_media
at first i thought this was talking about physical piracy like stealing cargo ships but now i understand,neutral,goemotions,general_english_social_media
you know it just gotta find the right someone,neutral,goemotions,general_english_social_media
i wish i had been born there,neutral,goemotions,general_english_social_media
ah so basically sds is saying theyre officially done with 18 does the event never end,neutral,goemotions,general_english_social_media
when does it drop again,neutral,goemotions,general_english_social_media
former mexican president was taking bribes from drug traffickers we need the wall,neutral,goemotions,general_english_social_media
great start to the postallstar game part of the campaign,neutral,goemotions,general_english_social_media
a successful centralized ratings company,neutral,goemotions,general_english_social_media
bagel bites blashphemous pizza rolls or die all joking aside welcome and bagel bites are freaking delicious,neutral,goemotions,general_english_social_media
they showed a pretty cool name cosplay from a guy,neutral,goemotions,general_english_social_media
yeah one more time for good measure “hey hold on there you forgot something “ wam,neutral,goemotions,general_english_social_media
you live in appalachia don’t you,neutral,goemotions,general_english_social_media
drinking and cussing toxic masculinity everyone on that submarine should be regendered as punishment,neutral,goemotions,general_english_social_media
just in case you weren’t sure he’s an name he decided to obstruct 20 of his windshield to remind you,neutral,goemotions,general_english_social_media
i was forced into college and i wasted my gpa,sadness,goemotions,general_english_social_media
the comments on this thread are what i expected and that makes me sad,sadness,goemotions,general_english_social_media
that guy with the orange jacket looks so distraught feels bad man,sadness,goemotions,general_english_social_media
can we ban posts about him now hes a predator it just makes me sad now idk about anyone else,sadness,goemotions,general_english_social_media
my bad sorry i kicked a pebble on top of that mountain,sadness,goemotions,general_english_social_media
thats really sad to hear i cant imagine im wishing the best for you,sadness,goemotions,general_english_social_media
sorry you are having such trouble,sadness,goemotions,general_english_social_media
one of my cats always eats the other ones food i never noticed it until he was obese im not gonna make that mistake again,sadness,goemotions,general_english_social_media
name rape i am shocked i tell you shocked,sadness,goemotions,general_english_social_media
sorry i havent been keeping up to date what happens next week,sadness,goemotions,general_english_social_media
it also makes me cry but because it shows how far name has fallen,sadness,goemotions,general_english_social_media
my childhood horse died due to twisted intestines very traumatizing since he crawled over and put his head in my lap at the end,sadness,goemotions,general_english_social_media
sorry didnt realise i had to mollycoddle your feefees,sadness,goemotions,general_english_social_media
to be honest i have complete sympathy for this woman and she needs help not prison,sadness,goemotions,general_english_social_media
dont know how that was missed tragic really considering the title,sadness,goemotions,general_english_social_media
the only thing that matters is that name was murdered and those responsible must pay,sadness,goemotions,general_english_social_media
incels dont get laid regardless of age limits sorry dude,sadness,goemotions,general_english_social_media
ah i wish i would’ve come across one just left though unfortunately in manchester now,sadness,goemotions,general_english_social_media
i’m so homesick and i come here for photos like this,sadness,goemotions,general_english_social_media
ah the infamous name how ive suppressed that name from my memory until now,sadness,goemotions,general_english_social_media
i don’t know that they’re like that until the get in my feels and then bam dbags,sadness,goemotions,general_english_social_media
yes i am 100 superior to name if youre not im sorry,sadness,goemotions,general_english_social_media
sorry for the delay nanaimos a unionmill town so no surprise the ndp won,sadness,goemotions,general_english_social_media
i am clueless lately none of my students parents speak english it breaks my heart because i want to have more open communication,sadness,goemotions,general_english_social_media
aw too bad im 65k you arent extremely good,sadness,goemotions,general_english_social_media
this moment always reminded me of being a kid and turning on nickelodeon only to find nick news with name ultimate disappointment,sadness,goemotions,general_english_social_media
i did this once with a chimichanga i was 11 and i cried,sadness,goemotions,general_english_social_media
alright so i googled aaaaaaand sorry for my misinformed mistake dunno where i heard that name didnt win the popular vote but it was wrong,sadness,goemotions,general_english_social_media
i feel bad for my kids who will never get to see name play name on the other hand,sadness,goemotions,general_english_social_media
breaking news local bartender found chained up in drunks basement,sadness,goemotions,general_english_social_media
being in a 3 person friend group fucking sucks sometimes m8 i feel like the least loved a lot of the time,sadness,goemotions,general_english_social_media
my condolences lost my cat zoey over a year ago i still miss her like crazy she was only 3 years old too,sadness,goemotions,general_english_social_media
i felt the same guilt when i stopped believing in name,sadness,goemotions,general_english_social_media
the reduction in class size seems pretty small and insignificant,sadness,goemotions,general_english_social_media
this is so sad name play bitch lasagna,sadness,goemotions,general_english_social_media
i have cried in hotel rooms before thinking about the loss from discovering it is a lie its tragic and wonderful at the same time,sadness,goemotions,general_english_social_media
will seestill better for chelsea then name who looked completely lost and devoid of any confidence lately,sadness,goemotions,general_english_social_media
putz is he name i wouldve not voted for him if i knew that,sadness,goemotions,general_english_social_media
yep lots of younger generation are obsessed with their phones and emotionally rocky tend to engage in this behavior especially women with their whole instagram obsessions,sadness,goemotions,general_english_social_media
what did you use to kill them all sorry i’m kinda a noob,sadness,goemotions,general_english_social_media
huh and all these years i’d been assured “nobody” was coming to take my guns its like they been lying the entire time,sadness,goemotions,general_english_social_media
sorry to hear that i have it for ps4 and hardcore dlc servers are still up,sadness,goemotions,general_english_social_media
yeah people used it as precedence that’s very sad what’s your point what abhorrent treatment,sadness,goemotions,general_english_social_media
i read that too and was nowhere near as useful as being that valuable,sadness,goemotions,general_english_social_media
i am vuri disappointed in you you gained turdy pounds tis munt scale dont lie,sadness,goemotions,general_english_social_media
im sad we have you at home this year i want to make a trip to see allianz,sadness,goemotions,general_english_social_media
yes the achilles gave out and so did my hopes i miss brandon,sadness,goemotions,general_english_social_media
i have no friends,sadness,goemotions,general_english_social_media
you are right totally my bad,sadness,goemotions,general_english_social_media
they are the best but my office is so far away 😞,sadness,goemotions,general_english_social_media
right there with you 20 years together and suddenly its over im tired of crying and hurting well get through this,sadness,goemotions,general_english_social_media
i still cant believe that dude in whangarei is still allowed to run his business i wonder how much longer he will keep it up,sadness,goemotions,general_english_social_media
that’s on canada sorry but i gotta give credit where credits due,sadness,goemotions,general_english_social_media
sad but true there you go i fixed it for you,sadness,goemotions,general_english_social_media
well that was disheartening,sadness,goemotions,general_english_social_media
its hard to be good to yourself,sadness,goemotions,general_english_social_media
wife left me and i am just broken relapsed tonight from 7 years clean and just not seeing a point anymore,sadness,goemotions,general_english_social_media
redskins were the best team in the nfc east until name leg snapped in half,sadness,goemotions,general_english_social_media
the whole thing it was just hard to describeexpress given how it all happened and everything,sadness,goemotions,general_english_social_media
sorry was late at night and i was in a real depression fog,sadness,goemotions,general_english_social_media
i repent i repent oh name name i do repent,sadness,goemotions,general_english_social_media
i am so terribly sorry you lost your dad to this horrendous disease judging by this photo he had a terrific smile,sadness,goemotions,general_english_social_media
i’m sorry to hear that when do you graduate,sadness,goemotions,general_english_social_media
darn im sorry i didnt know that i honestly am out of ideas and i dont know what to do,sadness,goemotions,general_english_social_media
its so sad that people dont vaccinate their children for every upvote to this post ill vaccinate my child in protest,sadness,goemotions,general_english_social_media
i see you utilized it 35 sad,sadness,goemotions,general_english_social_media
i’m sorry for your loss op,sadness,goemotions,general_english_social_media
what a loser sad,sadness,goemotions,general_english_social_media
i f a picture and not realizing it until it bursts name,sadness,goemotions,general_english_social_media
more like 11 feet up but still painful,sadness,goemotions,general_english_social_media
thats sad im 16 and where i am there are loads of athiests my age its great,sadness,goemotions,general_english_social_media
i was thinking it’s sad that a team that hasn’t had a frp for what seems like a decade has a better record than us,sadness,goemotions,general_english_social_media
i dont feel so good mister name runexpectedspiderman,sadness,goemotions,general_english_social_media
i dont know if im more disappointed in the driver or the pedestrians,sadness,goemotions,general_english_social_media
it was a good sub before the porn took over,sadness,goemotions,general_english_social_media
“game 7” unfortunately we’ll never get there,sadness,goemotions,general_english_social_media
ah dang sorry in that case idk,sadness,goemotions,general_english_social_media
yep tough week for name not shooting well first ejection and fine ripping out jerseys first triple double and the dsj drama,sadness,goemotions,general_english_social_media
i cried more here than in star wars,sadness,goemotions,general_english_social_media
i’m 27 and i’m still finding high schoolers who look older then me at times still i feel your pain,sadness,goemotions,general_english_social_media
i made a severe and continuous lapse of judgement,sadness,goemotions,general_english_social_media
whenever i have felt it would work i wasnt always right but it never hurt to ask,sadness,goemotions,general_english_social_media
do you realize by the flaming lips but its not really ruined because we endedstill are on good terms it just kinda makes my heart feel heavy,sadness,goemotions,general_english_social_media
obviously not real but damn i wish it was,sadness,goemotions,general_english_social_media
frinkiac not working for you,sadness,goemotions,general_english_social_media
kinda sad to laugh at people who really need serious help,sadness,goemotions,general_english_social_media
bet flop good name what are you doing on the river,sadness,goemotions,general_english_social_media
sorry not from her but from family and friends we were open to each other about everything,sadness,goemotions,general_english_social_media
name has been injured for a while no point in doing that comparison not sure if a troll or just new to football,sadness,goemotions,general_english_social_media
sorry might have been the wrong command just checked my uplay for it its nodinputpad,sadness,goemotions,general_english_social_media
his base is too large to knock him off unless he gets impeachedindictedgod knows what he’ll probably be it sadly,sadness,goemotions,general_english_social_media
stop hurting my feelings,sadness,goemotions,general_english_social_media
which one had to shower outside with the hose name that one was so sad to me,sadness,goemotions,general_english_social_media
im a little sad that theres not actually a video called dance of the hillary virus or not,sadness,goemotions,general_english_social_media
because the first part of the day was pretty lame amirite,sadness,goemotions,general_english_social_media
oh and now vini is down,sadness,goemotions,general_english_social_media
you know he was too distracted by boobies on his teen wife to care about the realistic possible outcomes of rushing into marriage with a teen,sadness,goemotions,general_english_social_media
i cant believe that weve seen this ep before and missed the poster wish i could upvote y more than once,sadness,goemotions,general_english_social_media
yup that’s what people don’t seem to realize,sadness,goemotions,general_english_social_media
oh jeez i missed that,sadness,goemotions,general_english_social_media
i’ve made candies almonds and cashews in a slow cooker before they’re surprisingly not mushy or soggy,sadness,goemotions,general_english_social_media
that wasnt what i was expecting at all,sadness,goemotions,general_english_social_media
i got bad news for yall i picked chargers colts saints and cowboys to win so eagles might be winning,sadness,goemotions,general_english_social_media
i literally cried out is that matt berry,sadness,goemotions,general_english_social_media
their roster just doesn’t work sadly they didn’t realize it in time,sadness,goemotions,general_english_social_media
i miss you big strong daddy,sadness,goemotions,general_english_social_media
i forgot i followed this subreddit and now im having a meltdown,sadness,goemotions,general_english_social_media
alright and i remember what name is but i’m trying to go to sleep so don’t remind me,sadness,goemotions,general_english_social_media
all i see is a missed opportunity to pet a wolf tummy,sadness,goemotions,general_english_social_media
thats the same thing 8 year olds use to try and get my items in video games the guilt and shame strategy pathetic,sadness,goemotions,general_english_social_media
i desperately want to believe you but then,sadness,goemotions,general_english_social_media
i used to have no problems finding them but i’m struggling really hard now,sadness,goemotions,general_english_social_media
i put haha after everything i say because im insecure,sadness,goemotions,general_english_social_media
☠️ i felt his pain☠️ rip furry giblets☹️,sadness,goemotions,general_english_social_media
it isnt only a representation of the economy but how poor most peoples financial sense and budgeting skills are,sadness,goemotions,general_english_social_media
name was pretty dumb in s7,sadness,goemotions,general_english_social_media
it’s really sad to see,sadness,goemotions,general_english_social_media
downtown charlotte at a pretty nice restaurant too edit missed the when part this happened around spring 2017,sadness,goemotions,general_english_social_media
why are other dashers such name 🤣who made y’all so upset,sadness,goemotions,general_english_social_media
extremely painful to watch,sadness,goemotions,general_english_social_media
sadly i had to scroll through the story to read this,sadness,goemotions,general_english_social_media
the amount of empty seats at the orange bowl was pretty bad,sadness,goemotions,general_english_social_media
that poor cleaning lady,sadness,goemotions,general_english_social_media
ouch those geriatric insults are the most spot on aren’t they that and during my peds rotation,sadness,goemotions,general_english_social_media
we didnt win in alvalade even when they got 7th place we just have some sort of block there,sadness,goemotions,general_english_social_media
u guys were a pretty good place to eat at ill miss it,sadness,goemotions,general_english_social_media
guys help i can’t stop playing it my hands are in so much pain,sadness,goemotions,general_english_social_media
oh man i feel so bad for her but am morbidly curious at the same time got more pics,sadness,goemotions,general_english_social_media
that sucks im sorry ive always been dismayed at how flippant people are,sadness,goemotions,general_english_social_media
sorry buddy i think that one is permanently dead,sadness,goemotions,general_english_social_media
i just cant believe she had the nerve to call both name and name low ability,sadness,goemotions,general_english_social_media
no stop one red and yellow team had to be sacrificed for the fortunes of the other i’m sorry,sadness,goemotions,general_english_social_media
i dont really understand what you mean 😩 haha can you explain please,sadness,goemotions,general_english_social_media
apologies but what movie is this from,sadness,goemotions,general_english_social_media
its sad that we have to think of it as a miracle and not a regular occurrence,sadness,goemotions,general_english_social_media
edit i realized i dont want my story publicized sorry yall too personal for me,sadness,goemotions,general_english_social_media
she havent tried contacting me in 2 years i guess she lied congrats to me i won the miss you more game,sadness,goemotions,general_english_social_media
for me yes i did it my whole life and i regret now cause i couldve had something with the girls i didnt approach,sadness,goemotions,general_english_social_media
still saddened by the fact that we never got to see prime name vs prime name,sadness,goemotions,general_english_social_media
missed opportunity to put name,sadness,goemotions,general_english_social_media
im sorry to break the news to you,sadness,goemotions,general_english_social_media
what a sad story,sadness,goemotions,general_english_social_media
absolutely yes i could not feel better right now and i could not have felt worse yesterday,sadness,goemotions,general_english_social_media
damn it if that isn’t the most accurate description of growing up,sadness,goemotions,general_english_social_media
it pains me to see name used in this abhorrent meme,sadness,goemotions,general_english_social_media
this is beautiful my poor baby tho why is she crying,sadness,goemotions,general_english_social_media
but that rookie year was sick such a slash fan when i was young,sadness,goemotions,general_english_social_media
it’s sad that some parents can’t accept some simple mistakes,sadness,goemotions,general_english_social_media
i didnt knew people can be so bad until i met a few people online,sadness,goemotions,general_english_social_media
if you really think that prolifers think sperm are potential children you severely misunderstand their worldview,sadness,goemotions,general_english_social_media
im so sorry about your friend what was he like,sadness,goemotions,general_english_social_media
im upset that theres no sexual subtext between name and name in the new super mario game,sadness,goemotions,general_english_social_media
and unfortunately videos like this act as a constant reminder that most people are complete dumbasses sad really,sadness,goemotions,general_english_social_media
if my mom were still alive shed be so pissed at name being in this cast,sadness,goemotions,general_english_social_media
sorry sometimes i really cant tell in here,sadness,goemotions,general_english_social_media
its hurting my heart why did you leave me,sadness,goemotions,general_english_social_media
im sorry but data and facts are more important than the emotional experience of having lived through something,sadness,goemotions,general_english_social_media
im not a gamer but i always feel bad if i kill an ant or some other bug like that for no reason instant regret,sadness,goemotions,general_english_social_media
i agree you need to plan ahead but you cant build infrastructure that will be heavily underutilised and drive you broke to make,sadness,goemotions,general_english_social_media
oh sorry i clicked on your profile and thought you posted this in the bpd sub sorry 😅,sadness,goemotions,general_english_social_media
i believe this is called darwinism the suicide by tide pods anyways the murder part with the blindfolds is just tragic,sadness,goemotions,general_english_social_media
making us look like punks disappointing,sadness,goemotions,general_english_social_media
i’m so sorry 3,sadness,goemotions,general_english_social_media
its upsetting what can be done well have to take it to the high courts let them decide,sadness,goemotions,general_english_social_media
sadly this is not a new issue for ukraine please take a moment to remember babi yar,sadness,goemotions,general_english_social_media
this is so tough for all of you im so sorry are you in canada i would push hard for a pediatric gastroenterologist,sadness,goemotions,general_english_social_media
25 that not so great for name,sadness,goemotions,general_english_social_media
hardly surprising now they also lost their coach rip,sadness,goemotions,general_english_social_media
maybe the abandonment of his mother some people won’t see that as abusive but it really is,sadness,goemotions,general_english_social_media
im sorry does scholomance exist in the world of ice and fire,sadness,goemotions,general_english_social_media
the saddest thing about this is that most people truly in need are the last ones to ask for help because they dont want to be anyones burden,sadness,goemotions,general_english_social_media
sadly it looks like there are a ton of name in this sub,sadness,goemotions,general_english_social_media
had to make sure you werent the guy himself before i upvoted you,sadness,goemotions,general_english_social_media
losing my identity wondering have i gone insane,sadness,goemotions,general_english_social_media
i’m running hiding avoiding this man poor girl her story is a sad one,sadness,goemotions,general_english_social_media
im disappointed in you too,sadness,goemotions,general_english_social_media
this is just sad so so sad,sadness,goemotions,general_english_social_media
sadly this story has died down why is he bringing it back up just let it die,sadness,goemotions,general_english_social_media
i know this weekend was absolute worse case scenario,sadness,goemotions,general_english_social_media
my heart broke for him when his wife suddenly passed away i worried about him with his issues with depression but he seems to be doing okay,sadness,goemotions,general_english_social_media
im sad that you are against abortion can i drop my unwanted baby off at your door,sadness,goemotions,general_english_social_media
i’m hereit’s tough but i’m here,sadness,goemotions,general_english_social_media
goodness if you carry on saying mean things like that you might just hurt my feeling,sadness,goemotions,general_english_social_media
im crying right now i dont know why doesnt even make me feel anything,sadness,goemotions,general_english_social_media
it is pretty disappointing when you cant pet a service dog thats cute but the rule has to be followed,sadness,goemotions,general_english_social_media
what happened i can’t stop thinking about this post her poor family those kids 😢,sadness,goemotions,general_english_social_media
like they went for it against the name administration for lying the nation into war,sadness,goemotions,general_english_social_media
sorry i meant let them know outside of class,sadness,goemotions,general_english_social_media
oh god another injury,sadness,goemotions,general_english_social_media
out of interest what’s a chibi is it basically a furry,sadness,goemotions,general_english_social_media
an entire family gone within minutes how absolutely heartbreaking,sadness,goemotions,general_english_social_media
brutal im so sorry,sadness,goemotions,general_english_social_media
sorry didnt realize anyway an rwoooosh so,sadness,goemotions,general_english_social_media
she probably just said it because it rhymes sorry op,sadness,goemotions,general_english_social_media
i miss those days,sadness,goemotions,general_english_social_media
true story thats the sad part of it,sadness,goemotions,general_english_social_media
done sorry about missing that before,sadness,goemotions,general_english_social_media
sad that the euphoric tipbot is no more,sadness,goemotions,general_english_social_media
right on name having a big year but name was super disappointing this year,sadness,goemotions,general_english_social_media
this is a depressing rtworedditorsonecup,sadness,goemotions,general_english_social_media
oh sorry to be clearer i meant everyone not on the app looking for a scooter will get sick of seeing random scooters,sadness,goemotions,general_english_social_media
this sounds so painful i am so sorry this ed is literally a demon,sadness,goemotions,general_english_social_media
u get an updoot from one sad person to another,sadness,goemotions,general_english_social_media
it is part of the political game unfortunately,sadness,goemotions,general_english_social_media
oh my gosh this woman who died also had a son who died holy tragedy,sadness,goemotions,general_english_social_media
i’m ready to unsubscribe from this sub,sadness,goemotions,general_english_social_media
did you hear about that old italian chef sadly he pasta way,sadness,goemotions,general_english_social_media
you are correct but now it is over and i cry,sadness,goemotions,general_english_social_media
this feeling is so bad,sadness,goemotions,general_english_social_media
their comment sorry just realized you’re not the same person,sadness,goemotions,general_english_social_media
what it says due date 123118 did she have the kid yet oh name i feel so bad for her and that child nooooooo,sadness,goemotions,general_english_social_media
binge drinking is a big problem in vn right now unfortunately so i wouldnt be surprised if drunkenness was the main cause of this,sadness,goemotions,general_english_social_media
i wasnt sure either im 30 and my doctor has never said anything about getting retested or revaccinated,sadness,goemotions,general_english_social_media
that is so sad just goes to show we have a lot more to learn about the other beings we share this rock with,sadness,goemotions,general_english_social_media
that’s the hardest part for some to get over but hobbies help and getting yourself up and out of the house and spending time with friends,sadness,goemotions,general_english_social_media
sounds so good bro but in my case i’m already out so it feels like it would be a burden to recoming out tvt,sadness,goemotions,general_english_social_media
yep been there watching my baby crying while vomiting and her eyes looking at me so hurt was hard,sadness,goemotions,general_english_social_media
all i know is everyone is tuscaloosa considers this season an abysmal failure,sadness,goemotions,general_english_social_media
i was also terribly confused i’ll jump on and play with you sometime working tonight unfortunately,sadness,goemotions,general_english_social_media
im so poor i dont even know any horse girls,sadness,goemotions,general_english_social_media
all i see is a guy that’s fine stealing beats from his own farm,sadness,goemotions,general_english_social_media
i started this morning barging seven minutes late into a meeting that was not the meeting i thought it was w e l p,sadness,goemotions,general_english_social_media
shame your quite cute,sadness,goemotions,general_english_social_media
the contempt from name in these threads lately is seriously disappointing,sadness,goemotions,general_english_social_media
thats an unexpected pair of fighters,sadness,goemotions,general_english_social_media
beautiful stranger i don’t have to talk to them after,sadness,goemotions,general_english_social_media
same thing happened to a slightly lesser degree with name last year and it made for a lot of heartbreak that some never quite got over,sadness,goemotions,general_english_social_media
this is awesome you can really see how little wasted motion name had—everything looked effortless,sadness,goemotions,general_english_social_media
tldr no more superbowls for name get ready for another winning season that ends in disappointment,sadness,goemotions,general_english_social_media
life is just an endless series of disappointments and no one gets out of here alive,sadness,goemotions,general_english_social_media
especially hard last night looking at snapchat stories,sadness,goemotions,general_english_social_media
he has never had success,sadness,goemotions,general_english_social_media
and how she can’t cry bc of her “expensive lashes” 🤦🏼‍♀️,sadness,goemotions,general_english_social_media
apologies got a little carried away,sadness,goemotions,general_english_social_media
running theory is schnee dust corporation but i dont think its been confirmed,sadness,goemotions,general_english_social_media
what you want is a populated limited set and thus discrete,sadness,goemotions,general_english_social_media
i wanna fight freely in a da shitposting but i want the bromance more,sadness,goemotions,general_english_social_media
this video makes me sad,sadness,goemotions,general_english_social_media
you really need to learn to read 32 isnt too late,sadness,goemotions,general_english_social_media
ive heard vegetarians talking about various sources of cholesterol maybe try rvegetarian and ask what meats they prefer,sadness,goemotions,general_english_social_media
this comment completly proves the opinion of the op right lmao i’m so sorry america doesn’t meet your standards oh mighty reddit commentor,sadness,goemotions,general_english_social_media
