image_path,count,split
data\public\pills-detection-dataset\images\train\Negatives_48082006091_e63f78c883_c.jpg,0,train
data\public\pills-detection-dataset\images\train\Negatives_5007006918_428a67654b_c.jpg,0,train
data\public\pills-detection-dataset\images\train\Negatives_I0001.jpg,0,train
data\public\pills-detection-dataset\images\train\Negatives_I0002.jpg,0,train
data\public\pills-detection-dataset\images\train\Negatives_I0003.jpg,0,train
data\public\pills-detection-dataset\images\train\Negatives_I0004.jpg,0,train
data\public\pills-detection-dataset\images\train\Negatives_I0005.jpg,0,train
data\public\pills-detection-dataset\images\train\Negatives_I0007.jpg,0,train
data\public\pills-detection-dataset\images\train\Negatives_I0008.jpg,0,train
data\public\pills-detection-dataset\images\train\Negatives_I0009.jpg,0,train
data\public\pills-detection-dataset\images\train\Negatives_I0010.jpg,0,train
data\public\pills-detection-dataset\images\train\Negatives_I0011.jpg,0,train
data\public\pills-detection-dataset\images\train\Negatives_I0012.jpg,0,train
data\public\pills-detection-dataset\images\train\Negatives_I0013.jpg,0,train
data\public\pills-detection-dataset\images\train\Negatives_I0015.jpg,0,train
data\public\pills-detection-dataset\images\train\Negatives_I0016.jpg,0,train
data\public\pills-detection-dataset\images\train\Negatives_I0017.jpg,0,train
data\public\pills-detection-dataset\images\train\Negatives_I0018.jpg,0,train
data\public\pills-detection-dataset\images\train\Negatives_I0019.jpg,0,train
data\public\pills-detection-dataset\images\train\Negatives_I0020.jpg,0,train
data\public\pills-detection-dataset\images\train\Negatives_I0021.jpg,0,train
data\public\pills-detection-dataset\images\train\Negatives_I0023.jpg,0,train
data\public\pills-detection-dataset\images\train\Negatives_I0024.jpg,0,train
data\public\pills-detection-dataset\images\train\Negatives_I0025.jpg,0,train
data\public\pills-detection-dataset\images\train\Negatives_I0026.jpg,0,train
data\public\pills-detection-dataset\images\train\Negatives_I0027.jpg,0,train
data\public\pills-detection-dataset\images\train\Negatives_I0028.jpg,0,train
data\public\pills-detection-dataset\images\train\Negatives_I0029.jpg,0,train
data\public\pills-detection-dataset\images\train\Negatives_I0031.jpg,0,train
data\public\pills-detection-dataset\images\train\Negatives_I0032.jpg,0,train
data\public\pills-detection-dataset\images\train\Negatives_I0033.jpg,0,train
data\public\pills-detection-dataset\images\train\Negatives_I0034.jpg,0,train
data\public\pills-detection-dataset\images\train\Negatives_I0035.jpg,0,train
data\public\pills-detection-dataset\images\train\Negatives_I0036.jpg,0,train
data\public\pills-detection-dataset\images\train\Negatives_I0037.jpg,0,train
data\public\pills-detection-dataset\images\train\Negatives_I0039.jpg,0,train
data\public\pills-detection-dataset\images\train\Negatives_I0040.jpg,0,train
data\public\pills-detection-dataset\images\train\Negatives_I0041.jpg,0,train
data\public\pills-detection-dataset\images\train\Negatives_I0042.jpg,0,train
data\public\pills-detection-dataset\images\train\Negatives_I0043.jpg,0,train
data\public\pills-detection-dataset\images\train\Negatives_I0044.jpg,0,train
data\public\pills-detection-dataset\images\train\Negatives_I0045.jpg,0,train
data\public\pills-detection-dataset\images\train\Negatives_I0047.jpg,0,train
data\public\pills-detection-dataset\images\train\Negatives_I0048.jpg,0,train
data\public\pills-detection-dataset\images\train\Negatives_I0049.jpg,0,train
data\public\pills-detection-dataset\images\train\Negatives_I0050.jpg,0,train
data\public\pills-detection-dataset\images\train\Negatives_I0051.jpg,0,train
data\public\pills-detection-dataset\images\train\Negatives_I0052.jpg,0,train
data\public\pills-detection-dataset\images\train\Negatives_I0053.jpg,0,train
data\public\pills-detection-dataset\images\train\Negatives_I0055.jpg,0,train
data\public\pills-detection-dataset\images\train\Negatives_I0056.jpg,0,train
data\public\pills-detection-dataset\images\train\Negatives_I0057.jpg,0,train
data\public\pills-detection-dataset\images\train\Negatives_I0058.jpg,0,train
data\public\pills-detection-dataset\images\train\Negatives_I0059.jpg,0,train
data\public\pills-detection-dataset\images\train\Negatives_I0060.jpg,0,train
data\public\pills-detection-dataset\images\train\Negatives_I0061.jpg,0,train
data\public\pills-detection-dataset\images\train\Negatives_I0063.jpg,0,train
data\public\pills-detection-dataset\images\train\Negatives_I0064.jpg,0,train
data\public\pills-detection-dataset\images\train\Negatives_I0065.jpg,0,train
data\public\pills-detection-dataset\images\train\Negatives_I0066.jpg,0,train
data\public\pills-detection-dataset\images\train\Negatives_I0067.jpg,0,train
data\public\pills-detection-dataset\images\train\Negatives_I0068.jpg,0,train
data\public\pills-detection-dataset\images\train\Negatives_I0069.jpg,0,train
data\public\pills-detection-dataset\images\train\Negatives_I0071.jpg,0,train
data\public\pills-detection-dataset\images\train\Negatives_I0072.jpg,0,train
data\public\pills-detection-dataset\images\train\Negatives_I0073.jpg,0,train
data\public\pills-detection-dataset\images\train\Negatives_I0074.jpg,0,train
data\public\pills-detection-dataset\images\train\Negatives_I0075.jpg,0,train
data\public\pills-detection-dataset\images\train\Negatives_I0076.jpg,0,train
data\public\pills-detection-dataset\images\train\Negatives_I0077.jpg,0,train
data\public\pills-detection-dataset\images\train\Negatives_I0079.jpg,0,train
data\public\pills-detection-dataset\images\train\Negatives_I0080.jpg,0,train
data\public\pills-detection-dataset\images\train\Negatives_I0081.jpg,0,train
data\public\pills-detection-dataset\images\train\Negatives_I0082.jpg,0,train
data\public\pills-detection-dataset\images\train\Negatives_I0083.jpg,0,train
data\public\pills-detection-dataset\images\train\Negatives_I0084.jpg,0,train
data\public\pills-detection-dataset\images\train\Negatives_I0085.jpg,0,train
data\public\pills-detection-dataset\images\train\Negatives_I0087.jpg,0,train
data\public\pills-detection-dataset\images\train\Negatives_I0088.jpg,0,train
data\public\pills-detection-dataset\images\train\Negatives_I0089.jpg,0,train
data\public\pills-detection-dataset\images\train\Negatives_I0090.jpg,0,train
data\public\pills-detection-dataset\images\train\Negatives_I0091.jpg,0,train
data\public\pills-detection-dataset\images\train\Negatives_I0092.jpg,0,train
data\public\pills-detection-dataset\images\train\Negatives_I0093.jpg,0,train
data\public\pills-detection-dataset\images\train\Negatives_I0095.jpg,0,train
data\public\pills-detection-dataset\images\train\Negatives_I0096.jpg,0,train
data\public\pills-detection-dataset\images\train\Negatives_I0097.jpg,0,train
data\public\pills-detection-dataset\images\train\Negatives_I0098.jpg,0,train
data\public\pills-detection-dataset\images\train\Negatives_I0099.jpg,0,train
data\public\pills-detection-dataset\images\train\Negatives_I0100.jpg,0,train
data\public\pills-detection-dataset\images\train\Negatives_I0101.jpg,0,train
data\public\pills-detection-dataset\images\train\Negatives_I0103.jpg,0,train
data\public\pills-detection-dataset\images\train\Negatives_I0104.jpg,0,train
data\public\pills-detection-dataset\images\train\Negatives_I0105.jpg,0,train
data\public\pills-detection-dataset\images\train\Negatives_I0106.jpg,0,train
data\public\pills-detection-dataset\images\train\Negatives_I0107.jpg,0,train
data\public\pills-detection-dataset\images\train\Negatives_I0108.jpg,0,train
data\public\pills-detection-dataset\images\train\Negatives_I0109.jpg,0,train
data\public\pills-detection-dataset\images\train\Negatives_I0111.jpg,0,train
data\public\pills-detection-dataset\images\train\Negatives_I0112.jpg,0,train
data\public\pills-detection-dataset\images\train\Negatives_I0113.jpg,0,train
data\public\pills-detection-dataset\images\train\Negatives_I0114.jpg,0,train
data\public\pills-detection-dataset\images\train\Negatives_I0115.jpg,0,train
data\public\pills-detection-dataset\images\train\Negatives_I0116.jpg,0,train
data\public\pills-detection-dataset\images\train\Negatives_I0117.jpg,0,train
data\public\pills-detection-dataset\images\train\Negatives_I0119.jpg,0,train
data\public\pills-detection-dataset\images\train\Negatives_I0120.jpg,0,train
data\public\pills-detection-dataset\images\train\Negatives_I0121.jpg,0,train
data\public\pills-detection-dataset\images\train\Negatives_I0122.jpg,0,train
data\public\pills-detection-dataset\images\train\Negatives_I0123.jpg,0,train
data\public\pills-detection-dataset\images\train\Negatives_I0124.jpg,0,train
data\public\pills-detection-dataset\images\train\Negatives_I0125.jpg,0,train
data\public\pills-detection-dataset\images\train\Negatives_I0127.jpg,0,train
data\public\pills-detection-dataset\images\train\Negatives_I0128.jpg,0,train
data\public\pills-detection-dataset\images\train\Negatives_I0129.jpg,0,train
data\public\pills-detection-dataset\images\train\Negatives_I0130.jpg,0,train
data\public\pills-detection-dataset\images\train\Negatives_I0131.jpg,0,train
data\public\pills-detection-dataset\images\train\Negatives_I0132.jpg,0,train
data\public\pills-detection-dataset\images\train\Negatives_I0133.jpg,0,train
data\public\pills-detection-dataset\images\train\Negatives_I0135.jpg,0,train
data\public\pills-detection-dataset\images\train\Negatives_I0136.jpg,0,train
data\public\pills-detection-dataset\images\train\Negatives_I0137.jpg,0,train
data\public\pills-detection-dataset\images\train\Negatives_I0138.jpg,0,train
data\public\pills-detection-dataset\images\train\Negatives_I0139.jpg,0,train
data\public\pills-detection-dataset\images\train\Negatives_I0140.jpg,0,train
data\public\pills-detection-dataset\images\train\Negatives_I0141.jpg,0,train
data\public\pills-detection-dataset\images\train\Negatives_I0143.jpg,0,train
data\public\pills-detection-dataset\images\train\Negatives_I0144.jpg,0,train
data\public\pills-detection-dataset\images\train\Negatives_I0145.jpg,0,train
data\public\pills-detection-dataset\images\train\Negatives_I0146.jpg,0,train
data\public\pills-detection-dataset\images\train\Negatives_I0147.jpg,0,train
data\public\pills-detection-dataset\images\train\Negatives_I0148.jpg,0,train
data\public\pills-detection-dataset\images\train\Negatives_I0149.jpg,0,train
data\public\pills-detection-dataset\images\train\Negatives_I0151.jpg,0,train
data\public\pills-detection-dataset\images\train\Negatives_I0152.jpg,0,train
data\public\pills-detection-dataset\images\train\Negatives_I0153.jpg,0,train
data\public\pills-detection-dataset\images\train\Negatives_I0154.jpg,0,train
data\public\pills-detection-dataset\images\train\Negatives_I0155.jpg,0,train
data\public\pills-detection-dataset\images\train\Negatives_I0156.jpg,0,train
data\public\pills-detection-dataset\images\train\Negatives_I0157.jpg,0,train
data\public\pills-detection-dataset\images\train\Negatives_I0159.jpg,0,train
data\public\pills-detection-dataset\images\train\Negatives_I0160.jpg,0,train
data\public\pills-detection-dataset\images\train\Negatives_I0201.jpg,0,train
data\public\pills-detection-dataset\images\train\Negatives_I0202.jpg,0,train
data\public\pills-detection-dataset\images\train\Negatives_I0203.jpg,0,train
data\public\pills-detection-dataset\images\train\Negatives_I0204.jpg,0,train
data\public\pills-detection-dataset\images\train\Negatives_I0205.jpg,0,train
data\public\pills-detection-dataset\images\train\Negatives_I0207.jpg,0,train
data\public\pills-detection-dataset\images\train\Negatives_I0208.jpg,0,train
data\public\pills-detection-dataset\images\train\Negatives_I0209.jpg,0,train
data\public\pills-detection-dataset\images\train\Negatives_I0210.jpg,0,train
data\public\pills-detection-dataset\images\train\Negatives_I0211.jpg,0,train
data\public\pills-detection-dataset\images\train\Negatives_I0212.jpg,0,train
data\public\pills-detection-dataset\images\train\Negatives_I0213.jpg,0,train
data\public\pills-detection-dataset\images\train\Negatives_I0215.jpg,0,train
data\public\pills-detection-dataset\images\train\Negatives_I0216.jpg,0,train
data\public\pills-detection-dataset\images\train\Negatives_I0217.jpg,0,train
data\public\pills-detection-dataset\images\train\Negatives_I0218.jpg,0,train
data\public\pills-detection-dataset\images\train\Negatives_I0219.jpg,0,train
data\public\pills-detection-dataset\images\train\Negatives_I0220.jpg,0,train
data\public\pills-detection-dataset\images\train\Negatives_I0221.jpg,0,train
data\public\pills-detection-dataset\images\train\Negatives_I0223.jpg,0,train
data\public\pills-detection-dataset\images\train\Negatives_I0224.jpg,0,train
data\public\pills-detection-dataset\images\train\Negatives_I0225.jpg,0,train
data\public\pills-detection-dataset\images\train\Negatives_I0226.jpg,0,train
data\public\pills-detection-dataset\images\train\Negatives_I0227.jpg,0,train
data\public\pills-detection-dataset\images\train\Negatives_I0228.jpg,0,train
data\public\pills-detection-dataset\images\train\Negatives_I0229.jpg,0,train
data\public\pills-detection-dataset\images\train\Negatives_I0231.jpg,0,train
data\public\pills-detection-dataset\images\train\Negatives_I0232.jpg,0,train
data\public\pills-detection-dataset\images\train\Negatives_I0233.jpg,0,train
data\public\pills-detection-dataset\images\train\Negatives_I0234.jpg,0,train
data\public\pills-detection-dataset\images\train\Negatives_I0235.jpg,0,train
data\public\pills-detection-dataset\images\train\Negatives_I0236.jpg,0,train
data\public\pills-detection-dataset\images\train\Negatives_I0237.jpg,0,train
data\public\pills-detection-dataset\images\train\Negatives_I0239.jpg,0,train
data\public\pills-detection-dataset\images\train\Negatives_I0240.jpg,0,train
data\public\pills-detection-dataset\images\train\Negatives_I0241.jpg,0,train
data\public\pills-detection-dataset\images\train\Negatives_I0242.jpg,0,train
data\public\pills-detection-dataset\images\train\Negatives_I0243.jpg,0,train
data\public\pills-detection-dataset\images\train\Negatives_I0244.jpg,0,train
data\public\pills-detection-dataset\images\train\Negatives_I0245.jpg,0,train
data\public\pills-detection-dataset\images\train\Negatives_I0247.jpg,0,train
data\public\pills-detection-dataset\images\train\Negatives_I0248.jpg,0,train
data\public\pills-detection-dataset\images\train\Negatives_I0249.jpg,0,train
data\public\pills-detection-dataset\images\train\Negatives_I0250.jpg,0,train
data\public\pills-detection-dataset\images\train\Negatives_I0251.jpg,0,train
data\public\pills-detection-dataset\images\train\Negatives_I0252.jpg,0,train
data\public\pills-detection-dataset\images\train\Negatives_I0253.jpg,0,train
data\public\pills-detection-dataset\images\train\Negatives_I0255.jpg,0,train
data\public\pills-detection-dataset\images\train\Negatives_I0256.jpg,0,train
data\public\pills-detection-dataset\images\train\Negatives_I0257.jpg,0,train
data\public\pills-detection-dataset\images\train\Negatives_I0258.jpg,0,train
data\public\pills-detection-dataset\images\train\Negatives_I0259.jpg,0,train
data\public\pills-detection-dataset\images\train\Negatives_I0260.jpg,0,train
data\public\pills-detection-dataset\images\train\Negatives_I0261.jpg,0,train
data\public\pills-detection-dataset\images\train\Negatives_I0263.jpg,0,train
data\public\pills-detection-dataset\images\train\Negatives_I0264.jpg,0,train
data\public\pills-detection-dataset\images\train\Negatives_I0265.jpg,0,train
data\public\pills-detection-dataset\images\train\Negatives_I0266.jpg,0,train
data\public\pills-detection-dataset\images\train\Negatives_I0267.jpg,0,train
data\public\pills-detection-dataset\images\train\Negatives_I0268.jpg,0,train
data\public\pills-detection-dataset\images\train\Negatives_I0269.jpg,0,train
data\public\pills-detection-dataset\images\train\Negatives_I0271.jpg,0,train
data\public\pills-detection-dataset\images\train\Negatives_I0272.jpg,0,train
data\public\pills-detection-dataset\images\train\Negatives_I0273.jpg,0,train
data\public\pills-detection-dataset\images\train\Negatives_I0274.jpg,0,train
data\public\pills-detection-dataset\images\train\Negatives_I0275.jpg,0,train
data\public\pills-detection-dataset\images\train\Negatives_I0276.jpg,0,train
data\public\pills-detection-dataset\images\train\Negatives_I0277.jpg,0,train
data\public\pills-detection-dataset\images\train\Negatives_I0279.jpg,0,train
data\public\pills-detection-dataset\images\train\Negatives_I0280.jpg,0,train
data\public\pills-detection-dataset\images\train\Negatives_I0281.jpg,0,train
data\public\pills-detection-dataset\images\train\Negatives_I0282.jpg,0,train
data\public\pills-detection-dataset\images\train\Negatives_I0283.jpg,0,train
data\public\pills-detection-dataset\images\train\Negatives_I0284.jpg,0,train
data\public\pills-detection-dataset\images\train\Negatives_I0285.jpg,0,train
data\public\pills-detection-dataset\images\train\Negatives_I0287.jpg,0,train
data\public\pills-detection-dataset\images\train\Negatives_I0288.jpg,0,train
data\public\pills-detection-dataset\images\train\Negatives_I0289.jpg,0,train
data\public\pills-detection-dataset\images\train\Negatives_I0290.jpg,0,train
data\public\pills-detection-dataset\images\train\Negatives_I0291.jpg,0,train
data\public\pills-detection-dataset\images\train\Negatives_I0292.jpg,0,train
data\public\pills-detection-dataset\images\train\Negatives_I0293.jpg,0,train
data\public\pills-detection-dataset\images\train\Negatives_IMG_3212.jpg,0,train
data\public\pills-detection-dataset\images\train\Negatives_IMG_3213.jpg,0,train
data\public\pills-detection-dataset\images\train\Negatives_IMG_3214.jpg,0,train
data\public\pills-detection-dataset\images\train\Negatives_IMG_3215.jpg,0,train
data\public\pills-detection-dataset\images\train\Negatives_IMG_3216.jpg,0,train
data\public\pills-detection-dataset\images\train\Negatives_IMG_3217.jpg,0,train
data\public\pills-detection-dataset\images\train\Negatives_IMG_3218.jpg,0,train
data\public\pills-detection-dataset\images\train\Negatives_IMG_3220.jpg,0,train
data\public\pills-detection-dataset\images\train\Negatives_IMG_3221.jpg,0,train
data\public\pills-detection-dataset\images\train\Negatives_IMG_3222.jpg,0,train
data\public\pills-detection-dataset\images\train\Negatives_IMG_3223.jpg,0,train
data\public\pills-detection-dataset\images\train\Negatives_IMG_3224.jpg,0,train
data\public\pills-detection-dataset\images\train\Negatives_IMG_3225.jpg,0,train
data\public\pills-detection-dataset\images\train\Negatives_IMG_3226.jpg,0,train
data\public\pills-detection-dataset\images\train\Negatives_IMG_3228.jpg,0,train
data\public\pills-detection-dataset\images\train\Negatives_IMG_3229.jpg,0,train
data\public\pills-detection-dataset\images\train\Negatives_IMG_3230.jpg,0,train
data\public\pills-detection-dataset\images\train\Negatives_IMG_3231.jpg,0,train
data\public\pills-detection-dataset\images\train\Negatives_IMG_3232.jpg,0,train
data\public\pills-detection-dataset\images\train\Negatives_IMG_3233.jpg,0,train
data\public\pills-detection-dataset\images\train\Negatives_IMG_3234.jpg,0,train
data\public\pills-detection-dataset\images\train\Negatives_IMG_3236.jpg,0,train
data\public\pills-detection-dataset\images\train\Negatives_IMG_3237.jpg,0,train
data\public\pills-detection-dataset\images\train\Negatives_IMG_3238.jpg,0,train
data\public\pills-detection-dataset\images\train\Negatives_IMG_3239.jpg,0,train
data\public\pills-detection-dataset\images\train\Negatives_IMG_3240.jpg,0,train
data\public\pills-detection-dataset\images\train\Negatives_IMG_3241.jpg,0,train
data\public\pills-detection-dataset\images\train\Negatives_IMG_3242.jpg,0,train
data\public\pills-detection-dataset\images\train\Negatives_IMG_3244.jpg,0,train
data\public\pills-detection-dataset\images\train\Negatives_IMG_3245.jpg,0,train
data\public\pills-detection-dataset\images\train\Negatives_IMG_3246.jpg,0,train
data\public\pills-detection-dataset\images\train\Negatives_IMG_3247.jpg,0,train
data\public\pills-detection-dataset\images\train\Negatives_IMG_3248.jpg,0,train
data\public\pills-detection-dataset\images\train\Negatives_IMG_3249.jpg,0,train
data\public\pills-detection-dataset\images\train\Negatives_IMG_3250.jpg,0,train
data\public\pills-detection-dataset\images\train\Negatives_IMG_3252.jpg,0,train
data\public\pills-detection-dataset\images\train\Negatives_IMG_3253.jpg,0,train
data\public\pills-detection-dataset\images\train\Negatives_IMG_3254.jpg,0,train
data\public\pills-detection-dataset\images\train\Negatives_IMG_3255.jpg,0,train
data\public\pills-detection-dataset\images\train\Negatives_IMG_3256.jpg,0,train
data\public\pills-detection-dataset\images\train\Negatives_IMG_3257.jpg,0,train
data\public\pills-detection-dataset\images\train\Negatives_IMG_3258.jpg,0,train
data\public\pills-detection-dataset\images\train\Negatives_IMG_3260.jpg,0,train
data\public\pills-detection-dataset\images\train\Negatives_IMG_3261.jpg,0,train
data\public\pills-detection-dataset\images\train\Negatives_IMG_3262.jpg,0,train
data\public\pills-detection-dataset\images\train\Negatives_IMG_3263.jpg,0,train
data\public\pills-detection-dataset\images\train\Negatives_IMG_3264.jpg,0,train
data\public\pills-detection-dataset\images\train\Negatives_IMG_3265.jpg,0,train
data\public\pills-detection-dataset\images\train\Negatives_IMG_3266.jpg,0,train
data\public\pills-detection-dataset\images\train\Negatives_IMG_3268.jpg,0,train
data\public\pills-detection-dataset\images\train\Negatives_IMG_3269.jpg,0,train
data\public\pills-detection-dataset\images\train\Negatives_IMG_3270.jpg,0,train
data\public\pills-detection-dataset\images\train\Negatives_IMG_3271.jpg,0,train
data\public\pills-detection-dataset\images\train\Negatives_IMG_3272.jpg,0,train
data\public\pills-detection-dataset\images\train\Negatives_IMG_3273.jpg,0,train
data\public\pills-detection-dataset\images\train\Negatives_IMG_3274.jpg,0,train
data\public\pills-detection-dataset\images\train\Negatives_IMG_3276.jpg,0,train
data\public\pills-detection-dataset\images\train\Negatives_IMG_3277.jpg,0,train
data\public\pills-detection-dataset\images\train\Negatives_IMG_3278.jpg,0,train
data\public\pills-detection-dataset\images\train\Negatives_IMG_3279.jpg,0,train
data\public\pills-detection-dataset\images\train\Negatives_IMG_3280.jpg,0,train
data\public\pills-detection-dataset\images\train\Negatives_IMG_3281.jpg,0,train
data\public\pills-detection-dataset\images\train\Negatives_IMG_3282.jpg,0,train
data\public\pills-detection-dataset\images\train\Negatives_IMG_3284.jpg,0,train
data\public\pills-detection-dataset\images\train\Negatives_IMG_3332.jpg,0,train
data\public\pills-detection-dataset\images\train\Negatives_IMG_3333.jpg,0,train
data\public\pills-detection-dataset\images\train\Negatives_IMG_3334.jpg,0,train
data\public\pills-detection-dataset\images\train\Negatives_IMG_3335.jpg,0,train
data\public\pills-detection-dataset\images\train\Negatives_IMG_3336.jpg,0,train
data\public\pills-detection-dataset\images\train\Negatives_IMG_3337.jpg,0,train
data\public\pills-detection-dataset\images\train\Negatives_IMG_3339.jpg,0,train
data\public\pills-detection-dataset\images\train\Negatives_IMG_3340.jpg,0,train
data\public\pills-detection-dataset\images\train\Negatives_IMG_3341.jpg,0,train
data\public\pills-detection-dataset\images\train\Negatives_IMG_3342.jpg,0,train
data\public\pills-detection-dataset\images\train\Negatives_IMG_3343.jpg,0,train
data\public\pills-detection-dataset\images\train\Negatives_IMG_3344.jpg,0,train
data\public\pills-detection-dataset\images\train\Negatives_IMG_3345.jpg,0,train
data\public\pills-detection-dataset\images\train\Negatives_IMG_3347.jpg,0,train
data\public\pills-detection-dataset\images\train\Negatives_IMG_3348.jpg,0,train
data\public\pills-detection-dataset\images\train\Negatives_IMG_3349.jpg,0,train
data\public\pills-detection-dataset\images\train\Negatives_IMG_3351.jpg,0,train
data\public\pills-detection-dataset\images\train\Negatives_IMG_3352.jpg,0,train
data\public\pills-detection-dataset\images\train\Negatives_IMG_3353.jpg,0,train
data\public\pills-detection-dataset\images\train\Negatives_IMG_3354.jpg,0,train
data\public\pills-detection-dataset\images\train\Negatives_IMG_3356.jpg,0,train
data\public\pills-detection-dataset\images\train\Negatives_IMG_3357.jpg,0,train
data\public\pills-detection-dataset\images\train\Negatives_IMG_3358.jpg,0,train
data\public\pills-detection-dataset\images\train\Negatives_IMG_3359.jpg,0,train
data\public\pills-detection-dataset\images\train\Negatives_IMG_3360.jpg,0,train
data\public\pills-detection-dataset\images\train\Negatives_IMG_3361.jpg,0,train
data\public\pills-detection-dataset\images\train\Negatives_IMG_3362.jpg,0,train
data\public\pills-detection-dataset\images\train\Negatives_IMG_3364.jpg,0,train
data\public\pills-detection-dataset\images\train\Negatives_IMG_3365.jpg,0,train
data\public\pills-detection-dataset\images\train\Negatives_IMG_3366.jpg,0,train
data\public\pills-detection-dataset\images\train\Negatives_IMG_3367.jpg,0,train
data\public\pills-detection-dataset\images\train\Negatives_IMG_3368.jpg,0,train
data\public\pills-detection-dataset\images\train\Negatives_IMG_3369.jpg,0,train
data\public\pills-detection-dataset\images\train\Negatives_IMG_3370.jpg,0,train
data\public\pills-detection-dataset\images\train\Negatives_IMG_3372.jpg,0,train
data\public\pills-detection-dataset\images\train\Negatives_IMG_3373.jpg,0,train
data\public\pills-detection-dataset\images\train\Negatives_IMG_3374.jpg,0,train
data\public\pills-detection-dataset\images\train\Negatives_IMG_3375.jpg,0,train
data\public\pills-detection-dataset\images\train\Negatives_IMG_3376.jpg,0,train
data\public\pills-detection-dataset\images\train\Negatives_IMG_3377.jpg,0,train
data\public\pills-detection-dataset\images\train\Negatives_IMG_3378.jpg,0,train
data\public\pills-detection-dataset\images\train\Negatives_IMG_3380.jpg,0,train
data\public\pills-detection-dataset\images\train\Negatives_IMG_3381.jpg,0,train
data\public\pills-detection-dataset\images\train\Negatives_IMG_3382.jpg,0,train
data\public\pills-detection-dataset\images\train\Negatives_IMG_3383.jpg,0,train
data\public\pills-detection-dataset\images\train\Negatives_IMG_3384.jpg,0,train
data\public\pills-detection-dataset\images\train\Negatives_IMG_3385.jpg,0,train
data\public\pills-detection-dataset\images\train\Negatives_IMG_3386.jpg,0,train
data\public\pills-detection-dataset\images\train\Negatives_IMG_3390.jpg,0,train
data\public\pills-detection-dataset\images\train\Negatives_IMG_3391.jpg,0,train
data\public\pills-detection-dataset\images\train\Negatives_IMG_3392.jpg,0,train
data\public\pills-detection-dataset\images\train\Negatives_IMG_3393.jpg,0,train
data\public\pills-detection-dataset\images\train\Negatives_IMG_3394.jpg,0,train
data\public\pills-detection-dataset\images\train\Negatives_IMG_3395.jpg,0,train
data\public\pills-detection-dataset\images\train\Negatives_IMG_3431.jpg,0,train
data\public\pills-detection-dataset\images\train\Negatives_IMG_3433.jpg,0,train
data\public\pills-detection-dataset\images\train\Negatives_IMG_3434.jpg,0,train
data\public\pills-detection-dataset\images\train\Negatives_IMG_3435.jpg,0,train
data\public\pills-detection-dataset\images\train\Negatives_IMG_3436.jpg,0,train
data\public\pills-detection-dataset\images\train\Negatives_IMG_3437.jpg,0,train
data\public\pills-detection-dataset\images\train\Negatives_IMG_3438.jpg,0,train
data\public\pills-detection-dataset\images\train\Negatives_IMG_3439.jpg,0,train
data\public\pills-detection-dataset\images\train\Negatives_IMG_3456.jpg,0,train
data\public\pills-detection-dataset\images\train\Negatives_IMG_3457.jpg,0,train
data\public\pills-detection-dataset\images\train\Negatives_IMG_3458.jpg,0,train
data\public\pills-detection-dataset\images\train\Negatives_IMG_3459.jpg,0,train
data\public\pills-detection-dataset\images\train\Negatives_IMG_3460.jpg,0,train
data\public\pills-detection-dataset\images\train\Negatives_IMG_3461.jpg,0,train
data\public\pills-detection-dataset\images\train\Negatives_IMG_3462.jpg,0,train
data\public\pills-detection-dataset\images\train\Negatives_IMG_3464.jpg,0,train
data\public\pills-detection-dataset\images\train\Negatives_IMG_3465.jpg,0,train
data\public\pills-detection-dataset\images\train\Negatives_IMG_3466.jpg,0,train
data\public\pills-detection-dataset\images\train\Negatives_IMG_3467.jpg,0,train
data\public\pills-detection-dataset\images\train\Negatives_IMG_3468.jpg,0,train
data\public\pills-detection-dataset\images\train\Negatives_IMG_3469.jpg,0,train
data\public\pills-detection-dataset\images\train\Negatives_IMG_3470.jpg,0,train
data\public\pills-detection-dataset\images\train\Negatives_IMG_3472.jpg,0,train
data\public\pills-detection-dataset\images\train\Negatives_IMG_3473.jpg,0,train
data\public\pills-detection-dataset\images\train\Negatives_IMG_3474.jpg,0,train
data\public\pills-detection-dataset\images\train\Negatives_IMG_3475.jpg,0,train
data\public\pills-detection-dataset\images\train\Negatives_IMG_4265.jpg,0,train
data\public\pills-detection-dataset\images\train\Negatives_IMG_4266.jpg,0,train
data\public\pills-detection-dataset\images\train\Negatives_IMG_4267.jpg,0,train
data\public\pills-detection-dataset\images\train\Negatives_IMG_4269.jpg,0,train
data\public\pills-detection-dataset\images\train\Negatives_IMG_4294.jpg,0,train
data\public\pills-detection-dataset\images\train\Negatives_IMG_4310.jpg,0,train
data\public\pills-detection-dataset\images\train\Negatives_IMG_4311.jpg,0,train
data\public\pills-detection-dataset\images\train\Negatives_IMG_4312.jpg,0,train
data\public\pills-detection-dataset\images\train\Negatives_IMG_4313.jpg,0,train
data\public\pills-detection-dataset\images\train\Negatives_IMG_4314.jpg,0,train
data\public\pills-detection-dataset\images\train\Negatives_IMG_4316.jpg,0,train
data\public\pills-detection-dataset\images\train\Negatives_no_pills_1.jpg,0,train
data\public\pills-detection-dataset\images\train\Negatives_no_pills_2.jpg,0,train
data\public\pills-detection-dataset\images\train\Negatives_no_pills_3.jpg,0,train
data\public\pills-detection-dataset\images\train\Negatives_no_pills_4.jpg,0,train
data\public\pills-detection-dataset\images\train\Negatives_no_pills_5.jpg,0,train
data\public\pills-detection-dataset\images\train\Negatives_Screenshot 2026-01-16 000334.jpg,0,train
data\public\pills-detection-dataset\images\train\NIH-Pill-rximage_m_0425.jpg,6,train
data\public\pills-detection-dataset\images\train\Personal-251124_I0053.jpg,5,train
data\public\pills-detection-dataset\images\train\Personal-251124_I0054.jpg,5,train
data\public\pills-detection-dataset\images\train\Personal-251124_I0055.jpg,5,train
data\public\pills-detection-dataset\images\train\Personal-251124_I0056.jpg,5,train
data\public\pills-detection-dataset\images\train\Personal-251124_I0079.jpg,6,train
data\public\pills-detection-dataset\images\train\Personal-251124_I0121.jpg,3,train
data\public\pills-detection-dataset\images\train\Personal-251124_I0123.jpg,2,train
data\public\pills-detection-dataset\images\train\Personal-251124_I0124.jpg,3,train
data\public\pills-detection-dataset\images\train\Personal-251124_I0125.jpg,5,train
data\public\pills-detection-dataset\images\train\Personal-251124_I0126.jpg,5,train
data\public\pills-detection-dataset\images\train\Personal-251124_I0127.jpg,5,train
data\public\pills-detection-dataset\images\train\Personal-251124_I0145.jpg,2,train
data\public\pills-detection-dataset\images\train\Personal-251124_I0147.jpg,2,train
data\public\pills-detection-dataset\images\train\Personal-251124_I0148.jpg,2,train
data\public\pills-detection-dataset\images\train\Personal-251124_I0149.jpg,3,train
data\public\pills-detection-dataset\images\train\Personal-251124_I0150.jpg,3,train
data\public\pills-detection-dataset\images\train\Personal-251124_I0151.jpg,3,train
data\public\pills-detection-dataset\images\train\Personal-251124_I0152.jpg,3,train
data\public\pills-detection-dataset\images\train\Personal-251124_I0153.jpg,3,train
data\public\pills-detection-dataset\images\train\Personal-251124_I0155.jpg,3,train
data\public\pills-detection-dataset\images\train\Personal-251124_I0161.jpg,4,train
data\public\pills-detection-dataset\images\train\Personal-251124_I0162.jpg,4,train
data\public\pills-detection-dataset\images\train\Personal-251124_I0163.jpg,1,train
data\public\pills-detection-dataset\images\train\Personal-251124_I0164.jpg,1,train
data\public\pills-detection-dataset\images\train\Personal-251124_I0165.jpg,3,train
data\public\pills-detection-dataset\images\train\Personal-251124_I0166.jpg,4,train
data\public\pills-detection-dataset\images\train\Personal-251124_I0168.jpg,4,train
data\public\pills-detection-dataset\images\train\Personal-251124_I0174.jpg,2,train
data\public\pills-detection-dataset\images\train\Personal-251124_I0176.jpg,2,train
data\public\pills-detection-dataset\images\train\Personal-251124_I0177.jpg,2,train
data\public\pills-detection-dataset\images\train\Personal-251124_I0178.jpg,2,train
data\public\pills-detection-dataset\images\train\Personal-251124_I0179.jpg,2,train
data\public\pills-detection-dataset\images\train\Personal-251124_I0180.jpg,2,train
data\public\pills-detection-dataset\images\train\Personal-251124_I0181.jpg,2,train
data\public\pills-detection-dataset\images\train\Personal-251124_I0182.jpg,2,train
data\public\pills-detection-dataset\images\train\Personal-251124_I0184.jpg,3,train
data\public\pills-detection-dataset\images\train\Personal-251124_I0185.jpg,3,train
data\public\pills-detection-dataset\images\train\Personal-251124_I0186.jpg,3,train
data\public\pills-detection-dataset\images\train\Personal-251124_I0187.jpg,3,train
data\public\pills-detection-dataset\images\train\Personal-251124_I0188.jpg,3,train
data\public\pills-detection-dataset\images\train\Personal-251124_I0189.jpg,4,train
data\public\pills-detection-dataset\images\train\Personal-251124_I0190.jpg,4,train
data\public\pills-detection-dataset\images\train\Personal-251124_I0192.jpg,4,train
data\public\pills-detection-dataset\images\train\Personal-251124_I0193.jpg,5,train
data\public\pills-detection-dataset\images\train\Personal-251124_I0194.jpg,5,train
data\public\pills-detection-dataset\images\train\Personal-251124_I0195.jpg,5,train
data\public\pills-detection-dataset\images\train\Personal-251124_I0196.jpg,5,train
data\public\pills-detection-dataset\images\train\Personal-251124_I0197.jpg,5,train
data\public\pills-detection-dataset\images\train\Personal-251124_I0198.jpg,5,train
data\public\pills-detection-dataset\images\train\Personal-251124_I0203.jpg,6,train
data\public\pills-detection-dataset\images\train\Personal-251124_I0204.jpg,5,train
data\public\pills-detection-dataset\images\train\Personal-251124_IMG_3039.jpg,4,train
data\public\pills-detection-dataset\images\train\Personal-251124_IMG_3040.jpg,4,train
data\public\pills-detection-dataset\images\train\Personal-251124_IMG_3041.jpg,4,train
data\public\pills-detection-dataset\images\train\Personal-251124_IMG_3042.jpg,3,train
data\public\pills-detection-dataset\images\train\Personal-251124_IMG_3043.jpg,3,train
data\public\pills-detection-dataset\images\train\Personal-251124_IMG_3044.jpg,3,train
data\public\pills-detection-dataset\images\train\Personal-251124_IMG_3151.jpg,6,train
data\public\pills-detection-dataset\images\train\Personal-251124_IMG_3153.jpg,4,train
data\public\pills-detection-dataset\images\train\Personal-251124_IMG_3156.jpg,2,train
data\public\pills-detection-dataset\images\train\Personal-251124_IMG_3157.jpg,2,train
data\public\pills-detection-dataset\images\train\Personal-251124_IMG_3158.jpg,2,train
data\public\pills-detection-dataset\images\train\Personal-251124_IMG_3159.jpg,6,train
data\public\pills-detection-dataset\images\train\Personal-251124_IMG_3206.jpg,6,train
data\public\pills-detection-dataset\images\train\Personal-251124_IMG_3207.jpg,6,train
data\public\pills-detection-dataset\images\train\Personal-251124_IMG_3208.jpg,6,train
data\public\pills-detection-dataset\images\train\Personal-251124_IMG_3209.jpg,6,train
data\public\pills-detection-dataset\images\train\Personal-251124_IMG_3297.jpg,6,train
data\public\pills-detection-dataset\images\train\Personal-251124_IMG_3298.jpg,6,train
data\public\pills-detection-dataset\images\train\Personal-251124_IMG_3299.jpg,6,train
data\public\pills-detection-dataset\images\train\Personal-251124_IMG_3303.jpg,2,train
data\public\pills-detection-dataset\images\train\Personal-251124_IMG_3305.jpg,6,train
data\public\pills-detection-dataset\images\train\Personal-251124_IMG_3306.jpg,6,train
data\public\pills-detection-dataset\images\train\Personal-251124_IMG_3307.jpg,6,train
data\public\pills-detection-dataset\images\train\Personal-251124_IMG_3308.jpg,6,train
data\public\pills-detection-dataset\images\train\Personal-251124_IMG_3309.jpg,6,train
data\public\pills-detection-dataset\images\train\Personal-251124_IMG_3310.jpg,6,train
data\public\pills-detection-dataset\images\train\Personal-251124_IMG_3313.jpg,4,train
data\public\pills-detection-dataset\images\train\Personal-251124_IMG_3314.jpg,5,train
data\public\pills-detection-dataset\images\train\Personal-251124_IMG_3315.jpg,4,train
data\public\pills-detection-dataset\images\train\Personal-251124_IMG_3326.jpg,6,train
data\public\pills-detection-dataset\images\train\Personal-251124_IMG_3327.jpg,6,train
data\public\pills-detection-dataset\images\train\Personal-251124_IMG_3328.jpg,5,train
data\public\pills-detection-dataset\images\train\Personal-251124_IMG_3329.jpg,5,train
data\public\pills-detection-dataset\images\train\Personal-251124_IMG_3331.jpg,4,train
data\public\pills-detection-dataset\images\train\Personal-251124_IMG_3388.jpg,3,train
data\public\pills-detection-dataset\images\train\Personal-251124_IMG_3389.jpg,3,train
data\public\pills-detection-dataset\images\train\Personal-251124_IMG_3500.jpg,2,train
data\public\pills-detection-dataset\images\train\Personal-251124_IMG_3502.jpg,2,train
data\public\pills-detection-dataset\images\train\Personal-251124_IMG_3503.jpg,2,train
data\public\pills-detection-dataset\images\train\Personal-251124_IMG_3504.jpg,2,train
data\public\pills-detection-dataset\images\train\Personal-251124_IMG_3518.jpg,2,train
data\public\pills-detection-dataset\images\train\Personal-251124_IMG_3519.jpg,2,train
data\public\pills-detection-dataset\images\train\Personal-251124_IMG_3520.jpg,2,train
data\public\pills-detection-dataset\images\train\Personal-251124_IMG_3521.jpg,2,train
data\public\pills-detection-dataset\images\train\Personal-251124_IMG_3533.jpg,5,train
data\public\pills-detection-dataset\images\train\Personal-251124_IMG_3535.jpg,5,train
data\public\pills-detection-dataset\images\train\Personal-251124_IMG_3536.jpg,5,train
data\public\pills-detection-dataset\images\train\Personal-251124_IMG_3543.jpg,4,train
data\public\pills-detection-dataset\images\train\Personal-251124_IMG_3544.jpg,4,train
data\public\pills-detection-dataset\images\train\Personal-251124_IMG_3545.jpg,4,train
data\public\pills-detection-dataset\images\train\Personal-251124_IMG_3546.jpg,6,train
data\public\pills-detection-dataset\images\train\Personal-251124_IMG_3547.jpg,6,train
data\public\pills-detection-dataset\images\train\Personal-251124_IMG_3548.jpg,6,train
data\public\pills-detection-dataset\images\train\Personal-251124_IMG_3549.jpg,6,train
data\public\pills-detection-dataset\images\train\Personal-251124_IMG_3551.jpg,2,train
data\public\pills-detection-dataset\images\train\Personal-251124_IMG_3552.jpg,2,train
data\public\pills-detection-dataset\images\train\Personal-251124_IMG_3553.jpg,2,train
data\public\pills-detection-dataset\images\train\Personal-251124_IMG_3554.jpg,2,train
data\public\pills-detection-dataset\images\train\Personal-251124_IMG_3555.jpg,2,train
data\public\pills-detection-dataset\images\train\Personal-251124_IMG_3556.jpg,2,train
data\public\pills-detection-dataset\images\train\Personal-251124_IMG_3557.jpg,2,train
data\public\pills-detection-dataset\images\train\Personal-251124_IMG_3559.jpg,2,train
data\public\pills-detection-dataset\images\train\Personal-251124_IMG_3560.jpg,2,train
data\public\pills-detection-dataset\images\train\Personal-251124_IMG_3561.jpg,2,train
data\public\pills-detection-dataset\images\train\Personal-251124_IMG_3562.jpg,2,train
data\public\pills-detection-dataset\images\train\Personal-251124_IMG_3563.jpg,2,train
data\public\pills-detection-dataset\images\train\Personal-251124_IMG_3564.jpg,2,train
data\public\pills-detection-dataset\images\train\Personal-251124_IMG_3565.jpg,2,train
data\public\pills-detection-dataset\images\train\Personal-251124_IMG_3567.jpg,2,train
data\public\pills-detection-dataset\images\train\Personal-251124_IMG_3568.jpg,2,train
data\public\pills-detection-dataset\images\train\Personal-251124_IMG_3569.jpg,2,train
data\public\pills-detection-dataset\images\train\Personal-251124_IMG_3570.jpg,2,train
data\public\pills-detection-dataset\images\train\Personal-251124_IMG_3571.jpg,2,train
data\public\pills-detection-dataset\images\train\Personal-251124_IMG_3572.jpg,2,train
data\public\pills-detection-dataset\images\train\Personal-251124_IMG_3573.jpg,2,train
data\public\pills-detection-dataset\images\train\Personal-251124_IMG_3575.jpg,2,train
data\public\pills-detection-dataset\images\train\Personal-251124_IMG_3576.jpg,2,train
data\public\pills-detection-dataset\images\train\Personal-251124_IMG_3577.jpg,2,train
data\public\pills-detection-dataset\images\train\Personal-251124_IMG_3578.jpg,2,train
data\public\pills-detection-dataset\images\train\Personal-251124_IMG_3579.jpg,2,train
data\public\pills-detection-dataset\images\train\Personal-251124_IMG_3580.jpg,2,train
data\public\pills-detection-dataset\images\train\Personal-251127_IMG_3733.jpg,4,train
data\public\pills-detection-dataset\images\train\Personal-251127_IMG_3735.jpg,4,train
data\public\pills-detection-dataset\images\train\Personal-251127_IMG_3747.jpg,6,train
data\public\pills-detection-dataset\images\train\Personal-251127_IMG_3748.jpg,6,train
data\public\pills-detection-dataset\images\train\Personal-251127_IMG_3749.jpg,6,train
data\public\pills-detection-dataset\images\train\Personal-251127_IMG_3774.jpg,1,train
data\public\pills-detection-dataset\images\train\Personal-251127_IMG_3775.jpg,1,train
data\public\pills-detection-dataset\images\train\Personal-251127_IMG_3777.jpg,1,train
data\public\pills-detection-dataset\images\train\Personal-251127_IMG_3778.jpg,1,train
data\public\pills-detection-dataset\images\train\Personal-251127_IMG_3779.jpg,1,train
data\public\pills-detection-dataset\images\train\Personal-251127_IMG_3780.jpg,1,train
data\public\pills-detection-dataset\images\train\Personal-251127_IMG_3781.jpg,1,train
data\public\pills-detection-dataset\images\train\Personal-251127_IMG_3782.jpg,1,train
data\public\pills-detection-dataset\images\train\Personal-251127_IMG_3783.jpg,1,train
data\public\pills-detection-dataset\images\train\Personal-251127_J0029.jpg,0,train
data\public\pills-detection-dataset\images\train\Personal-251127_J0030.jpg,0,train
data\public\pills-detection-dataset\images\train\Personal-251127_J0031.jpg,0,train
data\public\pills-detection-dataset\images\train\Personal-251127_J0032.jpg,0,train
data\public\pills-detection-dataset\images\train\Personal-251127_J0033.jpg,0,train
data\public\pills-detection-dataset\images\train\Personal-251127_J0034.jpg,0,train
data\public\pills-detection-dataset\images\train\Personal-251127_J0036.jpg,0,train
data\public\pills-detection-dataset\images\train\Personal-251127_J0037.jpg,0,train
data\public\pills-detection-dataset\images\train\Personal-251127_J0038.jpg,0,train
data\public\pills-detection-dataset\images\train\Personal-251127_J0039.jpg,0,train
data\public\pills-detection-dataset\images\train\Personal-251127_J0040.jpg,0,train
data\public\pills-detection-dataset\images\train\Personal-251127_J0041.jpg,0,train
data\public\pills-detection-dataset\images\train\Personal-251127_J0042.jpg,0,train
data\public\pills-detection-dataset\images\train\Personal-251127_J0044.jpg,0,train
data\public\pills-detection-dataset\images\train\Personal-251127_K0001.jpg,2,train
data\public\pills-detection-dataset\images\train\Personal-251127_K0003.jpg,4,train
data\public\pills-detection-dataset\images\train\Personal-251127_K0029.jpg,1,train
data\public\pills-detection-dataset\images\train\Personal-251127_K0030.jpg,1,train
data\public\pills-detection-dataset\images\train\Personal-251127_K0031.jpg,1,train
data\public\pills-detection-dataset\images\train\Personal-251127_K0032.jpg,1,train
data\public\pills-detection-dataset\images\train\Personal-251127_K0035.jpg,3,train
data\public\pills-detection-dataset\images\train\Personal-251127_K0038.jpg,0,train
data\public\pills-detection-dataset\images\train\Personal-251127_K0039.jpg,1,train
data\public\pills-detection-dataset\images\train\Personal-251127_K0040.jpg,1,train
data\public\pills-detection-dataset\images\train\Personal-251127_K0041.jpg,2,train
data\public\pills-detection-dataset\images\train\Personal-251127_K0043.jpg,3,train
data\public\pills-detection-dataset\images\train\Personal-251127_K0044.jpg,5,train
data\public\pills-detection-dataset\images\train\Personal-251127_L0189.jpg,5,train
data\public\pills-detection-dataset\images\train\Personal-251127_L0190.jpg,5,train
data\public\pills-detection-dataset\images\train\Personal-251127_L0191.jpg,5,train
data\public\pills-detection-dataset\images\train\Personal-251127_L0192.jpg,5,train
data\public\pills-detection-dataset\images\train\Personal-251127_L0193.jpg,5,train
data\public\pills-detection-dataset\images\train\Personal-251127_L0195.jpg,5,train
data\public\pills-detection-dataset\images\train\Personal-251127_L0196.jpg,5,train
data\public\pills-detection-dataset\images\train\Personal-251127_L0197.jpg,5,train
data\public\pills-detection-dataset\images\train\Personal-251127_L0198.jpg,5,train
data\public\pills-detection-dataset\images\train\Personal-251127_L0199.jpg,5,train
data\public\pills-detection-dataset\images\train\Personal-251127_L0200.jpg,4,train
data\public\pills-detection-dataset\images\train\Personal-251127_L0201.jpg,4,train
data\public\pills-detection-dataset\images\train\Personal-251127_L0340.jpg,5,train
data\public\pills-detection-dataset\images\train\Personal-251127_L0341.jpg,5,train
data\public\pills-detection-dataset\images\train\Personal-251127_L0342.jpg,5,train
data\public\pills-detection-dataset\images\train\Personal-251127_L0343.jpg,5,train
data\public\pills-detection-dataset\images\train\Personal-251127_L0344.jpg,5,train
data\public\pills-detection-dataset\images\train\Personal-251127_L0435.jpg,6,train
data\public\pills-detection-dataset\images\train\Personal-251127_L0436.jpg,6,train
data\public\pills-detection-dataset\images\train\Personal-251127_L0437.jpg,6,train
data\public\pills-detection-dataset\images\train\Personal-251127_L0438.jpg,6,train
data\public\pills-detection-dataset\images\train\Personal-251127_L0439.jpg,6,train
data\public\pills-detection-dataset\images\train\Personal-251127_L0440.jpg,6,train
data\public\pills-detection-dataset\images\train\Personal-251127_L0441.jpg,6,train
data\public\pills-detection-dataset\images\train\Personal-251127_L0443.jpg,6,train
data\public\pills-detection-dataset\images\train\Personal-251127_L0444.jpg,6,train
data\public\pills-detection-dataset\images\train\Personal-251127_L0445.jpg,5,train
data\public\pills-detection-dataset\images\train\Personal-251127_L0446.jpg,5,train
data\public\pills-detection-dataset\images\train\Personal-251127_L0447.jpg,5,train
data\public\pills-detection-dataset\images\train\Personal-251127_L0448.jpg,5,train
data\public\pills-detection-dataset\images\train\Personal-251127_L0449.jpg,5,train
data\public\pills-detection-dataset\images\train\Personal-251127_L0451.jpg,5,train
data\public\pills-detection-dataset\images\train\Personal-251127_L0452.jpg,5,train
data\public\pills-detection-dataset\images\train\Personal-251127_L0453.jpg,5,train
data\public\pills-detection-dataset\images\train\Personal-251127_L0454.jpg,5,train
data\public\pills-detection-dataset\images\train\Personal-251127_L0455.jpg,5,train
data\public\pills-detection-dataset\images\train\Personal-251127_L0456.jpg,5,train
data\public\pills-detection-dataset\images\train\Personal-251127_L0457.jpg,5,train
data\public\pills-detection-dataset\images\train\Personal-251127_L0459.jpg,5,train
data\public\pills-detection-dataset\images\train\Personal-251127_L0460.jpg,5,train
data\public\pills-detection-dataset\images\train\Personal-251127_L0461.jpg,5,train
data\public\pills-detection-dataset\images\train\Personal-251127_L0462.jpg,5,train
data\public\pills-detection-dataset\images\train\Personal-251127_L0463.jpg,5,train
data\public\pills-detection-dataset\images\train\Personal-251127_L0464.jpg,5,train
data\public\pills-detection-dataset\images\train\Personal-251127_L0465.jpg,5,train
data\public\pills-detection-dataset\images\train\Personal-251127_L0467.jpg,5,train
data\public\pills-detection-dataset\images\train\Personal-251127_L0468.jpg,5,train
data\public\pills-detection-dataset\images\train\Personal-251127_L0469.jpg,5,train
data\public\pills-detection-dataset\images\train\Personal-251127_L0470.jpg,5,train
data\public\pills-detection-dataset\images\train\Personal-251127_L0471.jpg,5,train
data\public\pills-detection-dataset\images\train\Personal-251127_L0472.jpg,5,train
data\public\pills-detection-dataset\images\train\Personal-251127_L0473.jpg,5,train
data\public\pills-detection-dataset\images\train\Personal-251127_L0475.jpg,5,train
data\public\pills-detection-dataset\images\train\Personal-251127_L0476.jpg,5,train
data\public\pills-detection-dataset\images\train\Personal-251127_L0477.jpg,5,train
data\public\pills-detection-dataset\images\train\Personal-251127_L0478.jpg,5,train
data\public\pills-detection-dataset\images\train\Personal-251127_L0479.jpg,5,train
data\public\pills-detection-dataset\images\train\Personal-251127_L0480.jpg,5,train
data\public\pills-detection-dataset\images\train\Personal-251127_L0481.jpg,5,train
data\public\pills-detection-dataset\images\train\Personal-251127_L0483.jpg,5,train
data\public\pills-detection-dataset\images\train\Personal-251127_L0484.jpg,5,train
data\public\pills-detection-dataset\images\train\Personal-251127_L0485.jpg,5,train
data\public\pills-detection-dataset\images\train\Personal-251127_L0486.jpg,5,train
data\public\pills-detection-dataset\images\train\Personal-251127_L0487.jpg,5,train
data\public\pills-detection-dataset\images\train\Personal-251127_L0488.jpg,5,train
data\public\pills-detection-dataset\images\train\Personal-251127_L0489.jpg,5,train
data\public\pills-detection-dataset\images\train\Personal-251127_L0491.jpg,5,train
data\public\pills-detection-dataset\images\train\Personal-251127_L0492.jpg,5,train
data\public\pills-detection-dataset\images\train\Personal-251127_L0493.jpg,5,train
data\public\pills-detection-dataset\images\train\Personal-251127_L0494.jpg,5,train
data\public\pills-detection-dataset\images\train\Personal-251127_L0495.jpg,5,train
data\public\pills-detection-dataset\images\train\Personal-251127_L0496.jpg,5,train
data\public\pills-detection-dataset\images\train\Personal-251127_L0497.jpg,5,train
data\public\pills-detection-dataset\images\train\Personal-251127_L0499.jpg,5,train
data\public\pills-detection-dataset\images\train\Personal-251127_L0500.jpg,5,train
data\public\pills-detection-dataset\images\train\Personal-251127_L0501.jpg,5,train
data\public\pills-detection-dataset\images\train\Personal-251127_L0502.jpg,5,train
data\public\pills-detection-dataset\images\train\Personal-251127_L0503.jpg,5,train
data\public\pills-detection-dataset\images\train\Personal-251127_L0504.jpg,5,train
data\public\pills-detection-dataset\images\train\Personal-251127_L0505.jpg,5,train
data\public\pills-detection-dataset\images\train\Personal-251127_L0507.jpg,5,train
data\public\pills-detection-dataset\images\train\Personal-251127_L0508.jpg,5,train
data\public\pills-detection-dataset\images\train\Personal-251127_L0509.jpg,5,train
data\public\pills-detection-dataset\images\train\Personal-251127_L0510.jpg,5,train
data\public\pills-detection-dataset\images\train\Personal-251127_L0511.jpg,5,train
data\public\pills-detection-dataset\images\train\Personal-251127_L0512.jpg,5,train
data\public\pills-detection-dataset\images\train\Personal-251127_L0513.jpg,5,train
data\public\pills-detection-dataset\images\train\Personal-251127_L0515.jpg,5,train
data\public\pills-detection-dataset\images\train\Personal-251127_L0516.jpg,5,train
data\public\pills-detection-dataset\images\train\Personal-251127_L0517.jpg,5,train
data\public\pills-detection-dataset\images\train\Personal-251127_L0518.jpg,5,train
data\public\pills-detection-dataset\images\train\Personal-251127_L0519.jpg,5,train
data\public\pills-detection-dataset\images\train\Personal-251127_L0520.jpg,5,train
data\public\pills-detection-dataset\images\train\Personal-251127_L0521.jpg,5,train
data\public\pills-detection-dataset\images\train\Personal-251127_L0523.jpg,5,train
data\public\pills-detection-dataset\images\train\Personal-251127_L0524.jpg,5,train
data\public\pills-detection-dataset\images\train\Personal-251127_L0525.jpg,5,train
data\public\pills-detection-dataset\images\train\Personal-251127_L0526.jpg,5,train
data\public\pills-detection-dataset\images\train\Personal-251127_L0527.jpg,5,train
data\public\pills-detection-dataset\images\train\Personal-251127_L0528.jpg,5,train
data\public\pills-detection-dataset\images\train\Personal-251127_L0529.jpg,5,train
data\public\pills-detection-dataset\images\train\Personal-251127_L0601.jpg,5,train
data\public\pills-detection-dataset\images\train\Personal-251127_L0603.jpg,5,train
data\public\pills-detection-dataset\images\train\Personal-251127_L0604.jpg,5,train
data\public\pills-detection-dataset\images\train\Personal-251127_L0605.jpg,5,train
data\public\pills-detection-dataset\images\train\Personal-251127_L0606.jpg,5,train
data\public\pills-detection-dataset\images\train\Personal-251127_L0607.jpg,5,train
data\public\pills-detection-dataset\images\train\Personal-251127_L0608.jpg,5,train
data\public\pills-detection-dataset\images\train\Personal-251127_L0609.jpg,5,train
data\public\pills-detection-dataset\images\train\Personal-251127_L0611.jpg,5,train
data\public\pills-detection-dataset\images\train\Personal-251127_L0612.jpg,5,train
data\public\pills-detection-dataset\images\train\Personal-251127_L0613.jpg,3,train
data\public\pills-detection-dataset\images\train\Personal-251127_L0614.jpg,3,train
data\public\pills-detection-dataset\images\train\Personal-251127_L0615.jpg,3,train
data\public\pills-detection-dataset\images\train\Personal-251127_L0620.jpg,6,train
data\public\pills-detection-dataset\images\train\Personal-251127_L0621.jpg,6,train
data\public\pills-detection-dataset\images\train\Personal-251127_L0622.jpg,6,train
data\public\pills-detection-dataset\images\train\Personal-251127_L0623.jpg,6,train
data\public\pills-detection-dataset\images\train\Personal-251127_L0624.jpg,6,train
data\public\pills-detection-dataset\images\train\Personal-251127_L0625.jpg,6,train
data\public\pills-detection-dataset\images\train\Personal-251127_L0627.jpg,6,train
data\public\pills-detection-dataset\images\train\Personal-251127_L0628.jpg,5,train
data\public\pills-detection-dataset\images\train\Personal-251127_L0629.jpg,5,train
data\public\pills-detection-dataset\images\train\Personal-251127_L0630.jpg,5,train
data\public\pills-detection-dataset\images\train\Personal-251127_L0631.jpg,5,train
data\public\pills-detection-dataset\images\train\Personal-251127_L0632.jpg,5,train
data\public\pills-detection-dataset\images\train\Personal-251127_L0633.jpg,5,train
data\public\pills-detection-dataset\images\train\Personal-251127_L0635.jpg,5,train
data\public\pills-detection-dataset\images\train\Personal-251127_L0636.jpg,5,train
data\public\pills-detection-dataset\images\train\Personal-251127_L0637.jpg,1,train
data\public\pills-detection-dataset\images\train\Personal-251127_L0638.jpg,1,train
data\public\pills-detection-dataset\images\train\Personal-251127_L0639.jpg,1,train
data\public\pills-detection-dataset\images\train\Personal-251127_L0640.jpg,1,train
data\public\pills-detection-dataset\images\train\Personal-251127_L0641.jpg,1,train
data\public\pills-detection-dataset\images\train\Personal-251127_L0643.jpg,1,train
data\public\pills-detection-dataset\images\train\Personal-251127_L0644.jpg,1,train
data\public\pills-detection-dataset\images\train\Personal-251127_L0645.jpg,1,train
data\public\pills-detection-dataset\images\train\Personal-251127_L0646.jpg,1,train
data\public\pills-detection-dataset\images\train\Personal-251127_L0647.jpg,1,train
data\public\pills-detection-dataset\images\train\Personal-251127_L0648.jpg,1,train
data\public\pills-detection-dataset\images\train\Personal-251127_L0649.jpg,1,train
data\public\pills-detection-dataset\images\train\Personal-251127_L0651.jpg,1,train
data\public\pills-detection-dataset\images\train\Personal-251127_L0652.jpg,1,train
data\public\pills-detection-dataset\images\train\Personal-251127_L0653.jpg,1,train
data\public\pills-detection-dataset\images\train\Personal-251127_L0654.jpg,1,train
data\public\pills-detection-dataset\images\train\Personal-251127_L0655.jpg,1,train
data\public\pills-detection-dataset\images\train\Personal-251127_L0656.jpg,1,train
data\public\pills-detection-dataset\images\train\Personal-251127_L0657.jpg,1,train
data\public\pills-detection-dataset\images\train\Personal-251127_L0659.jpg,1,train
data\public\pills-detection-dataset\images\train\Personal-251127_L0660.jpg,1,train
data\public\pills-detection-dataset\images\train\Personal-251127_L0661.jpg,1,train
data\public\pills-detection-dataset\images\train\Personal-251127_L0662.jpg,1,train
data\public\pills-detection-dataset\images\train\Personal-251127_L0663.jpg,1,train
data\public\pills-detection-dataset\images\train\Personal-251127_L0664.jpg,1,train
data\public\pills-detection-dataset\images\train\Personal-251127_L0665.jpg,1,train
data\public\pills-detection-dataset\images\train\Personal-251127_L0667.jpg,1,train
data\public\pills-detection-dataset\images\train\Personal-251127_L0668.jpg,1,train
data\public\pills-detection-dataset\images\train\Personal-251127_L0669.jpg,1,train
data\public\pills-detection-dataset\images\train\Personal-251127_L0670.jpg,1,train
data\public\pills-detection-dataset\images\train\Personal-251127_L0671.jpg,1,train
data\public\pills-detection-dataset\images\train\Personal-251127_L0672.jpg,1,train
data\public\pills-detection-dataset\images\train\Personal-251127_L0673.jpg,1,train
data\public\pills-detection-dataset\images\train\Personal-251127_L0675.jpg,1,train
data\public\pills-detection-dataset\images\train\Personal-251127_L0676.jpg,1,train
data\public\pills-detection-dataset\images\train\Personal-251127_L0677.jpg,1,train
data\public\pills-detection-dataset\images\train\Personal-251127_L0678.jpg,1,train
data\public\pills-detection-dataset\images\train\Personal-251127_L0679.jpg,1,train
data\public\pills-detection-dataset\images\train\Personal-251127_L0680.jpg,1,train
data\public\pills-detection-dataset\images\train\Personal-251127_L0681.jpg,1,train
data\public\pills-detection-dataset\images\train\Personal-251127_L0683.jpg,1,train
data\public\pills-detection-dataset\images\train\Personal-251127_L0684.jpg,1,train
data\public\pills-detection-dataset\images\train\Personal-251127_L0685.jpg,1,train
data\public\pills-detection-dataset\images\train\Personal-251127_L0686.jpg,1,train
data\public\pills-detection-dataset\images\train\Personal-251127_L0687.jpg,1,train
data\public\pills-detection-dataset\images\train\Personal-251127_L0688.jpg,1,train
data\public\pills-detection-dataset\images\train\Personal-251127_L0689.jpg,1,train
data\public\pills-detection-dataset\images\train\Personal-251127_L0691.jpg,1,train
data\public\pills-detection-dataset\images\train\Personal-251127_L0692.jpg,1,train
data\public\pills-detection-dataset\images\train\Personal-251127_L0693.jpg,1,train
data\public\pills-detection-dataset\images\train\Personal-251127_L0694.jpg,1,train
data\public\pills-detection-dataset\images\train\Personal-251127_L0695.jpg,1,train
data\public\pills-detection-dataset\images\train\Personal-251127_L0696.jpg,1,train
data\public\pills-detection-dataset\images\train\Personal-251127_L0697.jpg,1,train
data\public\pills-detection-dataset\images\train\Personal-251127_L0699.jpg,1,train
data\public\pills-detection-dataset\images\train\Personal-251127_L0700.jpg,1,train
data\public\pills-detection-dataset\images\train\Personal-251127_L0701.jpg,1,train
data\public\pills-detection-dataset\images\train\Personal-251127_L0702.jpg,1,train
data\public\pills-detection-dataset\images\train\Personal-251127_L0703.jpg,1,train
data\public\pills-detection-dataset\images\train\Personal-251127_L0704.jpg,1,train
data\public\pills-detection-dataset\images\train\Personal-251127_L0705.jpg,1,train
data\public\pills-detection-dataset\images\train\Personal-251127_L0707.jpg,1,train
data\public\pills-detection-dataset\images\train\Personal-251127_L0708.jpg,1,train
data\public\pills-detection-dataset\images\train\Personal-251127_L0709.jpg,1,train
data\public\pills-detection-dataset\images\train\Personal-251127_L0710.jpg,1,train
data\public\pills-detection-dataset\images\train\Personal-251127_L0711.jpg,1,train
data\public\pills-detection-dataset\images\train\Personal-251127_L0712.jpg,1,train
data\public\pills-detection-dataset\images\train\Personal-251127_L0713.jpg,1,train
data\public\pills-detection-dataset\images\train\Personal-251127_L0715.jpg,1,train
data\public\pills-detection-dataset\images\train\Personal-251127_L0716.jpg,1,train
data\public\pills-detection-dataset\images\train\Personal-251127_L0717.jpg,1,train
data\public\pills-detection-dataset\images\train\Personal-251127_L0718.jpg,1,train
data\public\pills-detection-dataset\images\train\Personal-251127_L0719.jpg,1,train
data\public\pills-detection-dataset\images\train\Personal-251127_L0720.jpg,1,train
data\public\pills-detection-dataset\images\train\Personal-251127_L0721.jpg,1,train
data\public\pills-detection-dataset\images\train\Personal-251127_L0723.jpg,1,train
data\public\pills-detection-dataset\images\train\Personal-251127_L0724.jpg,1,train
data\public\pills-detection-dataset\images\train\Personal-251127_L0725.jpg,1,train
data\public\pills-detection-dataset\images\train\Personal-251127_L0726.jpg,1,train
data\public\pills-detection-dataset\images\train\Personal-251127_L0727.jpg,1,train
data\public\pills-detection-dataset\images\train\Personal-251127_L0728.jpg,1,train
data\public\pills-detection-dataset\images\train\Personal-251127_L0729.jpg,1,train
data\public\pills-detection-dataset\images\train\Personal-251127_L0731.jpg,1,train
data\public\pills-detection-dataset\images\train\Personal-251127_L0732.jpg,2,train
data\public\pills-detection-dataset\images\train\Personal-251127_L0733.jpg,2,train
data\public\pills-detection-dataset\images\train\Personal-251127_L0734.jpg,2,train
data\public\pills-detection-dataset\images\train\Personal-251127_L0735.jpg,2,train
data\public\pills-detection-dataset\images\train\Personal-251127_L0736.jpg,2,train
data\public\pills-detection-dataset\images\train\Personal-251127_L0737.jpg,2,train
data\public\pills-detection-dataset\images\train\Personal-251127_L0739.jpg,2,train
data\public\pills-detection-dataset\images\train\Personal-251127_L0740.jpg,2,train
data\public\pills-detection-dataset\images\train\Personal-251127_L0741.jpg,2,train
data\public\pills-detection-dataset\images\train\Personal-251127_L0742.jpg,2,train
data\public\pills-detection-dataset\images\train\Personal-251127_L0743.jpg,2,train
data\public\pills-detection-dataset\images\train\Personal-251127_L0744.jpg,2,train
data\public\pills-detection-dataset\images\train\Personal-251127_L0745.jpg,2,train
data\public\pills-detection-dataset\images\train\Personal-251127_L0747.jpg,2,train
data\public\pills-detection-dataset\images\train\Personal-251127_L0748.jpg,2,train
data\public\pills-detection-dataset\images\train\Personal-251127_L0749.jpg,2,train
data\public\pills-detection-dataset\images\train\Personal-251127_L0750.jpg,2,train
data\public\pills-detection-dataset\images\train\Personal-251127_L0751.jpg,2,train
data\public\pills-detection-dataset\images\train\Personal-251127_L0752.jpg,3,train
data\public\pills-detection-dataset\images\train\Personal-251127_L0753.jpg,3,train
data\public\pills-detection-dataset\images\train\Personal-251127_L0755.jpg,4,train
data\public\pills-detection-dataset\images\train\Personal-251127_L0756.jpg,4,train
data\public\pills-detection-dataset\images\train\Personal-251127_L0757.jpg,3,train
data\public\pills-detection-dataset\images\train\Personal-251127_L0758.jpg,4,train
data\public\pills-detection-dataset\images\train\Personal-251127_L0759.jpg,3,train
data\public\pills-detection-dataset\images\train\Personal-251127_L0760.jpg,3,train
data\public\pills-detection-dataset\images\train\Personal-251127_L0761.jpg,4,train
data\public\pills-detection-dataset\images\train\Personal-251127_L0763.jpg,3,train
data\public\pills-detection-dataset\images\train\Personal-251127_L0764.jpg,4,train
data\public\pills-detection-dataset\images\train\Personal-251127_L0765.jpg,3,train
data\public\pills-detection-dataset\images\train\Personal-251127_L0766.jpg,3,train
data\public\pills-detection-dataset\images\train\Personal-251127_L0767.jpg,3,train
data\public\pills-detection-dataset\images\train\Personal-251127_L0768.jpg,3,train
data\public\pills-detection-dataset\images\train\Personal-251127_L0769.jpg,3,train
data\public\pills-detection-dataset\images\train\Personal-251127_L0771.jpg,3,train
data\public\pills-detection-dataset\images\train\Personal-251127_L0772.jpg,3,train
data\public\pills-detection-dataset\images\train\Personal-251127_L0773.jpg,3,train
data\public\pills-detection-dataset\images\train\Personal-251127_L0774.jpg,3,train
data\public\pills-detection-dataset\images\train\Personal-251127_L0775.jpg,3,train
data\public\pills-detection-dataset\images\train\Personal-251127_L0776.jpg,3,train
data\public\pills-detection-dataset\images\train\Personal-251127_L0777.jpg,3,train
data\public\pills-detection-dataset\images\train\Personal_mosaics_pm3_441_442_443_444.jpg,4,train
data\public\pills-detection-dataset\images\train\pills-2602_11_21080040638_bbc3ac4afa_k.jpg,5,train
data\public\pills-detection-dataset\images\train\pills-2602_11_21080041238_63b117f3f0_c.jpg,4,train
data\public\pills-detection-dataset\images\train\pills-2602_11_21276000861_1d8cf41deb_k.jpg,5,train
data\public\pills-detection-dataset\images\train\pills-2602_11_272417460_bb74f0a022_c.jpg,1,train
data\public\pills-detection-dataset\images\train\pills-2602_11_4041549828_f18c9bd4d0_c.jpg,3,train
data\public\pills-detection-dataset\images\train\pills-2602_11_415821541_d449f15e13_z.jpg,2,train
data\public\pills-detection-dataset\images\train\pills-2602_11_4292237671_df3959dc68_b.jpg,1,train
data\public\pills-detection-dataset\images\train\pills-2602_11_498512097_d690f6d65e_b.jpg,2,train
data\public\pills-detection-dataset\images\train\pills-2602_11_516408614_264761cf6f_h.jpg,2,train
data\public\pills-detection-dataset\images\train\pills-2602_11_5184469615_ddc9f03968_c.jpg,4,train
data\public\pills-detection-dataset\images\train\pills-2602_11_5408778439_9d966d3e33_b.jpg,2,train
data\public\pills-detection-dataset\images\train\pills-2602_11_5409369822_0b39c86854_b.jpg,2,train
data\public\pills-detection-dataset\images\train\pills-2602_11_5422330061_2ab09912a4_c.jpg,2,train
data\public\pills-detection-dataset\images\train\pills-2602_11_54689107842_4d895a7fce_k.jpg,5,train
data\public\pills-detection-dataset\images\train\pills-2602_11_5759225360_05bf229e8f_c.jpg,3,train
data\public\pills-detection-dataset\images\train\pills-2602_11_610222100_da25fe0d1c_b.jpg,5,train
data\public\pills-detection-dataset\images\train\pills-2602_11_6270658912_b68ceb2119_c.jpg,2,train
data\public\pills-detection-dataset\images\train\pills-2602_11_812210637_adda429189_b.jpg,4,train
data\public\pills-detection-dataset\images\train\pills-2602_11_8327211143_6b1339e38c_b.jpg,2,train
data\public\pills-detection-dataset\images\train\pills-2602_11_google_0001.jpg,5,train
data\public\pills-detection-dataset\images\train\pills-2602_11_google_0085.jpg,5,train
data\public\pills-detection-dataset\images\train\pills-2602_11_google_0095.jpg,2,train
data\public\pills-detection-dataset\images\train\pills-2602_11_google_0108.jpg,1,train
data\public\pills-detection-dataset\images\train\pills-2602_11_google_0147.jpg,2,train
data\public\pills-detection-dataset\images\train\pills-2602_11_google_0157.jpg,6,train
data\public\pills-detection-dataset\images\train\pills-2602_11_google_0177.jpg,5,train
data\public\pills-detection-dataset\images\train\pills-2602_11_google_0179.jpg,5,train
data\public\pills-detection-dataset\images\train\pills-2602_11_google_0208.jpg,2,train
data\public\pills-detection-dataset\images\train\pills-2602_11_google_0210.jpg,2,train
data\public\pills-detection-dataset\images\train\pills-2602_11_google_0235.jpg,3,train
data\public\pills-detection-dataset\images\train\pills-2602_11_Screenshot_2026-01-15_234859.jpg,6,train
data\public\pills-detection-dataset\images\train\pills-2602_11_Screenshot_2026-01-15_235018.jpg,2,train
data\public\pills-detection-dataset\images\train\pills-2602_11_Screenshot_2026-01-15_235506.jpg,6,train
data\public\pills-detection-dataset\images\train\pills-2602_11_Screenshot_2026-01-15_235654.jpg,6,train
data\public\pills-detection-dataset\images\train\pills-2602_11_Screenshot_2026-01-16_000226.jpg,3,train
data\public\pills-detection-dataset\images\train\pills-2602_11_Screenshot_2026-01-16_000256.jpg,4,train
data\public\pills-detection-dataset\images\train\pills-2602_11_Screenshot_2026-01-16_000703.jpg,3,train
data\public\pills-detection-dataset\images\train\pills-2602_11_Screenshot_2026-01-16_001050.jpg,2,train
data\public\pills-detection-dataset\images\train\pills-2602_32_google_0146.jpg,2,train
data\public\pills-detection-dataset\images\train\pills-2602_32_google_0170.jpg,2,train
data\public\pills-detection-dataset\images\train\pills-2602_34_4786380102_6c5e393f71_c.jpg,5,train
data\public\pills-detection-dataset\images\train\pills-2602_34_6709468475_a3afa224c8_c.jpg,3,train
data\public\pills-detection-dataset\images\train\pills-2602_43_3611867617_b3d30e85e9_b.jpg,2,train
data\public\pills-detection-dataset\images\train\pills-2602_43_845472_b02185425a_z.jpg,5,train
data\public\pills-detection-dataset\images\train\pills-2602_43_Screenshot_2026-01-15_234310.jpg,6,train
data\public\pills-detection-dataset\images\train\pills-2602_ff_28659017026_7274f027a3_b.jpg,5,train
data\public\pills-detection-dataset\images\train\pills-2602_ff_ya_2.jpg,6,train
data\public\pills-detection-dataset\images\train\pills-2602_IMG_4205.jpg,6,train
data\public\pills-detection-dataset\images\train\pills-2602_IMG_4206.jpg,2,train
data\public\pills-detection-dataset\images\train\pills-2602_IMG_4207.jpg,3,train
data\public\pills-detection-dataset\images\train\pills-2602_IMG_4210.jpg,1,train
data\public\pills-detection-dataset\images\train\pills-2602_IMG_4213.jpg,6,train
data\public\pills-detection-dataset\images\train\pills-2602_IMG_4215.jpg,2,train
data\public\pills-detection-dataset\images\train\pills-2602_IMG_4220.jpg,6,train
data\public\pills-detection-dataset\images\train\pills-2602_IMG_4224.jpg,5,train
data\public\pills-detection-dataset\images\train\pills-2602_IMG_4226.jpg,5,train
data\public\pills-detection-dataset\images\train\pills-2602_IMG_4227.jpg,2,train
data\public\pills-detection-dataset\images\train\pills-2602_IMG_4228.jpg,2,train
data\public\pills-detection-dataset\images\train\pills-2602_IMG_4229.jpg,3,train
data\public\pills-detection-dataset\images\train\pills-2602_IMG_4230.jpg,3,train
data\public\pills-detection-dataset\images\train\pills-2602_IMG_4231.jpg,3,train
data\public\pills-detection-dataset\images\train\pills-2602_IMG_4232.jpg,6,train
data\public\pills-detection-dataset\images\train\pills-2602_IMG_4234.jpg,6,train
data\public\pills-detection-dataset\images\train\pills-2602_IMG_4237.jpg,6,train
data\public\pills-detection-dataset\images\train\pills-2602_IMG_4238.jpg,2,train
data\public\pills-detection-dataset\images\train\pills-2602_IMG_4245.jpg,3,train
data\public\pills-detection-dataset\images\train\pills-2602_IMG_4247.jpg,6,train
data\public\pills-detection-dataset\images\train\pills-2602_IMG_4248.jpg,6,train
data\public\pills-detection-dataset\images\train\pills-2602_IMG_4249.jpg,2,train
data\public\pills-detection-dataset\images\train\pills-2602_IMG_4253.jpg,3,train
data\public\pills-detection-dataset\images\train\pills-2602_IMG_4254.jpg,3,train
data\public\pills-detection-dataset\images\train\pills-2602_IMG_4262.jpg,5,train
data\public\pills-detection-dataset\images\train\pills-2602_IMG_4263.jpg,5,train
data\public\pills-detection-dataset\images\train\pills-2602_IMG_4270.jpg,2,train
data\public\pills-detection-dataset\images\train\pills-2602_IMG_4272.jpg,2,train
data\public\pills-detection-dataset\images\train\pills-2602_IMG_4273.jpg,2,train
data\public\pills-detection-dataset\images\train\pills-2602_IMG_4274.jpg,2,train
data\public\pills-detection-dataset\images\train\pills-2602_IMG_4275.jpg,5,train
data\public\pills-detection-dataset\images\train\pills-2602_IMG_4276.jpg,5,train
data\public\pills-detection-dataset\images\train\pills-2602_IMG_4277.jpg,5,train
data\public\pills-detection-dataset\images\train\pills-2602_IMG_4278.jpg,5,train
data\public\pills-detection-dataset\images\train\pills-2602_IMG_4281.jpg,3,train
data\public\pills-detection-dataset\images\train\pills-2602_IMG_4282.jpg,3,train
data\public\pills-detection-dataset\images\train\pills-2602_IMG_4283.jpg,3,train
data\public\pills-detection-dataset\images\train\pills-2602_IMG_4284.jpg,4,train
data\public\pills-detection-dataset\images\train\pills-2602_IMG_4285.jpg,4,train
data\public\pills-detection-dataset\images\train\pills-2602_IMG_4289.jpg,4,train
data\public\pills-detection-dataset\images\train\pills-2602_IMG_4290.jpg,3,train
data\public\pills-detection-dataset\images\train\pills-2602_IMG_4291.jpg,3,train
data\public\pills-detection-dataset\images\train\pills-2602_IMG_4292.jpg,2,train
data\public\pills-detection-dataset\images\train\pills-2602_IMG_4293.jpg,3,train
data\public\pills-detection-dataset\images\train\pills-2602_IMG_4295.jpg,1,train
data\public\pills-detection-dataset\images\train\pills-2602_IMG_4300.jpg,1,train
data\public\pills-detection-dataset\images\train\pills-2602_IMG_4301.jpg,5,train
data\public\pills-detection-dataset\images\train\pills-2602_IMG_4302.jpg,5,train
data\public\pills-detection-dataset\images\train\pills-2602_IMG_4303.jpg,4,train
data\public\pills-detection-dataset\images\train\pills-2602_t2_000012.jpg,2,train
data\public\pills-detection-dataset\images\train\pills-search_ya4_0005.jpg,3,train
data\public\pills-detection-dataset\images\train\pills-search_ya4_0006.jpg,6,train
data\public\pills-detection-dataset\images\train\pills-search_ya4_0020.jpg,3,train
data\public\pills-detection-dataset\images\train\pills-search_ya4_0029.jpg,6,train
data\public\pills-detection-dataset\images\train\pills-search_ya4_0047.jpg,6,train
data\public\pills-detection-dataset\images\train\pills-search_ya4_0053.jpg,3,train
data\public\pills-detection-dataset\images\train\pills-search_ya4_0076.jpg,6,train
data\public\pills-detection-dataset\images\train\pills-search_ya4_0080.jpg,2,train
data\public\pills-detection-dataset\images\train\pills-search_ya4_0088.jpg,2,train
data\public\pills-detection-dataset\images\train\pills-search_ya4_0107.jpg,2,train
data\public\pills-detection-dataset\images\train\pills-search_ya4_0110.jpg,2,train
data\public\pills-detection-dataset\images\train\VAIPE-mosaic_m_00000.jpg,4,train
data\public\pills-detection-dataset\images\train\VAIPE-mosaic_m_00001.jpg,5,train
data\public\pills-detection-dataset\images\train\VAIPE-mosaic_m_00002.jpg,5,train
data\public\pills-detection-dataset\images\train\VAIPE-mosaic_m_00003.jpg,5,train
data\public\pills-detection-dataset\images\train\VAIPE-mosaic_m_00006.jpg,5,train
data\public\pills-detection-dataset\images\train\VAIPE-mosaic_m_00008.jpg,3,train
data\public\pills-detection-dataset\images\train\VAIPE-mosaic_m_00009.jpg,5,train
data\public\pills-detection-dataset\images\train\VAIPE-mosaic_m_00010.jpg,2,train
data\public\pills-detection-dataset\images\train\VAIPE-mosaic_m_00011.jpg,2,train
data\public\pills-detection-dataset\images\train\VAIPE-mosaic_m_00012.jpg,3,train
data\public\pills-detection-dataset\images\train\VAIPE-mosaic_m_00014.jpg,3,train
data\public\pills-detection-dataset\images\train\VAIPE-mosaic_m_00015.jpg,3,train
data\public\pills-detection-dataset\images\train\VAIPE-mosaic_m_00016.jpg,4,train
data\public\pills-detection-dataset\images\train\VAIPE-mosaic_m_00017.jpg,4,train
data\public\pills-detection-dataset\images\train\VAIPE-mosaic_m_00018.jpg,3,train
data\public\pills-detection-dataset\images\train\VAIPE-mosaic_m_00019.jpg,4,train
data\public\pills-detection-dataset\images\train\VAIPE-mosaic_m_00020.jpg,4,train
data\public\pills-detection-dataset\images\train\VAIPE-mosaic_m_00023.jpg,5,train
data\public\pills-detection-dataset\images\train\VAIPE-mosaic_m_00024.jpg,3,train
data\public\pills-detection-dataset\images\train\VAIPE-mosaic_m_00025.jpg,3,train
data\public\pills-detection-dataset\images\train\VAIPE-mosaic_m_00026.jpg,5,train
data\public\pills-detection-dataset\images\train\VAIPE-mosaic_m_00027.jpg,3,train
data\public\pills-detection-dataset\images\train\VAIPE-mosaic_m_00028.jpg,4,train
data\public\pills-detection-dataset\images\train\VAIPE-mosaic_m_00032.jpg,3,train
data\public\pills-detection-dataset\images\train\VAIPE-mosaic_m_00033.jpg,4,train
data\public\pills-detection-dataset\images\train\VAIPE-mosaic_m_00034.jpg,6,train
data\public\pills-detection-dataset\images\train\VAIPE-mosaic_m_00046.jpg,6,train
data\public\pills-detection-dataset\images\train\VAIPE-mosaic_m_00047.jpg,6,train
data\public\pills-detection-dataset\images\train\VAIPE-mosaic_m_00049.jpg,6,train
data\public\pills-detection-dataset\images\train\VAIPE-mosaic_m_00050.jpg,6,train
data\public\pills-detection-dataset\images\train\VAIPE-mosaic_m_00051.jpg,5,train
data\public\pills-detection-dataset\images\train\VAIPE-mosaic_m_00052.jpg,4,train
data\public\pills-detection-dataset\images\train\VAIPE-mosaic_m_00054.jpg,6,train
data\public\pills-detection-dataset\images\train\VAIPE-mosaic_m_00055.jpg,4,train
data\public\pills-detection-dataset\images\train\VAIPE-mosaic_m_00056.jpg,4,train
data\public\pills-detection-dataset\images\train\VAIPE-mosaic_m_00057.jpg,4,train
data\public\pills-detection-dataset\images\train\VAIPE-mosaic_m_00058.jpg,4,train
data\public\pills-detection-dataset\images\train\VAIPE-mosaic_m_00059.jpg,4,train
data\public\pills-detection-dataset\images\train\VAIPE-mosaic_m_00060.jpg,4,train
data\public\pills-detection-dataset\images\train\VAIPE-mosaic_m_00062.jpg,4,train
data\public\pills-detection-dataset\images\train\VAIPE-mosaic_m_00063.jpg,5,train
data\public\pills-detection-dataset\images\train\VAIPE-mosaic_m_00066.jpg,5,train
data\public\pills-detection-dataset\images\train\VAIPE-mosaic_m_00068.jpg,4,train
data\public\pills-detection-dataset\images\train\VAIPE-mosaic_m_00073.jpg,6,train
data\public\pills-detection-dataset\images\train\VAIPE-mosaic_m_00075.jpg,2,train
data\public\pills-detection-dataset\images\train\VAIPE-mosaic_m_00076.jpg,5,train
data\public\pills-detection-dataset\images\train\VAIPE-mosaic_m_00078.jpg,3,train
data\public\pills-detection-dataset\images\train\VAIPE-mosaic_m_00079.jpg,3,train
data\public\pills-detection-dataset\images\train\VAIPE-mosaic_m_00080.jpg,3,train
data\public\pills-detection-dataset\images\train\VAIPE-mosaic_m_00081.jpg,2,train
data\public\pills-detection-dataset\images\train\VAIPE-mosaic_m_00082.jpg,5,train
data\public\pills-detection-dataset\images\train\VAIPE-mosaic_m_00084.jpg,4,train
data\public\pills-detection-dataset\images\train\VAIPE-mosaic_m_00086.jpg,2,train
data\public\pills-detection-dataset\images\train\VAIPE-mosaic_m_00094.jpg,6,train
data\public\pills-detection-dataset\images\train\VAIPE-mosaic_m_00096.jpg,3,train
data\public\pills-detection-dataset\images\train\VAIPE-mosaic_m_00097.jpg,4,train
data\public\pills-detection-dataset\images\train\VAIPE-mosaic_m_00098.jpg,4,train
data\public\pills-detection-dataset\images\train\VAIPE-mosaic_m_00099.jpg,2,train
data\public\pills-detection-dataset\images\train\VAIPE-mosaic_m_00100.jpg,3,train
data\public\pills-detection-dataset\images\train\VAIPE-mosaic_m_00102.jpg,4,train
data\public\pills-detection-dataset\images\train\VAIPE-mosaic_m_00103.jpg,4,train
data\public\pills-detection-dataset\images\train\VAIPE-mosaic_m_00104.jpg,4,train
data\public\pills-detection-dataset\images\train\VAIPE-mosaic_m_00105.jpg,3,train
data\public\pills-detection-dataset\images\train\VAIPE-mosaic_m_00106.jpg,3,train
data\public\pills-detection-dataset\images\train\VAIPE-mosaic_m_00107.jpg,2,train
data\public\pills-detection-dataset\images\train\VAIPE-mosaic_m_00108.jpg,3,train
data\public\pills-detection-dataset\images\train\VAIPE-mosaic_m_00111.jpg,5,train
data\public\pills-detection-dataset\images\train\VAIPE-mosaic_m_00112.jpg,4,train
data\public\pills-detection-dataset\images\train\VAIPE-mosaic_m_00113.jpg,2,train
data\public\pills-detection-dataset\images\train\VAIPE-mosaic_m_00116.jpg,2,train
data\public\pills-detection-dataset\images\train\VAIPE-mosaic_m_00119.jpg,6,train
data\public\pills-detection-dataset\images\train\VAIPE-mosaic_m_00121.jpg,6,train
data\public\pills-detection-dataset\images\train\VAIPE-mosaic_m_00123.jpg,6,train
data\public\pills-detection-dataset\images\train\VAIPE-mosaic_m_00124.jpg,4,train
data\public\pills-detection-dataset\images\train\VAIPE-mosaic_m_00126.jpg,4,train
data\public\pills-detection-dataset\images\train\VAIPE-mosaic_m_00129.jpg,4,train
data\public\pills-detection-dataset\images\train\VAIPE-mosaic_m_00135.jpg,6,train
data\public\pills-detection-dataset\images\train\VAIPE-mosaic_m_00136.jpg,6,train
data\public\pills-detection-dataset\images\train\VAIPE-mosaic_m_00137.jpg,4,train
data\public\pills-detection-dataset\images\train\VAIPE-mosaic_m_00138.jpg,4,train
data\public\pills-detection-dataset\images\train\VAIPE-mosaic_m_00139.jpg,4,train
data\public\pills-detection-dataset\images\train\VAIPE-mosaic_m_00140.jpg,4,train
data\public\pills-detection-dataset\images\train\VAIPE-mosaic_m_00142.jpg,4,train
data\public\pills-detection-dataset\images\train\VAIPE-mosaic_m_00161.jpg,6,train
data\public\pills-detection-dataset\images\train\VAIPE-mosaic_m_00163.jpg,4,train
data\public\pills-detection-dataset\images\train\VAIPE-mosaic_m_00166.jpg,4,train
data\public\pills-detection-dataset\images\train\VAIPE-mosaic_m_00169.jpg,2,train
data\public\pills-detection-dataset\images\train\VAIPE-mosaic_m_00172.jpg,4,train
data\public\pills-detection-dataset\images\train\VAIPE-mosaic_m_00174.jpg,6,train
data\public\pills-detection-dataset\images\train\VAIPE-mosaic_m_00177.jpg,2,train
data\public\pills-detection-dataset\images\train\VAIPE-mosaic_m_00179.jpg,2,train
data\public\pills-detection-dataset\images\train\VAIPE-mosaic_m_00180.jpg,2,train
data\public\pills-detection-dataset\images\train\VAIPE-mosaic_m_00185.jpg,6,train
data\public\pills-detection-dataset\images\train\VAIPE-mosaic_m_00186.jpg,4,train
data\public\pills-detection-dataset\images\train\VAIPE-mosaic_m_00188.jpg,4,train
data\public\pills-detection-dataset\images\train\VAIPE-mosaic_m_00190.jpg,4,train
data\public\pills-detection-dataset\images\train\VAIPE-mosaic_m_00191.jpg,4,train
data\public\pills-detection-dataset\images\train\VAIPE-mosaic_m_00192.jpg,4,train
data\public\pills-detection-dataset\images\train\VAIPE-mosaic_m_00193.jpg,4,train
data\public\pills-detection-dataset\images\train\VAIPE-mosaic_m_00194.jpg,4,train
data\public\pills-detection-dataset\images\train\VAIPE-mosaic_m_00200.jpg,6,train
data\public\pills-detection-dataset\images\train\VAIPE-mosaic_m_00204.jpg,4,train
data\public\pills-detection-dataset\images\train\VAIPE-mosaic_m_00206.jpg,4,train
data\public\pills-detection-dataset\images\train\VAIPE-mosaic_m_00207.jpg,4,train
data\public\pills-detection-dataset\images\train\VAIPE-mosaic_m_00208.jpg,4,train
data\public\pills-detection-dataset\images\train\VAIPE-mosaic_m_00209.jpg,4,train
data\public\pills-detection-dataset\images\train\VAIPE-mosaic_m_00210.jpg,4,train
data\public\pills-detection-dataset\images\train\VAIPE-mosaic_m_00211.jpg,4,train
data\public\pills-detection-dataset\images\train\VAIPE-mosaic_m_00212.jpg,4,train
data\public\pills-detection-dataset\images\train\VAIPE-mosaic_m_00214.jpg,4,train
data\public\pills-detection-dataset\images\train\VAIPE-mosaic_m_00215.jpg,4,train
data\public\pills-detection-dataset\images\train\VAIPE-mosaic_m_00216.jpg,4,train
data\public\pills-detection-dataset\images\train\VAIPE-mosaic_m_00217.jpg,4,train
data\public\pills-detection-dataset\images\train\VAIPE-mosaic_m_00218.jpg,4,train
data\public\pills-detection-dataset\images\train\VAIPE-mosaic_m_00219.jpg,4,train
data\public\pills-detection-dataset\images\train\VAIPE-mosaic_m_00220.jpg,4,train
data\public\pills-detection-dataset\images\train\VAIPE-mosaic_mosaic_00000.jpg,2,train
data\public\pills-detection-dataset\images\train\VAIPE-mosaic_mosaic_00001.jpg,6,train
data\public\pills-detection-dataset\images\train\VAIPE-mosaic_mosaic_00008.jpg,3,train
data\public\pills-detection-dataset\images\train\VAIPE-mosaic_mosaic_00009.jpg,2,train
data\public\pills-detection-dataset\images\train\VAIPE-mosaic_mosaic_00010.jpg,3,train
data\public\pills-detection-dataset\images\train\VAIPE-mosaic_mosaic_00012.jpg,4,train
data\public\pills-detection-dataset\images\train\VAIPE-mosaic_mosaic_00013.jpg,4,train
data\public\pills-detection-dataset\images\train\VAIPE-mosaic_mosaic_00018.jpg,3,train
data\public\pills-detection-dataset\images\train\VAIPE-mosaic_mosaic_00019.jpg,2,train
data\public\pills-detection-dataset\images\train\VAIPE-mosaic_mosaic_00020.jpg,2,train
data\public\pills-detection-dataset\images\train\VAIPE-mosaic_mosaic_00021.jpg,2,train
data\public\pills-detection-dataset\images\train\VAIPE-mosaic_mosaic_00022.jpg,3,train
data\public\pills-detection-dataset\images\train\VAIPE-mosaic_mosaic_00024.jpg,4,train
data\public\pills-detection-dataset\images\train\VAIPE-mosaic_mosaic_00025.jpg,4,train
data\public\pills-detection-dataset\images\train\VAIPE-mosaic_mosaic_00026.jpg,4,train
data\public\pills-detection-dataset\images\train\VAIPE-mosaic_mosaic_00027.jpg,4,train
data\public\pills-detection-dataset\images\train\VAIPE-mosaic_mosaic_00028.jpg,4,train
data\public\pills-detection-dataset\images\train\VAIPE-mosaic_mosaic_00030.jpg,4,train
data\public\pills-detection-dataset\images\train\VAIPE-mosaic_mosaic_00032.jpg,6,train
data\public\pills-detection-dataset\images\train\VAIPE-mosaic_mosaic_00034.jpg,4,train
data\public\pills-detection-dataset\images\train\VAIPE-mosaic_mosaic_00035.jpg,2,train
data\public\pills-detection-dataset\images\train\VAIPE-mosaic_mosaic_00036.jpg,3,train
data\public\pills-detection-dataset\images\train\VAIPE-mosaic_mosaic_00037.jpg,2,train
data\public\pills-detection-dataset\images\train\VAIPE-mosaic_mosaic_00038.jpg,2,train
data\public\pills-detection-dataset\images\train\VAIPE-mosaic_mosaic_00044.jpg,6,train
data\public\pills-detection-dataset\images\train\VAIPE-mosaic_mosaic_00045.jpg,6,train
data\public\pills-detection-dataset\images\train\VAIPE-mosaic_mosaic_00048.jpg,6,train
data\public\pills-detection-dataset\images\train\VAIPE-mosaic_mosaic_00049.jpg,4,train
data\public\pills-detection-dataset\images\train\VAIPE-mosaic_mosaic_00056.jpg,5,train
data\public\pills-detection-dataset\images\train\VAIPE-mosaic_mosaic_00057.jpg,2,train
data\public\pills-detection-dataset\images\train\VAIPE-mosaic_mosaic_00058.jpg,2,train
data\public\pills-detection-dataset\images\train\VAIPE-mosaic_mosaic_00059.jpg,6,train
data\public\pills-detection-dataset\images\train\VAIPE-mosaic_mosaic_00060.jpg,6,train
data\public\pills-detection-dataset\images\train\VAIPE-mosaic_mosaic_00066.jpg,6,train
data\public\pills-detection-dataset\images\train\VAIPE-mosaic_mosaic_00067.jpg,6,train
data\public\pills-detection-dataset\images\train\VAIPE-mosaic_mosaic_00068.jpg,6,train
data\public\pills-detection-dataset\images\train\VAIPE-mosaic_mosaic_00069.jpg,4,train
data\public\pills-detection-dataset\images\train\VAIPE-mosaic_mosaic_00070.jpg,2,train
data\public\pills-detection-dataset\images\train\VAIPE-mosaic_mosaic_00072.jpg,2,train
data\public\pills-detection-dataset\images\train\VAIPE-mosaic_mosaic_00074.jpg,5,train
data\public\pills-detection-dataset\images\train\VAIPE-mosaic_mosaic_00076.jpg,5,train
data\public\pills-detection-dataset\images\train\VAIPE-mosaic_mosaic_00083.jpg,3,train
data\public\pills-detection-dataset\images\train\VAIPE-mosaic_mosaic_00084.jpg,3,train
data\public\pills-detection-dataset\images\train\VAIPE-mosaic_mosaic_00085.jpg,3,train
data\public\pills-detection-dataset\images\train\VAIPE-mosaic_mosaic_00086.jpg,2,train
data\public\pills-detection-dataset\images\train\VAIPE-mosaic_mosaic_00091.jpg,3,train
data\public\pills-detection-dataset\images\train\VAIPE-mosaic_mosaic_00092.jpg,5,train
data\public\pills-detection-dataset\images\train\VAIPE-mosaic_mosaic_00099.jpg,5,train
data\public\pills-detection-dataset\images\train\VAIPE-mosaic_mosaic_00100.jpg,6,train
data\public\pills-detection-dataset\images\train\VAIPE-mosaic_mosaic_00102.jpg,5,train
data\public\pills-detection-dataset\images\train\VAIPE-mosaic_mosaic_00113.jpg,6,train
data\public\pills-detection-dataset\images\train\VAIPE-mosaic_mosaic_00114.jpg,6,train
data\public\pills-detection-dataset\images\train\VAIPE-mosaic_mosaic_00116.jpg,6,train
data\public\pills-detection-dataset\images\train\VAIPE-mosaic_mosaic_00117.jpg,2,train
data\public\pills-detection-dataset\images\train\VAIPE-mosaic_mosaic_00118.jpg,2,train
data\public\pills-detection-dataset\images\train\VAIPE-mosaic_mosaic_00120.jpg,2,train
data\public\pills-detection-dataset\images\train\VAIPE-mosaic_mosaic_00121.jpg,2,train
data\public\pills-detection-dataset\images\train\VAIPE-mosaic_mosaic_00122.jpg,2,train
data\public\pills-detection-dataset\images\train\VAIPE-mosaic_mosaic_00123.jpg,2,train
data\public\pills-detection-dataset\images\train\VAIPE-mosaic_mosaic_00124.jpg,2,train
data\public\pills-detection-dataset\images\train\VAIPE-mosaic_mosaic_00132.jpg,6,train
data\public\pills-detection-dataset\images\train\VAIPE-mosaic_mosaic_00136.jpg,3,train
data\public\pills-detection-dataset\images\train\VAIPE-mosaic_mosaic_00138.jpg,6,train
data\public\pills-detection-dataset\images\train\VAIPE-mosaic_mosaic_00140.jpg,4,train
data\public\pills-detection-dataset\images\train\VAIPE-mosaic_mosaic_00142.jpg,3,train
data\public\pills-detection-dataset\images\train\VAIPE-mosaic_mosaic_00145.jpg,5,train
data\public\pills-detection-dataset\images\train\VAIPE-mosaic_mosaic_00146.jpg,6,train
data\public\pills-detection-dataset\images\train\VAIPE-mosaic_mosaic_00148.jpg,6,train
data\public\pills-detection-dataset\images\train\VAIPE-mosaic_mosaic_00153.jpg,5,train
data\public\pills-detection-dataset\images\train\VAIPE-mosaic_mosaic_00154.jpg,3,train
data\public\pills-detection-dataset\images\train\VAIPE-mosaic_mosaic_00155.jpg,3,train
data\public\pills-detection-dataset\images\train\VAIPE-mosaic_mosaic_00156.jpg,3,train
data\public\pills-detection-dataset\images\train\VAIPE-mosaic_mosaic_00157.jpg,3,train
data\public\pills-detection-dataset\images\train\VAIPE-mosaic_mosaic_00160.jpg,6,train
data\public\pills-detection-dataset\images\train\VAIPE-mosaic_mosaic_00161.jpg,2,train
data\public\pills-detection-dataset\images\train\VAIPE-mosaic_mosaic_00162.jpg,6,train
data\public\pills-detection-dataset\images\train\VAIPE-mosaic_mosaic_00171.jpg,3,train
data\public\pills-detection-dataset\images\train\VAIPE-mosaic_mosaic_00179.jpg,6,train
data\public\pills-detection-dataset\images\train\VAIPE-mosaic_mosaic_00180.jpg,6,train
data\public\pills-detection-dataset\images\train\VAIPE-mosaic_mosaic_00184.jpg,2,train
data\public\pills-detection-dataset\images\train\VAIPE-mosaic_mosaic_00185.jpg,2,train
data\public\pills-detection-dataset\images\train\VAIPE-mosaic_mosaic_00195.jpg,6,train
data\public\pills-detection-dataset\images\train\VAIPE-mosaic_mosaic_00202.jpg,6,train
data\public\pills-detection-dataset\images\train\VAIPE-mosaic_mosaic_00203.jpg,4,train
data\public\pills-detection-dataset\images\train\VAIPE-mosaic_mosaic_00204.jpg,5,train
data\public\pills-detection-dataset\images\train\VAIPE-mosaic_mosaic_00206.jpg,4,train
data\public\pills-detection-dataset\images\train\VAIPE-mosaic_mosaic_00208.jpg,6,train
data\public\pills-detection-dataset\images\train\VAIPE-mosaic_mosaic_00214.jpg,3,train
data\public\pills-detection-dataset\images\train\VAIPE-mosaic_mosaic_00218.jpg,6,train
data\public\pills-detection-dataset\images\train\VAIPE-mosaic_mosaic_00219.jpg,2,train
data\public\pills-detection-dataset\images\train\VAIPE-mosaic_mosaic_00222.jpg,4,train
data\public\pills-detection-dataset\images\train\VAIPE-mosaic_mosaic_00224.jpg,4,train
data\public\pills-detection-dataset\images\train\VAIPE-mosaic_mosaic_00225.jpg,4,train
data\public\pills-detection-dataset\images\train\VAIPE-mosaic_mosaic_00226.jpg,4,train
data\public\pills-detection-dataset\images\train\VAIPE-mosaic_mosaic_00227.jpg,4,train
data\public\pills-detection-dataset\images\train\VAIPE-mosaic_mosaic_00228.jpg,4,train
data\public\pills-detection-dataset\images\train\VAIPE-mosaic_mosaic_00229.jpg,4,train
data\public\pills-detection-dataset\images\train\VAIPE-mosaic_mosaic_00232.jpg,2,train
data\public\pills-detection-dataset\images\train\VAIPE-mosaic_mosaic_00233.jpg,2,train
data\public\pills-detection-dataset\images\train\VAIPE-mosaic_mosaic_00234.jpg,2,train
data\public\pills-detection-dataset\images\train\VAIPE-mosaic_mosaic_00235.jpg,2,train
data\public\pills-detection-dataset\images\train\VAIPE-mosaic_mosaic_00238.jpg,2,train
data\public\pills-detection-dataset\images\train\VAIPE-mosaic_mosaic_00240.jpg,6,train
data\public\pills-detection-dataset\images\train\VAIPE-mosaic_mosaic_00241.jpg,4,train
data\public\pills-detection-dataset\images\train\VAIPE-mosaic_mosaic_00242.jpg,5,train
data\public\pills-detection-dataset\images\train\VAIPE-mosaic_mosaic_00246.jpg,4,train
data\public\pills-detection-dataset\images\train\VAIPE-mosaic_mosaic_00248.jpg,4,train
data\public\pills-detection-dataset\images\train\VAIPE-mosaic_mosaic_00249.jpg,4,train
data\public\pills-detection-dataset\images\train\VAIPE-mosaic_mosaic_00250.jpg,6,train
data\public\pills-detection-dataset\images\train\VAIPE-mosaic_mosaic_00261.jpg,5,train
data\public\pills-detection-dataset\images\train\VAIPE-mosaic_mosaic_00262.jpg,3,train
data\public\pills-detection-dataset\images\train\VAIPE-mosaic_mosaic_00264.jpg,2,train
data\public\pills-detection-dataset\images\train\VAIPE-mosaic_mosaic_00265.jpg,5,train
data\public\pills-detection-dataset\images\train\VAIPE-mosaic_mosaic_00266.jpg,6,train
data\public\pills-detection-dataset\images\train\VAIPE-mosaic_mosaic_00267.jpg,2,train
data\public\pills-detection-dataset\images\train\VAIPE-mosaic_mosaic_00272.jpg,4,train
data\public\pills-detection-dataset\images\train\VAIPE-mosaic_mosaic_00273.jpg,2,train
data\public\pills-detection-dataset\images\train\VAIPE-mosaic_mosaic_00274.jpg,6,train
data\public\pills-detection-dataset\images\train\VAIPE-mosaic_mosaic_00278.jpg,6,train
data\public\pills-detection-dataset\images\train\VAIPE-mosaic_mosaic_00280.jpg,5,train
data\public\pills-detection-dataset\images\train\VAIPE-mosaic_mosaic_00281.jpg,2,train
data\public\pills-detection-dataset\images\train\VAIPE-mosaic_mosaic_00282.jpg,6,train
data\public\pills-detection-dataset\images\train\VAIPE-mosaic_mosaic_00285.jpg,6,train
data\public\pills-detection-dataset\images\train\VAIPE-mosaic_mosaic_00286.jpg,6,train
data\public\pills-detection-dataset\images\train\VAIPE-mosaic_mosaic_00288.jpg,6,train
data\public\pills-detection-dataset\images\train\VAIPE-mosaic_mosaic_00291.jpg,6,train
data\public\pills-detection-dataset\images\train\VAIPE-mosaic_mosaic_00296.jpg,6,train
data\public\pills-detection-dataset\images\train\VAIPE-mosaic_mosaic_00300.jpg,6,train
data\public\pills-detection-dataset\images\train\VAIPE-mosaic_mosaic_00301.jpg,2,train
data\public\pills-detection-dataset\images\train\VAIPE-mosaic_mosaic_00302.jpg,2,train
data\public\pills-detection-dataset\images\train\VAIPE-mosaic_mosaic_00304.jpg,2,train
data\public\pills-detection-dataset\images\train\VAIPE-mosaic_mosaic_00305.jpg,4,train
data\public\pills-detection-dataset\images\train\VAIPE-mosaic_mosaic_00306.jpg,2,train
data\public\pills-detection-dataset\images\train\VAIPE-mosaic_mosaic_00307.jpg,2,train
data\public\pills-detection-dataset\images\train\VAIPE-mosaic_mosaic_00308.jpg,2,train
data\public\pills-detection-dataset\images\train\VAIPE-mosaic_mosaic_00309.jpg,4,train
data\public\pills-detection-dataset\images\train\VAIPE-mosaic_mosaic_00310.jpg,6,train
data\public\pills-detection-dataset\images\train\VAIPE-mosaic_mosaic_00312.jpg,4,train
data\public\pills-detection-dataset\images\train\VAIPE-mosaic_mosaic_00313.jpg,2,train
data\public\pills-detection-dataset\images\train\VAIPE-mosaic_mosaic_00314.jpg,4,train
data\public\pills-detection-dataset\images\train\VAIPE-mosaic_mosaic_00315.jpg,4,train
data\public\pills-detection-dataset\images\train\VAIPE-mosaic_mosaic_00316.jpg,2,train
data\public\pills-detection-dataset\images\train\VAIPE-mosaic_mosaic_00317.jpg,6,train
data\public\pills-detection-dataset\images\train\VAIPE-mosaic_mosaic_00318.jpg,4,train
data\public\pills-detection-dataset\images\train\VAIPE-mosaic_mosaic_00323.jpg,6,train
data\public\pills-detection-dataset\images\train\VAIPE-mosaic_mosaic_00336.jpg,6,train
data\public\pills-detection-dataset\images\train\VAIPE-mosaic_mosaic_00339.jpg,3,train
data\public\pills-detection-dataset\images\train\VAIPE-mosaic_mosaic_00340.jpg,6,train
data\public\pills-detection-dataset\images\train\VAIPE-mosaic_mosaic_00344.jpg,2,train
data\public\pills-detection-dataset\images\train\VAIPE-mosaic_mosaic_00345.jpg,3,train
data\public\pills-detection-dataset\images\train\VAIPE-mosaic_mosaic_00346.jpg,2,train
data\public\pills-detection-dataset\images\train\VAIPE-mosaic_mosaic_00347.jpg,6,train
data\public\pills-detection-dataset\images\train\VAIPE-mosaic_mosaic_00348.jpg,4,train
data\public\pills-detection-dataset\images\train\VAIPE-mosaic_mosaic_00349.jpg,6,train
data\public\pills-detection-dataset\images\train\VAIPE-mosaic_mosaic_00352.jpg,2,train
data\public\pills-detection-dataset\images\train\VAIPE-mosaic_mosaic_00353.jpg,4,train
data\public\pills-detection-dataset\images\train\VAIPE-mosaic_mosaic_00355.jpg,6,train
data\public\pills-detection-dataset\images\train\VAIPE-mosaic_mosaic_00356.jpg,4,train
data\public\pills-detection-dataset\images\train\VAIPE-mosaic_mosaic_00357.jpg,6,train
data\public\pills-detection-dataset\images\train\VAIPE-mosaic_mosaic_00358.jpg,6,train
data\public\pills-detection-dataset\images\train\VAIPE-mosaic_mosaic_00362.jpg,4,train
data\public\pills-detection-dataset\images\train\VAIPE-mosaic_mosaic_00364.jpg,6,train
data\public\pills-detection-dataset\images\train\VAIPE-mosaic_mosaic_00365.jpg,6,train
data\public\pills-detection-dataset\images\train\VAIPE-mosaic_mosaic_00366.jpg,6,train
data\public\pills-detection-dataset\images\train\VAIPE-mosaic_mosaic_00368.jpg,4,train
data\public\pills-detection-dataset\images\train\VAIPE-mosaic_mosaic_00369.jpg,6,train
data\public\pills-detection-dataset\images\train\VAIPE-mosaic_mosaic_00374.jpg,6,train
data\public\pills-detection-dataset\images\train\VAIPE-mosaic_mosaic_00376.jpg,4,train
data\public\pills-detection-dataset\images\train\VAIPE-mosaic_mosaic_00377.jpg,6,train
data\public\pills-detection-dataset\images\train\VAIPE-mosaic_mosaic_00378.jpg,6,train
data\public\pills-detection-dataset\images\train\VAIPE-mosaic_mosaic_00379.jpg,4,train
data\public\pills-detection-dataset\images\train\VAIPE-mosaic_mosaic_00380.jpg,6,train
data\public\pills-detection-dataset\images\train\VAIPE-mosaic_mosaic_00382.jpg,4,train
data\public\pills-detection-dataset\images\train\VAIPE-mosaic_mosaic_00384.jpg,5,train
data\public\pills-detection-dataset\images\train\VAIPE-mosaic_mosaic_00385.jpg,6,train
data\public\pills-detection-dataset\images\train\VAIPE-mosaic_mosaic_00386.jpg,6,train
data\public\pills-detection-dataset\images\train\VAIPE-mosaic_mosaic_00387.jpg,6,train
data\public\pills-detection-dataset\images\train\VAIPE-mosaic_mosaic_00389.jpg,6,train
data\public\pills-detection-dataset\images\train\VAIPE-mosaic_mosaic_00394.jpg,4,train
data\public\pills-detection-dataset\images\train\VAIPE-mosaic_mosaic_00395.jpg,5,train
data\public\pills-detection-dataset\images\train\VAIPE-mosaic_mosaic_00396.jpg,5,train
data\public\pills-detection-dataset\images\train\VAIPE-mosaic_mosaic_00397.jpg,5,train
data\public\pills-detection-dataset\images\train\VAIPE-mosaic_mosaic_00398.jpg,4,train
data\public\pills-detection-dataset\images\train\VAIPE-mosaic_mosaic_00400.jpg,6,train
data\public\pills-detection-dataset\images\train\VAIPE-mosaic_mosaic_00401.jpg,5,train
data\public\pills-detection-dataset\images\train\VAIPE-mosaic_mosaic_00402.jpg,6,train
data\public\pills-detection-dataset\images\train\VAIPE-mosaic_mosaic_00403.jpg,6,train
data\public\pills-detection-dataset\images\train\VAIPE-mosaic_mosaic_00404.jpg,6,train
data\public\pills-detection-dataset\images\train\VAIPE-mosaic_mosaic_00405.jpg,6,train
data\public\pills-detection-dataset\images\train\VAIPE-mosaic_mosaic_00406.jpg,6,train
data\public\pills-detection-dataset\images\train\VAIPE-mosaic_mosaic_00408.jpg,6,train
data\public\pills-detection-dataset\images\train\VAIPE-mosaic_mosaic_00409.jpg,6,train
data\public\pills-detection-dataset\images\train\VAIPE-mosaic_mosaic_00410.jpg,6,train
data\public\pills-detection-dataset\images\train\VAIPE-mosaic_mosaic_00411.jpg,6,train
data\public\pills-detection-dataset\images\train\VAIPE-mosaic_mosaic_00412.jpg,6,train
data\public\pills-detection-dataset\images\train\VAIPE-mosaic_mosaic_00413.jpg,6,train
data\public\pills-detection-dataset\images\train\VAIPE-mosaic_mosaic_00414.jpg,6,train
data\public\pills-detection-dataset\images\train\VAIPE-mosaic_mosaic_00416.jpg,6,train
data\public\pills-detection-dataset\images\train\VAIPE-mosaic_mosaic_00417.jpg,6,train
data\public\pills-detection-dataset\images\train\VAIPE-mosaic_mosaic_00418.jpg,6,train
data\public\pills-detection-dataset\images\train\VAIPE-mosaic_mosaic_00419.jpg,6,train
data\public\pills-detection-dataset\images\train\VAIPE-mosaic_mosaic_00420.jpg,6,train
data\public\pills-detection-dataset\images\train\VAIPE-mosaic_mosaic_00421.jpg,6,train
data\public\pills-detection-dataset\images\train\VAIPE-mosaic_mosaic_00422.jpg,6,train
data\public\pills-detection-dataset\images\train\VAIPE-mosaic_mosaic_00424.jpg,6,train
data\public\pills-detection-dataset\images\train\VAIPE-mosaic_mosaic_00425.jpg,6,train
data\public\pills-detection-dataset\images\train\VAIPE-mosaic_mosaic_00426.jpg,6,train
data\public\pills-detection-dataset\images\train\VAIPE-mosaic_mosaic_00427.jpg,6,train
data\public\pills-detection-dataset\images\train\VAIPE-mosaic_mosaic_00428.jpg,5,train
data\public\pills-detection-dataset\images\train\VAIPE-mosaic_mosaic_00429.jpg,6,train
data\public\pills-detection-dataset\images\train\VAIPE-mosaic_mosaic_00430.jpg,5,train
data\public\pills-detection-dataset\images\train\VAIPE-mosaic_mosaic_00442.jpg,4,train
data\public\pills-detection-dataset\images\train\VAIPE-mosaic_mosaic_00443.jpg,4,train
data\public\pills-detection-dataset\images\train\VAIPE-mosaic_mosaic_00446.jpg,5,train
data\public\pills-detection-dataset\images\train\VAIPE-mosaic_mosaic_00448.jpg,6,train
data\public\pills-detection-dataset\images\train\VAIPE-mosaic_mosaic_00449.jpg,6,train
data\public\pills-detection-dataset\images\train\VAIPE-mosaic_mosaic_00450.jpg,6,train
data\public\pills-detection-dataset\images\train\VAIPE-mosaic_mosaic_00453.jpg,6,train
data\public\pills-detection-dataset\images\train\VAIPE-mosaic_mosaic_00454.jpg,6,train
data\public\pills-detection-dataset\images\train\VAIPE-mosaic_mosaic_00460.jpg,6,train
data\public\pills-detection-dataset\images\train\VAIPE-mosaic_mosaic_00461.jpg,6,train
data\public\pills-detection-dataset\images\train\VAIPE-mosaic_mosaic_00464.jpg,5,train
data\public\pills-detection-dataset\images\train\VAIPE-mosaic_mosaic_00468.jpg,5,train
data\public\pills-detection-dataset\images\train\VAIPE-mosaic_mosaic_00472.jpg,5,train
data\public\pills-detection-dataset\images\train\VAIPE-mosaic_mosaic_00473.jpg,6,train
data\public\pills-detection-dataset\images\train\VAIPE-mosaic_mosaic_00475.jpg,2,train
data\public\pills-detection-dataset\images\train\VAIPE-mosaic_mosaic_00476.jpg,4,train
data\public\pills-detection-dataset\images\train\VAIPE-mosaic_mosaic_00477.jpg,3,train
data\public\pills-detection-dataset\images\train\VAIPE-mosaic_mosaic_00480.jpg,4,train
data\public\pills-detection-dataset\images\train\VAIPE-mosaic_mosaic_00481.jpg,6,train
data\public\pills-detection-dataset\images\train\VAIPE-mosaic_mosaic_00482.jpg,3,train
data\public\pills-detection-dataset\images\train\VAIPE-mosaic_mosaic_00483.jpg,3,train
data\public\pills-detection-dataset\images\train\VAIPE-mosaic_mosaic_00486.jpg,4,train
data\public\pills-detection-dataset\images\train\VAIPE-mosaic_mosaic_00488.jpg,5,train
data\public\pills-detection-dataset\images\train\VAIPE-mosaic_mosaic_00489.jpg,6,train
data\public\pills-detection-dataset\images\train\VAIPE-mosaic_mosaic_00493.jpg,2,train
data\public\pills-detection-dataset\images\train\VAIPE-mosaic_mosaic_00494.jpg,2,train
data\public\pills-detection-dataset\images\train\VAIPE-mosaic_mosaic_00496.jpg,2,train
data\public\pills-detection-dataset\images\train\VAIPE-mosaic_mosaic_00497.jpg,2,train
data\public\pills-detection-dataset\images\train\VAIPE-mosaic_mosaic_00498.jpg,2,train
data\public\pills-detection-dataset\images\train\VAIPE-mosaic_mosaic_00500.jpg,6,train
data\public\pills-detection-dataset\images\train\VAIPE-mosaic_mosaic_00501.jpg,5,train
data\public\pills-detection-dataset\images\train\VAIPE-mosaic_mosaic_00502.jpg,6,train
data\public\pills-detection-dataset\images\train\VAIPE-mosaic_mosaic_00505.jpg,6,train
data\public\pills-detection-dataset\images\train\VAIPE-mosaic_mosaic_00506.jpg,5,train
data\public\pills-detection-dataset\images\train\VAIPE-mosaic_mosaic_00507.jpg,6,train
data\public\pills-detection-dataset\images\train\VAIPE-mosaic_mosaic_00510.jpg,6,train
data\public\pills-detection-dataset\images\train\VAIPE-mosaic_mosaic_00512.jpg,6,train
data\public\pills-detection-dataset\images\train\VAIPE-mosaic_mosaic_00516.jpg,2,train
data\public\pills-detection-dataset\images\train\VAIPE-mosaic_mosaic_00518.jpg,6,train
data\public\pills-detection-dataset\images\train\VAIPE-mosaic_mosaic_00520.jpg,6,train
data\public\pills-detection-dataset\images\train\VAIPE-mosaic_mosaic_00523.jpg,4,train
data\public\pills-detection-dataset\images\train\VAIPE-mosaic_mosaic_00525.jpg,4,train
data\public\pills-detection-dataset\images\train\VAIPE-mosaic_mosaic_00526.jpg,6,train
data\public\pills-detection-dataset\images\train\VAIPE-mosaic_mosaic_00528.jpg,5,train
data\public\pills-detection-dataset\images\train\VAIPE-mosaic_mosaic_00529.jpg,5,train
data\public\pills-detection-dataset\images\train\VAIPE-mosaic_mosaic_00530.jpg,5,train
data\public\pills-detection-dataset\images\train\VAIPE-mosaic_mosaic_00531.jpg,4,train
data\public\pills-detection-dataset\images\train\VAIPE-mosaic_mosaic_00532.jpg,2,train
data\public\pills-detection-dataset\images\train\VAIPE-mosaic_mosaic_00533.jpg,2,train
data\public\pills-detection-dataset\images\train\VAIPE-mosaic_mosaic_00534.jpg,3,train
data\public\pills-detection-dataset\images\train\VAIPE-mosaic_mosaic_00538.jpg,6,train
data\public\pills-detection-dataset\images\train\VAIPE-mosaic_mosaic_00545.jpg,6,train
data\public\pills-detection-dataset\images\train\VAIPE-mosaic_mosaic_00546.jpg,5,train
data\public\pills-detection-dataset\images\train\VAIPE-mosaic_mosaic_00553.jpg,4,train
data\public\pills-detection-dataset\images\train\VAIPE-mosaic_mosaic_00556.jpg,5,train
data\public\pills-detection-dataset\images\train\VAIPE-mosaic_mosaic_00557.jpg,4,train
data\public\pills-detection-dataset\images\train\VAIPE-mosaic_mosaic_00558.jpg,5,train
data\public\pills-detection-dataset\images\train\VAIPE-mosaic_mosaic_00561.jpg,5,train
data\public\pills-detection-dataset\images\train\VAIPE-mosaic_mosaic_00562.jpg,5,train
data\public\pills-detection-dataset\images\train\VAIPE-mosaic_mosaic_00563.jpg,6,train
data\public\pills-detection-dataset\images\train\VAIPE-mosaic_mosaic_00564.jpg,5,train
data\public\pills-detection-dataset\images\train\VAIPE-mosaic_mosaic_00565.jpg,6,train
data\public\pills-detection-dataset\images\train\VAIPE-mosaic_mosaic_00568.jpg,6,train
data\public\pills-detection-dataset\images\train\VAIPE-mosaic_mosaic_00576.jpg,6,train
data\public\pills-detection-dataset\images\train\VAIPE-mosaic_mosaic_00577.jpg,5,train
data\public\pills-detection-dataset\images\train\VAIPE-mosaic_mosaic_00578.jpg,3,train
data\public\pills-detection-dataset\images\train\VAIPE-mosaic_mosaic_00580.jpg,3,train
data\public\pills-detection-dataset\images\train\VAIPE-mosaic_mosaic_00581.jpg,4,train
data\public\pills-detection-dataset\images\train\VAIPE-mosaic_mosaic_00582.jpg,5,train
data\public\pills-detection-dataset\images\train\VAIPE-mosaic_mosaic_00584.jpg,6,train
data\public\pills-detection-dataset\images\train\VAIPE-mosaic_mosaic_00587.jpg,4,train
data\public\pills-detection-dataset\images\train\VAIPE-mosaic_mosaic_00589.jpg,6,train
data\public\pills-detection-dataset\images\train\VAIPE-mosaic_mosaic_00590.jpg,3,train
data\public\pills-detection-dataset\images\train\VAIPE-mosaic_mosaic_00592.jpg,3,train
data\public\pills-detection-dataset\images\train\VAIPE-mosaic_mosaic_00593.jpg,4,train
data\public\pills-detection-dataset\images\train\VAIPE-mosaic_mosaic_00594.jpg,4,train
data\public\pills-detection-dataset\images\train\VAIPE-mosaic_mosaic_00595.jpg,3,train
data\public\pills-detection-dataset\images\train\VAIPE-mosaic_mosaic_00596.jpg,4,train
data\public\pills-detection-dataset\images\train\VAIPE-mosaic_mosaic_00597.jpg,4,train
data\public\pills-detection-dataset\images\train\VAIPE-mosaic_mosaic_00598.jpg,4,train
data\public\pills-detection-dataset\images\train\VAIPE-mosaic_mosaic_00600.jpg,3,train
data\public\pills-detection-dataset\images\train\VAIPE-mosaic_mosaic_00601.jpg,5,train
data\public\pills-detection-dataset\images\train\VAIPE-mosaic_mosaic_00602.jpg,3,train
data\public\pills-detection-dataset\images\train\VAIPE-mosaic_mosaic_00610.jpg,6,train
data\public\pills-detection-dataset\images\train\VAIPE-mosaic_mosaic_00616.jpg,6,train
data\public\pills-detection-dataset\images\train\VAIPE-mosaic_mosaic_00620.jpg,4,train
data\public\pills-detection-dataset\images\train\VAIPE-mosaic_mosaic_00624.jpg,5,train
data\public\pills-detection-dataset\images\train\VAIPE-mosaic_mosaic_00627.jpg,6,train
data\public\pills-detection-dataset\images\train\VAIPE-mosaic_mosaic_00629.jpg,6,train
data\public\pills-detection-dataset\images\train\VAIPE-mosaic_mosaic_00630.jpg,6,train
data\public\pills-detection-dataset\images\train\VAIPE-mosaic_mosaic_00632.jpg,2,train
data\public\pills-detection-dataset\images\train\VAIPE-mosaic_mosaic_00633.jpg,2,train
data\public\pills-detection-dataset\images\train\VAIPE-mosaic_mosaic_00635.jpg,2,train
data\public\pills-detection-dataset\images\train\VAIPE-mosaic_mosaic_00636.jpg,2,train
data\public\pills-detection-dataset\images\train\VAIPE-mosaic_mosaic_00637.jpg,2,train
data\public\pills-detection-dataset\images\train\VAIPE-mosaic_mosaic_00638.jpg,2,train
data\public\pills-detection-dataset\images\train\VAIPE-mosaic_mosaic_00640.jpg,2,train
data\public\pills-detection-dataset\images\train\VAIPE-mosaic_mosaic_00641.jpg,6,train
data\public\pills-detection-dataset\images\train\VAIPE-mosaic_mosaic_00642.jpg,5,train
data\public\pills-detection-dataset\images\train\VAIPE-mosaic_mosaic_00643.jpg,2,train
data\public\pills-detection-dataset\images\train\VAIPE-mosaic_mosaic_00644.jpg,2,train
data\public\pills-detection-dataset\images\train\VAIPE-mosaic_mosaic_00645.jpg,2,train
data\public\pills-detection-dataset\images\train\VAIPE-mosaic_mosaic_00650.jpg,6,train
data\public\pills-detection-dataset\images\train\VAIPE-mosaic_mosaic_00651.jpg,6,train
data\public\pills-detection-dataset\images\train\VAIPE-mosaic_mosaic_00653.jpg,6,train
data\public\pills-detection-dataset\images\train\VAIPE-mosaic_mosaic_00658.jpg,4,train
data\public\pills-detection-dataset\images\train\VAIPE-mosaic_mosaic_00659.jpg,4,train
data\public\pills-detection-dataset\images\train\VAIPE-mosaic_mosaic_00662.jpg,4,train
data\public\pills-detection-dataset\images\train\VAIPE-mosaic_mosaic_00665.jpg,4,train
data\public\pills-detection-dataset\images\train\VAIPE-mosaic_mosaic_00666.jpg,6,train
data\public\pills-detection-dataset\images\train\VAIPE-mosaic_mosaic_00670.jpg,3,train
data\public\pills-detection-dataset\images\train\VAIPE-mosaic_mosaic_00672.jpg,2,train
data\public\pills-detection-dataset\images\train\VAIPE-mosaic_mosaic_00673.jpg,6,train
data\public\pills-detection-dataset\images\train\VAIPE-mosaic_mosaic_00674.jpg,2,train
data\public\pills-detection-dataset\images\train\VAIPE-mosaic_mosaic_00675.jpg,2,train
data\public\pills-detection-dataset\images\train\VAIPE-mosaic_mosaic_00676.jpg,5,train
data\public\pills-detection-dataset\images\train\VAIPE-mosaic_mosaic_00677.jpg,2,train
data\public\pills-detection-dataset\images\train\VAIPE-mosaic_mosaic_00678.jpg,4,train
data\public\pills-detection-dataset\images\train\VAIPE-mosaic_mosaic_00681.jpg,4,train
data\public\pills-detection-dataset\images\train\VAIPE-mosaic_mosaic_00682.jpg,5,train
data\public\pills-detection-dataset\images\train\VAIPE-mosaic_mosaic_00684.jpg,2,train
data\public\pills-detection-dataset\images\train\VAIPE-mosaic_mosaic_00685.jpg,2,train
data\public\pills-detection-dataset\images\train\VAIPE-mosaic_mosaic_00688.jpg,2,train
data\public\pills-detection-dataset\images\train\VAIPE-mosaic_mosaic_00689.jpg,3,train
data\public\pills-detection-dataset\images\train\VAIPE-mosaic_mosaic_00690.jpg,6,train
data\public\pills-detection-dataset\images\train\VAIPE-mosaic_mosaic_00691.jpg,5,train
data\public\pills-detection-dataset\images\train\VAIPE-mosaic_mosaic_00692.jpg,3,train
data\public\pills-detection-dataset\images\train\VAIPE-mosaic_mosaic_00693.jpg,2,train
data\public\pills-detection-dataset\images\train\VAIPE-mosaic_mosaic_00694.jpg,2,train
data\public\pills-detection-dataset\images\train\VAIPE-mosaic_mosaic_00696.jpg,4,train
data\public\pills-detection-dataset\images\train\VAIPE-mosaic_mosaic_00697.jpg,4,train
data\public\pills-detection-dataset\images\train\VAIPE-mosaic_mosaic_00698.jpg,6,train
data\public\pills-detection-dataset\images\train\VAIPE-mosaic_mosaic_00699.jpg,6,train
data\public\pills-detection-dataset\images\train\VAIPE-mosaic_mosaic_00700.jpg,4,train
data\public\pills-detection-dataset\images\train\VAIPE-mosaic_mosaic_00701.jpg,6,train
data\public\pills-detection-dataset\images\train\VAIPE-mosaic_mosaic_00702.jpg,2,train
data\public\pills-detection-dataset\images\train\VAIPE-mosaic_mosaic_00704.jpg,6,train
data\public\pills-detection-dataset\images\train\VAIPE-mosaic_mosaic_00706.jpg,6,train
data\public\pills-detection-dataset\images\train\VAIPE-mosaic_mosaic_00707.jpg,6,train
data\public\pills-detection-dataset\images\train\VAIPE-mosaic_mosaic_00708.jpg,4,train
data\public\pills-detection-dataset\images\train\VAIPE-mosaic_mosaic_00709.jpg,4,train
data\public\pills-detection-dataset\images\train\VAIPE-mosaic_mosaic_00710.jpg,3,train
data\public\pills-detection-dataset\images\train\VAIPE-mosaic_mosaic_00712.jpg,3,train
data\public\pills-detection-dataset\images\train\VAIPE-mosaic_mosaic_00713.jpg,2,train
data\public\pills-detection-dataset\images\train\VAIPE-mosaic_mosaic_00714.jpg,2,train
data\public\pills-detection-dataset\images\train\VAIPE-mosaic_mosaic_00715.jpg,2,train
data\public\pills-detection-dataset\images\train\VAIPE-mosaic_mosaic_00716.jpg,2,train
data\public\pills-detection-dataset\images\train\VAIPE-mosaic_mosaic_00717.jpg,3,train
data\public\pills-detection-dataset\images\train\VAIPE-mosaic_mosaic_00718.jpg,2,train
data\public\pills-detection-dataset\images\train\VAIPE-mosaic_mosaic_00720.jpg,6,train
data\public\pills-detection-dataset\images\train\VAIPE-mosaic_mosaic_00721.jpg,3,train
data\public\pills-detection-dataset\images\train\VAIPE-mosaic_mosaic_00722.jpg,6,train
data\public\pills-detection-dataset\images\train\VAIPE-mosaic_mosaic_00726.jpg,5,train
data\public\pills-detection-dataset\images\train\VAIPE-mosaic_mosaic_00728.jpg,5,train
data\public\pills-detection-dataset\images\train\VAIPE-mosaic_mosaic_00731.jpg,4,train
data\public\pills-detection-dataset\images\train\VAIPE-mosaic_mosaic_00736.jpg,5,train
data\public\pills-detection-dataset\images\train\VAIPE-mosaic_mosaic_00739.jpg,6,train
data\public\pills-detection-dataset\images\train\VAIPE-mosaic_mosaic_00740.jpg,4,train
data\public\pills-detection-dataset\images\train\VAIPE-mosaic_mosaic_00741.jpg,5,train
data\public\pills-detection-dataset\images\train\VAIPE-mosaic_mosaic_00742.jpg,6,train
data\public\pills-detection-dataset\images\train\VAIPE-mosaic_mosaic_00746.jpg,6,train
data\public\pills-detection-dataset\images\train\VAIPE-mosaic_mosaic_00748.jpg,6,train
data\public\pills-detection-dataset\images\train\VAIPE-mosaic_mosaic_00750.jpg,5,train
data\public\pills-detection-dataset\images\train\VAIPE-mosaic_mosaic_00754.jpg,4,train
data\public\pills-detection-dataset\images\train\VAIPE-mosaic_mosaic_00755.jpg,6,train
data\public\pills-detection-dataset\images\train\VAIPE-mosaic_mosaic_00756.jpg,2,train
data\public\pills-detection-dataset\images\train\VAIPE-mosaic_mosaic_00757.jpg,2,train
data\public\pills-detection-dataset\images\train\VAIPE-mosaic_mosaic_00758.jpg,2,train
data\public\pills-detection-dataset\images\train\VAIPE-mosaic_mosaic_00760.jpg,2,train
data\public\pills-detection-dataset\images\train\VAIPE-mosaic_mosaic_00761.jpg,4,train
data\public\pills-detection-dataset\images\train\VAIPE-mosaic_mosaic_00762.jpg,4,train
data\public\pills-detection-dataset\images\train\VAIPE-mosaic_mosaic_00764.jpg,4,train
data\public\pills-detection-dataset\images\train\VAIPE-mosaic_mosaic_00765.jpg,4,train
data\public\pills-detection-dataset\images\train\VAIPE-mosaic_mosaic_00766.jpg,3,train
data\public\pills-detection-dataset\images\train\VAIPE-mosaic_mosaic_00769.jpg,5,train
data\public\pills-detection-dataset\images\train\VAIPE-mosaic_mosaic_00771.jpg,5,train
data\public\pills-detection-dataset\images\train\VAIPE-mosaic_mosaic_00774.jpg,6,train
data\public\pills-detection-dataset\images\train\VAIPE-mosaic_mosaic_00776.jpg,6,train
data\public\pills-detection-dataset\images\train\VAIPE-mosaic_mosaic_00779.jpg,5,train
data\public\pills-detection-dataset\images\train\VAIPE-mosaic_mosaic_00780.jpg,4,train
data\public\pills-detection-dataset\images\train\VAIPE-mosaic_mosaic_00781.jpg,4,train
data\public\pills-detection-dataset\images\train\VAIPE-mosaic_mosaic_00782.jpg,6,train
data\public\pills-detection-dataset\images\train\VAIPE-mosaic_mosaic_00796.jpg,6,train
data\public\pills-detection-dataset\images\train\VAIPE-mosaic_mosaic_00800.jpg,3,train
data\public\pills-detection-dataset\images\train\VAIPE-mosaic_mosaic_00803.jpg,4,train
data\public\pills-detection-dataset\images\train\VAIPE-mosaic_mosaic_00804.jpg,4,train
data\public\pills-detection-dataset\images\train\VAIPE-mosaic_mosaic_00805.jpg,3,train
data\public\pills-detection-dataset\images\train\VAIPE-mosaic_mosaic_00806.jpg,5,train
data\public\pills-detection-dataset\images\train\VAIPE-mosaic_mosaic_00808.jpg,4,train
data\public\pills-detection-dataset\images\train\VAIPE-mosaic_mosaic_00809.jpg,5,train
data\public\pills-detection-dataset\images\train\VAIPE-mosaic_mosaic_00810.jpg,4,train
data\public\pills-detection-dataset\images\train\VAIPE-mosaic_mosaic_00811.jpg,4,train
data\public\pills-detection-dataset\images\train\VAIPE-mosaic_mosaic_00812.jpg,5,train
data\public\pills-detection-dataset\images\train\VAIPE-mosaic_mosaic_00813.jpg,5,train
data\public\pills-detection-dataset\images\train\VAIPE-mosaic_mosaic_00814.jpg,5,train
data\public\pills-detection-dataset\images\train\VAIPE-mosaic_mosaic_00819.jpg,4,train
data\public\pills-detection-dataset\images\train\VAIPE-mosaic_mosaic_00821.jpg,5,train
data\public\pills-detection-dataset\images\train\VAIPE-mosaic_mosaic_00825.jpg,5,train
data\public\pills-detection-dataset\images\train\VAIPE-mosaic_mosaic_00826.jpg,4,train
data\public\pills-detection-dataset\images\train\VAIPE-mosaic_mosaic_00827.jpg,4,train
data\public\pills-detection-dataset\images\train\VAIPE-mosaic_mosaic_00828.jpg,4,train
data\public\pills-detection-dataset\images\train\VAIPE-mosaic_mosaic_00829.jpg,5,train
data\public\pills-detection-dataset\images\train\VAIPE-mosaic_mosaic_00832.jpg,4,train
data\public\pills-detection-dataset\images\train\VAIPE-mosaic_mosaic_00834.jpg,3,train
data\public\pills-detection-dataset\images\train\VAIPE-mosaic_mosaic_00835.jpg,3,train
data\public\pills-detection-dataset\images\train\VAIPE-mosaic_mosaic_00836.jpg,4,train
data\public\pills-detection-dataset\images\train\VAIPE-mosaic_mosaic_00845.jpg,6,train
data\public\pills-detection-dataset\images\train\VAIPE-mosaic_mosaic_00854.jpg,6,train
data\public\pills-detection-dataset\images\train\VAIPE-mosaic_mosaic_00856.jpg,3,train
data\public\pills-detection-dataset\images\train\VAIPE-mosaic_mosaic_00857.jpg,4,train
data\public\pills-detection-dataset\images\train\VAIPE-mosaic_mosaic_00860.jpg,3,train
data\public\pills-detection-dataset\images\train\VAIPE-mosaic_mosaic_00866.jpg,6,train
data\public\pills-detection-dataset\images\train\VAIPE-mosaic_mosaic_00867.jpg,4,train
data\public\pills-detection-dataset\images\train\VAIPE-mosaic_mosaic_00868.jpg,4,train
data\public\pills-detection-dataset\images\train\VAIPE-mosaic_mosaic_00873.jpg,5,train
data\public\pills-detection-dataset\images\train\VAIPE-mosaic_mosaic_00876.jpg,6,train
data\public\pills-detection-dataset\images\train\VAIPE-mosaic_mosaic_00880.jpg,6,train
data\public\pills-detection-dataset\images\train\VAIPE-mosaic_mosaic_00881.jpg,3,train
data\public\pills-detection-dataset\images\train\VAIPE-mosaic_mosaic_00882.jpg,2,train
data\public\pills-detection-dataset\images\train\VAIPE-mosaic_mosaic_00883.jpg,2,train
data\public\pills-detection-dataset\images\train\VAIPE-mosaic_mosaic_00886.jpg,2,train
data\public\pills-detection-dataset\images\train\VAIPE-mosaic_mosaic_00888.jpg,4,train
data\public\pills-detection-dataset\images\train\VAIPE-mosaic_mosaic_00889.jpg,5,train
data\public\pills-detection-dataset\images\train\VAIPE-mosaic_mosaic_00890.jpg,4,train
data\public\pills-detection-dataset\images\train\VAIPE-mosaic_mosaic_00894.jpg,4,train
data\public\pills-detection-dataset\images\train\VAIPE-mosaic_mosaic_00896.jpg,5,train
data\public\pills-detection-dataset\images\train\VAIPE-mosaic_mosaic_00905.jpg,6,train
data\public\pills-detection-dataset\images\train\VAIPE-mosaic_mosaic_00906.jpg,6,train
data\public\pills-detection-dataset\images\train\VAIPE-mosaic_mosaic_00907.jpg,6,train
data\public\pills-detection-dataset\images\train\VAIPE-mosaic_mosaic_00921.jpg,2,train
data\public\pills-detection-dataset\images\train\VAIPE-mosaic_mosaic_00922.jpg,4,train
data\public\pills-detection-dataset\images\train\VAIPE-mosaic_mosaic_00923.jpg,4,train
data\public\pills-detection-dataset\images\train\VAIPE-mosaic_mosaic_00924.jpg,4,train
data\public\pills-detection-dataset\images\train\VAIPE-mosaic_mosaic_00925.jpg,2,train
data\public\pills-detection-dataset\images\train\VAIPE-mosaic_mosaic_00926.jpg,2,train
data\public\pills-detection-dataset\images\train\VAIPE-mosaic_mosaic_00928.jpg,4,train
data\public\pills-detection-dataset\images\train\VAIPE-mosaic_mosaic_00929.jpg,4,train
data\public\pills-detection-dataset\images\train\VAIPE-mosaic_mosaic_00930.jpg,2,train
data\public\pills-detection-dataset\images\train\VAIPE-mosaic_mosaic_00931.jpg,2,train
data\public\pills-detection-dataset\images\train\VAIPE-mosaic_mosaic_00933.jpg,4,train
data\public\pills-detection-dataset\images\train\VAIPE-mosaic_mosaic_00934.jpg,4,train
data\public\pills-detection-dataset\images\train\VAIPE-mosaic_mosaic_00936.jpg,6,train
data\public\pills-detection-dataset\images\train\VAIPE-mosaic_mosaic_00937.jpg,6,train
data\public\pills-detection-dataset\images\train\VAIPE-mosaic_mosaic_00938.jpg,6,train
data\public\pills-detection-dataset\images\train\VAIPE-mosaic_mosaic_00946.jpg,6,train
data\public\pills-detection-dataset\images\train\VAIPE-mosaic_mosaic_00947.jpg,3,train
data\public\pills-detection-dataset\images\train\VAIPE-mosaic_mosaic_00948.jpg,4,train
data\public\pills-detection-dataset\images\train\VAIPE-mosaic_mosaic_00952.jpg,2,train
data\public\pills-detection-dataset\images\train\VAIPE-mosaic_mosaic_00955.jpg,4,train
data\public\pills-detection-dataset\images\train\VAIPE-mosaic_mosaic_00956.jpg,4,train
data\public\pills-detection-dataset\images\train\VAIPE-mosaic_mosaic_00957.jpg,6,train
data\public\pills-detection-dataset\images\train\VAIPE-mosaic_mosaic_00958.jpg,3,train
data\public\pills-detection-dataset\images\train\VAIPE-mosaic_mosaic_00962.jpg,3,train
data\public\pills-detection-dataset\images\train\VAIPE-mosaic_mosaic_00963.jpg,5,train
data\public\pills-detection-dataset\images\train\VAIPE-mosaic_mosaic_00964.jpg,6,train
data\public\pills-detection-dataset\images\train\VAIPE-mosaic_mosaic_00965.jpg,2,train
data\public\pills-detection-dataset\images\train\VAIPE-mosaic_mosaic_00968.jpg,5,train
data\public\pills-detection-dataset\images\train\VAIPE-mosaic_mosaic_00982.jpg,5,train
data\public\pills-detection-dataset\images\train\VAIPE-mosaic_mosaic_00984.jpg,5,train
data\public\pills-detection-dataset\images\train\VAIPE-mosaic_mosaic_00986.jpg,6,train
data\public\pills-detection-dataset\images\train\VAIPE-mosaic_mosaic_00988.jpg,6,train
data\public\pills-detection-dataset\images\train\VAIPE-mosaic_mosaic_00997.jpg,5,train
data\public\pills-detection-dataset\images\train\VAIPE-mosaic_mosaic_01000.jpg,6,train
data\public\pills-detection-dataset\images\train\VAIPE-mosaic_mosaic_01001.jpg,5,train
data\public\pills-detection-dataset\images\train\VAIPE-mosaic_mosaic_01002.jpg,6,train
data\public\pills-detection-dataset\images\train\VAIPE-mosaic_mosaic_01027.jpg,3,train
data\public\pills-detection-dataset\images\train\VAIPE-mosaic_mosaic_01028.jpg,6,train
data\public\pills-detection-dataset\images\train\VAIPE-mosaic_mosaic_01029.jpg,3,train
data\public\pills-detection-dataset\images\train\VAIPE-mosaic_mosaic_01030.jpg,3,train
data\public\pills-detection-dataset\images\train\VAIPE-mosaic_mosaic_01033.jpg,6,train
data\public\pills-detection-dataset\images\train\VAIPE-mosaic_mosaic_01034.jpg,3,train
data\public\pills-detection-dataset\images\train\VAIPE-mosaic_mosaic_01035.jpg,4,train
data\public\pills-detection-dataset\images\train\VAIPE-mosaic_mosaic_01037.jpg,6,train
data\public\pills-detection-dataset\images\train\VAIPE-mosaic_mosaic_01042.jpg,5,train
data\public\pills-detection-dataset\images\train\VAIPE-mosaic_mosaic_01049.jpg,5,train
data\public\pills-detection-dataset\images\train\VAIPE-mosaic_mosaic_01050.jpg,6,train
data\public\pills-detection-dataset\images\train\VAIPE-mosaic_mosaic_01052.jpg,6,train
data\public\pills-detection-dataset\images\train\VAIPE-mosaic_mosaic_01057.jpg,3,train
data\public\pills-detection-dataset\images\train\VAIPE-mosaic_mosaic_01058.jpg,5,train
data\public\pills-detection-dataset\images\train\VAIPE-mosaic_mosaic_01060.jpg,3,train
data\public\pills-detection-dataset\images\train\VAIPE-mosaic_mosaic_01061.jpg,5,train
data\public\pills-detection-dataset\images\train\VAIPE-mosaic_mosaic_01062.jpg,2,train
data\public\pills-detection-dataset\images\train\VAIPE-mosaic_mosaic_01064.jpg,2,train
data\public\pills-detection-dataset\images\train\VAIPE-mosaic_mosaic_01065.jpg,2,train
data\public\pills-detection-dataset\images\train\VAIPE-mosaic_mosaic_01066.jpg,2,train
data\public\pills-detection-dataset\images\train\VAIPE-mosaic_mosaic_01081.jpg,6,train
data\public\pills-detection-dataset\images\train\VAIPE-mosaic_mosaic_01082.jpg,4,train
data\public\pills-detection-dataset\images\train\VAIPE-mosaic_mosaic_01083.jpg,4,train
data\public\pills-detection-dataset\images\train\VAIPE-mosaic_mosaic_01084.jpg,6,train
data\public\pills-detection-dataset\images\train\VAIPE-mosaic_mosaic_01085.jpg,6,train
data\public\pills-detection-dataset\images\train\VAIPE-mosaic_mosaic_01088.jpg,4,train
data\public\pills-detection-dataset\images\train\VAIPE-mosaic_mosaic_01089.jpg,4,train
data\public\pills-detection-dataset\images\train\VAIPE-mosaic_mosaic_01090.jpg,2,train
data\public\pills-detection-dataset\images\train\VAIPE-mosaic_mosaic_01091.jpg,2,train
data\public\pills-detection-dataset\images\train\VAIPE-mosaic_mosaic_01092.jpg,2,train
data\public\pills-detection-dataset\images\train\VAIPE-mosaic_mosaic_01093.jpg,6,train
data\public\pills-detection-dataset\images\train\VAIPE-mosaic_mosaic_01094.jpg,6,train
data\public\pills-detection-dataset\images\train\VAIPE-mosaic_mosaic_01101.jpg,6,train
data\public\pills-detection-dataset\images\train\VAIPE-mosaic_mosaic_01102.jpg,3,train
data\public\pills-detection-dataset\images\train\VAIPE-mosaic_mosaic_01105.jpg,2,train
data\public\pills-detection-dataset\images\train\VAIPE-mosaic_mosaic_01106.jpg,4,train
data\public\pills-detection-dataset\images\train\VAIPE-mosaic_mosaic_01109.jpg,6,train
data\public\pills-detection-dataset\images\train\VAIPE-mosaic_mosaic_01110.jpg,5,train
data\public\pills-detection-dataset\images\train\VAIPE-mosaic_mosaic_01114.jpg,3,train
data\public\pills-detection-dataset\images\train\VAIPE-mosaic_mosaic_01116.jpg,6,train
data\public\pills-detection-dataset\images\train\VAIPE-mosaic_mosaic_01117.jpg,2,train
data\public\pills-detection-dataset\images\train\VAIPE-mosaic_mosaic_01118.jpg,3,train
data\public\pills-detection-dataset\images\train\VAIPE-mosaic_mosaic_01134.jpg,6,train
data\public\pills-detection-dataset\images\train\VAIPE-mosaic_mosaic_01142.jpg,6,train
data\public\pills-detection-dataset\images\train\VAIPE-mosaic_mosaic_01144.jpg,6,train
data\public\pills-detection-dataset\images\train\VAIPE-mosaic_mosaic_01145.jpg,6,train
data\public\pills-detection-dataset\images\train\VAIPE-mosaic_mosaic_01146.jpg,6,train
data\public\pills-detection-dataset\images\train\VAIPE-mosaic_mosaic_01147.jpg,6,train
data\public\pills-detection-dataset\images\train\VAIPE-mosaic_mosaic_01148.jpg,6,train
data\public\pills-detection-dataset\images\train\VAIPE-mosaic_mosaic_01149.jpg,6,train
data\public\pills-detection-dataset\images\train\VAIPE-mosaic_mosaic_01150.jpg,6,train
data\public\pills-detection-dataset\images\train\VAIPE-mosaic_mosaic_01152.jpg,6,train
data\public\pills-detection-dataset\images\train\VAIPE-mosaic_mosaic_01153.jpg,6,train
data\public\pills-detection-dataset\images\train\VAIPE-mosaic_mosaic_01154.jpg,6,train
data\public\pills-detection-dataset\images\train\VAIPE-mosaic_mosaic_01155.jpg,6,train
data\public\pills-detection-dataset\images\train\VAIPE-mosaic_mosaic_01156.jpg,6,train
data\public\pills-detection-dataset\images\train\VAIPE-mosaic_mosaic_01157.jpg,6,train
data\public\pills-detection-dataset\images\train\VAIPE-mosaic_mosaic_01160.jpg,6,train
data\public\pills-detection-dataset\images\train\VAIPE-mosaic_mosaic_01161.jpg,6,train
data\public\pills-detection-dataset\images\train\VAIPE-mosaic_mosaic_01164.jpg,4,train
data\public\pills-detection-dataset\images\train\VAIPE-mosaic_mosaic_01168.jpg,4,train
data\public\pills-detection-dataset\images\train\VAIPE-mosaic_mosaic_01171.jpg,3,train
data\public\pills-detection-dataset\images\train\VAIPE-mosaic_mosaic_01172.jpg,5,train
data\public\pills-detection-dataset\images\train\VAIPE-mosaic_mosaic_01173.jpg,3,train
data\public\pills-detection-dataset\images\train\VAIPE-mosaic_mosaic_01174.jpg,6,train
data\public\pills-detection-dataset\images\train\VAIPE-mosaic_mosaic_01177.jpg,3,train
data\public\pills-detection-dataset\images\train\VAIPE-mosaic_mosaic_01178.jpg,3,train
data\public\pills-detection-dataset\images\train\VAIPE-mosaic_mosaic_01179.jpg,6,train
data\public\pills-detection-dataset\images\train\VAIPE-mosaic_mosaic_01180.jpg,5,train
data\public\pills-detection-dataset\images\train\VAIPE-mosaic_mosaic_01181.jpg,3,train
data\public\pills-detection-dataset\images\train\VAIPE-mosaic_mosaic_01185.jpg,3,train
data\public\pills-detection-dataset\images\train\VAIPE-mosaic_mosaic_01186.jpg,4,train
data\public\pills-detection-dataset\images\train\VAIPE-mosaic_mosaic_01197.jpg,5,train
data\public\pills-detection-dataset\images\train\VAIPE-mosaic_mosaic_01201.jpg,6,train
data\public\pills-detection-dataset\images\train\VAIPE-mosaic_mosaic_01202.jpg,6,train
data\public\pills-detection-dataset\images\train\VAIPE-mosaic_mosaic_01203.jpg,6,train
data\public\pills-detection-dataset\images\train\VAIPE-mosaic_mosaic_01204.jpg,4,train
data\public\pills-detection-dataset\images\train\VAIPE-mosaic_mosaic_01205.jpg,6,train
data\public\pills-detection-dataset\images\train\VAIPE-mosaic_mosaic_01206.jpg,4,train
data\public\pills-detection-dataset\images\train\VAIPE-mosaic_mosaic_01220.jpg,4,train
data\public\pills-detection-dataset\images\train\VAIPE-mosaic_mosaic_01226.jpg,5,train
data\public\pills-detection-dataset\images\train\VAIPE-mosaic_mosaic_01233.jpg,2,train
data\public\pills-detection-dataset\images\train\VAIPE-mosaic_mosaic_01235.jpg,2,train
data\public\pills-detection-dataset\images\train\VAIPE-mosaic_mosaic_01236.jpg,6,train
data\public\pills-detection-dataset\images\train\VAIPE-mosaic_mosaic_01237.jpg,6,train
data\public\pills-detection-dataset\images\train\VAIPE-mosaic_mosaic_01238.jpg,6,train
data\public\pills-detection-dataset\images\train\VAIPE-mosaic_mosaic_01241.jpg,5,train
data\public\pills-detection-dataset\images\train\VAIPE-mosaic_mosaic_01242.jpg,6,train
data\public\pills-detection-dataset\images\train\VAIPE-mosaic_mosaic_01246.jpg,4,train
data\public\pills-detection-dataset\images\train\VAIPE-mosaic_mosaic_01252.jpg,6,train
data\public\pills-detection-dataset\images\train\VAIPE-mosaic_mosaic_01253.jpg,6,train
data\public\pills-detection-dataset\images\train\VAIPE-mosaic_mosaic_01254.jpg,6,train
data\public\pills-detection-dataset\images\train\VAIPE-mosaic_mosaic_01256.jpg,6,train
data\public\pills-detection-dataset\images\train\VAIPE-mosaic_mosaic_01257.jpg,6,train
data\public\pills-detection-dataset\images\train\VAIPE-mosaic_mosaic_01258.jpg,6,train
data\public\pills-detection-dataset\images\train\VAIPE-mosaic_mosaic_01262.jpg,6,train
data\public\pills-detection-dataset\images\train\VAIPE-mosaic_mosaic_01264.jpg,2,train
data\public\pills-detection-dataset\images\train\VAIPE-mosaic_mosaic_01265.jpg,2,train
data\public\pills-detection-dataset\images\train\VAIPE-mosaic_mosaic_01266.jpg,2,train
data\public\pills-detection-dataset\images\train\VAIPE-mosaic_mosaic_01267.jpg,6,train
data\public\pills-detection-dataset\images\train\VAIPE-mosaic_mosaic_01268.jpg,4,train
data\public\pills-detection-dataset\images\train\VAIPE-mosaic_mosaic_01270.jpg,4,train
data\public\pills-detection-dataset\images\train\VAIPE-mosaic_mosaic_01272.jpg,2,train
data\public\pills-detection-dataset\images\train\VAIPE-mosaic_mosaic_01273.jpg,2,train
data\public\pills-detection-dataset\images\train\VAIPE-mosaic_mosaic_01274.jpg,6,train
data\public\pills-detection-dataset\images\train\VAIPE-mosaic_mosaic_01277.jpg,5,train
data\public\pills-detection-dataset\images\train\VAIPE-mosaic_mosaic_01278.jpg,5,train
data\public\pills-detection-dataset\images\train\VAIPE-mosaic_mosaic_01282.jpg,3,train
data\public\pills-detection-dataset\images\train\VAIPE-mosaic_mosaic_01283.jpg,3,train
data\public\pills-detection-dataset\images\train\VAIPE-mosaic_mosaic_01284.jpg,4,train
data\public\pills-detection-dataset\images\train\VAIPE-mosaic_mosaic_01285.jpg,3,train
data\public\pills-detection-dataset\images\train\VAIPE-mosaic_mosaic_01286.jpg,2,train
data\public\pills-detection-dataset\images\train\VAIPE-mosaic_mosaic_01288.jpg,3,train
data\public\pills-detection-dataset\images\train\VAIPE-mosaic_mosaic_01289.jpg,3,train
data\public\pills-detection-dataset\images\train\VAIPE-mosaic_mosaic_01292.jpg,6,train
data\public\pills-detection-dataset\images\train\VAIPE-mosaic_mosaic_01293.jpg,6,train
data\public\pills-detection-dataset\images\train\VAIPE-mosaic_mosaic_01294.jpg,4,train
data\public\pills-detection-dataset\images\train\VAIPE-mosaic_mosaic_01298.jpg,5,train
data\public\pills-detection-dataset\images\train\VAIPE-mosaic_mosaic_01299.jpg,5,train
data\public\pills-detection-dataset\images\train\VAIPE-mosaic_mosaic_01300.jpg,2,train
data\public\pills-detection-dataset\images\train\VAIPE-mosaic_mosaic_01301.jpg,5,train
data\public\pills-detection-dataset\images\train\VAIPE-mosaic_mosaic_01302.jpg,6,train
data\public\pills-detection-dataset\images\train\VAIPE-mosaic_mosaic_01304.jpg,2,train
data\public\pills-detection-dataset\images\train\VAIPE-mosaic_mosaic_01305.jpg,2,train
data\public\pills-detection-dataset\images\train\VAIPE-mosaic_mosaic_01306.jpg,4,train
data\public\pills-detection-dataset\images\train\VAIPE-mosaic_mosaic_01307.jpg,2,train
data\public\pills-detection-dataset\images\train\VAIPE-mosaic_mosaic_01308.jpg,2,train
data\public\pills-detection-dataset\images\train\VAIPE-mosaic_mosaic_01309.jpg,3,train
data\public\pills-detection-dataset\images\train\VAIPE-mosaic_mosaic_01310.jpg,2,train
data\public\pills-detection-dataset\images\train\VAIPE-mosaic_mosaic_01312.jpg,2,train
data\public\pills-detection-dataset\images\train\VAIPE-mosaic_mosaic_01313.jpg,2,train
data\public\pills-detection-dataset\images\train\VAIPE-mosaic_mosaic_01316.jpg,3,train
data\public\pills-detection-dataset\images\train\VAIPE-mosaic_mosaic_01317.jpg,4,train
data\public\pills-detection-dataset\images\train\VAIPE-mosaic_mosaic_01318.jpg,6,train
data\public\pills-detection-dataset\images\train\VAIPE-mosaic_mosaic_01320.jpg,6,train
data\public\pills-detection-dataset\images\train\VAIPE-mosaic_mosaic_01321.jpg,6,train
data\public\pills-detection-dataset\images\train\VAIPE-mosaic_mosaic_01326.jpg,6,train
data\public\pills-detection-dataset\images\train\VAIPE-mosaic_mosaic_01328.jpg,6,train
data\public\pills-detection-dataset\images\train\VAIPE-mosaic_mosaic_01329.jpg,6,train
data\public\pills-detection-dataset\images\train\VAIPE-mosaic_mosaic_01334.jpg,4,train
data\public\pills-detection-dataset\images\train\VAIPE-mosaic_mosaic_01342.jpg,2,train
data\public\pills-detection-dataset\images\train\VAIPE-mosaic_mosaic_01344.jpg,2,train
data\public\pills-detection-dataset\images\train\VAIPE-mosaic_mosaic_01345.jpg,2,train
data\public\pills-detection-dataset\images\train\VAIPE-mosaic_mosaic_01346.jpg,6,train
data\public\pills-detection-dataset\images\train\VAIPE-mosaic_mosaic_01347.jpg,6,train
data\public\pills-detection-dataset\images\train\VAIPE-mosaic_mosaic_01357.jpg,6,train
data\public\pills-detection-dataset\images\train\VAIPE-mosaic_mosaic_01358.jpg,2,train
data\public\pills-detection-dataset\images\train\VAIPE-mosaic_mosaic_01360.jpg,2,train
data\public\pills-detection-dataset\images\train\VAIPE-mosaic_mosaic_01363.jpg,2,train
data\public\pills-detection-dataset\images\train\VAIPE-mosaic_mosaic_01364.jpg,2,train
data\public\pills-detection-dataset\images\train\VAIPE-mosaic_mosaic_01365.jpg,2,train
data\public\pills-detection-dataset\images\train\VAIPE-mosaic_mosaic_01382.jpg,5,train
data\public\pills-detection-dataset\images\train\VAIPE-mosaic_mosaic_01384.jpg,2,train
data\public\pills-detection-dataset\images\train\VAIPE-mosaic_mosaic_01385.jpg,2,train
data\public\pills-detection-dataset\images\train\VAIPE-mosaic_mosaic_01386.jpg,2,train
data\public\pills-detection-dataset\images\train\VAIPE-mosaic_mosaic_01387.jpg,5,train
data\public\pills-detection-dataset\images\train\VAIPE-mosaic_mosaic_01389.jpg,6,train
data\public\pills-detection-dataset\images\train\VAIPE-mosaic_mosaic_01394.jpg,5,train
data\public\pills-detection-dataset\images\train\VAIPE-mosaic_mosaic_01395.jpg,4,train
data\public\pills-detection-dataset\images\train\VAIPE-mosaic_mosaic_01396.jpg,3,train
data\public\pills-detection-dataset\images\train\VAIPE-mosaic_mosaic_01397.jpg,3,train
data\public\pills-detection-dataset\images\train\VAIPE-mosaic_mosaic_01400.jpg,3,train
data\public\pills-detection-dataset\images\train\VAIPE-mosaic_mosaic_01405.jpg,6,train
data\public\pills-detection-dataset\images\train\VAIPE-mosaic_mosaic_01408.jpg,2,train
data\public\pills-detection-dataset\images\train\VAIPE-mosaic_mosaic_01409.jpg,2,train
data\public\pills-detection-dataset\images\train\VAIPE-mosaic_mosaic_01410.jpg,2,train
data\public\pills-detection-dataset\images\train\VAIPE-mosaic_mosaic_01411.jpg,6,train
data\public\pills-detection-dataset\images\train\VAIPE-mosaic_mosaic_01412.jpg,2,train
data\public\pills-detection-dataset\images\train\VAIPE-mosaic_mosaic_01414.jpg,3,train
data\public\pills-detection-dataset\images\train\VAIPE-mosaic_mosaic_01416.jpg,2,train
data\public\pills-detection-dataset\images\train\VAIPE-mosaic_mosaic_01418.jpg,6,train
data\public\pills-detection-dataset\images\train\VAIPE-mosaic_mosaic_01419.jpg,5,train
data\public\pills-detection-dataset\images\train\VAIPE-mosaic_mosaic_01420.jpg,4,train
data\public\pills-detection-dataset\images\train\VAIPE-mosaic_mosaic_01422.jpg,5,train
data\public\pills-detection-dataset\images\train\VAIPE-mosaic_mosaic_01425.jpg,6,train
data\public\pills-detection-dataset\images\train\VAIPE-mosaic_mosaic_01427.jpg,2,train
data\public\pills-detection-dataset\images\train\VAIPE-mosaic_mosaic_01428.jpg,4,train
data\public\pills-detection-dataset\images\train\VAIPE-mosaic_mosaic_01430.jpg,6,train
data\public\pills-detection-dataset\images\train\VAIPE-mosaic_mosaic_01432.jpg,6,train
data\public\pills-detection-dataset\images\train\VAIPE-mosaic_mosaic_01433.jpg,6,train
data\public\pills-detection-dataset\images\train\VAIPE-mosaic_mosaic_01434.jpg,6,train
data\public\pills-detection-dataset\images\train\VAIPE-mosaic_mosaic_01435.jpg,6,train
data\public\pills-detection-dataset\images\train\VAIPE-mosaic_mosaic_01436.jpg,6,train
data\public\pills-detection-dataset\images\train\VAIPE-mosaic_mosaic_01437.jpg,6,train
data\public\pills-detection-dataset\images\train\VAIPE-mosaic_mosaic_01438.jpg,6,train
data\public\pills-detection-dataset\images\train\VAIPE-mosaic_mosaic_01449.jpg,6,train
data\public\pills-detection-dataset\images\train\VAIPE-mosaic_mosaic_01450.jpg,6,train
data\public\pills-detection-dataset\images\train\VAIPE-mosaic_mosaic_01476.jpg,4,train
data\public\pills-detection-dataset\images\train\VAIPE-mosaic_mosaic_01477.jpg,4,train
data\public\pills-detection-dataset\images\train\VAIPE-mosaic_mosaic_01478.jpg,3,train
data\public\pills-detection-dataset\images\train\VAIPE-mosaic_mosaic_01480.jpg,3,train
data\public\pills-detection-dataset\images\train\VAIPE-mosaic_mosaic_01481.jpg,3,train
data\public\pills-detection-dataset\images\train\VAIPE-mosaic_mosaic_01482.jpg,3,train
data\public\pills-detection-dataset\images\train\VAIPE-mosaic_mosaic_01483.jpg,3,train
data\public\pills-detection-dataset\images\train\VAIPE-mosaic_mosaic_01485.jpg,6,train
data\public\pills-detection-dataset\images\train\VAIPE-mosaic_mosaic_01490.jpg,4,train
data\public\pills-detection-dataset\images\train\VAIPE-mosaic_mosaic_01502.jpg,4,train
data\public\pills-detection-dataset\images\train\VAIPE-mosaic_mosaic_01504.jpg,4,train
data\public\pills-detection-dataset\images\train\VAIPE-mosaic_mosaic_01505.jpg,2,train
data\public\pills-detection-dataset\images\train\VAIPE-mosaic_mosaic_01506.jpg,4,train
data\public\pills-detection-dataset\images\train\VAIPE-mosaic_mosaic_01508.jpg,2,train
data\public\pills-detection-dataset\images\train\VAIPE-mosaic_mosaic_01509.jpg,4,train
data\public\pills-detection-dataset\images\train\VAIPE-mosaic_mosaic_01510.jpg,3,train
data\public\pills-detection-dataset\images\train\VAIPE-mosaic_mosaic_01512.jpg,4,train
data\public\pills-detection-dataset\images\train\VAIPE-mosaic_mosaic_01513.jpg,2,train
data\public\pills-detection-dataset\images\train\VAIPE-mosaic_mosaic_01514.jpg,2,train
data\public\pills-detection-dataset\images\train\VAIPE-mosaic_mosaic_01515.jpg,6,train
data\public\pills-detection-dataset\images\train\VAIPE-mosaic_mosaic_01529.jpg,6,train
data\public\pills-detection-dataset\images\train\VAIPE-mosaic_mosaic_01539.jpg,4,train
data\public\pills-detection-dataset\images\train\VAIPE-mosaic_mosaic_01540.jpg,3,train
data\public\pills-detection-dataset\images\train\VAIPE-mosaic_mosaic_01544.jpg,2,train
data\public\pills-detection-dataset\images\train\VAIPE-mosaic_mosaic_01545.jpg,2,train
data\public\pills-detection-dataset\images\train\VAIPE-mosaic_mosaic_01546.jpg,4,train
data\public\pills-detection-dataset\images\train\VAIPE-mosaic_mosaic_01547.jpg,4,train
data\public\pills-detection-dataset\images\train\VAIPE-mosaic_mosaic_01548.jpg,3,train
data\public\pills-detection-dataset\images\train\VAIPE-mosaic_mosaic_01549.jpg,6,train
data\public\pills-detection-dataset\images\train\VAIPE-mosaic_mosaic_01553.jpg,4,train
data\public\pills-detection-dataset\images\train\VAIPE-mosaic_mosaic_01554.jpg,2,train
data\public\pills-detection-dataset\images\train\VAIPE-mosaic_mosaic_01555.jpg,2,train
data\public\pills-detection-dataset\images\train\VAIPE-mosaic_mosaic_01556.jpg,2,train
data\public\pills-detection-dataset\images\train\VAIPE-mosaic_mosaic_01557.jpg,2,train
data\public\pills-detection-dataset\images\train\VAIPE-mosaic_mosaic_01560.jpg,2,train
data\public\pills-detection-dataset\images\train\VAIPE-mosaic_mosaic_01561.jpg,2,train
data\public\pills-detection-dataset\images\train\VAIPE-mosaic_mosaic_01563.jpg,2,train
data\public\pills-detection-dataset\images\train\VAIPE-mosaic_mosaic_01564.jpg,6,train
data\public\pills-detection-dataset\images\train\VAIPE-mosaic_mosaic_01565.jpg,6,train
data\public\pills-detection-dataset\images\train\VAIPE-mosaic_mosaic_01566.jpg,2,train
data\public\pills-detection-dataset\images\train\VAIPE-mosaic_mosaic_01568.jpg,4,train
data\public\pills-detection-dataset\images\train\VAIPE-mosaic_mosaic_01573.jpg,4,train
data\public\pills-detection-dataset\images\train\VAIPE-mosaic_mosaic_01574.jpg,4,train
data\public\pills-detection-dataset\images\train\VAIPE-mosaic_mosaic_01576.jpg,5,train
data\public\pills-detection-dataset\images\train\VAIPE-mosaic_mosaic_01579.jpg,5,train
data\public\pills-detection-dataset\images\train\VAIPE-mosaic_mosaic_01580.jpg,6,train
data\public\pills-detection-dataset\images\train\VAIPE-mosaic_mosaic_01584.jpg,6,train
data\public\pills-detection-dataset\images\train\VAIPE-mosaic_mosaic_01585.jpg,5,train
data\public\pills-detection-dataset\images\train\VAIPE-mosaic_mosaic_01586.jpg,3,train
data\public\pills-detection-dataset\images\train\VAIPE-mosaic_mosaic_01587.jpg,4,train
data\public\pills-detection-dataset\images\train\VAIPE-mosaic_mosaic_01588.jpg,6,train
data\public\pills-detection-dataset\images\train\VAIPE-mosaic_mosaic_01589.jpg,3,train
data\public\pills-detection-dataset\images\train\VAIPE-mosaic_mosaic_01590.jpg,4,train
data\public\pills-detection-dataset\images\train\VAIPE-mosaic_mosaic_01592.jpg,5,train
data\public\pills-detection-dataset\images\train\VAIPE-mosaic_mosaic_01593.jpg,2,train
data\public\pills-detection-dataset\images\train\VAIPE-mosaic_mosaic_01608.jpg,6,train
data\public\pills-detection-dataset\images\train\VAIPE-mosaic_mosaic_01622.jpg,6,train
data\public\pills-detection-dataset\images\train\VAIPE-mosaic_mosaic_01627.jpg,5,train
data\public\pills-detection-dataset\images\train\VAIPE-mosaic_mosaic_01628.jpg,5,train
data\public\pills-detection-dataset\images\train\VAIPE-mosaic_mosaic_01629.jpg,5,train
data\public\pills-detection-dataset\images\train\VAIPE-mosaic_mosaic_01630.jpg,5,train
data\public\pills-detection-dataset\images\train\VAIPE-mosaic_mosaic_01634.jpg,5,train
data\public\pills-detection-dataset\images\train\VAIPE-mosaic_mosaic_01635.jpg,6,train
data\public\pills-detection-dataset\images\train\VAIPE-mosaic_mosaic_01636.jpg,4,train
data\public\pills-detection-dataset\images\train\VAIPE-mosaic_mosaic_01637.jpg,4,train
data\public\pills-detection-dataset\images\train\VAIPE-mosaic_mosaic_01638.jpg,4,train
data\public\pills-detection-dataset\images\train\VAIPE-mosaic_mosaic_01640.jpg,3,train
data\public\pills-detection-dataset\images\train\VAIPE-mosaic_mosaic_01641.jpg,3,train
data\public\pills-detection-dataset\images\train\VAIPE-mosaic_mosaic_01642.jpg,3,train
data\public\pills-detection-dataset\images\train\VAIPE-mosaic_mosaic_01643.jpg,4,train
data\public\pills-detection-dataset\images\train\VAIPE-mosaic_mosaic_01644.jpg,2,train
data\public\pills-detection-dataset\images\train\VAIPE-mosaic_mosaic_01645.jpg,6,train
data\public\pills-detection-dataset\images\train\VAIPE-mosaic_mosaic_01646.jpg,4,train
data\public\pills-detection-dataset\images\train\VAIPE-mosaic_mosaic_01648.jpg,2,train
data\public\pills-detection-dataset\images\train\VAIPE-mosaic_mosaic_01649.jpg,6,train
data\public\pills-detection-dataset\images\train\VAIPE-mosaic_mosaic_01672.jpg,6,train
data\public\pills-detection-dataset\images\train\VAIPE-mosaic_mosaic_01677.jpg,2,train
data\public\pills-detection-dataset\images\train\VAIPE-mosaic_mosaic_01678.jpg,2,train
data\public\pills-detection-dataset\images\train\VAIPE-mosaic_mosaic_01680.jpg,2,train
data\public\pills-detection-dataset\images\train\VAIPE-mosaic_mosaic_01681.jpg,2,train
data\public\pills-detection-dataset\images\train\VAIPE-mosaic_mosaic_01682.jpg,2,train
data\public\pills-detection-dataset\images\train\VAIPE-mosaic_mosaic_01683.jpg,2,train
data\public\pills-detection-dataset\images\train\VAIPE-mosaic_mosaic_01684.jpg,2,train
data\public\pills-detection-dataset\images\train\VAIPE-mosaic_mosaic_01685.jpg,2,train
data\public\pills-detection-dataset\images\train\VAIPE-mosaic_mosaic_01686.jpg,2,train
data\public\pills-detection-dataset\images\train\VAIPE-mosaic_mosaic_01688.jpg,2,train
data\public\pills-detection-dataset\images\train\VAIPE-mosaic_mosaic_01689.jpg,2,train
data\public\pills-detection-dataset\images\train\VAIPE-mosaic_mosaic_01690.jpg,2,train
data\public\pills-detection-dataset\images\train\VAIPE-mosaic_mosaic_01691.jpg,2,train
data\public\pills-detection-dataset\images\train\VAIPE-mosaic_mosaic_01692.jpg,2,train
data\public\pills-detection-dataset\images\train\VAIPE-mosaic_mosaic_01693.jpg,2,train
data\public\pills-detection-dataset\images\train\VAIPE-mosaic_mosaic_01694.jpg,2,train
data\public\pills-detection-dataset\images\train\VAIPE-mosaic_mosaic_01696.jpg,2,train
data\public\pills-detection-dataset\images\train\VAIPE-mosaic_mosaic_01697.jpg,2,train
data\public\pills-detection-dataset\images\train\VAIPE-mosaic_mosaic_01698.jpg,2,train
data\public\pills-detection-dataset\images\train\VAIPE-mosaic_mosaic_01699.jpg,2,train
data\public\pills-detection-dataset\images\train\VAIPE-mosaic_mosaic_01700.jpg,2,train
data\public\pills-detection-dataset\images\train\VAIPE-mosaic_mosaic_01701.jpg,2,train
data\public\pills-detection-dataset\images\train\VAIPE-mosaic_mosaic_01702.jpg,2,train
data\public\pills-detection-dataset\images\train\VAIPE-mosaic_mosaic_01704.jpg,2,train
data\public\pills-detection-dataset\images\train\VAIPE-mosaic_mosaic_01705.jpg,2,train
data\public\pills-detection-dataset\images\train\VAIPE-mosaic_mosaic_01706.jpg,2,train
data\public\pills-detection-dataset\images\train\VAIPE-mosaic_mosaic_01707.jpg,2,train
data\public\pills-detection-dataset\images\train\VAIPE-mosaic_mosaic_01708.jpg,2,train
data\public\pills-detection-dataset\images\train\VAIPE-mosaic_mosaic_01709.jpg,2,train
data\public\pills-detection-dataset\images\train\VAIPE-mosaic_mosaic_01710.jpg,2,train
data\public\pills-detection-dataset\images\train\VAIPE-mosaic_mosaic_01712.jpg,2,train
data\public\pills-detection-dataset\images\train\VAIPE-mosaic_mosaic_01713.jpg,2,train
data\public\pills-detection-dataset\images\train\VAIPE-mosaic_mosaic_01714.jpg,2,train
data\public\pills-detection-dataset\images\train\VAIPE-mosaic_mosaic_01715.jpg,2,train
data\public\pills-detection-dataset\images\train\VAIPE-mosaic_mosaic_01716.jpg,2,train
data\public\pills-detection-dataset\images\train\VAIPE-mosaic_mosaic_01717.jpg,2,train
data\public\pills-detection-dataset\images\train\VAIPE-mosaic_mosaic_01718.jpg,2,train
data\public\pills-detection-dataset\images\train\VAIPE-mosaic_mosaic_01720.jpg,2,train
data\public\pills-detection-dataset\images\train\VAIPE-mosaic_mosaic_01721.jpg,2,train
data\public\pills-detection-dataset\images\train\VAIPE-mosaic_mosaic_01722.jpg,2,train
data\public\pills-detection-dataset\images\train\VAIPE-mosaic_mosaic_01723.jpg,2,train
data\public\pills-detection-dataset\images\train\VAIPE-mosaic_mosaic_01724.jpg,2,train
data\public\pills-detection-dataset\images\train\VAIPE-mosaic_mosaic_01725.jpg,2,train
data\public\pills-detection-dataset\images\train\VAIPE-mosaic_mosaic_01726.jpg,2,train
data\public\pills-detection-dataset\images\train\VAIPE-mosaic_mosaic_01728.jpg,2,train
data\public\pills-detection-dataset\images\train\VAIPE-mosaic_mosaic_01729.jpg,2,train
data\public\pills-detection-dataset\images\train\VAIPE-mosaic_mosaic_01730.jpg,2,train
data\public\pills-detection-dataset\images\train\VAIPE-mosaic_mosaic_01731.jpg,2,train
data\public\pills-detection-dataset\images\train\VAIPE-mosaic_mosaic_01732.jpg,2,train
data\public\pills-detection-dataset\images\train\VAIPE-mosaic_mosaic_01733.jpg,2,train
data\public\pills-detection-dataset\images\train\VAIPE-mosaic_mosaic_01734.jpg,2,train
data\public\pills-detection-dataset\images\train\VAIPE-mosaic_mosaic_01736.jpg,2,train
data\public\pills-detection-dataset\images\train\VAIPE-mosaic_mosaic_01738.jpg,2,train
data\public\pills-detection-dataset\images\train\VAIPE-mosaic_mosaic_01742.jpg,6,train
data\public\pills-detection-dataset\images\train\VAIPE-mosaic_mosaic_01744.jpg,6,train
data\public\pills-detection-dataset\images\train\VAIPE-mosaic_mosaic_01745.jpg,6,train
data\public\pills-detection-dataset\images\train\VAIPE-mosaic_mosaic_01746.jpg,6,train
data\public\pills-detection-dataset\images\train\VAIPE-mosaic_mosaic_01749.jpg,6,train
data\public\pills-detection-dataset\images\train\VAIPE-mosaic_mosaic_01761.jpg,6,train
data\public\pills-detection-dataset\images\train\VAIPE-mosaic_mosaic_01763.jpg,6,train
data\public\pills-detection-dataset\images\train\VAIPE-mosaic_mosaic_01766.jpg,6,train
data\public\pills-detection-dataset\images\train\VAIPE-mosaic_mosaic_01768.jpg,6,train
data\public\pills-detection-dataset\images\train\VAIPE-mosaic_mosaic_01794.jpg,4,train
data\public\pills-detection-dataset\images\train\VAIPE-mosaic_mosaic_01802.jpg,6,train
data\public\pills-detection-dataset\images\train\VAIPE-mosaic_mosaic_01806.jpg,6,train
data\public\pills-detection-dataset\images\train\VAIPE-mosaic_mosaic_01812.jpg,5,train
data\public\pills-detection-dataset\images\train\VAIPE-mosaic_mosaic_01819.jpg,6,train
data\public\pills-detection-dataset\images\train\VAIPE-mosaic_mosaic_01822.jpg,5,train
data\public\pills-detection-dataset\images\train\VAIPE-mosaic_mosaic_01841.jpg,5,train
data\public\pills-detection-dataset\images\train\VAIPE-mosaic_mosaic_01842.jpg,6,train
data\public\pills-detection-dataset\images\train\VAIPE-mosaic_mosaic_01846.jpg,4,train
data\public\pills-detection-dataset\images\train\VAIPE-mosaic_mosaic_01849.jpg,2,train
data\public\pills-detection-dataset\images\train\VAIPE-mosaic_mosaic_01850.jpg,4,train
data\public\pills-detection-dataset\images\train\VAIPE-mosaic_mosaic_01851.jpg,3,train
data\public\pills-detection-dataset\images\train\VAIPE-mosaic_mosaic_01856.jpg,6,train
data\public\pills-detection-dataset\images\train\VAIPE-mosaic_mosaic_01857.jpg,6,train
data\public\pills-detection-dataset\images\train\VAIPE-mosaic_mosaic_01861.jpg,6,train
data\public\pills-detection-dataset\images\train\VAIPE-mosaic_mosaic_01865.jpg,6,train
data\public\pills-detection-dataset\images\train\VAIPE-mosaic_mosaic_01878.jpg,4,train
data\public\pills-detection-dataset\images\train\VAIPE-mosaic_mosaic_01886.jpg,5,train
data\public\pills-detection-dataset\images\train\VAIPE-mosaic_mosaic_01889.jpg,5,train
data\public\pills-detection-dataset\images\train\VAIPE-mosaic_mosaic_01890.jpg,5,train
data\public\pills-detection-dataset\images\train\VAIPE-mosaic_mosaic_01891.jpg,6,train
data\public\pills-detection-dataset\images\train\VAIPE-mosaic_mosaic_01902.jpg,5,train
data\public\pills-detection-dataset\images\train\VAIPE-mosaic_mosaic_01906.jpg,2,train
data\public\pills-detection-dataset\images\train\VAIPE-mosaic_mosaic_01907.jpg,5,train
data\public\pills-detection-dataset\images\train\VAIPE-mosaic_mosaic_01908.jpg,3,train
data\public\pills-detection-dataset\images\train\VAIPE-mosaic_mosaic_01909.jpg,4,train
data\public\pills-detection-dataset\images\train\VAIPE-mosaic_mosaic_01910.jpg,2,train
data\public\pills-detection-dataset\images\train\VAIPE-mosaic_mosaic_01921.jpg,6,train
data\public\pills-detection-dataset\images\train\VAIPE-mosaic_mosaic_01922.jpg,5,train
data\public\pills-detection-dataset\images\train\VAIPE-mosaic_mosaic_01923.jpg,5,train
data\public\pills-detection-dataset\images\train\VAIPE-mosaic_mosaic_01928.jpg,6,train
data\public\pills-detection-dataset\images\train\VAIPE-mosaic_mosaic_01930.jpg,6,train
data\public\pills-detection-dataset\images\train\VAIPE-mosaic_mosaic_01937.jpg,6,train
data\public\pills-detection-dataset\images\train\VAIPE-mosaic_mosaic_01944.jpg,6,train
data\public\pills-detection-dataset\images\train\VAIPE-mosaic_mosaic_01945.jpg,6,train
data\public\pills-detection-dataset\images\train\VAIPE-mosaic_mosaic_01947.jpg,6,train
data\public\pills-detection-dataset\images\train\VAIPE-mosaic_mosaic_01948.jpg,6,train
data\public\pills-detection-dataset\images\train\VAIPE-mosaic_mosaic_01949.jpg,6,train
data\public\pills-detection-dataset\images\train\VAIPE-mosaic_mosaic_01950.jpg,6,train
data\public\pills-detection-dataset\images\train\VAIPE-mosaic_mosaic_01952.jpg,6,train
data\public\pills-detection-dataset\images\train\VAIPE-mosaic_mosaic_01953.jpg,6,train
data\public\pills-detection-dataset\images\train\VAIPE-mosaic_mosaic_01954.jpg,6,train
data\public\pills-detection-dataset\images\train\VAIPE-mosaic_mosaic_01955.jpg,6,train
data\public\pills-detection-dataset\images\train\VAIPE-mosaic_mosaic_01961.jpg,4,train
data\public\pills-detection-dataset\images\train\VAIPE-mosaic_mosaic_01962.jpg,4,train
data\public\pills-detection-dataset\images\train\VAIPE-mosaic_mosaic_01963.jpg,4,train
data\public\pills-detection-dataset\images\train\VAIPE-mosaic_mosaic_01964.jpg,5,train
data\public\pills-detection-dataset\images\train\VAIPE-mosaic_mosaic_01965.jpg,6,train
data\public\pills-detection-dataset\images\train\VAIPE-mosaic_mosaic_01966.jpg,5,train
data\public\pills-detection-dataset\images\train\VAIPE-mosaic_mosaic_01968.jpg,6,train
data\public\pills-detection-dataset\images\train\VAIPE-mosaic_mosaic_01969.jpg,3,train
data\public\pills-detection-dataset\images\train\VAIPE-mosaic_mosaic_01970.jpg,2,train
data\public\pills-detection-dataset\images\train\VAIPE-mosaic_mosaic_01971.jpg,4,train
data\public\pills-detection-dataset\images\train\VAIPE-mosaic_mosaic_01987.jpg,6,train
data\public\pills-detection-dataset\images\train\VAIPE-mosaic_mosaic_01988.jpg,5,train
data\public\pills-detection-dataset\images\train\VAIPE-mosaic_mosaic_01989.jpg,6,train
data\public\pills-detection-dataset\images\train\VAIPE-mosaic_mosaic_01990.jpg,4,train
data\public\pills-detection-dataset\images\train\VAIPE-mosaic_mosaic_01992.jpg,5,train
data\public\pills-detection-dataset\images\train\VAIPE-mosaic_mosaic_01993.jpg,5,train
data\public\pills-detection-dataset\images\train\VAIPE-mosaic_mosaic_01994.jpg,4,train
data\public\pills-detection-dataset\images\train\VAIPE-mosaic_mosaic_01995.jpg,4,train
data\public\pills-detection-dataset\images\train\VAIPE-mosaic_mosaic_01996.jpg,4,train
data\public\pills-detection-dataset\images\train\VAIPE-mosaic_mosaic_01997.jpg,4,train
data\public\pills-detection-dataset\images\train\VAIPE-mosaic_mosaic_01998.jpg,4,train
data\public\pills-detection-dataset\images\train\VAIPE-mosaic_mosaic_02000.jpg,4,train
data\public\pills-detection-dataset\images\train\VAIPE-mosaic_mosaic_02001.jpg,4,train
data\public\pills-detection-dataset\images\train\VAIPE-mosaic_mosaic_02002.jpg,4,train
data\public\pills-detection-dataset\images\train\VAIPE-mosaic_mosaic_02003.jpg,4,train
data\public\pills-detection-dataset\images\train\VAIPE-mosaic_mosaic_02004.jpg,4,train
data\public\pills-detection-dataset\images\train\VAIPE-mosaic_mosaic_02005.jpg,4,train
data\public\pills-detection-dataset\images\train\VAIPE-mosaic_mosaic_02006.jpg,4,train
data\public\pills-detection-dataset\images\train\VAIPE-mosaic_mosaic_02008.jpg,4,train
data\public\pills-detection-dataset\images\train\VAIPE-mosaic_mosaic_02009.jpg,4,train
data\public\pills-detection-dataset\images\train\VAIPE-mosaic_mosaic_02010.jpg,4,train
data\public\pills-detection-dataset\images\train\VAIPE-mosaic_mosaic_02011.jpg,4,train
data\public\pills-detection-dataset\images\train\VAIPE-mosaic_mosaic_02012.jpg,5,train
data\public\pills-detection-dataset\images\train\VAIPE-mosaic_mosaic_02013.jpg,5,train
data\public\pills-detection-dataset\images\train\VAIPE-mosaic_mosaic_02014.jpg,5,train
data\public\pills-detection-dataset\images\train\VAIPE-mosaic_mosaic_02016.jpg,6,train
data\public\pills-detection-dataset\images\train\VAIPE-mosaic_mosaic_02018.jpg,6,train
data\public\pills-detection-dataset\images\train\VAIPE-mosaic_mosaic_02019.jpg,2,train
data\public\pills-detection-dataset\images\train\VAIPE-mosaic_mosaic_02020.jpg,4,train
data\public\pills-detection-dataset\images\train\VAIPE-mosaic_mosaic_02021.jpg,5,train
data\public\pills-detection-dataset\images\train\VAIPE-mosaic_mosaic_02022.jpg,5,train
data\public\pills-detection-dataset\images\train\VAIPE-mosaic_mosaic_02026.jpg,6,train
data\public\pills-detection-dataset\images\train\VAIPE-mosaic_mosaic_02027.jpg,3,train
data\public\pills-detection-dataset\images\train\VAIPE-mosaic_mosaic_02028.jpg,2,train
data\public\pills-detection-dataset\images\train\VAIPE-mosaic_mosaic_02029.jpg,4,train
data\public\pills-detection-dataset\images\train\VAIPE-mosaic_mosaic_02030.jpg,4,train
data\public\pills-detection-dataset\images\train\VAIPE-mosaic_mosaic_02048.jpg,6,train
data\public\pills-detection-dataset\images\train\VAIPE-mosaic_mosaic_02050.jpg,2,train
data\public\pills-detection-dataset\images\train\VAIPE-mosaic_mosaic_02051.jpg,2,train
data\public\pills-detection-dataset\images\train\VAIPE-mosaic_mosaic_02052.jpg,5,train
data\public\pills-detection-dataset\images\train\VAIPE-mosaic_mosaic_02054.jpg,4,train
data\public\pills-detection-dataset\images\train\VAIPE-mosaic_mosaic_02056.jpg,4,train
data\public\pills-detection-dataset\images\train\VAIPE-mosaic_mosaic_02057.jpg,4,train
data\public\pills-detection-dataset\images\train\VAIPE-mosaic_mosaic_02058.jpg,5,train
data\public\pills-detection-dataset\images\train\VAIPE-mosaic_mosaic_02059.jpg,6,train
data\public\pills-detection-dataset\images\train\VAIPE-mosaic_mosaic_02060.jpg,6,train
data\public\pills-detection-dataset\images\train\VAIPE-mosaic_mosaic_02061.jpg,6,train
data\public\pills-detection-dataset\images\train\VAIPE-mosaic_mosaic_02062.jpg,6,train
data\public\pills-detection-dataset\images\train\VAIPE-mosaic_mosaic_02064.jpg,6,train
data\public\pills-detection-dataset\images\train\VAIPE-mosaic_mosaic_02065.jpg,6,train
data\public\pills-detection-dataset\images\train\VAIPE-mosaic_mosaic_02066.jpg,6,train
data\public\pills-detection-dataset\images\train\VAIPE-mosaic_mosaic_02067.jpg,6,train
data\public\pills-detection-dataset\images\train\VAIPE-mosaic_mosaic_02068.jpg,6,train
data\public\pills-detection-dataset\images\train\VAIPE-mosaic_mosaic_02069.jpg,6,train
data\public\pills-detection-dataset\images\train\VAIPE-mosaic_mosaic_02070.jpg,4,train
data\public\pills-detection-dataset\images\train\VAIPE-mosaic_mosaic_02072.jpg,2,train
data\public\pills-detection-dataset\images\train\VAIPE-mosaic_mosaic_02073.jpg,4,train
data\public\pills-detection-dataset\images\train\VAIPE-mosaic_mosaic_02074.jpg,4,train
data\public\pills-detection-dataset\images\train\VAIPE-mosaic_mosaic_02075.jpg,4,train
data\public\pills-detection-dataset\images\train\VAIPE-mosaic_mosaic_02076.jpg,2,train
data\public\pills-detection-dataset\images\train\VAIPE-mosaic_mosaic_02077.jpg,4,train
data\public\pills-detection-dataset\images\train\VAIPE-mosaic_mosaic_02078.jpg,4,train
data\public\pills-detection-dataset\images\train\VAIPE-mosaic_mosaic_02080.jpg,4,train
data\public\pills-detection-dataset\images\train\VAIPE-mosaic_mosaic_02099.jpg,4,train
data\public\pills-detection-dataset\images\train\VAIPE-mosaic_mosaic_02100.jpg,2,train
data\public\pills-detection-dataset\images\train\VAIPE-mosaic_mosaic_02101.jpg,2,train
data\public\pills-detection-dataset\images\train\VAIPE-mosaic_mosaic_02102.jpg,4,train
data\public\pills-detection-dataset\images\train\VAIPE-mosaic_mosaic_02105.jpg,6,train
data\public\pills-detection-dataset\images\train\VAIPE-mosaic_mosaic_02106.jpg,5,train
data\public\pills-detection-dataset\images\train\VAIPE-mosaic_mosaic_02110.jpg,4,train
data\public\pills-detection-dataset\images\train\VAIPE-mosaic_mosaic_02113.jpg,6,train
data\public\pills-detection-dataset\images\train\VAIPE-mosaic_mosaic_02114.jpg,2,train
data\public\pills-detection-dataset\images\train\VAIPE-mosaic_mosaic_02115.jpg,4,train
data\public\pills-detection-dataset\images\train\VAIPE-mosaic_mosaic_02116.jpg,4,train
data\public\pills-detection-dataset\images\train\VAIPE-mosaic_mosaic_02120.jpg,6,train
data\public\pills-detection-dataset\images\train\VAIPE-mosaic_mosaic_02121.jpg,6,train
data\public\pills-detection-dataset\images\train\VAIPE-mosaic_mosaic_02122.jpg,6,train
data\public\pills-detection-dataset\images\train\VAIPE-mosaic_mosaic_02123.jpg,6,train
data\public\pills-detection-dataset\images\train\VAIPE-mosaic_mosaic_02124.jpg,6,train
data\public\pills-detection-dataset\images\train\VAIPE-mosaic_mosaic_02125.jpg,4,train
data\public\pills-detection-dataset\images\train\VAIPE-mosaic_mosaic_02126.jpg,6,train
data\public\pills-detection-dataset\images\train\VAIPE-mosaic_mosaic_02129.jpg,5,train
data\public\pills-detection-dataset\images\train\VAIPE-mosaic_mosaic_02132.jpg,6,train
data\public\pills-detection-dataset\images\train\VAIPE-mosaic_mosaic_02134.jpg,6,train
data\public\pills-detection-dataset\images\train\VAIPE-mosaic_mosaic_02137.jpg,3,train
data\public\pills-detection-dataset\images\train\VAIPE-mosaic_mosaic_02138.jpg,5,train
data\public\pills-detection-dataset\images\train\VAIPE-mosaic_mosaic_02139.jpg,4,train
data\public\pills-detection-dataset\images\train\VAIPE-mosaic_mosaic_02140.jpg,2,train
data\public\pills-detection-dataset\images\train\VAIPE-mosaic_mosaic_02141.jpg,5,train
data\public\pills-detection-dataset\images\train\VAIPE-mosaic_mosaic_02144.jpg,6,train
data\public\pills-detection-dataset\images\train\VAIPE-mosaic_mosaic_02145.jpg,4,train
data\public\pills-detection-dataset\images\train\VAIPE-mosaic_mosaic_02146.jpg,4,train
data\public\pills-detection-dataset\images\train\VAIPE-mosaic_mosaic_02147.jpg,2,train
data\public\pills-detection-dataset\images\train\VAIPE-mosaic_mosaic_02148.jpg,2,train
data\public\pills-detection-dataset\images\train\VAIPE-mosaic_mosaic_02149.jpg,2,train
data\public\pills-detection-dataset\images\train\VAIPE-mosaic_mosaic_02150.jpg,2,train
data\public\pills-detection-dataset\images\train\VAIPE-mosaic_mosaic_02152.jpg,2,train
data\public\pills-detection-dataset\images\train\VAIPE-mosaic_mosaic_02153.jpg,2,train
data\public\pills-detection-dataset\images\train\VAIPE-mosaic_mosaic_02154.jpg,2,train
data\public\pills-detection-dataset\images\train\VAIPE-mosaic_mosaic_02155.jpg,2,train
data\public\pills-detection-dataset\images\train\VAIPE-mosaic_mosaic_02156.jpg,2,train
data\public\pills-detection-dataset\images\train\VAIPE-mosaic_mosaic_02157.jpg,2,train
data\public\pills-detection-dataset\images\train\VAIPE-mosaic_mosaic_02158.jpg,2,train
data\public\pills-detection-dataset\images\train\VAIPE-mosaic_mosaic_02160.jpg,2,train
data\public\pills-detection-dataset\images\train\VAIPE-mosaic_mosaic_02161.jpg,2,train
data\public\pills-detection-dataset\images\train\VAIPE-mosaic_mosaic_02162.jpg,2,train
data\public\pills-detection-dataset\images\train\VAIPE-mosaic_mosaic_02163.jpg,2,train
data\public\pills-detection-dataset\images\train\VAIPE-mosaic_mosaic_02164.jpg,2,train
data\public\pills-detection-dataset\images\train\VAIPE-mosaic_mosaic_02165.jpg,2,train
data\public\pills-detection-dataset\images\train\VAIPE-mosaic_mosaic_02166.jpg,2,train
data\public\pills-detection-dataset\images\train\VAIPE-mosaic_mosaic_02168.jpg,2,train
data\public\pills-detection-dataset\images\train\VAIPE-mosaic_mosaic_02169.jpg,2,train
data\public\pills-detection-dataset\images\train\VAIPE-mosaic_mosaic_02170.jpg,2,train
data\public\pills-detection-dataset\images\train\VAIPE-mosaic_mosaic_02171.jpg,2,train
data\public\pills-detection-dataset\images\train\VAIPE-mosaic_mosaic_02172.jpg,2,train
data\public\pills-detection-dataset\images\train\VAIPE-mosaic_mosaic_02173.jpg,2,train
data\public\pills-detection-dataset\images\train\VAIPE-mosaic_mosaic_02174.jpg,2,train
data\public\pills-detection-dataset\images\train\VAIPE-mosaic_mosaic_02176.jpg,2,train
data\public\pills-detection-dataset\images\train\VAIPE-mosaic_mosaic_02177.jpg,2,train
data\public\pills-detection-dataset\images\train\VAIPE-mosaic_mosaic_02178.jpg,5,train
data\public\pills-detection-dataset\images\train\VAIPE-mosaic_mosaic_02195.jpg,5,train
data\public\pills-detection-dataset\images\train\VAIPE-mosaic_mosaic_02197.jpg,5,train
data\public\pills-detection-dataset\images\train\VAIPE-mosaic_mosaic_02198.jpg,5,train
data\public\pills-detection-dataset\images\train\VAIPE-mosaic_mosaic_02201.jpg,6,train
data\public\pills-detection-dataset\images\train\VAIPE-mosaic_mosaic_02202.jpg,6,train
data\public\pills-detection-dataset\images\train\VAIPE-mosaic_mosaic_02203.jpg,6,train
data\public\pills-detection-dataset\images\train\VAIPE-mosaic_mosaic_02204.jpg,6,train
data\public\pills-detection-dataset\images\train\VAIPE-mosaic_mosaic_02206.jpg,6,train
data\public\pills-detection-dataset\images\train\VAIPE-mosaic_mosaic_02217.jpg,3,train
data\public\pills-detection-dataset\images\train\VAIPE-mosaic_mosaic_02219.jpg,3,train
data\public\pills-detection-dataset\images\train\VAIPE-mosaic_mosaic_02220.jpg,5,train
data\public\pills-detection-dataset\images\train\VAIPE-mosaic_mosaic_02221.jpg,3,train
data\public\pills-detection-dataset\images\train\VAIPE-mosaic_mosaic_02224.jpg,4,train
data\public\pills-detection-dataset\images\train\VAIPE-mosaic_mosaic_02225.jpg,3,train
data\public\pills-detection-dataset\images\train\VAIPE-mosaic_mosaic_02226.jpg,6,train
data\public\pills-detection-dataset\images\train\VAIPE-mosaic_mosaic_02227.jpg,6,train
data\public\pills-detection-dataset\images\train\VAIPE-mosaic_mosaic_02228.jpg,6,train
data\public\pills-detection-dataset\images\train\VAIPE-mosaic_mosaic_02233.jpg,5,train
data\public\pills-detection-dataset\images\train\VAIPE-mosaic_mosaic_02236.jpg,2,train
data\public\pills-detection-dataset\images\train\VAIPE-mosaic_mosaic_02238.jpg,6,train
data\public\pills-detection-dataset\images\train\VAIPE-mosaic_mosaic_02241.jpg,5,train
data\public\pills-detection-dataset\images\train\VAIPE-mosaic_mosaic_02243.jpg,2,train
data\public\pills-detection-dataset\images\train\VAIPE-mosaic_mosaic_02244.jpg,2,train
data\public\pills-detection-dataset\images\train\VAIPE-mosaic_VAIPE_P_1003_0__VAIPE_P_1004_0.jpg,6,train
data\public\pills-detection-dataset\images\train\VAIPE-mosaic_VAIPE_P_1012_0__VAIPE_P_1012_1.jpg,4,train
data\public\pills-detection-dataset\images\train\VAIPE-mosaic_VAIPE_P_1012_11__VAIPE_P_1012_2.jpg,2,train
data\public\pills-detection-dataset\images\train\VAIPE-mosaic_VAIPE_P_1012_3__VAIPE_P_1012_4.jpg,6,train
data\public\pills-detection-dataset\images\train\VAIPE-mosaic_VAIPE_P_1012_5__VAIPE_P_1012_6.jpg,3,train
data\public\pills-detection-dataset\images\train\VAIPE-mosaic_VAIPE_P_1013_0__VAIPE_P_1013_1.jpg,6,train
data\public\pills-detection-dataset\images\train\VAIPE-mosaic_VAIPE_P_1013_2__VAIPE_P_1013_3.jpg,6,train
data\public\pills-detection-dataset\images\train\VAIPE-mosaic_VAIPE_P_1013_4__VAIPE_P_1013_5.jpg,6,train
data\public\pills-detection-dataset\images\train\VAIPE-mosaic_VAIPE_P_1014_0__VAIPE_P_1015_0.jpg,2,train
data\public\pills-detection-dataset\images\train\VAIPE-mosaic_VAIPE_P_1015_1__VAIPE_P_1015_2.jpg,3,train
data\public\pills-detection-dataset\images\train\VAIPE-mosaic_VAIPE_P_1016_0__VAIPE_P_1016_1.jpg,2,train
data\public\pills-detection-dataset\images\train\VAIPE-mosaic_VAIPE_P_1016_2__VAIPE_P_1016_3.jpg,2,train
data\public\pills-detection-dataset\images\train\VAIPE-mosaic_VAIPE_P_1021_2__VAIPE_P_1021_3.jpg,4,train
data\public\pills-detection-dataset\images\train\VAIPE-mosaic_VAIPE_P_1027_0__VAIPE_P_1027_1.jpg,4,train
data\public\pills-detection-dataset\images\train\VAIPE-mosaic_VAIPE_P_1028_0__VAIPE_P_1028_1.jpg,4,train
data\public\pills-detection-dataset\images\train\VAIPE-mosaic_VAIPE_P_1032_0__VAIPE_P_1033_0.jpg,3,train
data\public\pills-detection-dataset\images\train\VAIPE-mosaic_VAIPE_P_1036_11__VAIPE_P_1036_2.jpg,4,train
data\public\pills-detection-dataset\images\train\VAIPE-mosaic_VAIPE_P_1036_1__VAIPE_P_1036_10.jpg,2,train
data\public\pills-detection-dataset\images\train\VAIPE-mosaic_VAIPE_P_1036_3__VAIPE_P_1036_4.jpg,6,train
data\public\pills-detection-dataset\images\train\VAIPE-mosaic_VAIPE_P_1036_8__VAIPE_P_1037_0.jpg,3,train
data\public\pills-detection-dataset\images\train\VAIPE-mosaic_VAIPE_P_1037_1__VAIPE_P_1038_0.jpg,5,train
data\public\pills-detection-dataset\images\train\VAIPE-mosaic_VAIPE_P_1038_11__VAIPE_P_1038_2.jpg,6,train
data\public\pills-detection-dataset\images\train\VAIPE-mosaic_VAIPE_P_1038_1__VAIPE_P_1038_10.jpg,6,train
data\public\pills-detection-dataset\images\train\VAIPE-mosaic_VAIPE_P_1038_3__VAIPE_P_1038_4.jpg,6,train
data\public\pills-detection-dataset\images\train\VAIPE-mosaic_VAIPE_P_1038_5__VAIPE_P_1038_6.jpg,6,train
data\public\pills-detection-dataset\images\train\VAIPE-mosaic_VAIPE_P_1038_7__VAIPE_P_1038_9.jpg,6,train
data\public\pills-detection-dataset\images\train\VAIPE-mosaic_VAIPE_P_1039_2__VAIPE_P_1039_3.jpg,3,train
data\public\pills-detection-dataset\images\train\VAIPE-mosaic_VAIPE_P_1040_0__VAIPE_P_1040_2.jpg,4,train
data\public\pills-detection-dataset\images\train\VAIPE-mosaic_VAIPE_P_1040_3__VAIPE_P_1040_4.jpg,3,train
data\public\pills-detection-dataset\images\train\VAIPE-mosaic_VAIPE_P_1041_0__VAIPE_P_1041_1.jpg,4,train
data\public\pills-detection-dataset\images\train\VAIPE-mosaic_VAIPE_P_1041_2__VAIPE_P_1041_3.jpg,4,train
data\public\pills-detection-dataset\images\train\VAIPE-mosaic_VAIPE_P_1048_0__VAIPE_P_1049_0.jpg,4,train
data\public\pills-detection-dataset\images\train\VAIPE-mosaic_VAIPE_P_1049_1__VAIPE_P_1050_2.jpg,5,train
data\public\pills-detection-dataset\images\train\VAIPE-mosaic_VAIPE_P_1052_0__VAIPE_P_1052_1.jpg,4,train
data\public\pills-detection-dataset\images\train\VAIPE-mosaic_VAIPE_P_1052_2__VAIPE_P_1052_3.jpg,5,train
data\public\pills-detection-dataset\images\train\VAIPE-mosaic_VAIPE_P_1052_4__VAIPE_P_1052_5.jpg,6,train
data\public\pills-detection-dataset\images\train\VAIPE-mosaic_VAIPE_P_1053_0__VAIPE_P_1054_0.jpg,2,train
data\public\pills-detection-dataset\images\train\VAIPE-mosaic_VAIPE_P_1055_2__VAIPE_P_1055_3.jpg,3,train
data\public\pills-detection-dataset\images\train\VAIPE-mosaic_VAIPE_P_1058_3__VAIPE_P_1058_5.jpg,4,train
data\public\pills-detection-dataset\images\train\VAIPE-mosaic_VAIPE_P_1066_1__VAIPE_P_1066_2.jpg,4,train
data\public\pills-detection-dataset\images\train\VAIPE-mosaic_VAIPE_P_1066_3__VAIPE_P_1066_4.jpg,4,train
data\public\pills-detection-dataset\images\train\VAIPE-mosaic_VAIPE_P_1069_11__VAIPE_P_1069_2.jpg,3,train
data\public\pills-detection-dataset\images\train\VAIPE-mosaic_VAIPE_P_1069_1__VAIPE_P_1069_10.jpg,2,train
data\public\pills-detection-dataset\images\train\VAIPE-mosaic_VAIPE_P_1069_3__VAIPE_P_1069_4.jpg,4,train
data\public\pills-detection-dataset\images\train\VAIPE-mosaic_VAIPE_P_1069_5__VAIPE_P_1069_6.jpg,2,train
data\public\pills-detection-dataset\images\train\VAIPE-mosaic_VAIPE_P_1069_7__VAIPE_P_1069_8.jpg,4,train
data\public\pills-detection-dataset\images\train\VAIPE-mosaic_VAIPE_P_1069_9__VAIPE_P_1070_0.jpg,4,train
data\public\pills-detection-dataset\images\train\VAIPE-mosaic_VAIPE_P_1071_2__VAIPE_P_1071_3.jpg,4,train
data\public\pills-detection-dataset\images\train\VAIPE-mosaic_VAIPE_P_1071_4__VAIPE_P_1071_5.jpg,4,train
data\public\pills-detection-dataset\images\train\VAIPE-mosaic_VAIPE_P_1071_6__VAIPE_P_1071_7.jpg,4,train
data\public\pills-detection-dataset\images\train\VAIPE-mosaic_VAIPE_P_1074_0__VAIPE_P_1075_0.jpg,2,train
data\public\pills-detection-dataset\images\train\VAIPE-mosaic_VAIPE_P_1076_0__VAIPE_P_1077_0.jpg,2,train
data\public\pills-detection-dataset\images\train\VAIPE-mosaic_VAIPE_P_1081_2__VAIPE_P_1081_3.jpg,6,train
data\public\pills-detection-dataset\images\train\VAIPE-mosaic_VAIPE_P_1087_0__VAIPE_P_1087_1.jpg,6,train
data\public\pills-detection-dataset\images\train\VAIPE-mosaic_VAIPE_P_1091_0__VAIPE_P_1091_1.jpg,6,train
data\public\pills-detection-dataset\images\train\VAIPE-mosaic_VAIPE_P_1095_0__VAIPE_P_1095_2.jpg,6,train
data\public\pills-detection-dataset\images\train\VAIPE-mosaic_VAIPE_P_1099_2__VAIPE_P_1099_4.jpg,6,train
data\public\pills-detection-dataset\images\train\VAIPE-mosaic_VAIPE_P_1099_5__VAIPE_P_1099_6.jpg,6,train
data\public\pills-detection-dataset\images\train\VAIPE-mosaic_VAIPE_P_1099_7__VAIPE_P_1100_0.jpg,4,train
data\public\pills-detection-dataset\images\train\VAIPE-mosaic_VAIPE_P_1100_1__VAIPE_P_1100_3.jpg,3,train
data\public\pills-detection-dataset\images\train\VAIPE-mosaic_VAIPE_P_1100_4__VAIPE_P_1100_5.jpg,3,train
data\public\pills-detection-dataset\images\train\VAIPE-mosaic_VAIPE_P_1100_6__VAIPE_P_1100_7.jpg,3,train
data\public\pills-detection-dataset\images\train\VAIPE-mosaic_VAIPE_P_1107_2__VAIPE_P_1107_3.jpg,6,train
data\public\pills-detection-dataset\images\train\VAIPE-mosaic_VAIPE_P_1110_1__VAIPE_P_1110_2.jpg,6,train
data\public\pills-detection-dataset\images\train\VAIPE-mosaic_VAIPE_P_1110_3__VAIPE_P_1111_0.jpg,4,train
data\public\pills-detection-dataset\images\train\VAIPE-mosaic_VAIPE_P_1112_0__VAIPE_P_1113_0.jpg,2,train
data\public\pills-detection-dataset\images\train\VAIPE-mosaic_VAIPE_P_1115_2__VAIPE_P_1115_4.jpg,4,train
data\public\pills-detection-dataset\images\train\VAIPE-mosaic_VAIPE_P_1123_1__VAIPE_P_1123_2.jpg,6,train
data\public\pills-detection-dataset\images\train\VAIPE-mosaic_VAIPE_P_1124_0__VAIPE_P_1124_1.jpg,2,train
data\public\pills-detection-dataset\images\train\VAIPE-mosaic_VAIPE_P_1124_2__VAIPE_P_1124_3.jpg,2,train
data\public\pills-detection-dataset\images\train\VAIPE-mosaic_VAIPE_P_1127_0__VAIPE_P_1127_1.jpg,6,train
data\public\pills-detection-dataset\images\train\VAIPE-mosaic_VAIPE_P_1127_2__VAIPE_P_1127_3.jpg,6,train
data\public\pills-detection-dataset\images\train\VAIPE-mosaic_VAIPE_P_1143_1__VAIPE_P_1144_0.jpg,6,train
data\public\pills-detection-dataset\images\train\VAIPE-mosaic_VAIPE_P_1144_1__VAIPE_P_1144_2.jpg,6,train
data\public\pills-detection-dataset\images\train\VAIPE-mosaic_VAIPE_P_1146_0__VAIPE_P_1147_0.jpg,6,train
data\public\pills-detection-dataset\images\train\VAIPE-mosaic_VAIPE_P_1147_1__VAIPE_P_1149_0.jpg,6,train
data\public\pills-detection-dataset\images\train\VAIPE-mosaic_VAIPE_P_1149_1__VAIPE_P_1150_0.jpg,6,train
data\public\pills-detection-dataset\images\train\VAIPE-mosaic_VAIPE_P_1153_0__VAIPE_P_1153_1.jpg,6,train
data\public\pills-detection-dataset\images\train\VAIPE-mosaic_VAIPE_P_1155_0__VAIPE_P_1155_1.jpg,6,train
data\public\pills-detection-dataset\images\train\VAIPE-mosaic_VAIPE_P_1155_2__VAIPE_P_1155_3.jpg,6,train
data\public\pills-detection-dataset\images\train\VAIPE-mosaic_VAIPE_P_1159_13__VAIPE_P_1159_14.jpg,4,train
data\public\pills-detection-dataset\images\train\VAIPE-mosaic_VAIPE_P_1159_15__VAIPE_P_1159_16.jpg,3,train
data\public\pills-detection-dataset\images\train\VAIPE-mosaic_VAIPE_P_1159_1__VAIPE_P_1159_11.jpg,6,train
data\public\pills-detection-dataset\images\train\VAIPE-mosaic_VAIPE_P_1159_20__VAIPE_P_1159_21.jpg,4,train
data\public\pills-detection-dataset\images\train\VAIPE-mosaic_VAIPE_P_1159_22__VAIPE_P_1159_23.jpg,3,train
data\public\pills-detection-dataset\images\train\VAIPE-mosaic_VAIPE_P_1159_24__VAIPE_P_1159_25.jpg,5,train
data\public\pills-detection-dataset\images\train\VAIPE-mosaic_VAIPE_P_1159_26__VAIPE_P_1159_27.jpg,6,train
data\public\pills-detection-dataset\images\train\VAIPE-mosaic_VAIPE_P_1159_28__VAIPE_P_1159_29.jpg,4,train
data\public\pills-detection-dataset\images\train\VAIPE-mosaic_VAIPE_P_1159_37__VAIPE_P_1159_4.jpg,6,train
data\public\pills-detection-dataset\images\train\VAIPE-mosaic_VAIPE_P_1159_3__VAIPE_P_1159_30.jpg,5,train
data\public\pills-detection-dataset\images\train\VAIPE-mosaic_VAIPE_P_1159_49__VAIPE_P_1159_6.jpg,5,train
data\public\pills-detection-dataset\images\train\VAIPE-mosaic_VAIPE_P_1159_8__VAIPE_P_1159_9.jpg,4,train
data\public\pills-detection-dataset\images\train\VAIPE-mosaic_VAIPE_P_1163_14__VAIPE_P_1163_15.jpg,4,train
data\public\pills-detection-dataset\images\train\VAIPE-mosaic_VAIPE_P_1163_19__VAIPE_P_1163_3.jpg,4,train
data\public\pills-detection-dataset\images\train\VAIPE-mosaic_VAIPE_P_1163_5__VAIPE_P_1163_6.jpg,4,train
data\public\pills-detection-dataset\images\train\VAIPE-mosaic_VAIPE_P_1163_7__VAIPE_P_1163_9.jpg,4,train
data\public\pills-detection-dataset\images\train\VAIPE-mosaic_VAIPE_P_1164_0__VAIPE_P_1164_1.jpg,6,train
data\public\pills-detection-dataset\images\train\VAIPE-mosaic_VAIPE_P_1164_11__VAIPE_P_1164_12.jpg,6,train
data\public\pills-detection-dataset\images\train\VAIPE-mosaic_VAIPE_P_1164_13__VAIPE_P_1164_14.jpg,6,train
data\public\pills-detection-dataset\images\train\VAIPE-mosaic_VAIPE_P_1164_18__VAIPE_P_1164_19.jpg,6,train
data\public\pills-detection-dataset\images\train\VAIPE-mosaic_VAIPE_P_1164_2__VAIPE_P_1164_21.jpg,6,train
data\public\pills-detection-dataset\images\train\VAIPE-mosaic_VAIPE_P_1164_3__VAIPE_P_1164_4.jpg,6,train
data\public\pills-detection-dataset\images\train\VAIPE-mosaic_VAIPE_P_1164_5__VAIPE_P_1164_6.jpg,6,train
data\public\pills-detection-dataset\images\train\VAIPE-mosaic_VAIPE_P_1164_7__VAIPE_P_1164_8.jpg,6,train
data\public\pills-detection-dataset\images\train\VAIPE-mosaic_VAIPE_P_1168_0__VAIPE_P_1168_1.jpg,6,train
data\public\pills-detection-dataset\images\train\VAIPE-mosaic_VAIPE_P_1168_10__VAIPE_P_1168_12.jpg,6,train
data\public\pills-detection-dataset\images\train\VAIPE-mosaic_VAIPE_P_1168_13__VAIPE_P_1168_14.jpg,6,train
data\public\pills-detection-dataset\images\train\VAIPE-mosaic_VAIPE_P_1168_15__VAIPE_P_1168_16.jpg,6,train
data\public\pills-detection-dataset\images\train\VAIPE-mosaic_VAIPE_P_1168_3__VAIPE_P_1168_5.jpg,6,train
data\public\pills-detection-dataset\images\train\VAIPE-mosaic_VAIPE_P_1170_7__VAIPE_P_1172_0.jpg,5,train
data\public\pills-detection-dataset\images\train\VAIPE-mosaic_VAIPE_P_600_0__VAIPE_P_601_0.jpg,2,train
data\public\pills-detection-dataset\images\train\VAIPE-mosaic_VAIPE_P_602_0__VAIPE_P_603_0.jpg,2,train
data\public\pills-detection-dataset\images\train\VAIPE-mosaic_VAIPE_P_604_0__VAIPE_P_605_0.jpg,2,train
data\public\pills-detection-dataset\images\train\VAIPE-mosaic_VAIPE_P_606_0__VAIPE_P_606_1.jpg,2,train
data\public\pills-detection-dataset\images\train\VAIPE-mosaic_VAIPE_P_606_2__VAIPE_P_606_3.jpg,2,train
data\public\pills-detection-dataset\images\train\VAIPE-mosaic_VAIPE_P_606_4__VAIPE_P_606_5.jpg,2,train
data\public\pills-detection-dataset\images\train\VAIPE-mosaic_VAIPE_P_608_1__VAIPE_P_608_2.jpg,2,train
data\public\pills-detection-dataset\images\train\VAIPE-mosaic_VAIPE_P_608_4__VAIPE_P_608_6.jpg,4,train
data\public\pills-detection-dataset\images\train\VAIPE-mosaic_VAIPE_P_609_0__VAIPE_P_610_0.jpg,6,train
data\public\pills-detection-dataset\images\train\VAIPE-mosaic_VAIPE_P_611_0__VAIPE_P_612_0.jpg,6,train
data\public\pills-detection-dataset\images\train\VAIPE-mosaic_VAIPE_P_612_1__VAIPE_P_612_2.jpg,6,train
data\public\pills-detection-dataset\images\train\VAIPE-mosaic_VAIPE_P_612_3__VAIPE_P_612_4.jpg,6,train
data\public\pills-detection-dataset\images\train\VAIPE-mosaic_VAIPE_P_614_0__VAIPE_P_616_0.jpg,6,train
data\public\pills-detection-dataset\images\train\VAIPE-mosaic_VAIPE_P_617_0__VAIPE_P_617_1.jpg,6,train
data\public\pills-detection-dataset\images\train\VAIPE-mosaic_VAIPE_P_617_2__VAIPE_P_617_3.jpg,6,train
data\public\pills-detection-dataset\images\train\VAIPE-mosaic_VAIPE_P_620_1__VAIPE_P_621_1.jpg,5,train
data\public\pills-detection-dataset\images\train\VAIPE-mosaic_VAIPE_P_621_10__VAIPE_P_621_11.jpg,5,train
data\public\pills-detection-dataset\images\train\VAIPE-mosaic_VAIPE_P_621_14__VAIPE_P_621_16.jpg,4,train
data\public\pills-detection-dataset\images\train\VAIPE-mosaic_VAIPE_P_621_2__VAIPE_P_621_3.jpg,4,train
data\public\pills-detection-dataset\images\train\VAIPE-mosaic_VAIPE_P_621_4__VAIPE_P_621_5.jpg,5,train
data\public\pills-detection-dataset\images\train\VAIPE-mosaic_VAIPE_P_621_8__VAIPE_P_621_9.jpg,4,train
data\public\pills-detection-dataset\images\train\VAIPE-mosaic_VAIPE_P_623_1__VAIPE_P_623_2.jpg,6,train
data\public\pills-detection-dataset\images\train\VAIPE-mosaic_VAIPE_P_623_3__VAIPE_P_623_4.jpg,6,train
data\public\pills-detection-dataset\images\train\VAIPE-mosaic_VAIPE_P_624_0__VAIPE_P_624_1.jpg,6,train
data\public\pills-detection-dataset\images\train\VAIPE-mosaic_VAIPE_P_624_10__VAIPE_P_624_11.jpg,6,train
data\public\pills-detection-dataset\images\train\VAIPE-mosaic_VAIPE_P_624_12__VAIPE_P_624_2.jpg,6,train
data\public\pills-detection-dataset\images\train\VAIPE-mosaic_VAIPE_P_624_4__VAIPE_P_624_5.jpg,6,train
data\public\pills-detection-dataset\images\train\VAIPE-mosaic_VAIPE_P_624_6__VAIPE_P_624_7.jpg,6,train
data\public\pills-detection-dataset\images\train\VAIPE-mosaic_VAIPE_P_627_0__VAIPE_P_628_0.jpg,6,train
data\public\pills-detection-dataset\images\train\VAIPE-mosaic_VAIPE_P_629_2__VAIPE_P_630_3.jpg,6,train
data\public\pills-detection-dataset\images\train\VAIPE-mosaic_VAIPE_P_630_6__VAIPE_P_631_1.jpg,5,train
data\public\pills-detection-dataset\images\train\VAIPE-mosaic_VAIPE_P_631_2__VAIPE_P_631_3.jpg,4,train
data\public\pills-detection-dataset\images\train\VAIPE-mosaic_VAIPE_P_631_5__VAIPE_P_631_6.jpg,4,train
data\public\pills-detection-dataset\images\train\VAIPE-mosaic_VAIPE_P_632_4__VAIPE_P_632_6.jpg,6,train
data\public\pills-detection-dataset\images\train\VAIPE-mosaic_VAIPE_P_633_0__VAIPE_P_633_1.jpg,6,train
data\public\pills-detection-dataset\images\train\VAIPE-mosaic_VAIPE_P_633_2__VAIPE_P_633_3.jpg,6,train
data\public\pills-detection-dataset\images\train\VAIPE-mosaic_VAIPE_P_634_11__VAIPE_P_634_12.jpg,4,train
data\public\pills-detection-dataset\images\train\VAIPE-mosaic_VAIPE_P_634_3__VAIPE_P_634_5.jpg,6,train
data\public\pills-detection-dataset\images\train\VAIPE-mosaic_VAIPE_P_634_8__VAIPE_P_634_9.jpg,4,train
data\public\pills-detection-dataset\images\train\VAIPE-mosaic_VAIPE_P_636_1__VAIPE_P_637_0.jpg,6,train
data\public\pills-detection-dataset\images\train\VAIPE-mosaic_VAIPE_P_640_0__VAIPE_P_640_1.jpg,3,train
data\public\pills-detection-dataset\images\train\VAIPE-mosaic_VAIPE_P_640_2__VAIPE_P_641_0.jpg,5,train
data\public\pills-detection-dataset\images\train\VAIPE-mosaic_VAIPE_P_641_9__VAIPE_P_642_0.jpg,6,train
data\public\pills-detection-dataset\images\train\VAIPE-mosaic_VAIPE_P_642_1__VAIPE_P_642_2.jpg,4,train
data\public\pills-detection-dataset\images\train\VAIPE-mosaic_VAIPE_P_645_0__VAIPE_P_646_0.jpg,5,train
data\public\pills-detection-dataset\images\train\VAIPE-mosaic_VAIPE_P_646_2__VAIPE_P_646_3.jpg,2,train
data\public\pills-detection-dataset\images\train\VAIPE-mosaic_VAIPE_P_646_4__VAIPE_P_646_5.jpg,3,train
data\public\pills-detection-dataset\images\train\VAIPE-mosaic_VAIPE_P_647_1__VAIPE_P_647_2.jpg,4,train
data\public\pills-detection-dataset\images\train\VAIPE-mosaic_VAIPE_P_648_0__VAIPE_P_648_1.jpg,3,train
data\public\pills-detection-dataset\images\train\VAIPE-mosaic_VAIPE_P_648_2__VAIPE_P_648_4.jpg,3,train
data\public\pills-detection-dataset\images\train\VAIPE-mosaic_VAIPE_P_648_5__VAIPE_P_649_0.jpg,3,train
data\public\pills-detection-dataset\images\train\VAIPE-mosaic_VAIPE_P_649_1__VAIPE_P_649_2.jpg,2,train
data\public\pills-detection-dataset\images\train\VAIPE-mosaic_VAIPE_P_649_3__VAIPE_P_649_4.jpg,2,train
data\public\pills-detection-dataset\images\train\VAIPE-mosaic_VAIPE_P_652_2__VAIPE_P_652_3.jpg,6,train
data\public\pills-detection-dataset\images\train\VAIPE-mosaic_VAIPE_P_654_12__VAIPE_P_654_13.jpg,4,train
data\public\pills-detection-dataset\images\train\VAIPE-mosaic_VAIPE_P_654_14__VAIPE_P_654_15.jpg,6,train
data\public\pills-detection-dataset\images\train\VAIPE-mosaic_VAIPE_P_654_1__VAIPE_P_654_11.jpg,4,train
data\public\pills-detection-dataset\images\train\VAIPE-mosaic_VAIPE_P_654_22__VAIPE_P_654_23.jpg,4,train
data\public\pills-detection-dataset\images\train\VAIPE-mosaic_VAIPE_P_654_24__VAIPE_P_654_25.jpg,6,train
data\public\pills-detection-dataset\images\train\VAIPE-mosaic_VAIPE_P_654_26__VAIPE_P_654_29.jpg,4,train
data\public\pills-detection-dataset\images\train\VAIPE-mosaic_VAIPE_P_654_2__VAIPE_P_654_21.jpg,4,train
data\public\pills-detection-dataset\images\train\VAIPE-mosaic_VAIPE_P_654_7__VAIPE_P_654_9.jpg,4,train
data\public\pills-detection-dataset\images\train\VAIPE-mosaic_VAIPE_P_655_13__VAIPE_P_655_15.jpg,4,train
data\public\pills-detection-dataset\images\train\VAIPE-mosaic_VAIPE_P_655_16__VAIPE_P_655_17.jpg,4,train
data\public\pills-detection-dataset\images\train\VAIPE-mosaic_VAIPE_P_655_18__VAIPE_P_655_19.jpg,6,train
data\public\pills-detection-dataset\images\train\VAIPE-mosaic_VAIPE_P_655_20__VAIPE_P_655_22.jpg,4,train
data\public\pills-detection-dataset\images\train\VAIPE-mosaic_VAIPE_P_655_23__VAIPE_P_655_25.jpg,6,train
data\public\pills-detection-dataset\images\train\VAIPE-mosaic_VAIPE_P_655_26__VAIPE_P_655_3.jpg,4,train
data\public\pills-detection-dataset\images\train\VAIPE-mosaic_VAIPE_P_655_30__VAIPE_P_655_4.jpg,6,train
data\public\pills-detection-dataset\images\train\VAIPE-mosaic_VAIPE_P_655_9__VAIPE_P_657_0.jpg,3,train
data\public\pills-detection-dataset\images\train\VAIPE-mosaic_VAIPE_P_658_0__VAIPE_P_658_1.jpg,6,train
data\public\pills-detection-dataset\images\train\VAIPE-mosaic_VAIPE_P_658_2__VAIPE_P_658_3.jpg,6,train
data\public\pills-detection-dataset\images\train\VAIPE-mosaic_VAIPE_P_658_4__VAIPE_P_658_5.jpg,6,train
data\public\pills-detection-dataset\images\train\VAIPE-mosaic_VAIPE_P_658_6__VAIPE_P_658_7.jpg,6,train
data\public\pills-detection-dataset\images\train\VAIPE-mosaic_VAIPE_P_660_0__VAIPE_P_661_0.jpg,6,train
data\public\pills-detection-dataset\images\train\VAIPE-mosaic_VAIPE_P_664_4__VAIPE_P_664_5.jpg,6,train
data\public\pills-detection-dataset\images\train\VAIPE-mosaic_VAIPE_P_665_0__VAIPE_P_665_1.jpg,6,train
data\public\pills-detection-dataset\images\train\VAIPE-mosaic_VAIPE_P_665_2__VAIPE_P_665_3.jpg,6,train
data\public\pills-detection-dataset\images\train\VAIPE-mosaic_VAIPE_P_665_4__VAIPE_P_665_5.jpg,6,train
data\public\pills-detection-dataset\images\train\VAIPE-mosaic_VAIPE_P_665_6__VAIPE_P_665_7.jpg,6,train
data\public\pills-detection-dataset\images\train\VAIPE-mosaic_VAIPE_P_669_0__VAIPE_P_669_3.jpg,6,train
data\public\pills-detection-dataset\images\train\VAIPE-mosaic_VAIPE_P_670_4__VAIPE_P_670_5.jpg,6,train
data\public\pills-detection-dataset\images\train\VAIPE-mosaic_VAIPE_P_678_3__VAIPE_P_680_0.jpg,6,train
data\public\pills-detection-dataset\images\train\VAIPE-mosaic_VAIPE_P_681_0__VAIPE_P_681_1.jpg,2,train
data\public\pills-detection-dataset\images\train\VAIPE-mosaic_VAIPE_P_682_0__VAIPE_P_682_2.jpg,2,train
data\public\pills-detection-dataset\images\train\VAIPE-mosaic_VAIPE_P_682_3__VAIPE_P_683_0.jpg,3,train
data\public\pills-detection-dataset\images\train\VAIPE-mosaic_VAIPE_P_683_13__VAIPE_P_683_14.jpg,4,train
data\public\pills-detection-dataset\images\train\VAIPE-mosaic_VAIPE_P_683_15__VAIPE_P_683_16.jpg,4,train
data\public\pills-detection-dataset\images\train\VAIPE-mosaic_VAIPE_P_683_17__VAIPE_P_683_18.jpg,4,train
data\public\pills-detection-dataset\images\train\VAIPE-mosaic_VAIPE_P_683_19__VAIPE_P_683_2.jpg,4,train
data\public\pills-detection-dataset\images\train\VAIPE-mosaic_VAIPE_P_683_1__VAIPE_P_683_10.jpg,4,train
data\public\pills-detection-dataset\images\train\VAIPE-mosaic_VAIPE_P_683_3__VAIPE_P_683_4.jpg,4,train
data\public\pills-detection-dataset\images\train\VAIPE-mosaic_VAIPE_P_683_5__VAIPE_P_683_6.jpg,4,train
data\public\pills-detection-dataset\images\train\VAIPE-mosaic_VAIPE_P_683_9__VAIPE_P_685_0.jpg,5,train
data\public\pills-detection-dataset\images\train\VAIPE-mosaic_VAIPE_P_685_1__VAIPE_P_685_2.jpg,6,train
data\public\pills-detection-dataset\images\train\VAIPE-mosaic_VAIPE_P_685_3__VAIPE_P_685_4.jpg,6,train
data\public\pills-detection-dataset\images\train\VAIPE-mosaic_VAIPE_P_689_1__VAIPE_P_689_2.jpg,6,train
data\public\pills-detection-dataset\images\train\VAIPE-mosaic_VAIPE_P_689_3__VAIPE_P_690_1.jpg,4,train
data\public\pills-detection-dataset\images\train\VAIPE-mosaic_VAIPE_P_690_2__VAIPE_P_690_3.jpg,2,train
data\public\pills-detection-dataset\images\train\VAIPE-mosaic_VAIPE_P_691_0__VAIPE_P_691_1.jpg,2,train
data\public\pills-detection-dataset\images\train\VAIPE-mosaic_VAIPE_P_691_2__VAIPE_P_691_3.jpg,2,train
data\public\pills-detection-dataset\images\train\VAIPE-mosaic_VAIPE_P_694_10__VAIPE_P_694_13.jpg,6,train
data\public\pills-detection-dataset\images\train\VAIPE-mosaic_VAIPE_P_694_15__VAIPE_P_694_3.jpg,6,train
data\public\pills-detection-dataset\images\train\VAIPE-mosaic_VAIPE_P_694_4__VAIPE_P_694_5.jpg,6,train
data\public\pills-detection-dataset\images\train\VAIPE-mosaic_VAIPE_P_695_2__VAIPE_P_695_3.jpg,5,train
data\public\pills-detection-dataset\images\train\VAIPE-mosaic_VAIPE_P_695_6__VAIPE_P_696_0.jpg,6,train
data\public\pills-detection-dataset\images\train\VAIPE-mosaic_VAIPE_P_698_0__VAIPE_P_700_0.jpg,4,train
data\public\pills-detection-dataset\images\train\VAIPE-mosaic_VAIPE_P_701_0__VAIPE_P_702_0.jpg,4,train
data\public\pills-detection-dataset\images\train\VAIPE-mosaic_VAIPE_P_703_0__VAIPE_P_703_1.jpg,3,train
data\public\pills-detection-dataset\images\train\VAIPE-mosaic_VAIPE_P_703_10__VAIPE_P_703_11.jpg,2,train
data\public\pills-detection-dataset\images\train\VAIPE-mosaic_VAIPE_P_703_18__VAIPE_P_703_19.jpg,2,train
data\public\pills-detection-dataset\images\train\VAIPE-mosaic_VAIPE_P_703_2__VAIPE_P_703_4.jpg,4,train
data\public\pills-detection-dataset\images\train\VAIPE-mosaic_VAIPE_P_703_5__VAIPE_P_703_8.jpg,2,train
data\public\pills-detection-dataset\images\train\VAIPE-mosaic_VAIPE_P_704_10__VAIPE_P_704_11.jpg,6,train
data\public\pills-detection-dataset\images\train\VAIPE-mosaic_VAIPE_P_704_6__VAIPE_P_704_7.jpg,6,train
data\public\pills-detection-dataset\images\train\VAIPE-mosaic_VAIPE_P_705_3__VAIPE_P_705_7.jpg,6,train
data\public\pills-detection-dataset\images\train\VAIPE-mosaic_VAIPE_P_706_0__VAIPE_P_706_1.jpg,2,train
data\public\pills-detection-dataset\images\train\VAIPE-mosaic_VAIPE_P_708_5__VAIPE_P_709_0.jpg,6,train
data\public\pills-detection-dataset\images\train\VAIPE-mosaic_VAIPE_P_709_1__VAIPE_P_709_2.jpg,3,train
data\public\pills-detection-dataset\images\train\VAIPE-mosaic_VAIPE_P_709_3__VAIPE_P_709_4.jpg,3,train
data\public\pills-detection-dataset\images\train\VAIPE-mosaic_VAIPE_P_709_5__VAIPE_P_709_6.jpg,3,train
data\public\pills-detection-dataset\images\train\VAIPE-mosaic_VAIPE_P_710_1__VAIPE_P_710_2.jpg,4,train
data\public\pills-detection-dataset\images\train\VAIPE-mosaic_VAIPE_P_710_3__VAIPE_P_710_4.jpg,2,train
data\public\pills-detection-dataset\images\train\VAIPE-mosaic_VAIPE_P_710_6__VAIPE_P_710_7.jpg,2,train
data\public\pills-detection-dataset\images\train\VAIPE-mosaic_VAIPE_P_711_0__VAIPE_P_711_1.jpg,3,train
data\public\pills-detection-dataset\images\train\VAIPE-mosaic_VAIPE_P_711_2__VAIPE_P_711_3.jpg,3,train
data\public\pills-detection-dataset\images\train\VAIPE-mosaic_VAIPE_P_711_4__VAIPE_P_711_5.jpg,3,train
data\public\pills-detection-dataset\images\train\VAIPE-mosaic_VAIPE_P_711_6__VAIPE_P_711_7.jpg,3,train
data\public\pills-detection-dataset\images\train\VAIPE-mosaic_VAIPE_P_713_0__VAIPE_P_713_1.jpg,4,train
data\public\pills-detection-dataset\images\train\VAIPE-mosaic_VAIPE_P_713_10__VAIPE_P_713_11.jpg,4,train
data\public\pills-detection-dataset\images\train\VAIPE-mosaic_VAIPE_P_716_0__VAIPE_P_716_1.jpg,3,train
data\public\pills-detection-dataset\images\train\VAIPE-mosaic_VAIPE_P_716_2__VAIPE_P_716_3.jpg,3,train
data\public\pills-detection-dataset\images\train\VAIPE-mosaic_VAIPE_P_716_8__VAIPE_P_717_0.jpg,6,train
data\public\pills-detection-dataset\images\train\VAIPE-mosaic_VAIPE_P_717_7__VAIPE_P_718_0.jpg,5,train
data\public\pills-detection-dataset\images\train\VAIPE-mosaic_VAIPE_P_718_11__VAIPE_P_718_12.jpg,3,train
data\public\pills-detection-dataset\images\train\VAIPE-mosaic_VAIPE_P_718_15__VAIPE_P_718_16.jpg,3,train
data\public\pills-detection-dataset\images\train\VAIPE-mosaic_VAIPE_P_718_17__VAIPE_P_718_2.jpg,4,train
data\public\pills-detection-dataset\images\train\VAIPE-mosaic_VAIPE_P_718_1__VAIPE_P_718_10.jpg,4,train
data\public\pills-detection-dataset\images\train\VAIPE-mosaic_VAIPE_P_718_3__VAIPE_P_718_4.jpg,3,train
data\public\pills-detection-dataset\images\train\VAIPE-mosaic_VAIPE_P_718_5__VAIPE_P_718_6.jpg,2,train
data\public\pills-detection-dataset\images\train\VAIPE-mosaic_VAIPE_P_718_7__VAIPE_P_718_8.jpg,3,train
data\public\pills-detection-dataset\images\train\VAIPE-mosaic_VAIPE_P_718_9__VAIPE_P_719_1.jpg,5,train
data\public\pills-detection-dataset\images\train\VAIPE-mosaic_VAIPE_P_720_2__VAIPE_P_720_4.jpg,4,train
data\public\pills-detection-dataset\images\train\VAIPE-mosaic_VAIPE_P_720_5__VAIPE_P_721_0.jpg,6,train
data\public\pills-detection-dataset\images\train\VAIPE-mosaic_VAIPE_P_721_1__VAIPE_P_722_0.jpg,4,train
data\public\pills-detection-dataset\images\train\VAIPE-mosaic_VAIPE_P_722_1__VAIPE_P_722_2.jpg,4,train
data\public\pills-detection-dataset\images\train\VAIPE-mosaic_VAIPE_P_725_0__VAIPE_P_725_1.jpg,6,train
data\public\pills-detection-dataset\images\train\VAIPE-mosaic_VAIPE_P_725_12__VAIPE_P_725_13.jpg,3,train
data\public\pills-detection-dataset\images\train\VAIPE-mosaic_VAIPE_P_725_14__VAIPE_P_725_15.jpg,2,train
data\public\pills-detection-dataset\images\train\VAIPE-mosaic_VAIPE_P_725_16__VAIPE_P_725_17.jpg,6,train
data\public\pills-detection-dataset\images\train\VAIPE-mosaic_VAIPE_P_725_18__VAIPE_P_725_19.jpg,3,train
data\public\pills-detection-dataset\images\train\VAIPE-mosaic_VAIPE_P_725_20__VAIPE_P_725_21.jpg,5,train
data\public\pills-detection-dataset\images\train\VAIPE-mosaic_VAIPE_P_725_24__VAIPE_P_725_25.jpg,6,train
data\public\pills-detection-dataset\images\train\VAIPE-mosaic_VAIPE_P_725_28__VAIPE_P_725_29.jpg,5,train
data\public\pills-detection-dataset\images\train\VAIPE-mosaic_VAIPE_P_725_3__VAIPE_P_725_4.jpg,6,train
data\public\pills-detection-dataset\images\train\VAIPE-mosaic_VAIPE_P_725_5__VAIPE_P_725_6.jpg,4,train
data\public\pills-detection-dataset\images\train\VAIPE-mosaic_VAIPE_P_725_7__VAIPE_P_725_8.jpg,5,train
data\public\pills-detection-dataset\images\train\VAIPE-mosaic_VAIPE_P_725_9__VAIPE_P_726_4.jpg,6,train
data\public\pills-detection-dataset\images\train\VAIPE-mosaic_VAIPE_P_727_11__VAIPE_P_727_12.jpg,4,train
data\public\pills-detection-dataset\images\train\VAIPE-mosaic_VAIPE_P_727_15__VAIPE_P_727_2.jpg,5,train
data\public\pills-detection-dataset\images\train\VAIPE-mosaic_VAIPE_P_727_1__VAIPE_P_727_10.jpg,5,train
data\public\pills-detection-dataset\images\train\VAIPE-mosaic_VAIPE_P_727_3__VAIPE_P_727_4.jpg,5,train
data\public\pills-detection-dataset\images\train\VAIPE-mosaic_VAIPE_P_727_5__VAIPE_P_727_6.jpg,4,train
data\public\pills-detection-dataset\images\train\VAIPE-mosaic_VAIPE_P_727_7__VAIPE_P_727_8.jpg,4,train
data\public\pills-detection-dataset\images\train\VAIPE-mosaic_VAIPE_P_739_5__VAIPE_P_739_7.jpg,6,train
data\public\pills-detection-dataset\images\train\VAIPE-mosaic_VAIPE_P_740_0__VAIPE_P_740_1.jpg,3,train
data\public\pills-detection-dataset\images\train\VAIPE-mosaic_VAIPE_P_740_10__VAIPE_P_740_11.jpg,2,train
data\public\pills-detection-dataset\images\train\VAIPE-mosaic_VAIPE_P_740_12__VAIPE_P_740_13.jpg,3,train
data\public\pills-detection-dataset\images\train\VAIPE-mosaic_VAIPE_P_740_14__VAIPE_P_740_15.jpg,2,train
data\public\pills-detection-dataset\images\train\VAIPE-mosaic_VAIPE_P_740_2__VAIPE_P_740_3.jpg,4,train
data\public\pills-detection-dataset\images\train\VAIPE-mosaic_VAIPE_P_740_4__VAIPE_P_740_5.jpg,3,train
data\public\pills-detection-dataset\images\train\VAIPE-mosaic_VAIPE_P_740_6__VAIPE_P_740_7.jpg,4,train
data\public\pills-detection-dataset\images\train\VAIPE-mosaic_VAIPE_P_740_8__VAIPE_P_740_9.jpg,4,train
data\public\pills-detection-dataset\images\train\VAIPE-mosaic_VAIPE_P_741_10__VAIPE_P_741_12.jpg,5,train
data\public\pills-detection-dataset\images\train\VAIPE-mosaic_VAIPE_P_741_16__VAIPE_P_741_17.jpg,5,train
data\public\pills-detection-dataset\images\train\VAIPE-mosaic_VAIPE_P_741_2__VAIPE_P_741_4.jpg,4,train
data\public\pills-detection-dataset\images\train\VAIPE-mosaic_VAIPE_P_742_4__VAIPE_P_742_5.jpg,2,train
data\public\pills-detection-dataset\images\train\VAIPE-mosaic_VAIPE_P_742_6__VAIPE_P_742_7.jpg,5,train
data\public\pills-detection-dataset\images\train\VAIPE-mosaic_VAIPE_P_746_1__VAIPE_P_746_2.jpg,6,train
data\public\pills-detection-dataset\images\train\VAIPE-mosaic_VAIPE_P_746_3__VAIPE_P_747_0.jpg,6,train
data\public\pills-detection-dataset\images\train\VAIPE-mosaic_VAIPE_P_747_1__VAIPE_P_747_2.jpg,6,train
data\public\pills-detection-dataset\images\train\VAIPE-mosaic_VAIPE_P_747_3__VAIPE_P_748_0.jpg,5,train
data\public\pills-detection-dataset\images\train\VAIPE-mosaic_VAIPE_P_749_0__VAIPE_P_749_1.jpg,6,train
data\public\pills-detection-dataset\images\train\VAIPE-mosaic_VAIPE_P_749_2__VAIPE_P_749_3.jpg,4,train
data\public\pills-detection-dataset\images\train\VAIPE-mosaic_VAIPE_P_749_4__VAIPE_P_749_5.jpg,4,train
data\public\pills-detection-dataset\images\train\VAIPE-mosaic_VAIPE_P_750_0__VAIPE_P_750_1.jpg,3,train
data\public\pills-detection-dataset\images\train\VAIPE-mosaic_VAIPE_P_751_0__VAIPE_P_751_1.jpg,2,train
data\public\pills-detection-dataset\images\train\VAIPE-mosaic_VAIPE_P_751_2__VAIPE_P_751_3.jpg,3,train
data\public\pills-detection-dataset\images\train\VAIPE-mosaic_VAIPE_P_752_2__VAIPE_P_752_3.jpg,4,train
data\public\pills-detection-dataset\images\train\VAIPE-mosaic_VAIPE_P_752_7__VAIPE_P_752_8.jpg,4,train
data\public\pills-detection-dataset\images\train\VAIPE-mosaic_VAIPE_P_755_0__VAIPE_P_755_2.jpg,6,train
data\public\pills-detection-dataset\images\train\VAIPE-mosaic_VAIPE_P_755_3__VAIPE_P_756_0.jpg,5,train
data\public\pills-detection-dataset\images\train\VAIPE-mosaic_VAIPE_P_758_0__VAIPE_P_758_1.jpg,4,train
data\public\pills-detection-dataset\images\train\VAIPE-mosaic_VAIPE_P_759_0__VAIPE_P_759_1.jpg,4,train
data\public\pills-detection-dataset\images\train\VAIPE-mosaic_VAIPE_P_759_10__VAIPE_P_759_2.jpg,5,train
data\public\pills-detection-dataset\images\train\VAIPE-mosaic_VAIPE_P_759_3__VAIPE_P_759_4.jpg,5,train
data\public\pills-detection-dataset\images\train\VAIPE-mosaic_VAIPE_P_759_5__VAIPE_P_759_6.jpg,5,train
data\public\pills-detection-dataset\images\train\VAIPE-mosaic_VAIPE_P_759_9__VAIPE_P_760_0.jpg,5,train
data\public\pills-detection-dataset\images\train\VAIPE-mosaic_VAIPE_P_760_1__VAIPE_P_760_2.jpg,4,train
data\public\pills-detection-dataset\images\train\VAIPE-mosaic_VAIPE_P_760_3__VAIPE_P_760_4.jpg,5,train
data\public\pills-detection-dataset\images\train\VAIPE-mosaic_VAIPE_P_760_5__VAIPE_P_760_7.jpg,4,train
data\public\pills-detection-dataset\images\train\VAIPE-mosaic_VAIPE_P_760_8__VAIPE_P_761_0.jpg,4,train
data\public\pills-detection-dataset\images\train\VAIPE-mosaic_VAIPE_P_761_1__VAIPE_P_761_3.jpg,5,train
data\public\pills-detection-dataset\images\train\VAIPE-mosaic_VAIPE_P_762_2__VAIPE_P_762_3.jpg,5,train
data\public\pills-detection-dataset\images\train\VAIPE-mosaic_VAIPE_P_763_2__VAIPE_P_763_3.jpg,2,train
data\public\pills-detection-dataset\images\train\VAIPE-mosaic_VAIPE_P_766_2__VAIPE_P_766_3.jpg,5,train
data\public\pills-detection-dataset\images\train\VAIPE-mosaic_VAIPE_P_766_6__VAIPE_P_766_7.jpg,4,train
data\public\pills-detection-dataset\images\train\VAIPE-mosaic_VAIPE_P_767_2__VAIPE_P_767_3.jpg,4,train
data\public\pills-detection-dataset\images\train\VAIPE-mosaic_VAIPE_P_768_0__VAIPE_P_768_2.jpg,4,train
data\public\pills-detection-dataset\images\train\VAIPE-mosaic_VAIPE_P_770_0__VAIPE_P_770_2.jpg,2,train
data\public\pills-detection-dataset\images\train\VAIPE-mosaic_VAIPE_P_771_1__VAIPE_P_771_2.jpg,2,train
data\public\pills-detection-dataset\images\train\VAIPE-mosaic_VAIPE_P_772_3__VAIPE_P_773_0.jpg,3,train
data\public\pills-detection-dataset\images\train\VAIPE-mosaic_VAIPE_P_774_1__VAIPE_P_775_0.jpg,4,train
data\public\pills-detection-dataset\images\train\VAIPE-mosaic_VAIPE_P_775_1__VAIPE_P_775_2.jpg,6,train
data\public\pills-detection-dataset\images\train\VAIPE-mosaic_VAIPE_P_775_3__VAIPE_P_776_0.jpg,4,train
data\public\pills-detection-dataset\images\train\VAIPE-mosaic_VAIPE_P_776_2__VAIPE_P_776_3.jpg,5,train
data\public\pills-detection-dataset\images\train\VAIPE-mosaic_VAIPE_P_776_4__VAIPE_P_776_5.jpg,5,train
data\public\pills-detection-dataset\images\train\VAIPE-mosaic_VAIPE_P_780_0__VAIPE_P_780_1.jpg,3,train
data\public\pills-detection-dataset\images\train\VAIPE-mosaic_VAIPE_P_780_2__VAIPE_P_780_3.jpg,3,train
data\public\pills-detection-dataset\images\train\VAIPE-mosaic_VAIPE_P_780_4__VAIPE_P_780_5.jpg,2,train
data\public\pills-detection-dataset\images\train\VAIPE-mosaic_VAIPE_P_780_6__VAIPE_P_780_7.jpg,4,train
data\public\pills-detection-dataset\images\train\VAIPE-mosaic_VAIPE_P_780_8__VAIPE_P_780_9.jpg,3,train
data\public\pills-detection-dataset\images\train\VAIPE-mosaic_VAIPE_P_783_0__VAIPE_P_784_0.jpg,3,train
data\public\pills-detection-dataset\images\train\VAIPE-mosaic_VAIPE_P_785_0__VAIPE_P_785_1.jpg,3,train
data\public\pills-detection-dataset\images\train\VAIPE-mosaic_VAIPE_P_785_2__VAIPE_P_785_3.jpg,3,train
data\public\pills-detection-dataset\images\train\VAIPE-mosaic_VAIPE_P_785_4__VAIPE_P_785_5.jpg,3,train
data\public\pills-detection-dataset\images\train\VAIPE-mosaic_VAIPE_P_797_1__VAIPE_P_798_0.jpg,2,train
data\public\pills-detection-dataset\images\train\VAIPE-mosaic_VAIPE_P_806_1__VAIPE_P_806_2.jpg,6,train
data\public\pills-detection-dataset\images\train\VAIPE-mosaic_VAIPE_P_819_2__VAIPE_P_819_3.jpg,6,train
data\public\pills-detection-dataset\images\train\VAIPE-mosaic_VAIPE_P_819_4__VAIPE_P_819_5.jpg,6,train
data\public\pills-detection-dataset\images\train\VAIPE-mosaic_VAIPE_P_823_0__VAIPE_P_825_4.jpg,2,train
data\public\pills-detection-dataset\images\train\VAIPE-mosaic_VAIPE_P_825_6__VAIPE_P_826_0.jpg,3,train
data\public\pills-detection-dataset\images\train\VAIPE-mosaic_VAIPE_P_827_1__VAIPE_P_827_2.jpg,6,train
data\public\pills-detection-dataset\images\train\VAIPE-mosaic_VAIPE_P_827_3__VAIPE_P_828_0.jpg,6,train
data\public\pills-detection-dataset\images\train\VAIPE-mosaic_VAIPE_P_828_1__VAIPE_P_828_2.jpg,6,train
data\public\pills-detection-dataset\images\train\VAIPE-mosaic_VAIPE_P_828_3__VAIPE_P_829_0.jpg,6,train
data\public\pills-detection-dataset\images\train\VAIPE-mosaic_VAIPE_P_829_1__VAIPE_P_829_2.jpg,6,train
data\public\pills-detection-dataset\images\train\VAIPE-mosaic_VAIPE_P_830_0__VAIPE_P_830_1.jpg,4,train
data\public\pills-detection-dataset\images\train\VAIPE-mosaic_VAIPE_P_830_2__VAIPE_P_831_0.jpg,5,train
data\public\pills-detection-dataset\images\train\VAIPE-mosaic_VAIPE_P_831_2__VAIPE_P_831_3.jpg,4,train
data\public\pills-detection-dataset\images\train\VAIPE-mosaic_VAIPE_P_832_0__VAIPE_P_832_1.jpg,4,train
data\public\pills-detection-dataset\images\train\VAIPE-mosaic_VAIPE_P_832_2__VAIPE_P_832_3.jpg,2,train
data\public\pills-detection-dataset\images\train\VAIPE-mosaic_VAIPE_P_832_4__VAIPE_P_832_5.jpg,4,train
data\public\pills-detection-dataset\images\train\VAIPE-mosaic_VAIPE_P_832_6__VAIPE_P_832_7.jpg,4,train
data\public\pills-detection-dataset\images\train\VAIPE-mosaic_VAIPE_P_834_11__VAIPE_P_834_2.jpg,6,train
data\public\pills-detection-dataset\images\train\VAIPE-mosaic_VAIPE_P_834_1__VAIPE_P_834_10.jpg,6,train
data\public\pills-detection-dataset\images\train\VAIPE-mosaic_VAIPE_P_834_3__VAIPE_P_834_5.jpg,6,train
data\public\pills-detection-dataset\images\train\VAIPE-mosaic_VAIPE_P_834_6__VAIPE_P_834_7.jpg,6,train
data\public\pills-detection-dataset\images\train\VAIPE-mosaic_VAIPE_P_834_8__VAIPE_P_834_9.jpg,6,train
data\public\pills-detection-dataset\images\train\VAIPE-mosaic_VAIPE_P_835_0__VAIPE_P_835_1.jpg,4,train
data\public\pills-detection-dataset\images\train\VAIPE-mosaic_VAIPE_P_835_2__VAIPE_P_835_3.jpg,4,train
data\public\pills-detection-dataset\images\train\VAIPE-mosaic_VAIPE_P_839_0__VAIPE_P_839_1.jpg,2,train
data\public\pills-detection-dataset\images\train\VAIPE-mosaic_VAIPE_P_839_2__VAIPE_P_840_0.jpg,4,train
data\public\pills-detection-dataset\images\train\VAIPE-mosaic_VAIPE_P_840_1__VAIPE_P_841_0.jpg,3,train
data\public\pills-detection-dataset\images\train\VAIPE-mosaic_VAIPE_P_842_0__VAIPE_P_842_1.jpg,4,train
data\public\pills-detection-dataset\images\train\VAIPE-mosaic_VAIPE_P_843_0__VAIPE_P_843_1.jpg,4,train
data\public\pills-detection-dataset\images\train\VAIPE-mosaic_VAIPE_P_844_2__VAIPE_P_844_4.jpg,4,train
data\public\pills-detection-dataset\images\train\VAIPE-mosaic_VAIPE_P_845_0__VAIPE_P_845_1.jpg,3,train
data\public\pills-detection-dataset\images\train\VAIPE-mosaic_VAIPE_P_845_2__VAIPE_P_845_3.jpg,3,train
data\public\pills-detection-dataset\images\train\VAIPE-mosaic_VAIPE_P_845_4__VAIPE_P_845_5.jpg,2,train
data\public\pills-detection-dataset\images\train\VAIPE-mosaic_VAIPE_P_845_6__VAIPE_P_845_7.jpg,4,train
data\public\pills-detection-dataset\images\train\VAIPE-mosaic_VAIPE_P_847_0__VAIPE_P_847_1.jpg,6,train
data\public\pills-detection-dataset\images\train\VAIPE-mosaic_VAIPE_P_848_0__VAIPE_P_848_3.jpg,5,train
data\public\pills-detection-dataset\images\train\VAIPE-mosaic_VAIPE_P_849_1__VAIPE_P_849_3.jpg,6,train
data\public\pills-detection-dataset\images\train\VAIPE-mosaic_VAIPE_P_849_4__VAIPE_P_849_5.jpg,6,train
data\public\pills-detection-dataset\images\train\VAIPE-mosaic_VAIPE_P_850_0__VAIPE_P_850_1.jpg,4,train
data\public\pills-detection-dataset\images\train\VAIPE-mosaic_VAIPE_P_850_2__VAIPE_P_850_3.jpg,4,train
data\public\pills-detection-dataset\images\train\VAIPE-mosaic_VAIPE_P_850_6__VAIPE_P_850_7.jpg,4,train
data\public\pills-detection-dataset\images\train\VAIPE-mosaic_VAIPE_P_851_4__VAIPE_P_852_0.jpg,6,train
data\public\pills-detection-dataset\images\train\VAIPE-mosaic_VAIPE_P_853_0__VAIPE_P_854_0.jpg,6,train
data\public\pills-detection-dataset\images\train\VAIPE-mosaic_VAIPE_P_855_0__VAIPE_P_855_1.jpg,6,train
data\public\pills-detection-dataset\images\train\VAIPE-mosaic_VAIPE_P_855_2__VAIPE_P_855_3.jpg,6,train
data\public\pills-detection-dataset\images\train\VAIPE-mosaic_VAIPE_P_855_4__VAIPE_P_856_0.jpg,5,train
data\public\pills-detection-dataset\images\train\VAIPE-mosaic_VAIPE_P_856_1__VAIPE_P_856_2.jpg,3,train
data\public\pills-detection-dataset\images\train\VAIPE-mosaic_VAIPE_P_858_0__VAIPE_P_859_0.jpg,3,train
data\public\pills-detection-dataset\images\train\VAIPE-mosaic_VAIPE_P_860_0__VAIPE_P_861_0.jpg,3,train
data\public\pills-detection-dataset\images\train\VAIPE-mosaic_VAIPE_P_862_0__VAIPE_P_863_0.jpg,4,train
data\public\pills-detection-dataset\images\train\VAIPE-mosaic_VAIPE_P_864_0__VAIPE_P_865_0.jpg,2,train
data\public\pills-detection-dataset\images\train\VAIPE-mosaic_VAIPE_P_865_1__VAIPE_P_865_2.jpg,3,train
data\public\pills-detection-dataset\images\train\VAIPE-mosaic_VAIPE_P_865_3__VAIPE_P_865_4.jpg,3,train
data\public\pills-detection-dataset\images\train\VAIPE-mosaic_VAIPE_P_865_5__VAIPE_P_865_6.jpg,3,train
data\public\pills-detection-dataset\images\train\VAIPE-mosaic_VAIPE_P_867_1__VAIPE_P_867_2.jpg,6,train
data\public\pills-detection-dataset\images\train\VAIPE-mosaic_VAIPE_P_867_3__VAIPE_P_867_4.jpg,6,train
data\public\pills-detection-dataset\images\train\VAIPE-mosaic_VAIPE_P_868_1__VAIPE_P_868_2.jpg,3,train
data\public\pills-detection-dataset\images\train\VAIPE-mosaic_VAIPE_P_868_3__VAIPE_P_868_4.jpg,3,train
data\public\pills-detection-dataset\images\train\VAIPE-mosaic_VAIPE_P_868_5__VAIPE_P_868_6.jpg,3,train
data\public\pills-detection-dataset\images\train\VAIPE-mosaic_VAIPE_P_868_7__VAIPE_P_869_0.jpg,3,train
data\public\pills-detection-dataset\images\train\VAIPE-mosaic_VAIPE_P_869_1__VAIPE_P_869_2.jpg,4,train
data\public\pills-detection-dataset\images\train\VAIPE-mosaic_VAIPE_P_869_3__VAIPE_P_869_4.jpg,4,train
data\public\pills-detection-dataset\images\train\VAIPE-mosaic_VAIPE_P_869_5__VAIPE_P_870_0.jpg,3,train
data\public\pills-detection-dataset\images\train\VAIPE-mosaic_VAIPE_P_870_1__VAIPE_P_870_10.jpg,3,train
data\public\pills-detection-dataset\images\train\VAIPE-mosaic_VAIPE_P_870_6__VAIPE_P_870_7.jpg,2,train
data\public\pills-detection-dataset\images\train\VAIPE-mosaic_VAIPE_P_870_8__VAIPE_P_870_9.jpg,3,train
data\public\pills-detection-dataset\images\train\VAIPE-mosaic_VAIPE_P_871_0__VAIPE_P_871_1.jpg,6,train
data\public\pills-detection-dataset\images\train\VAIPE-mosaic_VAIPE_P_875_0__VAIPE_P_875_1.jpg,4,train
data\public\pills-detection-dataset\images\train\VAIPE-mosaic_VAIPE_P_877_0__VAIPE_P_878_0.jpg,3,train
data\public\pills-detection-dataset\images\train\VAIPE-mosaic_VAIPE_P_879_0__VAIPE_P_879_1.jpg,2,train
data\public\pills-detection-dataset\images\train\VAIPE-mosaic_VAIPE_P_880_0__VAIPE_P_880_1.jpg,3,train
data\public\pills-detection-dataset\images\train\VAIPE-mosaic_VAIPE_P_884_0__VAIPE_P_885_0.jpg,2,train
data\public\pills-detection-dataset\images\train\VAIPE-mosaic_VAIPE_P_886_0__VAIPE_P_887_0.jpg,2,train
data\public\pills-detection-dataset\images\train\VAIPE-mosaic_VAIPE_P_891_0__VAIPE_P_891_2.jpg,4,train
data\public\pills-detection-dataset\images\train\VAIPE-mosaic_VAIPE_P_891_3__VAIPE_P_891_4.jpg,4,train
data\public\pills-detection-dataset\images\train\VAIPE-mosaic_VAIPE_P_895_0__VAIPE_P_896_0.jpg,4,train
data\public\pills-detection-dataset\images\train\VAIPE-mosaic_VAIPE_P_897_0__VAIPE_P_897_2.jpg,6,train
data\public\pills-detection-dataset\images\train\VAIPE-mosaic_VAIPE_P_898_6__VAIPE_P_899_0.jpg,6,train
data\public\pills-detection-dataset\images\train\VAIPE-mosaic_VAIPE_P_899_3__VAIPE_P_899_4.jpg,5,train
data\public\pills-detection-dataset\images\train\VAIPE-mosaic_VAIPE_P_899_5__VAIPE_P_899_6.jpg,5,train
data\public\pills-detection-dataset\images\train\VAIPE-mosaic_VAIPE_P_899_7__VAIPE_P_899_8.jpg,5,train
data\public\pills-detection-dataset\images\train\VAIPE-mosaic_VAIPE_P_900_2__VAIPE_P_900_3.jpg,2,train
data\public\pills-detection-dataset\images\train\VAIPE-mosaic_VAIPE_P_900_5__VAIPE_P_901_0.jpg,2,train
data\public\pills-detection-dataset\images\train\VAIPE-mosaic_VAIPE_P_901_1__VAIPE_P_901_3.jpg,2,train
data\public\pills-detection-dataset\images\train\VAIPE-mosaic_VAIPE_P_904_0__VAIPE_P_904_1.jpg,3,train
data\public\pills-detection-dataset\images\train\VAIPE-mosaic_VAIPE_P_904_2__VAIPE_P_905_1.jpg,2,train
data\public\pills-detection-dataset\images\train\VAIPE-mosaic_VAIPE_P_905_2__VAIPE_P_905_3.jpg,3,train
data\public\pills-detection-dataset\images\train\VAIPE-mosaic_VAIPE_P_906_0__VAIPE_P_906_3.jpg,6,train
data\public\pills-detection-dataset\images\train\VAIPE-mosaic_VAIPE_P_907_1__VAIPE_P_907_3.jpg,3,train
data\public\pills-detection-dataset\images\train\VAIPE-mosaic_VAIPE_P_907_4__VAIPE_P_907_5.jpg,3,train
data\public\pills-detection-dataset\images\train\VAIPE-mosaic_VAIPE_P_914_0__VAIPE_P_915_0.jpg,5,train
data\public\pills-detection-dataset\images\train\VAIPE-mosaic_VAIPE_P_916_0__VAIPE_P_918_0.jpg,2,train
data\public\pills-detection-dataset\images\train\VAIPE-mosaic_VAIPE_P_920_1__VAIPE_P_920_2.jpg,4,train
data\public\pills-detection-dataset\images\train\VAIPE-mosaic_VAIPE_P_923_17__VAIPE_P_923_18.jpg,6,train
data\public\pills-detection-dataset\images\train\VAIPE-mosaic_VAIPE_P_923_19__VAIPE_P_923_3.jpg,6,train
data\public\pills-detection-dataset\images\train\VAIPE-mosaic_VAIPE_P_923_4__VAIPE_P_923_5.jpg,6,train
data\public\pills-detection-dataset\images\train\VAIPE-mosaic_VAIPE_P_923_7__VAIPE_P_923_9.jpg,6,train
data\public\pills-detection-dataset\images\train\VAIPE-mosaic_VAIPE_P_926_1__VAIPE_P_926_2.jpg,4,train
data\public\pills-detection-dataset\images\train\VAIPE-mosaic_VAIPE_P_926_3__VAIPE_P_927_0.jpg,5,train
data\public\pills-detection-dataset\images\train\VAIPE-mosaic_VAIPE_P_927_1__VAIPE_P_927_3.jpg,6,train
data\public\pills-detection-dataset\images\train\VAIPE-mosaic_VAIPE_P_928_0__VAIPE_P_929_0.jpg,3,train
data\public\pills-detection-dataset\images\train\VAIPE-mosaic_VAIPE_P_929_1__VAIPE_P_930_0.jpg,3,train
data\public\pills-detection-dataset\images\train\VAIPE-mosaic_VAIPE_P_930_10__VAIPE_P_930_11.jpg,4,train
data\public\pills-detection-dataset\images\train\VAIPE-mosaic_VAIPE_P_930_14__VAIPE_P_930_15.jpg,4,train
data\public\pills-detection-dataset\images\train\VAIPE-mosaic_VAIPE_P_930_16__VAIPE_P_930_17.jpg,5,train
data\public\pills-detection-dataset\images\train\VAIPE-mosaic_VAIPE_P_930_2__VAIPE_P_930_3.jpg,2,train
data\public\pills-detection-dataset\images\train\VAIPE-mosaic_VAIPE_P_930_4__VAIPE_P_930_5.jpg,3,train
data\public\pills-detection-dataset\images\train\VAIPE-mosaic_VAIPE_P_930_6__VAIPE_P_930_7.jpg,3,train
data\public\pills-detection-dataset\images\train\VAIPE-mosaic_VAIPE_P_930_8__VAIPE_P_930_9.jpg,6,train
data\public\pills-detection-dataset\images\train\VAIPE-mosaic_VAIPE_P_931_0__VAIPE_P_931_1.jpg,3,train
data\public\pills-detection-dataset\images\train\VAIPE-mosaic_VAIPE_P_931_4__VAIPE_P_931_5.jpg,3,train
data\public\pills-detection-dataset\images\train\VAIPE-mosaic_VAIPE_P_934_1__VAIPE_P_934_2.jpg,6,train
data\public\pills-detection-dataset\images\train\VAIPE-mosaic_VAIPE_P_935_1__VAIPE_P_935_2.jpg,6,train
data\public\pills-detection-dataset\images\train\VAIPE-mosaic_VAIPE_P_935_3__VAIPE_P_936_0.jpg,4,train
data\public\pills-detection-dataset\images\train\VAIPE-mosaic_VAIPE_P_939_7__VAIPE_P_940_0.jpg,6,train
data\public\pills-detection-dataset\images\train\VAIPE-mosaic_VAIPE_P_940_1__VAIPE_P_940_2.jpg,5,train
data\public\pills-detection-dataset\images\train\VAIPE-mosaic_VAIPE_P_940_4__VAIPE_P_940_6.jpg,5,train
data\public\pills-detection-dataset\images\train\VAIPE-mosaic_VAIPE_P_942_10__VAIPE_P_943_0.jpg,3,train
data\public\pills-detection-dataset\images\train\VAIPE-mosaic_VAIPE_P_943_1__VAIPE_P_943_2.jpg,2,train
data\public\pills-detection-dataset\images\train\VAIPE-mosaic_VAIPE_P_943_3__VAIPE_P_943_4.jpg,3,train
data\public\pills-detection-dataset\images\train\VAIPE-mosaic_VAIPE_P_943_5__VAIPE_P_943_6.jpg,4,train
data\public\pills-detection-dataset\images\train\VAIPE-mosaic_VAIPE_P_943_7__VAIPE_P_944_0.jpg,5,train
data\public\pills-detection-dataset\images\train\VAIPE-mosaic_VAIPE_P_944_1__VAIPE_P_944_2.jpg,6,train
data\public\pills-detection-dataset\images\train\VAIPE-mosaic_VAIPE_P_944_3__VAIPE_P_944_4.jpg,6,train
data\public\pills-detection-dataset\images\train\VAIPE-mosaic_VAIPE_P_946_1__VAIPE_P_946_2.jpg,4,train
data\public\pills-detection-dataset\images\train\VAIPE-mosaic_VAIPE_P_946_3__VAIPE_P_946_4.jpg,4,train
data\public\pills-detection-dataset\images\train\VAIPE-mosaic_VAIPE_P_946_9__VAIPE_P_947_0.jpg,5,train
data\public\pills-detection-dataset\images\train\VAIPE-mosaic_VAIPE_P_947_1__VAIPE_P_947_2.jpg,6,train
data\public\pills-detection-dataset\images\train\VAIPE-mosaic_VAIPE_P_947_3__VAIPE_P_947_4.jpg,6,train
data\public\pills-detection-dataset\images\train\VAIPE-mosaic_VAIPE_P_947_5__VAIPE_P_947_6.jpg,6,train
data\public\pills-detection-dataset\images\train\VAIPE-mosaic_VAIPE_P_947_7__VAIPE_P_948_0.jpg,6,train
data\public\pills-detection-dataset\images\train\VAIPE-mosaic_VAIPE_P_948_1__VAIPE_P_948_2.jpg,6,train
data\public\pills-detection-dataset\images\train\VAIPE-mosaic_VAIPE_P_952_3__VAIPE_P_953_0.jpg,6,train
data\public\pills-detection-dataset\images\train\VAIPE-mosaic_VAIPE_P_953_11__VAIPE_P_953_12.jpg,4,train
data\public\pills-detection-dataset\images\train\VAIPE-mosaic_VAIPE_P_953_13__VAIPE_P_953_14.jpg,4,train
data\public\pills-detection-dataset\images\train\VAIPE-mosaic_VAIPE_P_953_1__VAIPE_P_953_10.jpg,4,train
data\public\pills-detection-dataset\images\train\VAIPE-mosaic_VAIPE_P_953_4__VAIPE_P_953_5.jpg,4,train
data\public\pills-detection-dataset\images\train\VAIPE-mosaic_VAIPE_P_953_6__VAIPE_P_953_7.jpg,4,train
data\public\pills-detection-dataset\images\train\VAIPE-mosaic_VAIPE_P_953_8__VAIPE_P_953_9.jpg,4,train
data\public\pills-detection-dataset\images\train\VAIPE-mosaic_VAIPE_P_954_0__VAIPE_P_954_1.jpg,4,train
data\public\pills-detection-dataset\images\train\VAIPE-mosaic_VAIPE_P_954_10__VAIPE_P_954_11.jpg,4,train
data\public\pills-detection-dataset\images\train\VAIPE-mosaic_VAIPE_P_954_12__VAIPE_P_954_13.jpg,4,train
data\public\pills-detection-dataset\images\train\VAIPE-mosaic_VAIPE_P_954_14__VAIPE_P_954_2.jpg,4,train
data\public\pills-detection-dataset\images\train\VAIPE-mosaic_VAIPE_P_954_5__VAIPE_P_954_6.jpg,4,train
data\public\pills-detection-dataset\images\train\VAIPE-mosaic_VAIPE_P_954_7__VAIPE_P_954_8.jpg,4,train
data\public\pills-detection-dataset\images\train\VAIPE-mosaic_VAIPE_P_954_9__VAIPE_P_955_0.jpg,4,train
data\public\pills-detection-dataset\images\train\VAIPE-mosaic_VAIPE_P_955_1__VAIPE_P_956_0.jpg,3,train
data\public\pills-detection-dataset\images\train\VAIPE-mosaic_VAIPE_P_957_0__VAIPE_P_958_0.jpg,2,train
data\public\pills-detection-dataset\images\train\VAIPE-mosaic_VAIPE_P_959_0__VAIPE_P_960_0.jpg,2,train
data\public\pills-detection-dataset\images\train\VAIPE-mosaic_VAIPE_P_962_1__VAIPE_P_962_3.jpg,4,train
data\public\pills-detection-dataset\images\train\VAIPE-mosaic_VAIPE_P_967_0__VAIPE_P_967_1.jpg,4,train
data\public\pills-detection-dataset\images\train\VAIPE-mosaic_VAIPE_P_968_2__VAIPE_P_968_3.jpg,4,train
data\public\pills-detection-dataset\images\train\VAIPE-mosaic_VAIPE_P_968_4__VAIPE_P_969_0.jpg,5,train
data\public\pills-detection-dataset\images\train\VAIPE-mosaic_VAIPE_P_969_1__VAIPE_P_969_2.jpg,6,train
data\public\pills-detection-dataset\images\train\VAIPE-mosaic_VAIPE_P_969_3__VAIPE_P_969_4.jpg,6,train
data\public\pills-detection-dataset\images\train\VAIPE-mosaic_VAIPE_P_969_5__VAIPE_P_969_6.jpg,6,train
data\public\pills-detection-dataset\images\train\VAIPE-mosaic_VAIPE_P_971_0__VAIPE_P_971_1.jpg,2,train
data\public\pills-detection-dataset\images\train\VAIPE-mosaic_VAIPE_P_971_4__VAIPE_P_971_5.jpg,2,train
data\public\pills-detection-dataset\images\train\VAIPE-mosaic_VAIPE_P_971_6__VAIPE_P_971_7.jpg,2,train
data\public\pills-detection-dataset\images\train\VAIPE-mosaic_VAIPE_P_974_0__VAIPE_P_976_3.jpg,4,train
data\public\pills-detection-dataset\images\train\VAIPE-mosaic_VAIPE_P_984_1__VAIPE_P_984_2.jpg,6,train
data\public\pills-detection-dataset\images\train\VAIPE-mosaic_VAIPE_P_984_3__VAIPE_P_984_4.jpg,6,train
data\public\pills-detection-dataset\images\train\VAIPE-mosaic_VAIPE_P_984_5__VAIPE_P_985_0.jpg,6,train
data\public\pills-detection-dataset\images\train\VAIPE-mosaic_VAIPE_P_985_3__VAIPE_P_985_4.jpg,6,train
data\public\pills-detection-dataset\images\train\VAIPE-mosaic_VAIPE_P_988_4__VAIPE_P_988_5.jpg,6,train
data\public\pills-detection-dataset\images\train\VAIPE-mosaic_VAIPE_P_988_6__VAIPE_P_989_0.jpg,4,train
data\public\pills-detection-dataset\images\train\VAIPE-mosaic_VAIPE_P_990_0__VAIPE_P_991_0.jpg,2,train
data\public\pills-detection-dataset\images\train\VAIPE-mosaic_VAIPE_P_995_0__VAIPE_P_996_0.jpg,2,train
data\public\pills-detection-dataset\images\train\VAIPE-mosaic_VAIPE_P_997_0__VAIPE_P_998_1.jpg,3,train
data\public\pills-detection-dataset\images\train\VAIPE-mosaic_VAIPE_P_998_4__VAIPE_P_999_0.jpg,6,train
data\public\pills-detection-dataset\images\train\VAIPE-mosaic_VAIPE_PI_114__VAIPE_PI_143.jpg,3,train
data\public\pills-detection-dataset\images\train\VAIPE-mosaic_VAIPE_PI_2359__VAIPE_PI_2413.jpg,6,train
data\public\pills-detection-dataset\images\train\VAIPE-mosaic_VAIPE_PI_2700__VAIPE_PI_3091.jpg,4,train
data\public\pills-detection-dataset\images\train\VAIPE-mosaic_VAIPE_PI_3293__VAIPE_PI_3340.jpg,3,train
data\public\pills-detection-dataset\images\train\VAIPE-mosaic_VAIPE_PI_3357__VAIPE_PI_3395.jpg,5,train
data\public\pills-detection-dataset\images\train\VAIPE-mosaic_VAIPE_PI_3560__VAIPE_PI_3736.jpg,6,train
data\public\pills-detection-dataset\images\train\VAIPE-mosaic_VAIPE_PI_5122__VAIPE_PI_5159.jpg,2,train
data\public\pills-detection-dataset\images\train\VAIPE-mosaic_VAIPE_PI_5325__VAIPE_PI_533.jpg,5,train
data\public\pills-detection-dataset\images\train\VAIPE-mosaic_VAIPE_PI_5745__VAIPE_PI_6100.jpg,3,train
data\public\pills-detection-dataset\images\train\VAIPE-mosaic_VAIPE_PI_6595__VAIPE_PI_6656.jpg,6,train
data\public\pills-detection-dataset\images\train\VAIPE-mosaic_VAIPE_PI_7135__VAIPE_PI_7150.jpg,6,train
data\public\pills-detection-dataset\images\train\VAIPE-mosaic_VAIPE_PI_7697__VAIPE_PI_808.jpg,3,train
data\public\pills-detection-dataset\images\train\VAIPE-mosaic_VAIPE_PI_8134__VAIPE_PI_830.jpg,5,train
data\public\pills-detection-dataset\images\train\VAIPE-mosaic_VAIPE_PI_8335__VAIPE_PI_8630.jpg,4,train
data\public\pills-detection-dataset\images\train\VAIPE-mosaic_VAIPE_PI_8971__VAIPE_PI_901.jpg,5,train
data\public\pills-detection-dataset\images\train\VAIPE-mosaic_VAIPE_PI_9213__VAIPE_PI_9385.jpg,4,train
data\public\pills-detection-dataset\images\train\VAIPE-mosaic_VAIPE_PI_9696__VAIPE_PI_9709.jpg,5,train
data\public\pills-detection-dataset\images\train\VAIPE-mosaic_VAIPE_PI_9748__VAIPE_P_1000_0.jpg,6,train
data\public\pills-detection-dataset\images\train\VAIPE-reannotated_TUMS_closeup_in_palm_of_hand-1296x728-header.jpg,2,train
data\public\pills-detection-dataset\images\train\VAIPE-reannotated_VAIPE_P_0_0.jpg,2,train
data\public\pills-detection-dataset\images\train\VAIPE-reannotated_VAIPE_P_0_14.jpg,3,train
data\public\pills-detection-dataset\images\train\VAIPE-reannotated_VAIPE_P_0_15.jpg,3,train
data\public\pills-detection-dataset\images\train\VAIPE-reannotated_VAIPE_P_0_16.jpg,2,train
data\public\pills-detection-dataset\images\train\VAIPE-reannotated_VAIPE_P_0_17.jpg,3,train
data\public\pills-detection-dataset\images\train\VAIPE-reannotated_VAIPE_P_0_18.jpg,3,train
data\public\pills-detection-dataset\images\train\VAIPE-reannotated_VAIPE_P_0_19.jpg,3,train
data\public\pills-detection-dataset\images\train\VAIPE-reannotated_VAIPE_P_0_20.jpg,2,train
data\public\pills-detection-dataset\images\train\VAIPE-reannotated_VAIPE_P_0_24.jpg,3,train
data\public\pills-detection-dataset\images\train\VAIPE-reannotated_VAIPE_P_0_25.jpg,3,train
data\public\pills-detection-dataset\images\train\VAIPE-reannotated_VAIPE_P_0_26.jpg,3,train
data\public\pills-detection-dataset\images\train\VAIPE-reannotated_VAIPE_P_0_27.jpg,3,train
data\public\pills-detection-dataset\images\train\VAIPE-reannotated_VAIPE_P_0_28.jpg,2,train
data\public\pills-detection-dataset\images\train\VAIPE-reannotated_VAIPE_P_0_3.jpg,2,train
data\public\pills-detection-dataset\images\train\VAIPE-reannotated_VAIPE_P_0_31.jpg,4,train
data\public\pills-detection-dataset\images\train\VAIPE-reannotated_VAIPE_P_0_5.jpg,3,train
data\public\pills-detection-dataset\images\train\VAIPE-reannotated_VAIPE_P_0_6.jpg,3,train
data\public\pills-detection-dataset\images\train\VAIPE-reannotated_VAIPE_P_0_7.jpg,3,train
data\public\pills-detection-dataset\images\train\VAIPE-reannotated_VAIPE_P_0_8.jpg,3,train
data\public\pills-detection-dataset\images\train\VAIPE-reannotated_VAIPE_P_0_9.jpg,3,train
data\public\pills-detection-dataset\images\train\VAIPE-reannotated_VAIPE_P_100_0.jpg,2,train
data\public\pills-detection-dataset\images\train\VAIPE-reannotated_VAIPE_P_100_2.jpg,1,train
data\public\pills-detection-dataset\images\train\VAIPE-reannotated_VAIPE_P_1012_9.jpg,3,train
data\public\pills-detection-dataset\images\train\VAIPE-reannotated_VAIPE_P_1016_5.jpg,1,train
data\public\pills-detection-dataset\images\train\VAIPE-reannotated_VAIPE_P_1018_0.jpg,4,train
data\public\pills-detection-dataset\images\train\VAIPE-reannotated_VAIPE_P_1019_0.jpg,4,train
data\public\pills-detection-dataset\images\train\VAIPE-reannotated_VAIPE_P_101_17.jpg,3,train
data\public\pills-detection-dataset\images\train\VAIPE-reannotated_VAIPE_P_101_5.jpg,2,train
data\public\pills-detection-dataset\images\train\VAIPE-reannotated_VAIPE_P_101_6.jpg,1,train
data\public\pills-detection-dataset\images\train\VAIPE-reannotated_VAIPE_P_1020_1.jpg,4,train
data\public\pills-detection-dataset\images\train\VAIPE-reannotated_VAIPE_P_1021_1.jpg,2,train
data\public\pills-detection-dataset\images\train\VAIPE-reannotated_VAIPE_P_1023_1.jpg,5,train
data\public\pills-detection-dataset\images\train\VAIPE-reannotated_VAIPE_P_1025_0.jpg,4,train
data\public\pills-detection-dataset\images\train\VAIPE-reannotated_VAIPE_P_1026_0.jpg,4,train
data\public\pills-detection-dataset\images\train\VAIPE-reannotated_VAIPE_P_1026_1.jpg,4,train
data\public\pills-detection-dataset\images\train\VAIPE-reannotated_VAIPE_P_1026_2.jpg,4,train
data\public\pills-detection-dataset\images\train\VAIPE-reannotated_VAIPE_P_102_13.jpg,3,train
data\public\pills-detection-dataset\images\train\VAIPE-reannotated_VAIPE_P_102_2.jpg,2,train
data\public\pills-detection-dataset\images\train\VAIPE-reannotated_VAIPE_P_102_20.jpg,6,train
data\public\pills-detection-dataset\images\train\VAIPE-reannotated_VAIPE_P_102_9.jpg,3,train
data\public\pills-detection-dataset\images\train\VAIPE-reannotated_VAIPE_P_1031_0.jpg,5,train
data\public\pills-detection-dataset\images\train\VAIPE-reannotated_VAIPE_P_1032_1.jpg,2,train
data\public\pills-detection-dataset\images\train\VAIPE-reannotated_VAIPE_P_1033_2.jpg,1,train
data\public\pills-detection-dataset\images\train\VAIPE-reannotated_VAIPE_P_1034_2.jpg,3,train
data\public\pills-detection-dataset\images\train\VAIPE-reannotated_VAIPE_P_1034_5.jpg,3,train
data\public\pills-detection-dataset\images\train\VAIPE-reannotated_VAIPE_P_1034_7.jpg,4,train
data\public\pills-detection-dataset\images\train\VAIPE-reannotated_VAIPE_P_1034_8.jpg,3,train
data\public\pills-detection-dataset\images\train\VAIPE-reannotated_VAIPE_P_1035_2.jpg,4,train
data\public\pills-detection-dataset\images\train\VAIPE-reannotated_VAIPE_P_1035_3.jpg,4,train
data\public\pills-detection-dataset\images\train\VAIPE-reannotated_VAIPE_P_1035_4.jpg,3,train
data\public\pills-detection-dataset\images\train\VAIPE-reannotated_VAIPE_P_1035_6.jpg,3,train
data\public\pills-detection-dataset\images\train\VAIPE-reannotated_VAIPE_P_1035_7.jpg,3,train
data\public\pills-detection-dataset\images\train\VAIPE-reannotated_VAIPE_P_1035_8.jpg,3,train
data\public\pills-detection-dataset\images\train\VAIPE-reannotated_VAIPE_P_1036_0.jpg,3,train
data\public\pills-detection-dataset\images\train\VAIPE-reannotated_VAIPE_P_1036_7.jpg,3,train
data\public\pills-detection-dataset\images\train\VAIPE-reannotated_VAIPE_P_1036_9.jpg,3,train
data\public\pills-detection-dataset\images\train\VAIPE-reannotated_VAIPE_P_1038_8.jpg,3,train
data\public\pills-detection-dataset\images\train\VAIPE-reannotated_VAIPE_P_103_11.jpg,1,train
data\public\pills-detection-dataset\images\train\VAIPE-reannotated_VAIPE_P_103_13.jpg,1,train
data\public\pills-detection-dataset\images\train\VAIPE-reannotated_VAIPE_P_103_18.jpg,1,train
data\public\pills-detection-dataset\images\train\VAIPE-reannotated_VAIPE_P_103_20.jpg,6,train
data\public\pills-detection-dataset\images\train\VAIPE-reannotated_VAIPE_P_103_23.jpg,5,train
data\public\pills-detection-dataset\images\train\VAIPE-reannotated_VAIPE_P_103_4.jpg,2,train
data\public\pills-detection-dataset\images\train\VAIPE-reannotated_VAIPE_P_1040_1.jpg,2,train
data\public\pills-detection-dataset\images\train\VAIPE-reannotated_VAIPE_P_1048_1.jpg,2,train
data\public\pills-detection-dataset\images\train\VAIPE-reannotated_VAIPE_P_104_1.jpg,6,train
data\public\pills-detection-dataset\images\train\VAIPE-reannotated_VAIPE_P_104_11.jpg,4,train
data\public\pills-detection-dataset\images\train\VAIPE-reannotated_VAIPE_P_104_12.jpg,4,train
data\public\pills-detection-dataset\images\train\VAIPE-reannotated_VAIPE_P_104_14.jpg,4,train
data\public\pills-detection-dataset\images\train\VAIPE-reannotated_VAIPE_P_104_15.jpg,4,train
data\public\pills-detection-dataset\images\train\VAIPE-reannotated_VAIPE_P_104_18.jpg,6,train
data\public\pills-detection-dataset\images\train\VAIPE-reannotated_VAIPE_P_104_20.jpg,6,train
data\public\pills-detection-dataset\images\train\VAIPE-reannotated_VAIPE_P_104_22.jpg,4,train
data\public\pills-detection-dataset\images\train\VAIPE-reannotated_VAIPE_P_104_23.jpg,6,train
data\public\pills-detection-dataset\images\train\VAIPE-reannotated_VAIPE_P_104_24.jpg,6,train
data\public\pills-detection-dataset\images\train\VAIPE-reannotated_VAIPE_P_104_7.jpg,4,train
data\public\pills-detection-dataset\images\train\VAIPE-reannotated_VAIPE_P_104_9.jpg,6,train
data\public\pills-detection-dataset\images\train\VAIPE-reannotated_VAIPE_P_1050_0.jpg,3,train
data\public\pills-detection-dataset\images\train\VAIPE-reannotated_VAIPE_P_1050_1.jpg,3,train
data\public\pills-detection-dataset\images\train\VAIPE-reannotated_VAIPE_P_1050_4.jpg,3,train
data\public\pills-detection-dataset\images\train\VAIPE-reannotated_VAIPE_P_1050_5.jpg,3,train
data\public\pills-detection-dataset\images\train\VAIPE-reannotated_VAIPE_P_1051_0.jpg,6,train
data\public\pills-detection-dataset\images\train\VAIPE-reannotated_VAIPE_P_1051_3.jpg,6,train
data\public\pills-detection-dataset\images\train\VAIPE-reannotated_VAIPE_P_1056_1.jpg,6,train
data\public\pills-detection-dataset\images\train\VAIPE-reannotated_VAIPE_P_1057_0.jpg,5,train
data\public\pills-detection-dataset\images\train\VAIPE-reannotated_VAIPE_P_1057_1.jpg,5,train
data\public\pills-detection-dataset\images\train\VAIPE-reannotated_VAIPE_P_1058_0.jpg,2,train
data\public\pills-detection-dataset\images\train\VAIPE-reannotated_VAIPE_P_1058_1.jpg,2,train
data\public\pills-detection-dataset\images\train\VAIPE-reannotated_VAIPE_P_1058_4.jpg,2,train
data\public\pills-detection-dataset\images\train\VAIPE-reannotated_VAIPE_P_1059_1.jpg,6,train
data\public\pills-detection-dataset\images\train\VAIPE-reannotated_VAIPE_P_1060_1.jpg,3,train
data\public\pills-detection-dataset\images\train\VAIPE-reannotated_VAIPE_P_1060_2.jpg,3,train
data\public\pills-detection-dataset\images\train\VAIPE-reannotated_VAIPE_P_1063_1.jpg,4,train
data\public\pills-detection-dataset\images\train\VAIPE-reannotated_VAIPE_P_1064_0.jpg,5,train
data\public\pills-detection-dataset\images\train\VAIPE-reannotated_VAIPE_P_1064_1.jpg,5,train
data\public\pills-detection-dataset\images\train\VAIPE-reannotated_VAIPE_P_1064_2.jpg,5,train
data\public\pills-detection-dataset\images\train\VAIPE-reannotated_VAIPE_P_1065_1.jpg,6,train
data\public\pills-detection-dataset\images\train\VAIPE-reannotated_VAIPE_P_106_0.jpg,3,train
data\public\pills-detection-dataset\images\train\VAIPE-reannotated_VAIPE_P_106_12.jpg,3,train
data\public\pills-detection-dataset\images\train\VAIPE-reannotated_VAIPE_P_106_14.jpg,3,train
data\public\pills-detection-dataset\images\train\VAIPE-reannotated_VAIPE_P_106_15.jpg,3,train
data\public\pills-detection-dataset\images\train\VAIPE-reannotated_VAIPE_P_106_16.jpg,3,train
data\public\pills-detection-dataset\images\train\VAIPE-reannotated_VAIPE_P_106_17.jpg,3,train
data\public\pills-detection-dataset\images\train\VAIPE-reannotated_VAIPE_P_106_19.jpg,3,train
data\public\pills-detection-dataset\images\train\VAIPE-reannotated_VAIPE_P_106_7.jpg,3,train
data\public\pills-detection-dataset\images\train\VAIPE-reannotated_VAIPE_P_106_8.jpg,3,train
data\public\pills-detection-dataset\images\train\VAIPE-reannotated_VAIPE_P_1073_1.jpg,5,train
data\public\pills-detection-dataset\images\train\VAIPE-reannotated_VAIPE_P_1073_3.jpg,5,train
data\public\pills-detection-dataset\images\train\VAIPE-reannotated_VAIPE_P_107_10.jpg,2,train
data\public\pills-detection-dataset\images\train\VAIPE-reannotated_VAIPE_P_107_12.jpg,4,train
data\public\pills-detection-dataset\images\train\VAIPE-reannotated_VAIPE_P_107_13.jpg,4,train
data\public\pills-detection-dataset\images\train\VAIPE-reannotated_VAIPE_P_107_9.jpg,2,train
data\public\pills-detection-dataset\images\train\VAIPE-reannotated_VAIPE_P_1080_0.jpg,6,train
data\public\pills-detection-dataset\images\train\VAIPE-reannotated_VAIPE_P_1081_0.jpg,3,train
data\public\pills-detection-dataset\images\train\VAIPE-reannotated_VAIPE_P_1083_1.jpg,4,train
data\public\pills-detection-dataset\images\train\VAIPE-reannotated_VAIPE_P_1084_0.jpg,4,train
data\public\pills-detection-dataset\images\train\VAIPE-reannotated_VAIPE_P_1084_1.jpg,4,train
data\public\pills-detection-dataset\images\train\VAIPE-reannotated_VAIPE_P_1084_2.jpg,4,train
data\public\pills-detection-dataset\images\train\VAIPE-reannotated_VAIPE_P_1084_3.jpg,4,train
data\public\pills-detection-dataset\images\train\VAIPE-reannotated_VAIPE_P_1089_0.jpg,6,train
data\public\pills-detection-dataset\images\train\VAIPE-reannotated_VAIPE_P_108_7.jpg,2,train
data\public\pills-detection-dataset\images\train\VAIPE-reannotated_VAIPE_P_1091_2.jpg,3,train
data\public\pills-detection-dataset\images\train\VAIPE-reannotated_VAIPE_P_1091_3.jpg,3,train
data\public\pills-detection-dataset\images\train\VAIPE-reannotated_VAIPE_P_1091_4.jpg,3,train
data\public\pills-detection-dataset\images\train\VAIPE-reannotated_VAIPE_P_1091_5.jpg,3,train
data\public\pills-detection-dataset\images\train\VAIPE-reannotated_VAIPE_P_1091_6.jpg,3,train
data\public\pills-detection-dataset\images\train\VAIPE-reannotated_VAIPE_P_1091_7.jpg,3,train
data\public\pills-detection-dataset\images\train\VAIPE-reannotated_VAIPE_P_1092_5.jpg,5,train
data\public\pills-detection-dataset\images\train\VAIPE-reannotated_VAIPE_P_1095_1.jpg,3,train
data\public\pills-detection-dataset\images\train\VAIPE-reannotated_VAIPE_P_1097_0.jpg,4,train
data\public\pills-detection-dataset\images\train\VAIPE-reannotated_VAIPE_P_1097_1.jpg,4,train
data\public\pills-detection-dataset\images\train\VAIPE-reannotated_VAIPE_P_1099_3.jpg,3,train
data\public\pills-detection-dataset\images\train\VAIPE-reannotated_VAIPE_P_1100_2.jpg,2,train
data\public\pills-detection-dataset\images\train\VAIPE-reannotated_VAIPE_P_1102_0.jpg,5,train
data\public\pills-detection-dataset\images\train\VAIPE-reannotated_VAIPE_P_1102_1.jpg,5,train
data\public\pills-detection-dataset\images\train\VAIPE-reannotated_VAIPE_P_1102_2.jpg,5,train
data\public\pills-detection-dataset\images\train\VAIPE-reannotated_VAIPE_P_1102_3.jpg,5,train
data\public\pills-detection-dataset\images\train\VAIPE-reannotated_VAIPE_P_1102_4.jpg,4,train
data\public\pills-detection-dataset\images\train\VAIPE-reannotated_VAIPE_P_1107_1.jpg,3,train
data\public\pills-detection-dataset\images\train\VAIPE-reannotated_VAIPE_P_1108_1.jpg,4,train
data\public\pills-detection-dataset\images\train\VAIPE-reannotated_VAIPE_P_1115_1.jpg,2,train
data\public\pills-detection-dataset\images\train\VAIPE-reannotated_VAIPE_P_1115_5.jpg,2,train
data\public\pills-detection-dataset\images\train\VAIPE-reannotated_VAIPE_P_1116_2.jpg,4,train
data\public\pills-detection-dataset\images\train\VAIPE-reannotated_VAIPE_P_1118_0.jpg,3,train
data\public\pills-detection-dataset\images\train\VAIPE-reannotated_VAIPE_P_1123_0.jpg,3,train
data\public\pills-detection-dataset\images\train\VAIPE-reannotated_VAIPE_P_1133_1.jpg,5,train
data\public\pills-detection-dataset\images\train\VAIPE-reannotated_VAIPE_P_1133_2.jpg,5,train
data\public\pills-detection-dataset\images\train\VAIPE-reannotated_VAIPE_P_1134_0.jpg,6,train
data\public\pills-detection-dataset\images\train\VAIPE-reannotated_VAIPE_P_1134_1.jpg,6,train
data\public\pills-detection-dataset\images\train\VAIPE-reannotated_VAIPE_P_1134_2.jpg,6,train
data\public\pills-detection-dataset\images\train\VAIPE-reannotated_VAIPE_P_1134_3.jpg,6,train
data\public\pills-detection-dataset\images\train\VAIPE-reannotated_VAIPE_P_1136_1.jpg,5,train
data\public\pills-detection-dataset\images\train\VAIPE-reannotated_VAIPE_P_113_0.jpg,3,train
data\public\pills-detection-dataset\images\train\VAIPE-reannotated_VAIPE_P_113_1.jpg,3,train
data\public\pills-detection-dataset\images\train\VAIPE-reannotated_VAIPE_P_113_2.jpg,3,train
data\public\pills-detection-dataset\images\train\VAIPE-reannotated_VAIPE_P_113_3.jpg,3,train
data\public\pills-detection-dataset\images\train\VAIPE-reannotated_VAIPE_P_113_4.jpg,3,train
data\public\pills-detection-dataset\images\train\VAIPE-reannotated_VAIPE_P_113_5.jpg,3,train
data\public\pills-detection-dataset\images\train\VAIPE-reannotated_VAIPE_P_113_6.jpg,3,train
data\public\pills-detection-dataset\images\train\VAIPE-reannotated_VAIPE_P_1141_0.jpg,3,train
data\public\pills-detection-dataset\images\train\VAIPE-reannotated_VAIPE_P_1145_0.jpg,6,train
data\public\pills-detection-dataset\images\train\VAIPE-reannotated_VAIPE_P_1145_1.jpg,5,train
data\public\pills-detection-dataset\images\train\VAIPE-reannotated_VAIPE_P_1145_2.jpg,5,train
data\public\pills-detection-dataset\images\train\VAIPE-reannotated_VAIPE_P_1145_3.jpg,4,train
data\public\pills-detection-dataset\images\train\VAIPE-reannotated_VAIPE_P_114_10.jpg,3,train
data\public\pills-detection-dataset\images\train\VAIPE-reannotated_VAIPE_P_114_2.jpg,3,train
data\public\pills-detection-dataset\images\train\VAIPE-reannotated_VAIPE_P_114_7.jpg,3,train
data\public\pills-detection-dataset\images\train\VAIPE-reannotated_VAIPE_P_1156_0.jpg,4,train
data\public\pills-detection-dataset\images\train\VAIPE-reannotated_VAIPE_P_1158_1.jpg,5,train
data\public\pills-detection-dataset\images\train\VAIPE-reannotated_VAIPE_P_1158_10.jpg,5,train
data\public\pills-detection-dataset\images\train\VAIPE-reannotated_VAIPE_P_1158_11.jpg,5,train
data\public\pills-detection-dataset\images\train\VAIPE-reannotated_VAIPE_P_1158_12.jpg,5,train
data\public\pills-detection-dataset\images\train\VAIPE-reannotated_VAIPE_P_1158_15.jpg,5,train
data\public\pills-detection-dataset\images\train\VAIPE-reannotated_VAIPE_P_1158_16.jpg,5,train
data\public\pills-detection-dataset\images\train\VAIPE-reannotated_VAIPE_P_1158_17.jpg,5,train
data\public\pills-detection-dataset\images\train\VAIPE-reannotated_VAIPE_P_1158_19.jpg,5,train
data\public\pills-detection-dataset\images\train\VAIPE-reannotated_VAIPE_P_1158_20.jpg,5,train
data\public\pills-detection-dataset\images\train\VAIPE-reannotated_VAIPE_P_1158_21.jpg,5,train
data\public\pills-detection-dataset\images\train\VAIPE-reannotated_VAIPE_P_1158_22.jpg,5,train
data\public\pills-detection-dataset\images\train\VAIPE-reannotated_VAIPE_P_1158_23.jpg,5,train
data\public\pills-detection-dataset\images\train\VAIPE-reannotated_VAIPE_P_1158_24.jpg,5,train
data\public\pills-detection-dataset\images\train\VAIPE-reannotated_VAIPE_P_1158_25.jpg,5,train
data\public\pills-detection-dataset\images\train\VAIPE-reannotated_VAIPE_P_1158_27.jpg,5,train
data\public\pills-detection-dataset\images\train\VAIPE-reannotated_VAIPE_P_1158_28.jpg,5,train
data\public\pills-detection-dataset\images\train\VAIPE-reannotated_VAIPE_P_1158_29.jpg,5,train
data\public\pills-detection-dataset\images\train\VAIPE-reannotated_VAIPE_P_1158_3.jpg,5,train
data\public\pills-detection-dataset\images\train\VAIPE-reannotated_VAIPE_P_1158_30.jpg,5,train
data\public\pills-detection-dataset\images\train\VAIPE-reannotated_VAIPE_P_1158_31.jpg,5,train
data\public\pills-detection-dataset\images\train\VAIPE-reannotated_VAIPE_P_1158_32.jpg,5,train
data\public\pills-detection-dataset\images\train\VAIPE-reannotated_VAIPE_P_1158_34.jpg,5,train
data\public\pills-detection-dataset\images\train\VAIPE-reannotated_VAIPE_P_1158_35.jpg,5,train
data\public\pills-detection-dataset\images\train\VAIPE-reannotated_VAIPE_P_1158_4.jpg,5,train
data\public\pills-detection-dataset\images\train\VAIPE-reannotated_VAIPE_P_1159_0.jpg,3,train
data\public\pills-detection-dataset\images\train\VAIPE-reannotated_VAIPE_P_1159_10.jpg,1,train
data\public\pills-detection-dataset\images\train\VAIPE-reannotated_VAIPE_P_1159_12.jpg,1,train
data\public\pills-detection-dataset\images\train\VAIPE-reannotated_VAIPE_P_1159_17.jpg,3,train
data\public\pills-detection-dataset\images\train\VAIPE-reannotated_VAIPE_P_1159_34.jpg,4,train
data\public\pills-detection-dataset\images\train\VAIPE-reannotated_VAIPE_P_1159_36.jpg,4,train
data\public\pills-detection-dataset\images\train\VAIPE-reannotated_VAIPE_P_1159_38.jpg,4,train
data\public\pills-detection-dataset\images\train\VAIPE-reannotated_VAIPE_P_1159_39.jpg,4,train
data\public\pills-detection-dataset\images\train\VAIPE-reannotated_VAIPE_P_1159_40.jpg,4,train
data\public\pills-detection-dataset\images\train\VAIPE-reannotated_VAIPE_P_1159_41.jpg,4,train
data\public\pills-detection-dataset\images\train\VAIPE-reannotated_VAIPE_P_1159_44.jpg,5,train
data\public\pills-detection-dataset\images\train\VAIPE-reannotated_VAIPE_P_1159_47.jpg,4,train
data\public\pills-detection-dataset\images\train\VAIPE-reannotated_VAIPE_P_1159_5.jpg,1,train
data\public\pills-detection-dataset\images\train\VAIPE-reannotated_VAIPE_P_1159_50.jpg,4,train
data\public\pills-detection-dataset\images\train\VAIPE-reannotated_VAIPE_P_1159_51.jpg,4,train
data\public\pills-detection-dataset\images\train\VAIPE-reannotated_VAIPE_P_1159_52.jpg,4,train
data\public\pills-detection-dataset\images\train\VAIPE-reannotated_VAIPE_P_1159_53.jpg,6,train
data\public\pills-detection-dataset\images\train\VAIPE-reannotated_VAIPE_P_1159_7.jpg,1,train
data\public\pills-detection-dataset\images\train\VAIPE-reannotated_VAIPE_P_1160_10.jpg,5,train
data\public\pills-detection-dataset\images\train\VAIPE-reannotated_VAIPE_P_1160_13.jpg,6,train
data\public\pills-detection-dataset\images\train\VAIPE-reannotated_VAIPE_P_1160_14.jpg,5,train
data\public\pills-detection-dataset\images\train\VAIPE-reannotated_VAIPE_P_1160_17.jpg,5,train
data\public\pills-detection-dataset\images\train\VAIPE-reannotated_VAIPE_P_1160_18.jpg,5,train
data\public\pills-detection-dataset\images\train\VAIPE-reannotated_VAIPE_P_1160_20.jpg,5,train
data\public\pills-detection-dataset\images\train\VAIPE-reannotated_VAIPE_P_1160_21.jpg,5,train
data\public\pills-detection-dataset\images\train\VAIPE-reannotated_VAIPE_P_1160_23.jpg,5,train
data\public\pills-detection-dataset\images\train\VAIPE-reannotated_VAIPE_P_1160_24.jpg,5,train
data\public\pills-detection-dataset\images\train\VAIPE-reannotated_VAIPE_P_1160_26.jpg,5,train
data\public\pills-detection-dataset\images\train\VAIPE-reannotated_VAIPE_P_1160_4.jpg,5,train
data\public\pills-detection-dataset\images\train\VAIPE-reannotated_VAIPE_P_1160_6.jpg,5,train
data\public\pills-detection-dataset\images\train\VAIPE-reannotated_VAIPE_P_1160_7.jpg,5,train
data\public\pills-detection-dataset\images\train\VAIPE-reannotated_VAIPE_P_1160_8.jpg,5,train
data\public\pills-detection-dataset\images\train\VAIPE-reannotated_VAIPE_P_1161_0.jpg,4,train
data\public\pills-detection-dataset\images\train\VAIPE-reannotated_VAIPE_P_1161_1.jpg,4,train
data\public\pills-detection-dataset\images\train\VAIPE-reannotated_VAIPE_P_1161_10.jpg,4,train
data\public\pills-detection-dataset\images\train\VAIPE-reannotated_VAIPE_P_1161_11.jpg,4,train
data\public\pills-detection-dataset\images\train\VAIPE-reannotated_VAIPE_P_1161_12.jpg,4,train
data\public\pills-detection-dataset\images\train\VAIPE-reannotated_VAIPE_P_1161_14.jpg,4,train
data\public\pills-detection-dataset\images\train\VAIPE-reannotated_VAIPE_P_1161_2.jpg,4,train
data\public\pills-detection-dataset\images\train\VAIPE-reannotated_VAIPE_P_1161_5.jpg,4,train
data\public\pills-detection-dataset\images\train\VAIPE-reannotated_VAIPE_P_1161_6.jpg,4,train
data\public\pills-detection-dataset\images\train\VAIPE-reannotated_VAIPE_P_1161_7.jpg,4,train
data\public\pills-detection-dataset\images\train\VAIPE-reannotated_VAIPE_P_1161_8.jpg,4,train
data\public\pills-detection-dataset\images\train\VAIPE-reannotated_VAIPE_P_1161_9.jpg,4,train
data\public\pills-detection-dataset\images\train\VAIPE-reannotated_VAIPE_P_1162_15.jpg,6,train
data\public\pills-detection-dataset\images\train\VAIPE-reannotated_VAIPE_P_1162_17.jpg,6,train
data\public\pills-detection-dataset\images\train\VAIPE-reannotated_VAIPE_P_1162_20.jpg,6,train
data\public\pills-detection-dataset\images\train\VAIPE-reannotated_VAIPE_P_1163_1.jpg,2,train
data\public\pills-detection-dataset\images\train\VAIPE-reannotated_VAIPE_P_1163_10.jpg,2,train
data\public\pills-detection-dataset\images\train\VAIPE-reannotated_VAIPE_P_1163_11.jpg,2,train
data\public\pills-detection-dataset\images\train\VAIPE-reannotated_VAIPE_P_1163_12.jpg,2,train
data\public\pills-detection-dataset\images\train\VAIPE-reannotated_VAIPE_P_1163_16.jpg,2,train
data\public\pills-detection-dataset\images\train\VAIPE-reannotated_VAIPE_P_1163_17.jpg,2,train
data\public\pills-detection-dataset\images\train\VAIPE-reannotated_VAIPE_P_1163_2.jpg,2,train
data\public\pills-detection-dataset\images\train\VAIPE-reannotated_VAIPE_P_1163_20.jpg,2,train
data\public\pills-detection-dataset\images\train\VAIPE-reannotated_VAIPE_P_1163_4.jpg,2,train
data\public\pills-detection-dataset\images\train\VAIPE-reannotated_VAIPE_P_1163_8.jpg,2,train
data\public\pills-detection-dataset\images\train\VAIPE-reannotated_VAIPE_P_1164_10.jpg,3,train
data\public\pills-detection-dataset\images\train\VAIPE-reannotated_VAIPE_P_1164_17.jpg,3,train
data\public\pills-detection-dataset\images\train\VAIPE-reannotated_VAIPE_P_1164_20.jpg,3,train
data\public\pills-detection-dataset\images\train\VAIPE-reannotated_VAIPE_P_1165_1.jpg,5,train
data\public\pills-detection-dataset\images\train\VAIPE-reannotated_VAIPE_P_1165_11.jpg,5,train
data\public\pills-detection-dataset\images\train\VAIPE-reannotated_VAIPE_P_1165_20.jpg,5,train
data\public\pills-detection-dataset\images\train\VAIPE-reannotated_VAIPE_P_1165_21.jpg,5,train
data\public\pills-detection-dataset\images\train\VAIPE-reannotated_VAIPE_P_1165_28.jpg,5,train
data\public\pills-detection-dataset\images\train\VAIPE-reannotated_VAIPE_P_1165_3.jpg,5,train
data\public\pills-detection-dataset\images\train\VAIPE-reannotated_VAIPE_P_1165_8.jpg,5,train
data\public\pills-detection-dataset\images\train\VAIPE-reannotated_VAIPE_P_1166_14.jpg,6,train
data\public\pills-detection-dataset\images\train\VAIPE-reannotated_VAIPE_P_1166_21.jpg,6,train
data\public\pills-detection-dataset\images\train\VAIPE-reannotated_VAIPE_P_1167_10.jpg,6,train
data\public\pills-detection-dataset\images\train\VAIPE-reannotated_VAIPE_P_1167_11.jpg,6,train
data\public\pills-detection-dataset\images\train\VAIPE-reannotated_VAIPE_P_1167_12.jpg,6,train
data\public\pills-detection-dataset\images\train\VAIPE-reannotated_VAIPE_P_1167_13.jpg,6,train
data\public\pills-detection-dataset\images\train\VAIPE-reannotated_VAIPE_P_1167_14.jpg,6,train
data\public\pills-detection-dataset\images\train\VAIPE-reannotated_VAIPE_P_1167_16.jpg,6,train
data\public\pills-detection-dataset\images\train\VAIPE-reannotated_VAIPE_P_1167_17.jpg,6,train
data\public\pills-detection-dataset\images\train\VAIPE-reannotated_VAIPE_P_1167_18.jpg,6,train
data\public\pills-detection-dataset\images\train\VAIPE-reannotated_VAIPE_P_1167_20.jpg,6,train
data\public\pills-detection-dataset\images\train\VAIPE-reannotated_VAIPE_P_1167_21.jpg,6,train
data\public\pills-detection-dataset\images\train\VAIPE-reannotated_VAIPE_P_1167_22.jpg,6,train
data\public\pills-detection-dataset\images\train\VAIPE-reannotated_VAIPE_P_1167_23.jpg,6,train
data\public\pills-detection-dataset\images\train\VAIPE-reannotated_VAIPE_P_1167_7.jpg,6,train
data\public\pills-detection-dataset\images\train\VAIPE-reannotated_VAIPE_P_1167_8.jpg,6,train
data\public\pills-detection-dataset\images\train\VAIPE-reannotated_VAIPE_P_1167_9.jpg,6,train
data\public\pills-detection-dataset\images\train\VAIPE-reannotated_VAIPE_P_1168_11.jpg,3,train
data\public\pills-detection-dataset\images\train\VAIPE-reannotated_VAIPE_P_1168_18.jpg,3,train
data\public\pills-detection-dataset\images\train\VAIPE-reannotated_VAIPE_P_1168_19.jpg,3,train
data\public\pills-detection-dataset\images\train\VAIPE-reannotated_VAIPE_P_1168_20.jpg,3,train
data\public\pills-detection-dataset\images\train\VAIPE-reannotated_VAIPE_P_1168_6.jpg,3,train
data\public\pills-detection-dataset\images\train\VAIPE-reannotated_VAIPE_P_1168_7.jpg,3,train
data\public\pills-detection-dataset\images\train\VAIPE-reannotated_VAIPE_P_1168_9.jpg,3,train
data\public\pills-detection-dataset\images\train\VAIPE-reannotated_VAIPE_P_1169_10.jpg,5,train
data\public\pills-detection-dataset\images\train\VAIPE-reannotated_VAIPE_P_1169_13.jpg,5,train
data\public\pills-detection-dataset\images\train\VAIPE-reannotated_VAIPE_P_1169_15.jpg,5,train
data\public\pills-detection-dataset\images\train\VAIPE-reannotated_VAIPE_P_1169_18.jpg,5,train
data\public\pills-detection-dataset\images\train\VAIPE-reannotated_VAIPE_P_1169_22.jpg,5,train
data\public\pills-detection-dataset\images\train\VAIPE-reannotated_VAIPE_P_1169_4.jpg,5,train
data\public\pills-detection-dataset\images\train\VAIPE-reannotated_VAIPE_P_1169_6.jpg,5,train
data\public\pills-detection-dataset\images\train\VAIPE-reannotated_VAIPE_P_1169_8.jpg,5,train
data\public\pills-detection-dataset\images\train\VAIPE-reannotated_VAIPE_P_116_7.jpg,4,train
data\public\pills-detection-dataset\images\train\VAIPE-reannotated_VAIPE_P_1170_10.jpg,4,train
data\public\pills-detection-dataset\images\train\VAIPE-reannotated_VAIPE_P_1170_17.jpg,4,train
data\public\pills-detection-dataset\images\train\VAIPE-reannotated_VAIPE_P_1170_20.jpg,4,train
data\public\pills-detection-dataset\images\train\VAIPE-reannotated_VAIPE_P_1170_4.jpg,4,train
data\public\pills-detection-dataset\images\train\VAIPE-reannotated_VAIPE_P_1170_5.jpg,4,train
data\public\pills-detection-dataset\images\train\VAIPE-reannotated_VAIPE_P_1170_6.jpg,4,train
data\public\pills-detection-dataset\images\train\VAIPE-reannotated_VAIPE_P_1170_8.jpg,4,train
data\public\pills-detection-dataset\images\train\VAIPE-reannotated_VAIPE_P_1170_9.jpg,4,train
data\public\pills-detection-dataset\images\train\VAIPE-reannotated_VAIPE_P_1171_0.jpg,3,train
data\public\pills-detection-dataset\images\train\VAIPE-reannotated_VAIPE_P_118_45.jpg,5,train
data\public\pills-detection-dataset\images\train\VAIPE-reannotated_VAIPE_P_119_3.jpg,4,train
data\public\pills-detection-dataset\images\train\VAIPE-reannotated_VAIPE_P_119_6.jpg,1,train
data\public\pills-detection-dataset\images\train\VAIPE-reannotated_VAIPE_P_120_7.jpg,4,train
data\public\pills-detection-dataset\images\train\VAIPE-reannotated_VAIPE_P_120_8.jpg,4,train
data\public\pills-detection-dataset\images\train\VAIPE-reannotated_VAIPE_P_121_1.jpg,2,train
data\public\pills-detection-dataset\images\train\VAIPE-reannotated_VAIPE_P_123_1.jpg,4,train
data\public\pills-detection-dataset\images\train\VAIPE-reannotated_VAIPE_P_123_11.jpg,4,train
data\public\pills-detection-dataset\images\train\VAIPE-reannotated_VAIPE_P_123_12.jpg,5,train
data\public\pills-detection-dataset\images\train\VAIPE-reannotated_VAIPE_P_123_3.jpg,4,train
data\public\pills-detection-dataset\images\train\VAIPE-reannotated_VAIPE_P_123_4.jpg,4,train
data\public\pills-detection-dataset\images\train\VAIPE-reannotated_VAIPE_P_123_5.jpg,4,train
data\public\pills-detection-dataset\images\train\VAIPE-reannotated_VAIPE_P_123_9.jpg,4,train
data\public\pills-detection-dataset\images\train\VAIPE-reannotated_VAIPE_P_124_0.jpg,5,train
data\public\pills-detection-dataset\images\train\VAIPE-reannotated_VAIPE_P_124_1.jpg,5,train
data\public\pills-detection-dataset\images\train\VAIPE-reannotated_VAIPE_P_124_11.jpg,5,train
data\public\pills-detection-dataset\images\train\VAIPE-reannotated_VAIPE_P_124_12.jpg,5,train
data\public\pills-detection-dataset\images\train\VAIPE-reannotated_VAIPE_P_124_15.jpg,5,train
data\public\pills-detection-dataset\images\train\VAIPE-reannotated_VAIPE_P_124_2.jpg,5,train
data\public\pills-detection-dataset\images\train\VAIPE-reannotated_VAIPE_P_124_8.jpg,5,train
data\public\pills-detection-dataset\images\train\VAIPE-reannotated_VAIPE_P_125_15.jpg,2,train
data\public\pills-detection-dataset\images\train\VAIPE-reannotated_VAIPE_P_125_2.jpg,2,train
data\public\pills-detection-dataset\images\train\VAIPE-reannotated_VAIPE_P_125_21.jpg,2,train
data\public\pills-detection-dataset\images\train\VAIPE-reannotated_VAIPE_P_125_5.jpg,2,train
data\public\pills-detection-dataset\images\train\VAIPE-reannotated_VAIPE_P_125_9.jpg,2,train
data\public\pills-detection-dataset\images\train\VAIPE-reannotated_VAIPE_P_126_16.jpg,5,train
data\public\pills-detection-dataset\images\train\VAIPE-reannotated_VAIPE_P_126_3.jpg,5,train
data\public\pills-detection-dataset\images\train\VAIPE-reannotated_VAIPE_P_126_8.jpg,4,train
data\public\pills-detection-dataset\images\train\VAIPE-reannotated_VAIPE_P_128_1.jpg,4,train
data\public\pills-detection-dataset\images\train\VAIPE-reannotated_VAIPE_P_128_3.jpg,4,train
data\public\pills-detection-dataset\images\train\VAIPE-reannotated_VAIPE_P_128_5.jpg,5,train
data\public\pills-detection-dataset\images\train\VAIPE-reannotated_VAIPE_P_129_9.jpg,4,train
data\public\pills-detection-dataset\images\train\VAIPE-reannotated_VAIPE_P_132_8.jpg,6,train
data\public\pills-detection-dataset\images\train\VAIPE-reannotated_VAIPE_P_136_10.jpg,6,train
data\public\pills-detection-dataset\images\train\VAIPE-reannotated_VAIPE_P_136_3.jpg,4,train
data\public\pills-detection-dataset\images\train\VAIPE-reannotated_VAIPE_P_136_6.jpg,2,train
data\public\pills-detection-dataset\images\train\VAIPE-reannotated_VAIPE_P_137_11.jpg,5,train
data\public\pills-detection-dataset\images\train\VAIPE-reannotated_VAIPE_P_137_12.jpg,6,train
data\public\pills-detection-dataset\images\train\VAIPE-reannotated_VAIPE_P_137_14.jpg,3,train
data\public\pills-detection-dataset\images\train\VAIPE-reannotated_VAIPE_P_137_9.jpg,2,train
data\public\pills-detection-dataset\images\train\VAIPE-reannotated_VAIPE_P_138_18.jpg,2,train
data\public\pills-detection-dataset\images\train\VAIPE-reannotated_VAIPE_P_138_26.jpg,2,train
data\public\pills-detection-dataset\images\train\VAIPE-reannotated_VAIPE_P_140_1.jpg,3,train
data\public\pills-detection-dataset\images\train\VAIPE-reannotated_VAIPE_P_140_3.jpg,3,train
data\public\pills-detection-dataset\images\train\VAIPE-reannotated_VAIPE_P_141_0.jpg,6,train
data\public\pills-detection-dataset\images\train\VAIPE-reannotated_VAIPE_P_141_1.jpg,6,train
data\public\pills-detection-dataset\images\train\VAIPE-reannotated_VAIPE_P_141_3.jpg,6,train
data\public\pills-detection-dataset\images\train\VAIPE-reannotated_VAIPE_P_142_2.jpg,6,train
data\public\pills-detection-dataset\images\train\VAIPE-reannotated_VAIPE_P_144_0.jpg,2,train
data\public\pills-detection-dataset\images\train\VAIPE-reannotated_VAIPE_P_144_24.jpg,2,train
data\public\pills-detection-dataset\images\train\VAIPE-reannotated_VAIPE_P_144_56.jpg,2,train
data\public\pills-detection-dataset\images\train\VAIPE-reannotated_VAIPE_P_144_57.jpg,2,train
data\public\pills-detection-dataset\images\train\VAIPE-reannotated_VAIPE_P_144_6.jpg,2,train
data\public\pills-detection-dataset\images\train\VAIPE-reannotated_VAIPE_P_144_60.jpg,2,train
data\public\pills-detection-dataset\images\train\VAIPE-reannotated_VAIPE_P_144_8.jpg,2,train
data\public\pills-detection-dataset\images\train\VAIPE-reannotated_VAIPE_P_145_12.jpg,2,train
data\public\pills-detection-dataset\images\train\VAIPE-reannotated_VAIPE_P_145_18.jpg,2,train
data\public\pills-detection-dataset\images\train\VAIPE-reannotated_VAIPE_P_145_21.jpg,2,train
data\public\pills-detection-dataset\images\train\VAIPE-reannotated_VAIPE_P_145_23.jpg,2,train
data\public\pills-detection-dataset\images\train\VAIPE-reannotated_VAIPE_P_145_29.jpg,6,train
data\public\pills-detection-dataset\images\train\VAIPE-reannotated_VAIPE_P_145_30.jpg,5,train
data\public\pills-detection-dataset\images\train\VAIPE-reannotated_VAIPE_P_145_8.jpg,2,train
data\public\pills-detection-dataset\images\train\VAIPE-reannotated_VAIPE_P_145_9.jpg,2,train
data\public\pills-detection-dataset\images\train\VAIPE-reannotated_VAIPE_P_146_11.jpg,3,train
data\public\pills-detection-dataset\images\train\VAIPE-reannotated_VAIPE_P_146_12.jpg,2,train
data\public\pills-detection-dataset\images\train\VAIPE-reannotated_VAIPE_P_146_16.jpg,3,train
data\public\pills-detection-dataset\images\train\VAIPE-reannotated_VAIPE_P_146_17.jpg,3,train
data\public\pills-detection-dataset\images\train\VAIPE-reannotated_VAIPE_P_146_18.jpg,2,train
data\public\pills-detection-dataset\images\train\VAIPE-reannotated_VAIPE_P_146_4.jpg,3,train
data\public\pills-detection-dataset\images\train\VAIPE-reannotated_VAIPE_P_147_5.jpg,4,train
data\public\pills-detection-dataset\images\train\VAIPE-reannotated_VAIPE_P_148_0.jpg,4,train
data\public\pills-detection-dataset\images\train\VAIPE-reannotated_VAIPE_P_148_4.jpg,4,train
data\public\pills-detection-dataset\images\train\VAIPE-reannotated_VAIPE_P_148_6.jpg,6,train
data\public\pills-detection-dataset\images\train\VAIPE-reannotated_VAIPE_P_149_0.jpg,3,train
data\public\pills-detection-dataset\images\train\VAIPE-reannotated_VAIPE_P_150_0.jpg,4,train
data\public\pills-detection-dataset\images\train\VAIPE-reannotated_VAIPE_P_152_1.jpg,4,train
data\public\pills-detection-dataset\images\train\VAIPE-reannotated_VAIPE_P_153_0.jpg,3,train
data\public\pills-detection-dataset\images\train\VAIPE-reannotated_VAIPE_P_153_4.jpg,3,train
data\public\pills-detection-dataset\images\train\VAIPE-reannotated_VAIPE_P_154_0.jpg,1,train
data\public\pills-detection-dataset\images\train\VAIPE-reannotated_VAIPE_P_154_2.jpg,1,train
data\public\pills-detection-dataset\images\train\VAIPE-reannotated_VAIPE_P_154_3.jpg,1,train
data\public\pills-detection-dataset\images\train\VAIPE-reannotated_VAIPE_P_154_5.jpg,1,train
data\public\pills-detection-dataset\images\train\VAIPE-reannotated_VAIPE_P_155_11.jpg,6,train
data\public\pills-detection-dataset\images\train\VAIPE-reannotated_VAIPE_P_155_12.jpg,5,train
data\public\pills-detection-dataset\images\train\VAIPE-reannotated_VAIPE_P_155_2.jpg,1,train
data\public\pills-detection-dataset\images\train\VAIPE-reannotated_VAIPE_P_155_3.jpg,1,train
data\public\pills-detection-dataset\images\train\VAIPE-reannotated_VAIPE_P_155_6.jpg,1,train
data\public\pills-detection-dataset\images\train\VAIPE-reannotated_VAIPE_P_155_7.jpg,1,train
data\public\pills-detection-dataset\images\train\VAIPE-reannotated_VAIPE_P_155_9.jpg,6,train
data\public\pills-detection-dataset\images\train\VAIPE-reannotated_VAIPE_P_157_2.jpg,5,train
data\public\pills-detection-dataset\images\train\VAIPE-reannotated_VAIPE_P_158_2.jpg,6,train
data\public\pills-detection-dataset\images\train\VAIPE-reannotated_VAIPE_P_159_1.jpg,6,train
data\public\pills-detection-dataset\images\train\VAIPE-reannotated_VAIPE_P_160_2.jpg,3,train
data\public\pills-detection-dataset\images\train\VAIPE-reannotated_VAIPE_P_161_2.jpg,6,train
data\public\pills-detection-dataset\images\train\VAIPE-reannotated_VAIPE_P_164_3.jpg,6,train
data\public\pills-detection-dataset\images\train\VAIPE-reannotated_VAIPE_P_164_4.jpg,6,train
data\public\pills-detection-dataset\images\train\VAIPE-reannotated_VAIPE_P_165_1.jpg,4,train
data\public\pills-detection-dataset\images\train\VAIPE-reannotated_VAIPE_P_166_34.jpg,5,train
data\public\pills-detection-dataset\images\train\VAIPE-reannotated_VAIPE_P_166_35.jpg,5,train
data\public\pills-detection-dataset\images\train\VAIPE-reannotated_VAIPE_P_167_0.jpg,4,train
data\public\pills-detection-dataset\images\train\VAIPE-reannotated_VAIPE_P_167_1.jpg,4,train
data\public\pills-detection-dataset\images\train\VAIPE-reannotated_VAIPE_P_167_10.jpg,4,train
data\public\pills-detection-dataset\images\train\VAIPE-reannotated_VAIPE_P_167_11.jpg,4,train
data\public\pills-detection-dataset\images\train\VAIPE-reannotated_VAIPE_P_167_14.jpg,4,train
data\public\pills-detection-dataset\images\train\VAIPE-reannotated_VAIPE_P_167_15.jpg,4,train
data\public\pills-detection-dataset\images\train\VAIPE-reannotated_VAIPE_P_167_16.jpg,6,train
data\public\pills-detection-dataset\images\train\VAIPE-reannotated_VAIPE_P_167_18.jpg,6,train
data\public\pills-detection-dataset\images\train\VAIPE-reannotated_VAIPE_P_167_2.jpg,4,train
data\public\pills-detection-dataset\images\train\VAIPE-reannotated_VAIPE_P_167_4.jpg,4,train
data\public\pills-detection-dataset\images\train\VAIPE-reannotated_VAIPE_P_167_5.jpg,4,train
data\public\pills-detection-dataset\images\train\VAIPE-reannotated_VAIPE_P_167_8.jpg,4,train
data\public\pills-detection-dataset\images\train\VAIPE-reannotated_VAIPE_P_167_9.jpg,4,train
data\public\pills-detection-dataset\images\train\VAIPE-reannotated_VAIPE_P_168_1.jpg,3,train
data\public\pills-detection-dataset\images\train\VAIPE-reannotated_VAIPE_P_168_15.jpg,3,train
data\public\pills-detection-dataset\images\train\VAIPE-reannotated_VAIPE_P_168_2.jpg,3,train
data\public\pills-detection-dataset\images\train\VAIPE-reannotated_VAIPE_P_168_21.jpg,3,train
data\public\pills-detection-dataset\images\train\VAIPE-reannotated_VAIPE_P_168_22.jpg,3,train
data\public\pills-detection-dataset\images\train\VAIPE-reannotated_VAIPE_P_168_24.jpg,3,train
data\public\pills-detection-dataset\images\train\VAIPE-reannotated_VAIPE_P_168_26.jpg,3,train
data\public\pills-detection-dataset\images\train\VAIPE-reannotated_VAIPE_P_168_30.jpg,3,train
data\public\pills-detection-dataset\images\train\VAIPE-reannotated_VAIPE_P_168_35.jpg,1,train
data\public\pills-detection-dataset\images\train\VAIPE-reannotated_VAIPE_P_168_36.jpg,3,train
data\public\pills-detection-dataset\images\train\VAIPE-reannotated_VAIPE_P_168_39.jpg,3,train
data\public\pills-detection-dataset\images\train\VAIPE-reannotated_VAIPE_P_168_42.jpg,3,train
data\public\pills-detection-dataset\images\train\VAIPE-reannotated_VAIPE_P_168_51.jpg,3,train
data\public\pills-detection-dataset\images\train\VAIPE-reannotated_VAIPE_P_168_56.jpg,3,train
data\public\pills-detection-dataset\images\train\VAIPE-reannotated_VAIPE_P_168_59.jpg,3,train
data\public\pills-detection-dataset\images\train\VAIPE-reannotated_VAIPE_P_168_8.jpg,3,train
data\public\pills-detection-dataset\images\train\VAIPE-reannotated_VAIPE_P_170_7.jpg,5,train
data\public\pills-detection-dataset\images\train\VAIPE-reannotated_VAIPE_P_171_7.jpg,6,train
data\public\pills-detection-dataset\images\train\VAIPE-reannotated_VAIPE_P_175_0.jpg,2,train
data\public\pills-detection-dataset\images\train\VAIPE-reannotated_VAIPE_P_177_1.jpg,2,train
data\public\pills-detection-dataset\images\train\VAIPE-reannotated_VAIPE_P_178_3.jpg,2,train
data\public\pills-detection-dataset\images\train\VAIPE-reannotated_VAIPE_P_179_4.jpg,3,train
data\public\pills-detection-dataset\images\train\VAIPE-reannotated_VAIPE_P_17_1.jpg,5,train
data\public\pills-detection-dataset\images\train\VAIPE-reannotated_VAIPE_P_180_22.jpg,4,train
data\public\pills-detection-dataset\images\train\VAIPE-reannotated_VAIPE_P_180_23.jpg,4,train
data\public\pills-detection-dataset\images\train\VAIPE-reannotated_VAIPE_P_180_47.jpg,6,train
data\public\pills-detection-dataset\images\train\VAIPE-reannotated_VAIPE_P_181_19.jpg,4,train
data\public\pills-detection-dataset\images\train\VAIPE-reannotated_VAIPE_P_181_2.jpg,1,train
data\public\pills-detection-dataset\images\train\VAIPE-reannotated_VAIPE_P_181_7.jpg,1,train
data\public\pills-detection-dataset\images\train\VAIPE-reannotated_VAIPE_P_182_12.jpg,4,train
data\public\pills-detection-dataset\images\train\VAIPE-reannotated_VAIPE_P_182_15.jpg,4,train
data\public\pills-detection-dataset\images\train\VAIPE-reannotated_VAIPE_P_182_4.jpg,4,train
data\public\pills-detection-dataset\images\train\VAIPE-reannotated_VAIPE_P_184_9.jpg,6,train
data\public\pills-detection-dataset\images\train\VAIPE-reannotated_VAIPE_P_186_12.jpg,4,train
data\public\pills-detection-dataset\images\train\VAIPE-reannotated_VAIPE_P_186_4.jpg,6,train
data\public\pills-detection-dataset\images\train\VAIPE-reannotated_VAIPE_P_187_12.jpg,6,train
data\public\pills-detection-dataset\images\train\VAIPE-reannotated_VAIPE_P_188_0.jpg,2,train
data\public\pills-detection-dataset\images\train\VAIPE-reannotated_VAIPE_P_188_1.jpg,2,train
data\public\pills-detection-dataset\images\train\VAIPE-reannotated_VAIPE_P_188_10.jpg,2,train
data\public\pills-detection-dataset\images\train\VAIPE-reannotated_VAIPE_P_188_11.jpg,2,train
data\public\pills-detection-dataset\images\train\VAIPE-reannotated_VAIPE_P_188_12.jpg,2,train
data\public\pills-detection-dataset\images\train\VAIPE-reannotated_VAIPE_P_188_13.jpg,2,train
data\public\pills-detection-dataset\images\train\VAIPE-reannotated_VAIPE_P_188_14.jpg,2,train
data\public\pills-detection-dataset\images\train\VAIPE-reannotated_VAIPE_P_188_16.jpg,2,train
data\public\pills-detection-dataset\images\train\VAIPE-reannotated_VAIPE_P_188_17.jpg,2,train
data\public\pills-detection-dataset\images\train\VAIPE-reannotated_VAIPE_P_188_18.jpg,2,train
data\public\pills-detection-dataset\images\train\VAIPE-reannotated_VAIPE_P_188_19.jpg,2,train
data\public\pills-detection-dataset\images\train\VAIPE-reannotated_VAIPE_P_188_2.jpg,2,train
data\public\pills-detection-dataset\images\train\VAIPE-reannotated_VAIPE_P_188_20.jpg,6,train
data\public\pills-detection-dataset\images\train\VAIPE-reannotated_VAIPE_P_188_5.jpg,2,train
data\public\pills-detection-dataset\images\train\VAIPE-reannotated_VAIPE_P_188_7.jpg,2,train
data\public\pills-detection-dataset\images\train\VAIPE-reannotated_VAIPE_P_188_8.jpg,2,train
data\public\pills-detection-dataset\images\train\VAIPE-reannotated_VAIPE_P_188_9.jpg,2,train
data\public\pills-detection-dataset\images\train\VAIPE-reannotated_VAIPE_P_189_6.jpg,6,train
data\public\pills-detection-dataset\images\train\VAIPE-reannotated_VAIPE_P_190_30.jpg,6,train
data\public\pills-detection-dataset\images\train\VAIPE-reannotated_VAIPE_P_192_11.jpg,6,train
data\public\pills-detection-dataset\images\train\VAIPE-reannotated_VAIPE_P_192_3.jpg,4,train
data\public\pills-detection-dataset\images\train\VAIPE-reannotated_VAIPE_P_197_2.jpg,2,train
data\public\pills-detection-dataset\images\train\VAIPE-reannotated_VAIPE_P_198_11.jpg,6,train
data\public\pills-detection-dataset\images\train\VAIPE-reannotated_VAIPE_P_198_2.jpg,2,train
data\public\pills-detection-dataset\images\train\VAIPE-reannotated_VAIPE_P_19_1.jpg,6,train
data\public\pills-detection-dataset\images\train\VAIPE-reannotated_VAIPE_P_19_5.jpg,6,train
data\public\pills-detection-dataset\images\train\VAIPE-reannotated_VAIPE_P_1_1.jpg,3,train
data\public\pills-detection-dataset\images\train\VAIPE-reannotated_VAIPE_P_1_12.jpg,2,train
data\public\pills-detection-dataset\images\train\VAIPE-reannotated_VAIPE_P_1_13.jpg,3,train
data\public\pills-detection-dataset\images\train\VAIPE-reannotated_VAIPE_P_1_15.jpg,3,train
data\public\pills-detection-dataset\images\train\VAIPE-reannotated_VAIPE_P_1_18.jpg,2,train
data\public\pills-detection-dataset\images\train\VAIPE-reannotated_VAIPE_P_1_19.jpg,2,train
data\public\pills-detection-dataset\images\train\VAIPE-reannotated_VAIPE_P_1_20.jpg,3,train
data\public\pills-detection-dataset\images\train\VAIPE-reannotated_VAIPE_P_1_21.jpg,2,train
data\public\pills-detection-dataset\images\train\VAIPE-reannotated_VAIPE_P_1_24.jpg,3,train
data\public\pills-detection-dataset\images\train\VAIPE-reannotated_VAIPE_P_1_26.jpg,2,train
data\public\pills-detection-dataset\images\train\VAIPE-reannotated_VAIPE_P_1_29.jpg,3,train
data\public\pills-detection-dataset\images\train\VAIPE-reannotated_VAIPE_P_1_3.jpg,3,train
data\public\pills-detection-dataset\images\train\VAIPE-reannotated_VAIPE_P_1_31.jpg,2,train
data\public\pills-detection-dataset\images\train\VAIPE-reannotated_VAIPE_P_1_33.jpg,2,train
data\public\pills-detection-dataset\images\train\VAIPE-reannotated_VAIPE_P_1_35.jpg,3,train
data\public\pills-detection-dataset\images\train\VAIPE-reannotated_VAIPE_P_1_5.jpg,1,train
data\public\pills-detection-dataset\images\train\VAIPE-reannotated_VAIPE_P_1_6.jpg,2,train
data\public\pills-detection-dataset\images\train\VAIPE-reannotated_VAIPE_P_1_7.jpg,2,train
data\public\pills-detection-dataset\images\train\VAIPE-reannotated_VAIPE_P_201_7.jpg,3,train
data\public\pills-detection-dataset\images\train\VAIPE-reannotated_VAIPE_P_201_9.jpg,6,train
data\public\pills-detection-dataset\images\train\VAIPE-reannotated_VAIPE_P_202_1.jpg,3,train
data\public\pills-detection-dataset\images\train\VAIPE-reannotated_VAIPE_P_202_9.jpg,3,train
data\public\pills-detection-dataset\images\train\VAIPE-reannotated_VAIPE_P_205_2.jpg,3,train
data\public\pills-detection-dataset\images\train\VAIPE-reannotated_VAIPE_P_206_0.jpg,3,train
data\public\pills-detection-dataset\images\train\VAIPE-reannotated_VAIPE_P_207_1.jpg,3,train
data\public\pills-detection-dataset\images\train\VAIPE-reannotated_VAIPE_P_207_5.jpg,6,train
data\public\pills-detection-dataset\images\train\VAIPE-reannotated_VAIPE_P_208_0.jpg,3,train
data\public\pills-detection-dataset\images\train\VAIPE-reannotated_VAIPE_P_208_1.jpg,1,train
data\public\pills-detection-dataset\images\train\VAIPE-reannotated_VAIPE_P_208_2.jpg,3,train
data\public\pills-detection-dataset\images\train\VAIPE-reannotated_VAIPE_P_209_12.jpg,4,train
data\public\pills-detection-dataset\images\train\VAIPE-reannotated_VAIPE_P_210_16.jpg,4,train
data\public\pills-detection-dataset\images\train\VAIPE-reannotated_VAIPE_P_210_18.jpg,4,train
data\public\pills-detection-dataset\images\train\VAIPE-reannotated_VAIPE_P_210_6.jpg,4,train
data\public\pills-detection-dataset\images\train\VAIPE-reannotated_VAIPE_P_212_2.jpg,2,train
data\public\pills-detection-dataset\images\train\VAIPE-reannotated_VAIPE_P_213_7.jpg,2,train
data\public\pills-detection-dataset\images\train\VAIPE-reannotated_VAIPE_P_218_13.jpg,1,train
data\public\pills-detection-dataset\images\train\VAIPE-reannotated_VAIPE_P_218_20.jpg,6,train
data\public\pills-detection-dataset\images\train\VAIPE-reannotated_VAIPE_P_218_9.jpg,1,train
data\public\pills-detection-dataset\images\train\VAIPE-reannotated_VAIPE_P_219_1.jpg,5,train
data\public\pills-detection-dataset\images\train\VAIPE-reannotated_VAIPE_P_219_3.jpg,5,train
data\public\pills-detection-dataset\images\train\VAIPE-reannotated_VAIPE_P_219_8.jpg,5,train
data\public\pills-detection-dataset\images\train\VAIPE-reannotated_VAIPE_P_21_6.jpg,2,train
data\public\pills-detection-dataset\images\train\VAIPE-reannotated_VAIPE_P_220_16.jpg,6,train
data\public\pills-detection-dataset\images\train\VAIPE-reannotated_VAIPE_P_221_18.jpg,3,train
data\public\pills-detection-dataset\images\train\VAIPE-reannotated_VAIPE_P_221_2.jpg,3,train
data\public\pills-detection-dataset\images\train\VAIPE-reannotated_VAIPE_P_221_20.jpg,3,train
data\public\pills-detection-dataset\images\train\VAIPE-reannotated_VAIPE_P_221_27.jpg,3,train
data\public\pills-detection-dataset\images\train\VAIPE-reannotated_VAIPE_P_221_3.jpg,3,train
data\public\pills-detection-dataset\images\train\VAIPE-reannotated_VAIPE_P_221_4.jpg,3,train
data\public\pills-detection-dataset\images\train\VAIPE-reannotated_VAIPE_P_221_9.jpg,3,train
data\public\pills-detection-dataset\images\train\VAIPE-reannotated_VAIPE_P_222_4.jpg,5,train
data\public\pills-detection-dataset\images\train\VAIPE-reannotated_VAIPE_P_225_2.jpg,5,train
data\public\pills-detection-dataset\images\train\VAIPE-reannotated_VAIPE_P_227_3.jpg,3,train
data\public\pills-detection-dataset\images\train\VAIPE-reannotated_VAIPE_P_22_11.jpg,6,train
data\public\pills-detection-dataset\images\train\VAIPE-reannotated_VAIPE_P_22_3.jpg,3,train
data\public\pills-detection-dataset\images\train\VAIPE-reannotated_VAIPE_P_22_4.jpg,3,train
data\public\pills-detection-dataset\images\train\VAIPE-reannotated_VAIPE_P_22_6.jpg,3,train
data\public\pills-detection-dataset\images\train\VAIPE-reannotated_VAIPE_P_22_9.jpg,4,train
data\public\pills-detection-dataset\images\train\VAIPE-reannotated_VAIPE_P_230_1.jpg,4,train
data\public\pills-detection-dataset\images\train\VAIPE-reannotated_VAIPE_P_231_1.jpg,1,train
data\public\pills-detection-dataset\images\train\VAIPE-reannotated_VAIPE_P_231_5.jpg,1,train
data\public\pills-detection-dataset\images\train\VAIPE-reannotated_VAIPE_P_232_23.jpg,6,train
data\public\pills-detection-dataset\images\train\VAIPE-reannotated_VAIPE_P_233_0.jpg,5,train
data\public\pills-detection-dataset\images\train\VAIPE-reannotated_VAIPE_P_233_4.jpg,5,train
data\public\pills-detection-dataset\images\train\VAIPE-reannotated_VAIPE_P_233_6.jpg,5,train
data\public\pills-detection-dataset\images\train\VAIPE-reannotated_VAIPE_P_234_0.jpg,4,train
data\public\pills-detection-dataset\images\train\VAIPE-reannotated_VAIPE_P_234_2.jpg,4,train
data\public\pills-detection-dataset\images\train\VAIPE-reannotated_VAIPE_P_234_4.jpg,4,train
data\public\pills-detection-dataset\images\train\VAIPE-reannotated_VAIPE_P_235_0.jpg,4,train
data\public\pills-detection-dataset\images\train\VAIPE-reannotated_VAIPE_P_235_5.jpg,4,train
data\public\pills-detection-dataset\images\train\VAIPE-reannotated_VAIPE_P_235_6.jpg,4,train
data\public\pills-detection-dataset\images\train\VAIPE-reannotated_VAIPE_P_235_7.jpg,4,train
data\public\pills-detection-dataset\images\train\VAIPE-reannotated_VAIPE_P_236_10.jpg,4,train
data\public\pills-detection-dataset\images\train\VAIPE-reannotated_VAIPE_P_238_0.jpg,2,train
data\public\pills-detection-dataset\images\train\VAIPE-reannotated_VAIPE_P_238_3.jpg,3,train
data\public\pills-detection-dataset\images\train\VAIPE-reannotated_VAIPE_P_239_0.jpg,2,train
data\public\pills-detection-dataset\images\train\VAIPE-reannotated_VAIPE_P_239_1.jpg,3,train
data\public\pills-detection-dataset\images\train\VAIPE-reannotated_VAIPE_P_239_4.jpg,3,train
data\public\pills-detection-dataset\images\train\VAIPE-reannotated_VAIPE_P_23_1.jpg,3,train
data\public\pills-detection-dataset\images\train\VAIPE-reannotated_VAIPE_P_23_4.jpg,3,train
data\public\pills-detection-dataset\images\train\VAIPE-reannotated_VAIPE_P_240_12.jpg,3,train
data\public\pills-detection-dataset\images\train\VAIPE-reannotated_VAIPE_P_240_13.jpg,4,train
data\public\pills-detection-dataset\images\train\VAIPE-reannotated_VAIPE_P_240_14.jpg,4,train
data\public\pills-detection-dataset\images\train\VAIPE-reannotated_VAIPE_P_240_18.jpg,4,train
data\public\pills-detection-dataset\images\train\VAIPE-reannotated_VAIPE_P_240_4.jpg,2,train
data\public\pills-detection-dataset\images\train\VAIPE-reannotated_VAIPE_P_240_7.jpg,3,train
data\public\pills-detection-dataset\images\train\VAIPE-reannotated_VAIPE_P_241_10.jpg,4,train
data\public\pills-detection-dataset\images\train\VAIPE-reannotated_VAIPE_P_241_6.jpg,2,train
data\public\pills-detection-dataset\images\train\VAIPE-reannotated_VAIPE_P_241_7.jpg,4,train
data\public\pills-detection-dataset\images\train\VAIPE-reannotated_VAIPE_P_241_9.jpg,4,train
data\public\pills-detection-dataset\images\train\VAIPE-reannotated_VAIPE_P_244_9.jpg,6,train
data\public\pills-detection-dataset\images\train\VAIPE-reannotated_VAIPE_P_247_0.jpg,2,train
data\public\pills-detection-dataset\images\train\VAIPE-reannotated_VAIPE_P_247_1.jpg,2,train
data\public\pills-detection-dataset\images\train\VAIPE-reannotated_VAIPE_P_247_14.jpg,2,train
data\public\pills-detection-dataset\images\train\VAIPE-reannotated_VAIPE_P_247_8.jpg,2,train
data\public\pills-detection-dataset\images\train\VAIPE-reannotated_VAIPE_P_247_9.jpg,2,train
data\public\pills-detection-dataset\images\train\VAIPE-reannotated_VAIPE_P_248_18.jpg,2,train
data\public\pills-detection-dataset\images\train\VAIPE-reannotated_VAIPE_P_248_2.jpg,2,train
data\public\pills-detection-dataset\images\train\VAIPE-reannotated_VAIPE_P_248_3.jpg,2,train
data\public\pills-detection-dataset\images\train\VAIPE-reannotated_VAIPE_P_248_5.jpg,2,train
data\public\pills-detection-dataset\images\train\VAIPE-reannotated_VAIPE_P_248_8.jpg,2,train
data\public\pills-detection-dataset\images\train\VAIPE-reannotated_VAIPE_P_250_7.jpg,6,train
data\public\pills-detection-dataset\images\train\VAIPE-reannotated_VAIPE_P_251_1.jpg,4,train
data\public\pills-detection-dataset\images\train\VAIPE-reannotated_VAIPE_P_251_3.jpg,4,train
data\public\pills-detection-dataset\images\train\VAIPE-reannotated_VAIPE_P_251_6.jpg,4,train
data\public\pills-detection-dataset\images\train\VAIPE-reannotated_VAIPE_P_251_8.jpg,4,train
data\public\pills-detection-dataset\images\train\VAIPE-reannotated_VAIPE_P_252_1.jpg,4,train
data\public\pills-detection-dataset\images\train\VAIPE-reannotated_VAIPE_P_252_2.jpg,2,train
data\public\pills-detection-dataset\images\train\VAIPE-reannotated_VAIPE_P_253_10.jpg,6,train
data\public\pills-detection-dataset\images\train\VAIPE-reannotated_VAIPE_P_253_6.jpg,6,train
data\public\pills-detection-dataset\images\train\VAIPE-reannotated_VAIPE_P_253_7.jpg,6,train
data\public\pills-detection-dataset\images\train\VAIPE-reannotated_VAIPE_P_258_4.jpg,4,train
data\public\pills-detection-dataset\images\train\VAIPE-reannotated_VAIPE_P_258_8.jpg,6,train
data\public\pills-detection-dataset\images\train\VAIPE-reannotated_VAIPE_P_259_4.jpg,5,train
data\public\pills-detection-dataset\images\train\VAIPE-reannotated_VAIPE_P_25_14.jpg,3,train
data\public\pills-detection-dataset\images\train\VAIPE-reannotated_VAIPE_P_25_3.jpg,3,train
data\public\pills-detection-dataset\images\train\VAIPE-reannotated_VAIPE_P_25_6.jpg,3,train
data\public\pills-detection-dataset\images\train\VAIPE-reannotated_VAIPE_P_25_9.jpg,3,train
data\public\pills-detection-dataset\images\train\VAIPE-reannotated_VAIPE_P_264_3.jpg,4,train
data\public\pills-detection-dataset\images\train\VAIPE-reannotated_VAIPE_P_264_5.jpg,6,train
data\public\pills-detection-dataset\images\train\VAIPE-reannotated_VAIPE_P_268_1.jpg,4,train
data\public\pills-detection-dataset\images\train\VAIPE-reannotated_VAIPE_P_268_6.jpg,6,train
data\public\pills-detection-dataset\images\train\VAIPE-reannotated_VAIPE_P_26_11.jpg,6,train
data\public\pills-detection-dataset\images\train\VAIPE-reannotated_VAIPE_P_26_12.jpg,5,train
data\public\pills-detection-dataset\images\train\VAIPE-reannotated_VAIPE_P_26_2.jpg,2,train
data\public\pills-detection-dataset\images\train\VAIPE-reannotated_VAIPE_P_26_6.jpg,2,train
data\public\pills-detection-dataset\images\train\VAIPE-reannotated_VAIPE_P_271_2.jpg,3,train
data\public\pills-detection-dataset\images\train\VAIPE-reannotated_VAIPE_P_273_4.jpg,6,train
data\public\pills-detection-dataset\images\train\VAIPE-reannotated_VAIPE_P_274_3.jpg,4,train
data\public\pills-detection-dataset\images\train\VAIPE-reannotated_VAIPE_P_277_1.jpg,4,train
data\public\pills-detection-dataset\images\train\VAIPE-reannotated_VAIPE_P_277_2.jpg,3,train
data\public\pills-detection-dataset\images\train\VAIPE-reannotated_VAIPE_P_277_3.jpg,4,train
data\public\pills-detection-dataset\images\train\VAIPE-reannotated_VAIPE_P_279_1.jpg,3,train
data\public\pills-detection-dataset\images\train\VAIPE-reannotated_VAIPE_P_27_12.jpg,6,train
data\public\pills-detection-dataset\images\train\VAIPE-reannotated_VAIPE_P_27_13.jpg,5,train
data\public\pills-detection-dataset\images\train\VAIPE-reannotated_VAIPE_P_27_2.jpg,2,train
data\public\pills-detection-dataset\images\train\VAIPE-reannotated_VAIPE_P_281_1.jpg,6,train
data\public\pills-detection-dataset\images\train\VAIPE-reannotated_VAIPE_P_285_1.jpg,6,train
data\public\pills-detection-dataset\images\train\VAIPE-reannotated_VAIPE_P_285_4.jpg,6,train
data\public\pills-detection-dataset\images\train\VAIPE-reannotated_VAIPE_P_286_5.jpg,4,train
data\public\pills-detection-dataset\images\train\VAIPE-reannotated_VAIPE_P_287_5.jpg,4,train
data\public\pills-detection-dataset\images\train\VAIPE-reannotated_VAIPE_P_28_4.jpg,2,train
data\public\pills-detection-dataset\images\train\VAIPE-reannotated_VAIPE_P_28_9.jpg,2,train
data\public\pills-detection-dataset\images\train\VAIPE-reannotated_VAIPE_P_293_0.jpg,3,train
data\public\pills-detection-dataset\images\train\VAIPE-reannotated_VAIPE_P_294_0.jpg,3,train
data\public\pills-detection-dataset\images\train\VAIPE-reannotated_VAIPE_P_294_1.jpg,6,train
data\public\pills-detection-dataset\images\train\VAIPE-reannotated_VAIPE_P_296_4.jpg,4,train
data\public\pills-detection-dataset\images\train\VAIPE-reannotated_VAIPE_P_297_0.jpg,3,train
data\public\pills-detection-dataset\images\train\VAIPE-reannotated_VAIPE_P_297_1.jpg,2,train
data\public\pills-detection-dataset\images\train\VAIPE-reannotated_VAIPE_P_297_3.jpg,6,train
data\public\pills-detection-dataset\images\train\VAIPE-reannotated_VAIPE_P_299_2.jpg,6,train
data\public\pills-detection-dataset\images\train\VAIPE-reannotated_VAIPE_P_29_14.jpg,6,train
data\public\pills-detection-dataset\images\train\VAIPE-reannotated_VAIPE_P_29_5.jpg,2,train
data\public\pills-detection-dataset\images\train\VAIPE-reannotated_VAIPE_P_29_8.jpg,1,train
data\public\pills-detection-dataset\images\train\VAIPE-reannotated_VAIPE_P_2_0.jpg,4,train
data\public\pills-detection-dataset\images\train\VAIPE-reannotated_VAIPE_P_2_11.jpg,3,train
data\public\pills-detection-dataset\images\train\VAIPE-reannotated_VAIPE_P_2_20.jpg,6,train
data\public\pills-detection-dataset\images\train\VAIPE-reannotated_VAIPE_P_300_2.jpg,5,train
data\public\pills-detection-dataset\images\train\VAIPE-reannotated_VAIPE_P_301_0.jpg,3,train
data\public\pills-detection-dataset\images\train\VAIPE-reannotated_VAIPE_P_301_2.jpg,6,train
data\public\pills-detection-dataset\images\train\VAIPE-reannotated_VAIPE_P_302_0.jpg,3,train
data\public\pills-detection-dataset\images\train\VAIPE-reannotated_VAIPE_P_302_2.jpg,2,train
data\public\pills-detection-dataset\images\train\VAIPE-reannotated_VAIPE_P_302_3.jpg,3,train
data\public\pills-detection-dataset\images\train\VAIPE-reannotated_VAIPE_P_303_0.jpg,3,train
data\public\pills-detection-dataset\images\train\VAIPE-reannotated_VAIPE_P_303_2.jpg,3,train
data\public\pills-detection-dataset\images\train\VAIPE-reannotated_VAIPE_P_303_3.jpg,3,train
data\public\pills-detection-dataset\images\train\VAIPE-reannotated_VAIPE_P_303_4.jpg,3,train
data\public\pills-detection-dataset\images\train\VAIPE-reannotated_VAIPE_P_304_0.jpg,3,train
data\public\pills-detection-dataset\images\train\VAIPE-reannotated_VAIPE_P_304_1.jpg,5,train
data\public\pills-detection-dataset\images\train\VAIPE-reannotated_VAIPE_P_304_11.jpg,5,train
data\public\pills-detection-dataset\images\train\VAIPE-reannotated_VAIPE_P_304_12.jpg,5,train
data\public\pills-detection-dataset\images\train\VAIPE-reannotated_VAIPE_P_304_15.jpg,5,train
data\public\pills-detection-dataset\images\train\VAIPE-reannotated_VAIPE_P_304_16.jpg,5,train
data\public\pills-detection-dataset\images\train\VAIPE-reannotated_VAIPE_P_304_21.jpg,5,train
data\public\pills-detection-dataset\images\train\VAIPE-reannotated_VAIPE_P_304_23.jpg,5,train
data\public\pills-detection-dataset\images\train\VAIPE-reannotated_VAIPE_P_304_25.jpg,5,train
data\public\pills-detection-dataset\images\train\VAIPE-reannotated_VAIPE_P_304_27.jpg,6,train
data\public\pills-detection-dataset\images\train\VAIPE-reannotated_VAIPE_P_304_3.jpg,5,train
data\public\pills-detection-dataset\images\train\VAIPE-reannotated_VAIPE_P_305_28.jpg,4,train
data\public\pills-detection-dataset\images\train\VAIPE-reannotated_VAIPE_P_306_12.jpg,3,train
data\public\pills-detection-dataset\images\train\VAIPE-reannotated_VAIPE_P_306_16.jpg,1,train
data\public\pills-detection-dataset\images\train\VAIPE-reannotated_VAIPE_P_306_19.jpg,3,train
data\public\pills-detection-dataset\images\train\VAIPE-reannotated_VAIPE_P_306_24.jpg,3,train
data\public\pills-detection-dataset\images\train\VAIPE-reannotated_VAIPE_P_306_29.jpg,3,train
data\public\pills-detection-dataset\images\train\VAIPE-reannotated_VAIPE_P_306_3.jpg,3,train
data\public\pills-detection-dataset\images\train\VAIPE-reannotated_VAIPE_P_306_32.jpg,3,train
data\public\pills-detection-dataset\images\train\VAIPE-reannotated_VAIPE_P_306_35.jpg,3,train
data\public\pills-detection-dataset\images\train\VAIPE-reannotated_VAIPE_P_306_36.jpg,3,train
data\public\pills-detection-dataset\images\train\VAIPE-reannotated_VAIPE_P_306_38.jpg,3,train
data\public\pills-detection-dataset\images\train\VAIPE-reannotated_VAIPE_P_306_42.jpg,6,train
data\public\pills-detection-dataset\images\train\VAIPE-reannotated_VAIPE_P_306_7.jpg,3,train
data\public\pills-detection-dataset\images\train\VAIPE-reannotated_VAIPE_P_309_7.jpg,6,train
data\public\pills-detection-dataset\images\train\VAIPE-reannotated_VAIPE_P_30_10.jpg,2,train
data\public\pills-detection-dataset\images\train\VAIPE-reannotated_VAIPE_P_30_15.jpg,5,train
data\public\pills-detection-dataset\images\train\VAIPE-reannotated_VAIPE_P_30_3.jpg,2,train
data\public\pills-detection-dataset\images\train\VAIPE-reannotated_VAIPE_P_30_9.jpg,1,train
data\public\pills-detection-dataset\images\train\VAIPE-reannotated_VAIPE_P_312_10.jpg,1,train
data\public\pills-detection-dataset\images\train\VAIPE-reannotated_VAIPE_P_312_14.jpg,1,train
data\public\pills-detection-dataset\images\train\VAIPE-reannotated_VAIPE_P_312_16.jpg,1,train
data\public\pills-detection-dataset\images\train\VAIPE-reannotated_VAIPE_P_313_0.jpg,2,train
data\public\pills-detection-dataset\images\train\VAIPE-reannotated_VAIPE_P_313_1.jpg,3,train
data\public\pills-detection-dataset\images\train\VAIPE-reannotated_VAIPE_P_313_10.jpg,3,train
data\public\pills-detection-dataset\images\train\VAIPE-reannotated_VAIPE_P_313_12.jpg,3,train
data\public\pills-detection-dataset\images\train\VAIPE-reannotated_VAIPE_P_313_13.jpg,3,train
data\public\pills-detection-dataset\images\train\VAIPE-reannotated_VAIPE_P_313_14.jpg,2,train
data\public\pills-detection-dataset\images\train\VAIPE-reannotated_VAIPE_P_313_15.jpg,1,train
data\public\pills-detection-dataset\images\train\VAIPE-reannotated_VAIPE_P_313_16.jpg,2,train
data\public\pills-detection-dataset\images\train\VAIPE-reannotated_VAIPE_P_313_17.jpg,3,train
data\public\pills-detection-dataset\images\train\VAIPE-reannotated_VAIPE_P_313_18.jpg,3,train
data\public\pills-detection-dataset\images\train\VAIPE-reannotated_VAIPE_P_313_2.jpg,3,train
data\public\pills-detection-dataset\images\train\VAIPE-reannotated_VAIPE_P_313_20.jpg,3,train
data\public\pills-detection-dataset\images\train\VAIPE-reannotated_VAIPE_P_313_21.jpg,1,train
data\public\pills-detection-dataset\images\train\VAIPE-reannotated_VAIPE_P_313_22.jpg,1,train
data\public\pills-detection-dataset\images\train\VAIPE-reannotated_VAIPE_P_313_23.jpg,1,train
data\public\pills-detection-dataset\images\train\VAIPE-reannotated_VAIPE_P_313_24.jpg,2,train
data\public\pills-detection-dataset\images\train\VAIPE-reannotated_VAIPE_P_313_25.jpg,3,train
data\public\pills-detection-dataset\images\train\VAIPE-reannotated_VAIPE_P_313_27.jpg,2,train
data\public\pills-detection-dataset\images\train\VAIPE-reannotated_VAIPE_P_313_3.jpg,1,train
data\public\pills-detection-dataset\images\train\VAIPE-reannotated_VAIPE_P_313_4.jpg,3,train
data\public\pills-detection-dataset\images\train\VAIPE-reannotated_VAIPE_P_313_5.jpg,1,train
data\public\pills-detection-dataset\images\train\VAIPE-reannotated_VAIPE_P_313_6.jpg,3,train
data\public\pills-detection-dataset\images\train\VAIPE-reannotated_VAIPE_P_313_9.jpg,2,train
data\public\pills-detection-dataset\images\train\VAIPE-reannotated_VAIPE_P_314_0.jpg,1,train
data\public\pills-detection-dataset\images\train\VAIPE-reannotated_VAIPE_P_314_10.jpg,3,train
data\public\pills-detection-dataset\images\train\VAIPE-reannotated_VAIPE_P_314_11.jpg,3,train
data\public\pills-detection-dataset\images\train\VAIPE-reannotated_VAIPE_P_314_2.jpg,1,train
data\public\pills-detection-dataset\images\train\VAIPE-reannotated_VAIPE_P_314_3.jpg,3,train
data\public\pills-detection-dataset\images\train\VAIPE-reannotated_VAIPE_P_314_4.jpg,3,train
data\public\pills-detection-dataset\images\train\VAIPE-reannotated_VAIPE_P_314_5.jpg,1,train
data\public\pills-detection-dataset\images\train\VAIPE-reannotated_VAIPE_P_314_6.jpg,3,train
data\public\pills-detection-dataset\images\train\VAIPE-reannotated_VAIPE_P_314_9.jpg,1,train
data\public\pills-detection-dataset\images\train\VAIPE-reannotated_VAIPE_P_316_2.jpg,5,train
data\public\pills-detection-dataset\images\train\VAIPE-reannotated_VAIPE_P_318_1.jpg,5,train
data\public\pills-detection-dataset\images\train\VAIPE-reannotated_VAIPE_P_318_2.jpg,6,train
data\public\pills-detection-dataset\images\train\VAIPE-reannotated_VAIPE_P_318_3.jpg,6,train
data\public\pills-detection-dataset\images\train\VAIPE-reannotated_VAIPE_P_319_2.jpg,6,train
data\public\pills-detection-dataset\images\train\VAIPE-reannotated_VAIPE_P_324_4.jpg,6,train
data\public\pills-detection-dataset\images\train\VAIPE-reannotated_VAIPE_P_326_3.jpg,4,train
data\public\pills-detection-dataset\images\train\VAIPE-reannotated_VAIPE_P_328_1.jpg,3,train
data\public\pills-detection-dataset\images\train\VAIPE-reannotated_VAIPE_P_328_2.jpg,3,train
data\public\pills-detection-dataset\images\train\VAIPE-reannotated_VAIPE_P_328_4.jpg,6,train
data\public\pills-detection-dataset\images\train\VAIPE-reannotated_VAIPE_P_32_1.jpg,3,train
data\public\pills-detection-dataset\images\train\VAIPE-reannotated_VAIPE_P_32_5.jpg,3,train
data\public\pills-detection-dataset\images\train\VAIPE-reannotated_VAIPE_P_32_8.jpg,3,train
data\public\pills-detection-dataset\images\train\VAIPE-reannotated_VAIPE_P_331_6.jpg,6,train
data\public\pills-detection-dataset\images\train\VAIPE-reannotated_VAIPE_P_331_8.jpg,6,train
data\public\pills-detection-dataset\images\train\VAIPE-reannotated_VAIPE_P_332_1.jpg,6,train
data\public\pills-detection-dataset\images\train\VAIPE-reannotated_VAIPE_P_335_1.jpg,6,train
data\public\pills-detection-dataset\images\train\VAIPE-reannotated_VAIPE_P_335_3.jpg,6,train
data\public\pills-detection-dataset\images\train\VAIPE-reannotated_VAIPE_P_336_7.jpg,6,train
data\public\pills-detection-dataset\images\train\VAIPE-reannotated_VAIPE_P_337_7.jpg,4,train
data\public\pills-detection-dataset\images\train\VAIPE-reannotated_VAIPE_P_337_8.jpg,4,train
data\public\pills-detection-dataset\images\train\VAIPE-reannotated_VAIPE_P_338_4.jpg,5,train
data\public\pills-detection-dataset\images\train\VAIPE-reannotated_VAIPE_P_338_9.jpg,5,train
data\public\pills-detection-dataset\images\train\VAIPE-reannotated_VAIPE_P_339_0.jpg,2,train
data\public\pills-detection-dataset\images\train\VAIPE-reannotated_VAIPE_P_339_10.jpg,2,train
data\public\pills-detection-dataset\images\train\VAIPE-reannotated_VAIPE_P_339_12.jpg,2,train
data\public\pills-detection-dataset\images\train\VAIPE-reannotated_VAIPE_P_339_14.jpg,2,train
data\public\pills-detection-dataset\images\train\VAIPE-reannotated_VAIPE_P_339_15.jpg,2,train
data\public\pills-detection-dataset\images\train\VAIPE-reannotated_VAIPE_P_339_16.jpg,2,train
data\public\pills-detection-dataset\images\train\VAIPE-reannotated_VAIPE_P_339_17.jpg,2,train
data\public\pills-detection-dataset\images\train\VAIPE-reannotated_VAIPE_P_339_18.jpg,2,train
data\public\pills-detection-dataset\images\train\VAIPE-reannotated_VAIPE_P_339_19.jpg,2,train
data\public\pills-detection-dataset\images\train\VAIPE-reannotated_VAIPE_P_339_2.jpg,2,train
data\public\pills-detection-dataset\images\train\VAIPE-reannotated_VAIPE_P_339_4.jpg,2,train
data\public\pills-detection-dataset\images\train\VAIPE-reannotated_VAIPE_P_339_5.jpg,2,train
data\public\pills-detection-dataset\images\train\VAIPE-reannotated_VAIPE_P_339_6.jpg,2,train
data\public\pills-detection-dataset\images\train\VAIPE-reannotated_VAIPE_P_339_7.jpg,2,train
data\public\pills-detection-dataset\images\train\VAIPE-reannotated_VAIPE_P_339_8.jpg,2,train
data\public\pills-detection-dataset\images\train\VAIPE-reannotated_VAIPE_P_339_9.jpg,2,train
data\public\pills-detection-dataset\images\train\VAIPE-reannotated_VAIPE_P_33_0.jpg,3,train
data\public\pills-detection-dataset\images\train\VAIPE-reannotated_VAIPE_P_33_10.jpg,3,train
data\public\pills-detection-dataset\images\train\VAIPE-reannotated_VAIPE_P_33_3.jpg,3,train
data\public\pills-detection-dataset\images\train\VAIPE-reannotated_VAIPE_P_33_6.jpg,3,train
data\public\pills-detection-dataset\images\train\VAIPE-reannotated_VAIPE_P_33_8.jpg,3,train
data\public\pills-detection-dataset\images\train\VAIPE-reannotated_VAIPE_P_341_2.jpg,6,train
data\public\pills-detection-dataset\images\train\VAIPE-reannotated_VAIPE_P_341_5.jpg,5,train
data\public\pills-detection-dataset\images\train\VAIPE-reannotated_VAIPE_P_342_6.jpg,6,train
data\public\pills-detection-dataset\images\train\VAIPE-reannotated_VAIPE_P_345_1.jpg,2,train
data\public\pills-detection-dataset\images\train\VAIPE-reannotated_VAIPE_P_345_6.jpg,6,train
data\public\pills-detection-dataset\images\train\VAIPE-reannotated_VAIPE_P_346_3.jpg,6,train
data\public\pills-detection-dataset\images\train\VAIPE-reannotated_VAIPE_P_347_1.jpg,2,train
data\public\pills-detection-dataset\images\train\VAIPE-reannotated_VAIPE_P_349_5.jpg,6,train
data\public\pills-detection-dataset\images\train\VAIPE-reannotated_VAIPE_P_34_1.jpg,4,train
data\public\pills-detection-dataset\images\train\VAIPE-reannotated_VAIPE_P_350_13.jpg,1,train
data\public\pills-detection-dataset\images\train\VAIPE-reannotated_VAIPE_P_350_7.jpg,2,train
data\public\pills-detection-dataset\images\train\VAIPE-reannotated_VAIPE_P_350_9.jpg,1,train
data\public\pills-detection-dataset\images\train\VAIPE-reannotated_VAIPE_P_352_1.jpg,3,train
data\public\pills-detection-dataset\images\train\VAIPE-reannotated_VAIPE_P_352_2.jpg,3,train
data\public\pills-detection-dataset\images\train\VAIPE-reannotated_VAIPE_P_352_3.jpg,3,train
data\public\pills-detection-dataset\images\train\VAIPE-reannotated_VAIPE_P_353_1.jpg,4,train
data\public\pills-detection-dataset\images\train\VAIPE-reannotated_VAIPE_P_353_12.jpg,4,train
data\public\pills-detection-dataset\images\train\VAIPE-reannotated_VAIPE_P_353_18.jpg,4,train
data\public\pills-detection-dataset\images\train\VAIPE-reannotated_VAIPE_P_353_19.jpg,4,train
data\public\pills-detection-dataset\images\train\VAIPE-reannotated_VAIPE_P_353_22.jpg,4,train
data\public\pills-detection-dataset\images\train\VAIPE-reannotated_VAIPE_P_353_24.jpg,4,train
data\public\pills-detection-dataset\images\train\VAIPE-reannotated_VAIPE_P_353_26.jpg,4,train
data\public\pills-detection-dataset\images\train\VAIPE-reannotated_VAIPE_P_353_27.jpg,4,train
data\public\pills-detection-dataset\images\train\VAIPE-reannotated_VAIPE_P_353_28.jpg,4,train
data\public\pills-detection-dataset\images\train\VAIPE-reannotated_VAIPE_P_353_30.jpg,4,train
data\public\pills-detection-dataset\images\train\VAIPE-reannotated_VAIPE_P_353_32.jpg,5,train
data\public\pills-detection-dataset\images\train\VAIPE-reannotated_VAIPE_P_353_35.jpg,5,train
data\public\pills-detection-dataset\images\train\VAIPE-reannotated_VAIPE_P_353_4.jpg,4,train
data\public\pills-detection-dataset\images\train\VAIPE-reannotated_VAIPE_P_353_5.jpg,4,train
data\public\pills-detection-dataset\images\train\VAIPE-reannotated_VAIPE_P_353_6.jpg,4,train
data\public\pills-detection-dataset\images\train\VAIPE-reannotated_VAIPE_P_353_7.jpg,4,train
data\public\pills-detection-dataset\images\train\VAIPE-reannotated_VAIPE_P_356_5.jpg,3,train
data\public\pills-detection-dataset\images\train\VAIPE-reannotated_VAIPE_P_357_1.jpg,5,train
data\public\pills-detection-dataset\images\train\VAIPE-reannotated_VAIPE_P_357_2.jpg,5,train
data\public\pills-detection-dataset\images\train\VAIPE-reannotated_VAIPE_P_357_3.jpg,5,train
data\public\pills-detection-dataset\images\train\VAIPE-reannotated_VAIPE_P_357_6.jpg,5,train
data\public\pills-detection-dataset\images\train\VAIPE-reannotated_VAIPE_P_357_7.jpg,4,train
data\public\pills-detection-dataset\images\train\VAIPE-reannotated_VAIPE_P_357_8.jpg,4,train
data\public\pills-detection-dataset\images\train\VAIPE-reannotated_VAIPE_P_358_1.jpg,2,train
data\public\pills-detection-dataset\images\train\VAIPE-reannotated_VAIPE_P_358_2.jpg,2,train
data\public\pills-detection-dataset\images\train\VAIPE-reannotated_VAIPE_P_358_3.jpg,2,train
data\public\pills-detection-dataset\images\train\VAIPE-reannotated_VAIPE_P_358_4.jpg,2,train
data\public\pills-detection-dataset\images\train\VAIPE-reannotated_VAIPE_P_358_5.jpg,2,train
data\public\pills-detection-dataset\images\train\VAIPE-reannotated_VAIPE_P_358_6.jpg,2,train
data\public\pills-detection-dataset\images\train\VAIPE-reannotated_VAIPE_P_358_7.jpg,2,train
data\public\pills-detection-dataset\images\train\VAIPE-reannotated_VAIPE_P_35_3.jpg,5,train
data\public\pills-detection-dataset\images\train\VAIPE-reannotated_VAIPE_P_360_2.jpg,2,train
data\public\pills-detection-dataset\images\train\VAIPE-reannotated_VAIPE_P_360_3.jpg,2,train
data\public\pills-detection-dataset\images\train\VAIPE-reannotated_VAIPE_P_361_0.jpg,2,train
data\public\pills-detection-dataset\images\train\VAIPE-reannotated_VAIPE_P_362_1.jpg,2,train
data\public\pills-detection-dataset\images\train\VAIPE-reannotated_VAIPE_P_362_2.jpg,2,train
data\public\pills-detection-dataset\images\train\VAIPE-reannotated_VAIPE_P_364_1.jpg,2,train
data\public\pills-detection-dataset\images\train\VAIPE-reannotated_VAIPE_P_365_2.jpg,2,train
data\public\pills-detection-dataset\images\train\VAIPE-reannotated_VAIPE_P_365_3.jpg,2,train
data\public\pills-detection-dataset\images\train\VAIPE-reannotated_VAIPE_P_365_5.jpg,2,train
data\public\pills-detection-dataset\images\train\VAIPE-reannotated_VAIPE_P_365_6.jpg,2,train
data\public\pills-detection-dataset\images\train\VAIPE-reannotated_VAIPE_P_366_0.jpg,2,train
data\public\pills-detection-dataset\images\train\VAIPE-reannotated_VAIPE_P_366_2.jpg,2,train
data\public\pills-detection-dataset\images\train\VAIPE-reannotated_VAIPE_P_366_3.jpg,2,train
data\public\pills-detection-dataset\images\train\VAIPE-reannotated_VAIPE_P_366_8.jpg,2,train
data\public\pills-detection-dataset\images\train\VAIPE-reannotated_VAIPE_P_367_10.jpg,5,train
data\public\pills-detection-dataset\images\train\VAIPE-reannotated_VAIPE_P_367_12.jpg,5,train
data\public\pills-detection-dataset\images\train\VAIPE-reannotated_VAIPE_P_367_14.jpg,5,train
data\public\pills-detection-dataset\images\train\VAIPE-reannotated_VAIPE_P_367_17.jpg,5,train
data\public\pills-detection-dataset\images\train\VAIPE-reannotated_VAIPE_P_367_18.jpg,5,train
data\public\pills-detection-dataset\images\train\VAIPE-reannotated_VAIPE_P_367_5.jpg,5,train
data\public\pills-detection-dataset\images\train\VAIPE-reannotated_VAIPE_P_369_0.jpg,3,train
data\public\pills-detection-dataset\images\train\VAIPE-reannotated_VAIPE_P_369_1.jpg,3,train
data\public\pills-detection-dataset\images\train\VAIPE-reannotated_VAIPE_P_369_11.jpg,6,train
data\public\pills-detection-dataset\images\train\VAIPE-reannotated_VAIPE_P_369_2.jpg,3,train
data\public\pills-detection-dataset\images\train\VAIPE-reannotated_VAIPE_P_369_4.jpg,3,train
data\public\pills-detection-dataset\images\train\VAIPE-reannotated_VAIPE_P_369_5.jpg,3,train
data\public\pills-detection-dataset\images\train\VAIPE-reannotated_VAIPE_P_369_6.jpg,3,train
data\public\pills-detection-dataset\images\train\VAIPE-reannotated_VAIPE_P_369_9.jpg,3,train
data\public\pills-detection-dataset\images\train\VAIPE-reannotated_VAIPE_P_36_2.jpg,6,train
data\public\pills-detection-dataset\images\train\VAIPE-reannotated_VAIPE_P_370_0.jpg,3,train
data\public\pills-detection-dataset\images\train\VAIPE-reannotated_VAIPE_P_370_2.jpg,3,train
data\public\pills-detection-dataset\images\train\VAIPE-reannotated_VAIPE_P_370_3.jpg,4,train
data\public\pills-detection-dataset\images\train\VAIPE-reannotated_VAIPE_P_370_5.jpg,6,train
data\public\pills-detection-dataset\images\train\VAIPE-reannotated_VAIPE_P_371_0.jpg,3,train
data\public\pills-detection-dataset\images\train\VAIPE-reannotated_VAIPE_P_371_2.jpg,4,train
data\public\pills-detection-dataset\images\train\VAIPE-reannotated_VAIPE_P_371_3.jpg,5,train
data\public\pills-detection-dataset\images\train\VAIPE-reannotated_VAIPE_P_372_0.jpg,3,train
data\public\pills-detection-dataset\images\train\VAIPE-reannotated_VAIPE_P_372_1.jpg,3,train
data\public\pills-detection-dataset\images\train\VAIPE-reannotated_VAIPE_P_372_3.jpg,4,train
data\public\pills-detection-dataset\images\train\VAIPE-reannotated_VAIPE_P_373_2.jpg,3,train
data\public\pills-detection-dataset\images\train\VAIPE-reannotated_VAIPE_P_373_38.jpg,3,train
data\public\pills-detection-dataset\images\train\VAIPE-reannotated_VAIPE_P_374_0.jpg,4,train
data\public\pills-detection-dataset\images\train\VAIPE-reannotated_VAIPE_P_375_1.jpg,2,train
data\public\pills-detection-dataset\images\train\VAIPE-reannotated_VAIPE_P_375_13.jpg,2,train
data\public\pills-detection-dataset\images\train\VAIPE-reannotated_VAIPE_P_375_15.jpg,6,train
data\public\pills-detection-dataset\images\train\VAIPE-reannotated_VAIPE_P_375_4.jpg,2,train
data\public\pills-detection-dataset\images\train\VAIPE-reannotated_VAIPE_P_375_5.jpg,2,train
data\public\pills-detection-dataset\images\train\VAIPE-reannotated_VAIPE_P_375_6.jpg,2,train
data\public\pills-detection-dataset\images\train\VAIPE-reannotated_VAIPE_P_376_0.jpg,6,train
data\public\pills-detection-dataset\images\train\VAIPE-reannotated_VAIPE_P_377_15.jpg,4,train
data\public\pills-detection-dataset\images\train\VAIPE-reannotated_VAIPE_P_377_7.jpg,4,train
data\public\pills-detection-dataset\images\train\VAIPE-reannotated_VAIPE_P_377_9.jpg,4,train
data\public\pills-detection-dataset\images\train\VAIPE-reannotated_VAIPE_P_378_1.jpg,4,train
data\public\pills-detection-dataset\images\train\VAIPE-reannotated_VAIPE_P_378_12.jpg,4,train
data\public\pills-detection-dataset\images\train\VAIPE-reannotated_VAIPE_P_378_2.jpg,4,train
data\public\pills-detection-dataset\images\train\VAIPE-reannotated_VAIPE_P_378_6.jpg,4,train
data\public\pills-detection-dataset\images\train\VAIPE-reannotated_VAIPE_P_379_10.jpg,5,train
data\public\pills-detection-dataset\images\train\VAIPE-reannotated_VAIPE_P_379_12.jpg,5,train
data\public\pills-detection-dataset\images\train\VAIPE-reannotated_VAIPE_P_379_13.jpg,5,train
data\public\pills-detection-dataset\images\train\VAIPE-reannotated_VAIPE_P_379_14.jpg,5,train
data\public\pills-detection-dataset\images\train\VAIPE-reannotated_VAIPE_P_379_16.jpg,5,train
data\public\pills-detection-dataset\images\train\VAIPE-reannotated_VAIPE_P_379_17.jpg,5,train
data\public\pills-detection-dataset\images\train\VAIPE-reannotated_VAIPE_P_379_19.jpg,5,train
data\public\pills-detection-dataset\images\train\VAIPE-reannotated_VAIPE_P_379_21.jpg,5,train
data\public\pills-detection-dataset\images\train\VAIPE-reannotated_VAIPE_P_379_22.jpg,5,train
data\public\pills-detection-dataset\images\train\VAIPE-reannotated_VAIPE_P_379_23.jpg,5,train
data\public\pills-detection-dataset\images\train\VAIPE-reannotated_VAIPE_P_379_3.jpg,5,train
data\public\pills-detection-dataset\images\train\VAIPE-reannotated_VAIPE_P_379_4.jpg,5,train
data\public\pills-detection-dataset\images\train\VAIPE-reannotated_VAIPE_P_379_5.jpg,5,train
data\public\pills-detection-dataset\images\train\VAIPE-reannotated_VAIPE_P_379_7.jpg,5,train
data\public\pills-detection-dataset\images\train\VAIPE-reannotated_VAIPE_P_379_8.jpg,5,train
data\public\pills-detection-dataset\images\train\VAIPE-reannotated_VAIPE_P_379_9.jpg,5,train
data\public\pills-detection-dataset\images\train\VAIPE-reannotated_VAIPE_P_380_3.jpg,6,train
data\public\pills-detection-dataset\images\train\VAIPE-reannotated_VAIPE_P_380_4.jpg,6,train
data\public\pills-detection-dataset\images\train\VAIPE-reannotated_VAIPE_P_380_5.jpg,6,train
data\public\pills-detection-dataset\images\train\VAIPE-reannotated_VAIPE_P_381_0.jpg,2,train
data\public\pills-detection-dataset\images\train\VAIPE-reannotated_VAIPE_P_381_10.jpg,2,train
data\public\pills-detection-dataset\images\train\VAIPE-reannotated_VAIPE_P_381_11.jpg,2,train
data\public\pills-detection-dataset\images\train\VAIPE-reannotated_VAIPE_P_381_12.jpg,2,train
data\public\pills-detection-dataset\images\train\VAIPE-reannotated_VAIPE_P_381_14.jpg,1,train
data\public\pills-detection-dataset\images\train\VAIPE-reannotated_VAIPE_P_381_15.jpg,1,train
data\public\pills-detection-dataset\images\train\VAIPE-reannotated_VAIPE_P_381_16.jpg,1,train
data\public\pills-detection-dataset\images\train\VAIPE-reannotated_VAIPE_P_381_17.jpg,1,train
data\public\pills-detection-dataset\images\train\VAIPE-reannotated_VAIPE_P_381_22.jpg,6,train
data\public\pills-detection-dataset\images\train\VAIPE-reannotated_VAIPE_P_381_3.jpg,1,train
data\public\pills-detection-dataset\images\train\VAIPE-reannotated_VAIPE_P_381_4.jpg,1,train
data\public\pills-detection-dataset\images\train\VAIPE-reannotated_VAIPE_P_381_5.jpg,1,train
data\public\pills-detection-dataset\images\train\VAIPE-reannotated_VAIPE_P_381_6.jpg,1,train
data\public\pills-detection-dataset\images\train\VAIPE-reannotated_VAIPE_P_381_7.jpg,1,train
data\public\pills-detection-dataset\images\train\VAIPE-reannotated_VAIPE_P_381_8.jpg,1,train
data\public\pills-detection-dataset\images\train\VAIPE-reannotated_VAIPE_P_382_0.jpg,2,train
data\public\pills-detection-dataset\images\train\VAIPE-reannotated_VAIPE_P_383_4.jpg,3,train
data\public\pills-detection-dataset\images\train\VAIPE-reannotated_VAIPE_P_385_0.jpg,3,train
data\public\pills-detection-dataset\images\train\VAIPE-reannotated_VAIPE_P_385_1.jpg,3,train
data\public\pills-detection-dataset\images\train\VAIPE-reannotated_VAIPE_P_385_10.jpg,3,train
data\public\pills-detection-dataset\images\train\VAIPE-reannotated_VAIPE_P_385_2.jpg,3,train
data\public\pills-detection-dataset\images\train\VAIPE-reannotated_VAIPE_P_385_3.jpg,4,train
data\public\pills-detection-dataset\images\train\VAIPE-reannotated_VAIPE_P_385_5.jpg,4,train
data\public\pills-detection-dataset\images\train\VAIPE-reannotated_VAIPE_P_385_6.jpg,4,train
data\public\pills-detection-dataset\images\train\VAIPE-reannotated_VAIPE_P_385_7.jpg,3,train
data\public\pills-detection-dataset\images\train\VAIPE-reannotated_VAIPE_P_385_8.jpg,4,train
data\public\pills-detection-dataset\images\train\VAIPE-reannotated_VAIPE_P_385_9.jpg,3,train
data\public\pills-detection-dataset\images\train\VAIPE-reannotated_VAIPE_P_386_0.jpg,4,train
data\public\pills-detection-dataset\images\train\VAIPE-reannotated_VAIPE_P_386_1.jpg,5,train
data\public\pills-detection-dataset\images\train\VAIPE-reannotated_VAIPE_P_387_0.jpg,4,train
data\public\pills-detection-dataset\images\train\VAIPE-reannotated_VAIPE_P_388_0.jpg,3,train
data\public\pills-detection-dataset\images\train\VAIPE-reannotated_VAIPE_P_388_1.jpg,6,train
data\public\pills-detection-dataset\images\train\VAIPE-reannotated_VAIPE_P_389_0.jpg,4,train
data\public\pills-detection-dataset\images\train\VAIPE-reannotated_VAIPE_P_390_0.jpg,3,train
data\public\pills-detection-dataset\images\train\VAIPE-reannotated_VAIPE_P_391_0.jpg,4,train
data\public\pills-detection-dataset\images\train\VAIPE-reannotated_VAIPE_P_392_0.jpg,4,train
data\public\pills-detection-dataset\images\train\VAIPE-reannotated_VAIPE_P_393_0.jpg,3,train
data\public\pills-detection-dataset\images\train\VAIPE-reannotated_VAIPE_P_393_1.jpg,5,train
data\public\pills-detection-dataset\images\train\VAIPE-reannotated_VAIPE_P_393_2.jpg,3,train
data\public\pills-detection-dataset\images\train\VAIPE-reannotated_VAIPE_P_394_0.jpg,3,train
data\public\pills-detection-dataset\images\train\VAIPE-reannotated_VAIPE_P_395_1.jpg,4,train
data\public\pills-detection-dataset\images\train\VAIPE-reannotated_VAIPE_P_395_6.jpg,6,train
data\public\pills-detection-dataset\images\train\VAIPE-reannotated_VAIPE_P_396_0.jpg,4,train
data\public\pills-detection-dataset\images\train\VAIPE-reannotated_VAIPE_P_396_4.jpg,3,train
data\public\pills-detection-dataset\images\train\VAIPE-reannotated_VAIPE_P_396_5.jpg,5,train
data\public\pills-detection-dataset\images\train\VAIPE-reannotated_VAIPE_P_397_0.jpg,4,train
data\public\pills-detection-dataset\images\train\VAIPE-reannotated_VAIPE_P_397_1.jpg,4,train
data\public\pills-detection-dataset\images\train\VAIPE-reannotated_VAIPE_P_397_3.jpg,4,train
data\public\pills-detection-dataset\images\train\VAIPE-reannotated_VAIPE_P_397_5.jpg,3,train
data\public\pills-detection-dataset\images\train\VAIPE-reannotated_VAIPE_P_397_6.jpg,3,train
data\public\pills-detection-dataset\images\train\VAIPE-reannotated_VAIPE_P_398_1.jpg,1,train
data\public\pills-detection-dataset\images\train\VAIPE-reannotated_VAIPE_P_398_2.jpg,1,train
data\public\pills-detection-dataset\images\train\VAIPE-reannotated_VAIPE_P_398_3.jpg,1,train
data\public\pills-detection-dataset\images\train\VAIPE-reannotated_VAIPE_P_398_5.jpg,1,train
data\public\pills-detection-dataset\images\train\VAIPE-reannotated_VAIPE_P_399_1.jpg,1,train
data\public\pills-detection-dataset\images\train\VAIPE-reannotated_VAIPE_P_399_2.jpg,1,train
data\public\pills-detection-dataset\images\train\VAIPE-reannotated_VAIPE_P_399_3.jpg,1,train
data\public\pills-detection-dataset\images\train\VAIPE-reannotated_VAIPE_P_399_7.jpg,1,train
data\public\pills-detection-dataset\images\train\VAIPE-reannotated_VAIPE_P_3_10.jpg,3,train
data\public\pills-detection-dataset\images\train\VAIPE-reannotated_VAIPE_P_3_13.jpg,3,train
data\public\pills-detection-dataset\images\train\VAIPE-reannotated_VAIPE_P_3_15.jpg,3,train
data\public\pills-detection-dataset\images\train\VAIPE-reannotated_VAIPE_P_3_2.jpg,2,train
data\public\pills-detection-dataset\images\train\VAIPE-reannotated_VAIPE_P_3_5.jpg,2,train
data\public\pills-detection-dataset\images\train\VAIPE-reannotated_VAIPE_P_3_8.jpg,2,train
data\public\pills-detection-dataset\images\train\VAIPE-reannotated_VAIPE_P_401_0.jpg,3,train
data\public\pills-detection-dataset\images\train\VAIPE-reannotated_VAIPE_P_401_15.jpg,3,train
data\public\pills-detection-dataset\images\train\VAIPE-reannotated_VAIPE_P_401_23.jpg,3,train
data\public\pills-detection-dataset\images\train\VAIPE-reannotated_VAIPE_P_401_24.jpg,3,train
data\public\pills-detection-dataset\images\train\VAIPE-reannotated_VAIPE_P_401_27.jpg,3,train
data\public\pills-detection-dataset\images\train\VAIPE-reannotated_VAIPE_P_401_4.jpg,3,train
data\public\pills-detection-dataset\images\train\VAIPE-reannotated_VAIPE_P_401_5.jpg,3,train
data\public\pills-detection-dataset\images\train\VAIPE-reannotated_VAIPE_P_403_1.jpg,2,train
data\public\pills-detection-dataset\images\train\VAIPE-reannotated_VAIPE_P_403_10.jpg,6,train
data\public\pills-detection-dataset\images\train\VAIPE-reannotated_VAIPE_P_403_3.jpg,2,train
data\public\pills-detection-dataset\images\train\VAIPE-reannotated_VAIPE_P_404_0.jpg,3,train
data\public\pills-detection-dataset\images\train\VAIPE-reannotated_VAIPE_P_404_1.jpg,2,train
data\public\pills-detection-dataset\images\train\VAIPE-reannotated_VAIPE_P_404_3.jpg,3,train
data\public\pills-detection-dataset\images\train\VAIPE-reannotated_VAIPE_P_404_5.jpg,3,train
data\public\pills-detection-dataset\images\train\VAIPE-reannotated_VAIPE_P_404_6.jpg,4,train
data\public\pills-detection-dataset\images\train\VAIPE-reannotated_VAIPE_P_405_10.jpg,1,train
data\public\pills-detection-dataset\images\train\VAIPE-reannotated_VAIPE_P_405_11.jpg,3,train
data\public\pills-detection-dataset\images\train\VAIPE-reannotated_VAIPE_P_405_15.jpg,6,train
data\public\pills-detection-dataset\images\train\VAIPE-reannotated_VAIPE_P_405_2.jpg,3,train
data\public\pills-detection-dataset\images\train\VAIPE-reannotated_VAIPE_P_405_3.jpg,3,train
data\public\pills-detection-dataset\images\train\VAIPE-reannotated_VAIPE_P_405_8.jpg,3,train
data\public\pills-detection-dataset\images\train\VAIPE-reannotated_VAIPE_P_406_1.jpg,3,train
data\public\pills-detection-dataset\images\train\VAIPE-reannotated_VAIPE_P_406_11.jpg,3,train
data\public\pills-detection-dataset\images\train\VAIPE-reannotated_VAIPE_P_406_14.jpg,6,train
data\public\pills-detection-dataset\images\train\VAIPE-reannotated_VAIPE_P_406_17.jpg,5,train
data\public\pills-detection-dataset\images\train\VAIPE-reannotated_VAIPE_P_406_2.jpg,3,train
data\public\pills-detection-dataset\images\train\VAIPE-reannotated_VAIPE_P_406_3.jpg,1,train
data\public\pills-detection-dataset\images\train\VAIPE-reannotated_VAIPE_P_406_5.jpg,3,train
data\public\pills-detection-dataset\images\train\VAIPE-reannotated_VAIPE_P_406_8.jpg,3,train
data\public\pills-detection-dataset\images\train\VAIPE-reannotated_VAIPE_P_407_16.jpg,2,train
data\public\pills-detection-dataset\images\train\VAIPE-reannotated_VAIPE_P_407_3.jpg,2,train
data\public\pills-detection-dataset\images\train\VAIPE-reannotated_VAIPE_P_408_8.jpg,5,train
data\public\pills-detection-dataset\images\train\VAIPE-reannotated_VAIPE_P_409_11.jpg,3,train
data\public\pills-detection-dataset\images\train\VAIPE-reannotated_VAIPE_P_409_13.jpg,3,train
data\public\pills-detection-dataset\images\train\VAIPE-reannotated_VAIPE_P_409_14.jpg,1,train
data\public\pills-detection-dataset\images\train\VAIPE-reannotated_VAIPE_P_409_15.jpg,1,train
data\public\pills-detection-dataset\images\train\VAIPE-reannotated_VAIPE_P_409_16.jpg,1,train
data\public\pills-detection-dataset\images\train\VAIPE-reannotated_VAIPE_P_409_17.jpg,3,train
data\public\pills-detection-dataset\images\train\VAIPE-reannotated_VAIPE_P_409_2.jpg,1,train
data\public\pills-detection-dataset\images\train\VAIPE-reannotated_VAIPE_P_409_3.jpg,3,train
data\public\pills-detection-dataset\images\train\VAIPE-reannotated_VAIPE_P_409_4.jpg,1,train
data\public\pills-detection-dataset\images\train\VAIPE-reannotated_VAIPE_P_409_6.jpg,1,train
data\public\pills-detection-dataset\images\train\VAIPE-reannotated_VAIPE_P_409_7.jpg,3,train
data\public\pills-detection-dataset\images\train\VAIPE-reannotated_VAIPE_P_409_8.jpg,1,train
data\public\pills-detection-dataset\images\train\VAIPE-reannotated_VAIPE_P_409_9.jpg,3,train
data\public\pills-detection-dataset\images\train\VAIPE-reannotated_VAIPE_P_40_0.jpg,3,train
data\public\pills-detection-dataset\images\train\VAIPE-reannotated_VAIPE_P_40_11.jpg,2,train
data\public\pills-detection-dataset\images\train\VAIPE-reannotated_VAIPE_P_40_12.jpg,2,train
data\public\pills-detection-dataset\images\train\VAIPE-reannotated_VAIPE_P_40_13.jpg,2,train
data\public\pills-detection-dataset\images\train\VAIPE-reannotated_VAIPE_P_40_14.jpg,1,train
data\public\pills-detection-dataset\images\train\VAIPE-reannotated_VAIPE_P_40_15.jpg,4,train
data\public\pills-detection-dataset\images\train\VAIPE-reannotated_VAIPE_P_40_16.jpg,1,train
data\public\pills-detection-dataset\images\train\VAIPE-reannotated_VAIPE_P_40_19.jpg,1,train
data\public\pills-detection-dataset\images\train\VAIPE-reannotated_VAIPE_P_40_20.jpg,2,train
data\public\pills-detection-dataset\images\train\VAIPE-reannotated_VAIPE_P_40_22.jpg,4,train
data\public\pills-detection-dataset\images\train\VAIPE-reannotated_VAIPE_P_40_23.jpg,2,train
data\public\pills-detection-dataset\images\train\VAIPE-reannotated_VAIPE_P_40_24.jpg,2,train
data\public\pills-detection-dataset\images\train\VAIPE-reannotated_VAIPE_P_40_25.jpg,2,train
data\public\pills-detection-dataset\images\train\VAIPE-reannotated_VAIPE_P_40_26.jpg,4,train
data\public\pills-detection-dataset\images\train\VAIPE-reannotated_VAIPE_P_40_27.jpg,2,train
data\public\pills-detection-dataset\images\train\VAIPE-reannotated_VAIPE_P_40_29.jpg,2,train
data\public\pills-detection-dataset\images\train\VAIPE-reannotated_VAIPE_P_40_3.jpg,1,train
data\public\pills-detection-dataset\images\train\VAIPE-reannotated_VAIPE_P_40_31.jpg,2,train
data\public\pills-detection-dataset\images\train\VAIPE-reannotated_VAIPE_P_40_34.jpg,1,train
data\public\pills-detection-dataset\images\train\VAIPE-reannotated_VAIPE_P_40_35.jpg,2,train
data\public\pills-detection-dataset\images\train\VAIPE-reannotated_VAIPE_P_40_36.jpg,4,train
data\public\pills-detection-dataset\images\train\VAIPE-reannotated_VAIPE_P_40_37.jpg,2,train
data\public\pills-detection-dataset\images\train\VAIPE-reannotated_VAIPE_P_40_39.jpg,4,train
data\public\pills-detection-dataset\images\train\VAIPE-reannotated_VAIPE_P_40_4.jpg,4,train
data\public\pills-detection-dataset\images\train\VAIPE-reannotated_VAIPE_P_40_40.jpg,1,train
data\public\pills-detection-dataset\images\train\VAIPE-reannotated_VAIPE_P_40_41.jpg,1,train
data\public\pills-detection-dataset\images\train\VAIPE-reannotated_VAIPE_P_40_42.jpg,2,train
data\public\pills-detection-dataset\images\train\VAIPE-reannotated_VAIPE_P_40_43.jpg,1,train
data\public\pills-detection-dataset\images\train\VAIPE-reannotated_VAIPE_P_40_44.jpg,1,train
data\public\pills-detection-dataset\images\train\VAIPE-reannotated_VAIPE_P_40_46.jpg,4,train
data\public\pills-detection-dataset\images\train\VAIPE-reannotated_VAIPE_P_40_49.jpg,4,train
data\public\pills-detection-dataset\images\train\VAIPE-reannotated_VAIPE_P_40_50.jpg,1,train
data\public\pills-detection-dataset\images\train\VAIPE-reannotated_VAIPE_P_40_51.jpg,2,train
data\public\pills-detection-dataset\images\train\VAIPE-reannotated_VAIPE_P_40_52.jpg,2,train
data\public\pills-detection-dataset\images\train\VAIPE-reannotated_VAIPE_P_40_54.jpg,1,train
data\public\pills-detection-dataset\images\train\VAIPE-reannotated_VAIPE_P_40_55.jpg,6,train
data\public\pills-detection-dataset\images\train\VAIPE-reannotated_VAIPE_P_40_6.jpg,1,train
data\public\pills-detection-dataset\images\train\VAIPE-reannotated_VAIPE_P_40_7.jpg,1,train
data\public\pills-detection-dataset\images\train\VAIPE-reannotated_VAIPE_P_40_8.jpg,2,train
data\public\pills-detection-dataset\images\train\VAIPE-reannotated_VAIPE_P_410_0.jpg,3,train
data\public\pills-detection-dataset\images\train\VAIPE-reannotated_VAIPE_P_410_1.jpg,1,train
data\public\pills-detection-dataset\images\train\VAIPE-reannotated_VAIPE_P_410_11.jpg,1,train
data\public\pills-detection-dataset\images\train\VAIPE-reannotated_VAIPE_P_410_13.jpg,3,train
data\public\pills-detection-dataset\images\train\VAIPE-reannotated_VAIPE_P_410_17.jpg,1,train
data\public\pills-detection-dataset\images\train\VAIPE-reannotated_VAIPE_P_410_18.jpg,1,train
data\public\pills-detection-dataset\images\train\VAIPE-reannotated_VAIPE_P_410_19.jpg,1,train
data\public\pills-detection-dataset\images\train\VAIPE-reannotated_VAIPE_P_410_21.jpg,6,train
data\public\pills-detection-dataset\images\train\VAIPE-reannotated_VAIPE_P_410_3.jpg,1,train
data\public\pills-detection-dataset\images\train\VAIPE-reannotated_VAIPE_P_410_4.jpg,1,train
data\public\pills-detection-dataset\images\train\VAIPE-reannotated_VAIPE_P_410_5.jpg,1,train
data\public\pills-detection-dataset\images\train\VAIPE-reannotated_VAIPE_P_410_7.jpg,1,train
data\public\pills-detection-dataset\images\train\VAIPE-reannotated_VAIPE_P_410_9.jpg,1,train
data\public\pills-detection-dataset\images\train\VAIPE-reannotated_VAIPE_P_411_1.jpg,2,train
data\public\pills-detection-dataset\images\train\VAIPE-reannotated_VAIPE_P_411_18.jpg,2,train
data\public\pills-detection-dataset\images\train\VAIPE-reannotated_VAIPE_P_411_20.jpg,2,train
data\public\pills-detection-dataset\images\train\VAIPE-reannotated_VAIPE_P_411_22.jpg,2,train
data\public\pills-detection-dataset\images\train\VAIPE-reannotated_VAIPE_P_411_23.jpg,2,train
data\public\pills-detection-dataset\images\train\VAIPE-reannotated_VAIPE_P_411_26.jpg,2,train
data\public\pills-detection-dataset\images\train\VAIPE-reannotated_VAIPE_P_411_29.jpg,2,train
data\public\pills-detection-dataset\images\train\VAIPE-reannotated_VAIPE_P_411_34.jpg,6,train
data\public\pills-detection-dataset\images\train\VAIPE-reannotated_VAIPE_P_411_5.jpg,2,train
data\public\pills-detection-dataset\images\train\VAIPE-reannotated_VAIPE_P_411_6.jpg,2,train
data\public\pills-detection-dataset\images\train\VAIPE-reannotated_VAIPE_P_412_10.jpg,3,train
data\public\pills-detection-dataset\images\train\VAIPE-reannotated_VAIPE_P_412_2.jpg,3,train
data\public\pills-detection-dataset\images\train\VAIPE-reannotated_VAIPE_P_413_4.jpg,5,train
data\public\pills-detection-dataset\images\train\VAIPE-reannotated_VAIPE_P_413_5.jpg,5,train
data\public\pills-detection-dataset\images\train\VAIPE-reannotated_VAIPE_P_413_8.jpg,6,train
data\public\pills-detection-dataset\images\train\VAIPE-reannotated_VAIPE_P_414_8.jpg,5,train
data\public\pills-detection-dataset\images\train\VAIPE-reannotated_VAIPE_P_416_1.jpg,5,train
data\public\pills-detection-dataset\images\train\VAIPE-reannotated_VAIPE_P_416_4.jpg,5,train
data\public\pills-detection-dataset\images\train\VAIPE-reannotated_VAIPE_P_418_3.jpg,6,train
data\public\pills-detection-dataset\images\train\VAIPE-reannotated_VAIPE_P_422_3.jpg,5,train
data\public\pills-detection-dataset\images\train\VAIPE-reannotated_VAIPE_P_423_3.jpg,6,train
data\public\pills-detection-dataset\images\train\VAIPE-reannotated_VAIPE_P_423_4.jpg,6,train
data\public\pills-detection-dataset\images\train\VAIPE-reannotated_VAIPE_P_424_2.jpg,6,train
data\public\pills-detection-dataset\images\train\VAIPE-reannotated_VAIPE_P_425_0.jpg,5,train
data\public\pills-detection-dataset\images\train\VAIPE-reannotated_VAIPE_P_425_1.jpg,5,train
data\public\pills-detection-dataset\images\train\VAIPE-reannotated_VAIPE_P_425_3.jpg,5,train
data\public\pills-detection-dataset\images\train\VAIPE-reannotated_VAIPE_P_426_0.jpg,3,train
data\public\pills-detection-dataset\images\train\VAIPE-reannotated_VAIPE_P_426_1.jpg,4,train
data\public\pills-detection-dataset\images\train\VAIPE-reannotated_VAIPE_P_426_10.jpg,3,train
data\public\pills-detection-dataset\images\train\VAIPE-reannotated_VAIPE_P_426_11.jpg,4,train
data\public\pills-detection-dataset\images\train\VAIPE-reannotated_VAIPE_P_426_12.jpg,4,train
data\public\pills-detection-dataset\images\train\VAIPE-reannotated_VAIPE_P_426_13.jpg,4,train
data\public\pills-detection-dataset\images\train\VAIPE-reannotated_VAIPE_P_426_15.jpg,1,train
data\public\pills-detection-dataset\images\train\VAIPE-reannotated_VAIPE_P_426_16.jpg,4,train
data\public\pills-detection-dataset\images\train\VAIPE-reannotated_VAIPE_P_426_2.jpg,3,train
data\public\pills-detection-dataset\images\train\VAIPE-reannotated_VAIPE_P_426_21.jpg,6,train
data\public\pills-detection-dataset\images\train\VAIPE-reannotated_VAIPE_P_426_6.jpg,3,train
data\public\pills-detection-dataset\images\train\VAIPE-reannotated_VAIPE_P_426_7.jpg,3,train
data\public\pills-detection-dataset\images\train\VAIPE-reannotated_VAIPE_P_426_8.jpg,1,train
data\public\pills-detection-dataset\images\train\VAIPE-reannotated_VAIPE_P_427_4.jpg,2,train
data\public\pills-detection-dataset\images\train\VAIPE-reannotated_VAIPE_P_427_9.jpg,1,train
data\public\pills-detection-dataset\images\train\VAIPE-reannotated_VAIPE_P_428_10.jpg,5,train
data\public\pills-detection-dataset\images\train\VAIPE-reannotated_VAIPE_P_428_14.jpg,5,train
data\public\pills-detection-dataset\images\train\VAIPE-reannotated_VAIPE_P_428_17.jpg,5,train
data\public\pills-detection-dataset\images\train\VAIPE-reannotated_VAIPE_P_428_18.jpg,5,train
data\public\pills-detection-dataset\images\train\VAIPE-reannotated_VAIPE_P_428_19.jpg,5,train
data\public\pills-detection-dataset\images\train\VAIPE-reannotated_VAIPE_P_428_23.jpg,5,train
data\public\pills-detection-dataset\images\train\VAIPE-reannotated_VAIPE_P_428_25.jpg,5,train
data\public\pills-detection-dataset\images\train\VAIPE-reannotated_VAIPE_P_428_27.jpg,5,train
data\public\pills-detection-dataset\images\train\VAIPE-reannotated_VAIPE_P_428_29.jpg,5,train
data\public\pills-detection-dataset\images\train\VAIPE-reannotated_VAIPE_P_428_31.jpg,5,train
data\public\pills-detection-dataset\images\train\VAIPE-reannotated_VAIPE_P_428_36.jpg,5,train
data\public\pills-detection-dataset\images\train\VAIPE-reannotated_VAIPE_P_428_37.jpg,5,train
data\public\pills-detection-dataset\images\train\VAIPE-reannotated_VAIPE_P_428_39.jpg,5,train
data\public\pills-detection-dataset\images\train\VAIPE-reannotated_VAIPE_P_428_4.jpg,5,train
data\public\pills-detection-dataset\images\train\VAIPE-reannotated_VAIPE_P_42_9.jpg,6,train
data\public\pills-detection-dataset\images\train\VAIPE-reannotated_VAIPE_P_434_11.jpg,6,train
data\public\pills-detection-dataset\images\train\VAIPE-reannotated_VAIPE_P_438_2.jpg,5,train
data\public\pills-detection-dataset\images\train\VAIPE-reannotated_VAIPE_P_439_1.jpg,6,train
data\public\pills-detection-dataset\images\train\VAIPE-reannotated_VAIPE_P_440_3.jpg,4,train
data\public\pills-detection-dataset\images\train\VAIPE-reannotated_VAIPE_P_441_10.jpg,4,train
data\public\pills-detection-dataset\images\train\VAIPE-reannotated_VAIPE_P_442_3.jpg,6,train
data\public\pills-detection-dataset\images\train\VAIPE-reannotated_VAIPE_P_442_7.jpg,5,train
data\public\pills-detection-dataset\images\train\VAIPE-reannotated_VAIPE_P_444_0.jpg,5,train
data\public\pills-detection-dataset\images\train\VAIPE-reannotated_VAIPE_P_446_0.jpg,3,train
data\public\pills-detection-dataset\images\train\VAIPE-reannotated_VAIPE_P_446_2.jpg,3,train
data\public\pills-detection-dataset\images\train\VAIPE-reannotated_VAIPE_P_447_3.jpg,2,train
data\public\pills-detection-dataset\images\train\VAIPE-reannotated_VAIPE_P_447_7.jpg,6,train
data\public\pills-detection-dataset\images\train\VAIPE-reannotated_VAIPE_P_448_12.jpg,3,train
data\public\pills-detection-dataset\images\train\VAIPE-reannotated_VAIPE_P_448_13.jpg,3,train
data\public\pills-detection-dataset\images\train\VAIPE-reannotated_VAIPE_P_448_14.jpg,3,train
data\public\pills-detection-dataset\images\train\VAIPE-reannotated_VAIPE_P_448_19.jpg,3,train
data\public\pills-detection-dataset\images\train\VAIPE-reannotated_VAIPE_P_448_20.jpg,3,train
data\public\pills-detection-dataset\images\train\VAIPE-reannotated_VAIPE_P_449_10.jpg,6,train
data\public\pills-detection-dataset\images\train\VAIPE-reannotated_VAIPE_P_44_0.jpg,6,train
data\public\pills-detection-dataset\images\train\VAIPE-reannotated_VAIPE_P_44_3.jpg,6,train
data\public\pills-detection-dataset\images\train\VAIPE-reannotated_VAIPE_P_44_4.jpg,4,train
data\public\pills-detection-dataset\images\train\VAIPE-reannotated_VAIPE_P_44_9.jpg,6,train
data\public\pills-detection-dataset\images\train\VAIPE-reannotated_VAIPE_P_450_0.jpg,3,train
data\public\pills-detection-dataset\images\train\VAIPE-reannotated_VAIPE_P_450_1.jpg,3,train
data\public\pills-detection-dataset\images\train\VAIPE-reannotated_VAIPE_P_450_2.jpg,3,train
data\public\pills-detection-dataset\images\train\VAIPE-reannotated_VAIPE_P_450_7.jpg,3,train
data\public\pills-detection-dataset\images\train\VAIPE-reannotated_VAIPE_P_450_9.jpg,3,train
data\public\pills-detection-dataset\images\train\VAIPE-reannotated_VAIPE_P_451_34.jpg,6,train
data\public\pills-detection-dataset\images\train\VAIPE-reannotated_VAIPE_P_451_35.jpg,6,train
data\public\pills-detection-dataset\images\train\VAIPE-reannotated_VAIPE_P_451_45.jpg,4,train
data\public\pills-detection-dataset\images\train\VAIPE-reannotated_VAIPE_P_453_16.jpg,4,train
data\public\pills-detection-dataset\images\train\VAIPE-reannotated_VAIPE_P_454_1.jpg,5,train
data\public\pills-detection-dataset\images\train\VAIPE-reannotated_VAIPE_P_454_4.jpg,5,train
data\public\pills-detection-dataset\images\train\VAIPE-reannotated_VAIPE_P_454_6.jpg,4,train
data\public\pills-detection-dataset\images\train\VAIPE-reannotated_VAIPE_P_455_1.jpg,6,train
data\public\pills-detection-dataset\images\train\VAIPE-reannotated_VAIPE_P_457_0.jpg,1,train
data\public\pills-detection-dataset\images\train\VAIPE-reannotated_VAIPE_P_458_2.jpg,4,train
data\public\pills-detection-dataset\images\train\VAIPE-reannotated_VAIPE_P_45_11.jpg,5,train
data\public\pills-detection-dataset\images\train\VAIPE-reannotated_VAIPE_P_45_14.jpg,5,train
data\public\pills-detection-dataset\images\train\VAIPE-reannotated_VAIPE_P_45_18.jpg,5,train
data\public\pills-detection-dataset\images\train\VAIPE-reannotated_VAIPE_P_45_19.jpg,5,train
data\public\pills-detection-dataset\images\train\VAIPE-reannotated_VAIPE_P_45_2.jpg,5,train
data\public\pills-detection-dataset\images\train\VAIPE-reannotated_VAIPE_P_45_20.jpg,5,train
data\public\pills-detection-dataset\images\train\VAIPE-reannotated_VAIPE_P_45_22.jpg,5,train
data\public\pills-detection-dataset\images\train\VAIPE-reannotated_VAIPE_P_45_23.jpg,5,train
data\public\pills-detection-dataset\images\train\VAIPE-reannotated_VAIPE_P_45_25.jpg,5,train
data\public\pills-detection-dataset\images\train\VAIPE-reannotated_VAIPE_P_45_26.jpg,5,train
data\public\pills-detection-dataset\images\train\VAIPE-reannotated_VAIPE_P_45_27.jpg,5,train
data\public\pills-detection-dataset\images\train\VAIPE-reannotated_VAIPE_P_45_29.jpg,5,train
data\public\pills-detection-dataset\images\train\VAIPE-reannotated_VAIPE_P_45_3.jpg,5,train
data\public\pills-detection-dataset\images\train\VAIPE-reannotated_VAIPE_P_45_30.jpg,5,train
data\public\pills-detection-dataset\images\train\VAIPE-reannotated_VAIPE_P_45_31.jpg,5,train
data\public\pills-detection-dataset\images\train\VAIPE-reannotated_VAIPE_P_45_34.jpg,5,train
data\public\pills-detection-dataset\images\train\VAIPE-reannotated_VAIPE_P_45_38.jpg,6,train
data\public\pills-detection-dataset\images\train\VAIPE-reannotated_VAIPE_P_45_4.jpg,5,train
data\public\pills-detection-dataset\images\train\VAIPE-reannotated_VAIPE_P_45_5.jpg,5,train
data\public\pills-detection-dataset\images\train\VAIPE-reannotated_VAIPE_P_45_8.jpg,5,train
data\public\pills-detection-dataset\images\train\VAIPE-reannotated_VAIPE_P_45_9.jpg,5,train
data\public\pills-detection-dataset\images\train\VAIPE-reannotated_VAIPE_P_460_1.jpg,1,train
data\public\pills-detection-dataset\images\train\VAIPE-reannotated_VAIPE_P_461_1.jpg,3,train
data\public\pills-detection-dataset\images\train\VAIPE-reannotated_VAIPE_P_461_10.jpg,3,train
data\public\pills-detection-dataset\images\train\VAIPE-reannotated_VAIPE_P_461_11.jpg,3,train
data\public\pills-detection-dataset\images\train\VAIPE-reannotated_VAIPE_P_461_6.jpg,3,train
data\public\pills-detection-dataset\images\train\VAIPE-reannotated_VAIPE_P_461_8.jpg,3,train
data\public\pills-detection-dataset\images\train\VAIPE-reannotated_VAIPE_P_461_9.jpg,3,train
data\public\pills-detection-dataset\images\train\VAIPE-reannotated_VAIPE_P_462_5.jpg,2,train
data\public\pills-detection-dataset\images\train\VAIPE-reannotated_VAIPE_P_462_7.jpg,6,train
data\public\pills-detection-dataset\images\train\VAIPE-reannotated_VAIPE_P_463_10.jpg,4,train
data\public\pills-detection-dataset\images\train\VAIPE-reannotated_VAIPE_P_463_8.jpg,3,train
data\public\pills-detection-dataset\images\train\VAIPE-reannotated_VAIPE_P_463_9.jpg,5,train
data\public\pills-detection-dataset\images\train\VAIPE-reannotated_VAIPE_P_464_1.jpg,4,train
data\public\pills-detection-dataset\images\train\VAIPE-reannotated_VAIPE_P_464_17.jpg,6,train
data\public\pills-detection-dataset\images\train\VAIPE-reannotated_VAIPE_P_464_6.jpg,5,train
data\public\pills-detection-dataset\images\train\VAIPE-reannotated_VAIPE_P_465_11.jpg,5,train
data\public\pills-detection-dataset\images\train\VAIPE-reannotated_VAIPE_P_465_15.jpg,4,train
data\public\pills-detection-dataset\images\train\VAIPE-reannotated_VAIPE_P_465_3.jpg,5,train
data\public\pills-detection-dataset\images\train\VAIPE-reannotated_VAIPE_P_465_5.jpg,5,train
data\public\pills-detection-dataset\images\train\VAIPE-reannotated_VAIPE_P_465_8.jpg,5,train
data\public\pills-detection-dataset\images\train\VAIPE-reannotated_VAIPE_P_467_0.jpg,4,train
data\public\pills-detection-dataset\images\train\VAIPE-reannotated_VAIPE_P_467_1.jpg,4,train
data\public\pills-detection-dataset\images\train\VAIPE-reannotated_VAIPE_P_468_6.jpg,3,train
data\public\pills-detection-dataset\images\train\VAIPE-reannotated_VAIPE_P_468_7.jpg,4,train
data\public\pills-detection-dataset\images\train\VAIPE-reannotated_VAIPE_P_469_1.jpg,2,train
data\public\pills-detection-dataset\images\train\VAIPE-reannotated_VAIPE_P_469_3.jpg,1,train
data\public\pills-detection-dataset\images\train\VAIPE-reannotated_VAIPE_P_469_4.jpg,2,train
data\public\pills-detection-dataset\images\train\VAIPE-reannotated_VAIPE_P_46_2.jpg,4,train
data\public\pills-detection-dataset\images\train\VAIPE-reannotated_VAIPE_P_46_3.jpg,4,train
data\public\pills-detection-dataset\images\train\VAIPE-reannotated_VAIPE_P_46_4.jpg,4,train
data\public\pills-detection-dataset\images\train\VAIPE-reannotated_VAIPE_P_46_5.jpg,4,train
data\public\pills-detection-dataset\images\train\VAIPE-reannotated_VAIPE_P_46_6.jpg,4,train
data\public\pills-detection-dataset\images\train\VAIPE-reannotated_VAIPE_P_46_7.jpg,4,train
data\public\pills-detection-dataset\images\train\VAIPE-reannotated_VAIPE_P_46_8.jpg,4,train
data\public\pills-detection-dataset\images\train\VAIPE-reannotated_VAIPE_P_470_0.jpg,2,train
data\public\pills-detection-dataset\images\train\VAIPE-reannotated_VAIPE_P_470_1.jpg,1,train
data\public\pills-detection-dataset\images\train\VAIPE-reannotated_VAIPE_P_470_12.jpg,1,train
data\public\pills-detection-dataset\images\train\VAIPE-reannotated_VAIPE_P_470_16.jpg,1,train
data\public\pills-detection-dataset\images\train\VAIPE-reannotated_VAIPE_P_470_2.jpg,2,train
data\public\pills-detection-dataset\images\train\VAIPE-reannotated_VAIPE_P_470_20.jpg,2,train
data\public\pills-detection-dataset\images\train\VAIPE-reannotated_VAIPE_P_470_5.jpg,1,train
data\public\pills-detection-dataset\images\train\VAIPE-reannotated_VAIPE_P_471_0.jpg,3,train
data\public\pills-detection-dataset\images\train\VAIPE-reannotated_VAIPE_P_471_1.jpg,3,train
data\public\pills-detection-dataset\images\train\VAIPE-reannotated_VAIPE_P_471_10.jpg,3,train
data\public\pills-detection-dataset\images\train\VAIPE-reannotated_VAIPE_P_471_11.jpg,3,train
data\public\pills-detection-dataset\images\train\VAIPE-reannotated_VAIPE_P_471_12.jpg,3,train
data\public\pills-detection-dataset\images\train\VAIPE-reannotated_VAIPE_P_471_13.jpg,3,train
data\public\pills-detection-dataset\images\train\VAIPE-reannotated_VAIPE_P_471_14.jpg,3,train
data\public\pills-detection-dataset\images\train\VAIPE-reannotated_VAIPE_P_471_2.jpg,3,train
data\public\pills-detection-dataset\images\train\VAIPE-reannotated_VAIPE_P_471_3.jpg,3,train
data\public\pills-detection-dataset\images\train\VAIPE-reannotated_VAIPE_P_471_4.jpg,3,train
data\public\pills-detection-dataset\images\train\VAIPE-reannotated_VAIPE_P_471_5.jpg,3,train
data\public\pills-detection-dataset\images\train\VAIPE-reannotated_VAIPE_P_471_6.jpg,3,train
data\public\pills-detection-dataset\images\train\VAIPE-reannotated_VAIPE_P_471_7.jpg,3,train
data\public\pills-detection-dataset\images\train\VAIPE-reannotated_VAIPE_P_471_8.jpg,3,train
data\public\pills-detection-dataset\images\train\VAIPE-reannotated_VAIPE_P_472_0.jpg,3,train
data\public\pills-detection-dataset\images\train\VAIPE-reannotated_VAIPE_P_472_1.jpg,3,train
data\public\pills-detection-dataset\images\train\VAIPE-reannotated_VAIPE_P_472_10.jpg,3,train
data\public\pills-detection-dataset\images\train\VAIPE-reannotated_VAIPE_P_472_11.jpg,3,train
data\public\pills-detection-dataset\images\train\VAIPE-reannotated_VAIPE_P_472_12.jpg,3,train
data\public\pills-detection-dataset\images\train\VAIPE-reannotated_VAIPE_P_472_13.jpg,3,train
data\public\pills-detection-dataset\images\train\VAIPE-reannotated_VAIPE_P_472_14.jpg,3,train
data\public\pills-detection-dataset\images\train\VAIPE-reannotated_VAIPE_P_472_3.jpg,3,train
data\public\pills-detection-dataset\images\train\VAIPE-reannotated_VAIPE_P_472_4.jpg,3,train
data\public\pills-detection-dataset\images\train\VAIPE-reannotated_VAIPE_P_472_5.jpg,3,train
data\public\pills-detection-dataset\images\train\VAIPE-reannotated_VAIPE_P_472_6.jpg,3,train
data\public\pills-detection-dataset\images\train\VAIPE-reannotated_VAIPE_P_472_7.jpg,3,train
data\public\pills-detection-dataset\images\train\VAIPE-reannotated_VAIPE_P_472_8.jpg,3,train
data\public\pills-detection-dataset\images\train\VAIPE-reannotated_VAIPE_P_472_9.jpg,3,train
data\public\pills-detection-dataset\images\train\VAIPE-reannotated_VAIPE_P_473_1.jpg,1,train
data\public\pills-detection-dataset\images\train\VAIPE-reannotated_VAIPE_P_473_10.jpg,5,train
data\public\pills-detection-dataset\images\train\VAIPE-reannotated_VAIPE_P_473_11.jpg,5,train
data\public\pills-detection-dataset\images\train\VAIPE-reannotated_VAIPE_P_473_2.jpg,5,train
data\public\pills-detection-dataset\images\train\VAIPE-reannotated_VAIPE_P_473_3.jpg,1,train
data\public\pills-detection-dataset\images\train\VAIPE-reannotated_VAIPE_P_473_4.jpg,5,train
data\public\pills-detection-dataset\images\train\VAIPE-reannotated_VAIPE_P_473_5.jpg,1,train
data\public\pills-detection-dataset\images\train\VAIPE-reannotated_VAIPE_P_473_7.jpg,5,train
data\public\pills-detection-dataset\images\train\VAIPE-reannotated_VAIPE_P_473_8.jpg,1,train
data\public\pills-detection-dataset\images\train\VAIPE-reannotated_VAIPE_P_473_9.jpg,5,train
data\public\pills-detection-dataset\images\train\VAIPE-reannotated_VAIPE_P_474_2.jpg,2,train
data\public\pills-detection-dataset\images\train\VAIPE-reannotated_VAIPE_P_474_3.jpg,3,train
data\public\pills-detection-dataset\images\train\VAIPE-reannotated_VAIPE_P_474_4.jpg,3,train
data\public\pills-detection-dataset\images\train\VAIPE-reannotated_VAIPE_P_475_14.jpg,1,train
data\public\pills-detection-dataset\images\train\VAIPE-reannotated_VAIPE_P_475_7.jpg,1,train
data\public\pills-detection-dataset\images\train\VAIPE-reannotated_VAIPE_P_475_9.jpg,1,train
data\public\pills-detection-dataset\images\train\VAIPE-reannotated_VAIPE_P_476_0.jpg,6,train
data\public\pills-detection-dataset\images\train\VAIPE-reannotated_VAIPE_P_476_1.jpg,6,train
data\public\pills-detection-dataset\images\train\VAIPE-reannotated_VAIPE_P_476_2.jpg,6,train
data\public\pills-detection-dataset\images\train\VAIPE-reannotated_VAIPE_P_476_3.jpg,6,train
data\public\pills-detection-dataset\images\train\VAIPE-reannotated_VAIPE_P_477_10.jpg,1,train
data\public\pills-detection-dataset\images\train\VAIPE-reannotated_VAIPE_P_477_14.jpg,1,train
data\public\pills-detection-dataset\images\train\VAIPE-reannotated_VAIPE_P_477_15.jpg,1,train
data\public\pills-detection-dataset\images\train\VAIPE-reannotated_VAIPE_P_477_18.jpg,4,train
data\public\pills-detection-dataset\images\train\VAIPE-reannotated_VAIPE_P_477_3.jpg,1,train
data\public\pills-detection-dataset\images\train\VAIPE-reannotated_VAIPE_P_477_6.jpg,1,train
data\public\pills-detection-dataset\images\train\VAIPE-reannotated_VAIPE_P_477_7.jpg,1,train
data\public\pills-detection-dataset\images\train\VAIPE-reannotated_VAIPE_P_477_8.jpg,1,train
data\public\pills-detection-dataset\images\train\VAIPE-reannotated_VAIPE_P_47_10.jpg,5,train
data\public\pills-detection-dataset\images\train\VAIPE-reannotated_VAIPE_P_47_4.jpg,5,train
data\public\pills-detection-dataset\images\train\VAIPE-reannotated_VAIPE_P_47_7.jpg,4,train
data\public\pills-detection-dataset\images\train\VAIPE-reannotated_VAIPE_P_47_8.jpg,4,train
data\public\pills-detection-dataset\images\train\VAIPE-reannotated_VAIPE_P_47_9.jpg,5,train
data\public\pills-detection-dataset\images\train\VAIPE-reannotated_VAIPE_P_480_6.jpg,6,train
data\public\pills-detection-dataset\images\train\VAIPE-reannotated_VAIPE_P_481_11.jpg,6,train
data\public\pills-detection-dataset\images\train\VAIPE-reannotated_VAIPE_P_486_1.jpg,5,train
data\public\pills-detection-dataset\images\train\VAIPE-reannotated_VAIPE_P_487_3.jpg,4,train
data\public\pills-detection-dataset\images\train\VAIPE-reannotated_VAIPE_P_488_3.jpg,5,train
data\public\pills-detection-dataset\images\train\VAIPE-reannotated_VAIPE_P_488_5.jpg,6,train
data\public\pills-detection-dataset\images\train\VAIPE-reannotated_VAIPE_P_48_0.jpg,4,train
data\public\pills-detection-dataset\images\train\VAIPE-reannotated_VAIPE_P_48_1.jpg,4,train
data\public\pills-detection-dataset\images\train\VAIPE-reannotated_VAIPE_P_48_5.jpg,3,train
data\public\pills-detection-dataset\images\train\VAIPE-reannotated_VAIPE_P_48_7.jpg,4,train
data\public\pills-detection-dataset\images\train\VAIPE-reannotated_VAIPE_P_491_0.jpg,3,train
data\public\pills-detection-dataset\images\train\VAIPE-reannotated_VAIPE_P_491_1.jpg,3,train
data\public\pills-detection-dataset\images\train\VAIPE-reannotated_VAIPE_P_491_2.jpg,5,train
data\public\pills-detection-dataset\images\train\VAIPE-reannotated_VAIPE_P_492_19.jpg,6,train
data\public\pills-detection-dataset\images\train\VAIPE-reannotated_VAIPE_P_494_10.jpg,2,train
data\public\pills-detection-dataset\images\train\VAIPE-reannotated_VAIPE_P_495_12.jpg,6,train
data\public\pills-detection-dataset\images\train\VAIPE-reannotated_VAIPE_P_495_13.jpg,6,train
data\public\pills-detection-dataset\images\train\VAIPE-reannotated_VAIPE_P_496_12.jpg,5,train
data\public\pills-detection-dataset\images\train\VAIPE-reannotated_VAIPE_P_496_13.jpg,6,train
data\public\pills-detection-dataset\images\train\VAIPE-reannotated_VAIPE_P_496_20.jpg,5,train
data\public\pills-detection-dataset\images\train\VAIPE-reannotated_VAIPE_P_497_5.jpg,4,train
data\public\pills-detection-dataset\images\train\VAIPE-reannotated_VAIPE_P_497_7.jpg,4,train
data\public\pills-detection-dataset\images\train\VAIPE-reannotated_VAIPE_P_499_0.jpg,1,train
data\public\pills-detection-dataset\images\train\VAIPE-reannotated_VAIPE_P_499_1.jpg,1,train
data\public\pills-detection-dataset\images\train\VAIPE-reannotated_VAIPE_P_499_3.jpg,3,train
data\public\pills-detection-dataset\images\train\VAIPE-reannotated_VAIPE_P_49_2.jpg,5,train
data\public\pills-detection-dataset\images\train\VAIPE-reannotated_VAIPE_P_4_112.jpg,1,train
data\public\pills-detection-dataset\images\train\VAIPE-reannotated_VAIPE_P_4_23.jpg,1,train
data\public\pills-detection-dataset\images\train\VAIPE-reannotated_VAIPE_P_4_24.jpg,1,train
data\public\pills-detection-dataset\images\train\VAIPE-reannotated_VAIPE_P_4_79.jpg,1,train
data\public\pills-detection-dataset\images\train\VAIPE-reannotated_VAIPE_P_4_80.jpg,3,train
data\public\pills-detection-dataset\images\train\VAIPE-reannotated_VAIPE_P_500_0.jpg,2,train
data\public\pills-detection-dataset\images\train\VAIPE-reannotated_VAIPE_P_501_0.jpg,1,train
data\public\pills-detection-dataset\images\train\VAIPE-reannotated_VAIPE_P_503_0.jpg,2,train
data\public\pills-detection-dataset\images\train\VAIPE-reannotated_VAIPE_P_503_1.jpg,1,train
data\public\pills-detection-dataset\images\train\VAIPE-reannotated_VAIPE_P_503_2.jpg,2,train
data\public\pills-detection-dataset\images\train\VAIPE-reannotated_VAIPE_P_503_5.jpg,1,train
data\public\pills-detection-dataset\images\train\VAIPE-reannotated_VAIPE_P_504_11.jpg,3,train
data\public\pills-detection-dataset\images\train\VAIPE-reannotated_VAIPE_P_504_12.jpg,3,train
data\public\pills-detection-dataset\images\train\VAIPE-reannotated_VAIPE_P_504_13.jpg,3,train
data\public\pills-detection-dataset\images\train\VAIPE-reannotated_VAIPE_P_504_15.jpg,3,train
data\public\pills-detection-dataset\images\train\VAIPE-reannotated_VAIPE_P_504_16.jpg,3,train
data\public\pills-detection-dataset\images\train\VAIPE-reannotated_VAIPE_P_504_18.jpg,3,train
data\public\pills-detection-dataset\images\train\VAIPE-reannotated_VAIPE_P_504_23.jpg,3,train
data\public\pills-detection-dataset\images\train\VAIPE-reannotated_VAIPE_P_504_5.jpg,3,train
data\public\pills-detection-dataset\images\train\VAIPE-reannotated_VAIPE_P_504_6.jpg,3,train
data\public\pills-detection-dataset\images\train\VAIPE-reannotated_VAIPE_P_504_7.jpg,3,train
data\public\pills-detection-dataset\images\train\VAIPE-reannotated_VAIPE_P_504_8.jpg,3,train
data\public\pills-detection-dataset\images\train\VAIPE-reannotated_VAIPE_P_505_2.jpg,4,train
data\public\pills-detection-dataset\images\train\VAIPE-reannotated_VAIPE_P_505_23.jpg,6,train
data\public\pills-detection-dataset\images\train\VAIPE-reannotated_VAIPE_P_506_3.jpg,3,train
data\public\pills-detection-dataset\images\train\VAIPE-reannotated_VAIPE_P_507_10.jpg,4,train
data\public\pills-detection-dataset\images\train\VAIPE-reannotated_VAIPE_P_507_13.jpg,4,train
data\public\pills-detection-dataset\images\train\VAIPE-reannotated_VAIPE_P_507_5.jpg,4,train
data\public\pills-detection-dataset\images\train\VAIPE-reannotated_VAIPE_P_507_7.jpg,4,train
data\public\pills-detection-dataset\images\train\VAIPE-reannotated_VAIPE_P_507_9.jpg,4,train
data\public\pills-detection-dataset\images\train\VAIPE-reannotated_VAIPE_P_508_7.jpg,4,train
data\public\pills-detection-dataset\images\train\VAIPE-reannotated_VAIPE_P_509_0.jpg,4,train
data\public\pills-detection-dataset\images\train\VAIPE-reannotated_VAIPE_P_509_1.jpg,3,train
data\public\pills-detection-dataset\images\train\VAIPE-reannotated_VAIPE_P_509_2.jpg,3,train
data\public\pills-detection-dataset\images\train\VAIPE-reannotated_VAIPE_P_509_3.jpg,4,train
data\public\pills-detection-dataset\images\train\VAIPE-reannotated_VAIPE_P_510_2.jpg,4,train
data\public\pills-detection-dataset\images\train\VAIPE-reannotated_VAIPE_P_510_3.jpg,3,train
data\public\pills-detection-dataset\images\train\VAIPE-reannotated_VAIPE_P_511_1.jpg,4,train
data\public\pills-detection-dataset\images\train\VAIPE-reannotated_VAIPE_P_511_2.jpg,4,train
data\public\pills-detection-dataset\images\train\VAIPE-reannotated_VAIPE_P_512_3.jpg,4,train
data\public\pills-detection-dataset\images\train\VAIPE-reannotated_VAIPE_P_512_4.jpg,3,train
data\public\pills-detection-dataset\images\train\VAIPE-reannotated_VAIPE_P_513_0.jpg,6,train
data\public\pills-detection-dataset\images\train\VAIPE-reannotated_VAIPE_P_513_1.jpg,6,train
data\public\pills-detection-dataset\images\train\VAIPE-reannotated_VAIPE_P_513_10.jpg,6,train
data\public\pills-detection-dataset\images\train\VAIPE-reannotated_VAIPE_P_513_12.jpg,6,train
data\public\pills-detection-dataset\images\train\VAIPE-reannotated_VAIPE_P_513_13.jpg,6,train
data\public\pills-detection-dataset\images\train\VAIPE-reannotated_VAIPE_P_513_14.jpg,6,train
data\public\pills-detection-dataset\images\train\VAIPE-reannotated_VAIPE_P_513_15.jpg,6,train
data\public\pills-detection-dataset\images\train\VAIPE-reannotated_VAIPE_P_513_17.jpg,6,train
data\public\pills-detection-dataset\images\train\VAIPE-reannotated_VAIPE_P_513_18.jpg,6,train
data\public\pills-detection-dataset\images\train\VAIPE-reannotated_VAIPE_P_513_19.jpg,6,train
data\public\pills-detection-dataset\images\train\VAIPE-reannotated_VAIPE_P_513_20.jpg,6,train
data\public\pills-detection-dataset\images\train\VAIPE-reannotated_VAIPE_P_513_21.jpg,6,train
data\public\pills-detection-dataset\images\train\VAIPE-reannotated_VAIPE_P_513_22.jpg,6,train
data\public\pills-detection-dataset\images\train\VAIPE-reannotated_VAIPE_P_513_23.jpg,6,train
data\public\pills-detection-dataset\images\train\VAIPE-reannotated_VAIPE_P_513_3.jpg,6,train
data\public\pills-detection-dataset\images\train\VAIPE-reannotated_VAIPE_P_513_4.jpg,6,train
data\public\pills-detection-dataset\images\train\VAIPE-reannotated_VAIPE_P_513_5.jpg,6,train
data\public\pills-detection-dataset\images\train\VAIPE-reannotated_VAIPE_P_513_7.jpg,6,train
data\public\pills-detection-dataset\images\train\VAIPE-reannotated_VAIPE_P_513_8.jpg,6,train
data\public\pills-detection-dataset\images\train\VAIPE-reannotated_VAIPE_P_513_9.jpg,6,train
data\public\pills-detection-dataset\images\train\VAIPE-reannotated_VAIPE_P_514_35.jpg,6,train
data\public\pills-detection-dataset\images\train\VAIPE-reannotated_VAIPE_P_515_1.jpg,4,train
data\public\pills-detection-dataset\images\train\VAIPE-reannotated_VAIPE_P_517_1.jpg,6,train
data\public\pills-detection-dataset\images\train\VAIPE-reannotated_VAIPE_P_518_0.jpg,2,train
data\public\pills-detection-dataset\images\train\VAIPE-reannotated_VAIPE_P_519_3.jpg,6,train
data\public\pills-detection-dataset\images\train\VAIPE-reannotated_VAIPE_P_519_5.jpg,6,train
data\public\pills-detection-dataset\images\train\VAIPE-reannotated_VAIPE_P_51_1.jpg,5,train
data\public\pills-detection-dataset\images\train\VAIPE-reannotated_VAIPE_P_51_5.jpg,6,train
data\public\pills-detection-dataset\images\train\VAIPE-reannotated_VAIPE_P_520_0.jpg,3,train
data\public\pills-detection-dataset\images\train\VAIPE-reannotated_VAIPE_P_521_3.jpg,6,train
data\public\pills-detection-dataset\images\train\VAIPE-reannotated_VAIPE_P_522_0.jpg,3,train
data\public\pills-detection-dataset\images\train\VAIPE-reannotated_VAIPE_P_523_3.jpg,3,train
data\public\pills-detection-dataset\images\train\VAIPE-reannotated_VAIPE_P_523_5.jpg,3,train
data\public\pills-detection-dataset\images\train\VAIPE-reannotated_VAIPE_P_525_5.jpg,6,train
data\public\pills-detection-dataset\images\train\VAIPE-reannotated_VAIPE_P_526_4.jpg,6,train
data\public\pills-detection-dataset\images\train\VAIPE-reannotated_VAIPE_P_530_3.jpg,5,train
data\public\pills-detection-dataset\images\train\VAIPE-reannotated_VAIPE_P_530_5.jpg,6,train
data\public\pills-detection-dataset\images\train\VAIPE-reannotated_VAIPE_P_533_1.jpg,3,train
data\public\pills-detection-dataset\images\train\VAIPE-reannotated_VAIPE_P_535_5.jpg,4,train
data\public\pills-detection-dataset\images\train\VAIPE-reannotated_VAIPE_P_535_8.jpg,5,train
data\public\pills-detection-dataset\images\train\VAIPE-reannotated_VAIPE_P_537_0.jpg,3,train
data\public\pills-detection-dataset\images\train\VAIPE-reannotated_VAIPE_P_537_2.jpg,2,train
data\public\pills-detection-dataset\images\train\VAIPE-reannotated_VAIPE_P_537_3.jpg,3,train
data\public\pills-detection-dataset\images\train\VAIPE-reannotated_VAIPE_P_537_4.jpg,6,train
data\public\pills-detection-dataset\images\train\VAIPE-reannotated_VAIPE_P_537_5.jpg,4,train
data\public\pills-detection-dataset\images\train\VAIPE-reannotated_VAIPE_P_539_11.jpg,4,train
data\public\pills-detection-dataset\images\train\VAIPE-reannotated_VAIPE_P_539_2.jpg,4,train
data\public\pills-detection-dataset\images\train\VAIPE-reannotated_VAIPE_P_539_6.jpg,4,train
data\public\pills-detection-dataset\images\train\VAIPE-reannotated_VAIPE_P_540_0.jpg,3,train
data\public\pills-detection-dataset\images\train\VAIPE-reannotated_VAIPE_P_540_10.jpg,1,train
data\public\pills-detection-dataset\images\train\VAIPE-reannotated_VAIPE_P_540_11.jpg,3,train
data\public\pills-detection-dataset\images\train\VAIPE-reannotated_VAIPE_P_540_12.jpg,3,train
data\public\pills-detection-dataset\images\train\VAIPE-reannotated_VAIPE_P_540_16.jpg,6,train
data\public\pills-detection-dataset\images\train\VAIPE-reannotated_VAIPE_P_540_2.jpg,3,train
data\public\pills-detection-dataset\images\train\VAIPE-reannotated_VAIPE_P_540_4.jpg,1,train
data\public\pills-detection-dataset\images\train\VAIPE-reannotated_VAIPE_P_540_5.jpg,3,train
data\public\pills-detection-dataset\images\train\VAIPE-reannotated_VAIPE_P_540_6.jpg,1,train
data\public\pills-detection-dataset\images\train\VAIPE-reannotated_VAIPE_P_540_7.jpg,1,train
data\public\pills-detection-dataset\images\train\VAIPE-reannotated_VAIPE_P_540_9.jpg,1,train
data\public\pills-detection-dataset\images\train\VAIPE-reannotated_VAIPE_P_541_7.jpg,5,train
data\public\pills-detection-dataset\images\train\VAIPE-reannotated_VAIPE_P_541_9.jpg,6,train
data\public\pills-detection-dataset\images\train\VAIPE-reannotated_VAIPE_P_542_0.jpg,3,train
data\public\pills-detection-dataset\images\train\VAIPE-reannotated_VAIPE_P_542_7.jpg,4,train
data\public\pills-detection-dataset\images\train\VAIPE-reannotated_VAIPE_P_543_1.jpg,3,train
data\public\pills-detection-dataset\images\train\VAIPE-reannotated_VAIPE_P_543_2.jpg,3,train
data\public\pills-detection-dataset\images\train\VAIPE-reannotated_VAIPE_P_543_5.jpg,6,train
data\public\pills-detection-dataset\images\train\VAIPE-reannotated_VAIPE_P_544_3.jpg,3,train
data\public\pills-detection-dataset\images\train\VAIPE-reannotated_VAIPE_P_544_5.jpg,6,train
data\public\pills-detection-dataset\images\train\VAIPE-reannotated_VAIPE_P_545_1.jpg,4,train
data\public\pills-detection-dataset\images\train\VAIPE-reannotated_VAIPE_P_545_2.jpg,4,train
data\public\pills-detection-dataset\images\train\VAIPE-reannotated_VAIPE_P_545_7.jpg,4,train
data\public\pills-detection-dataset\images\train\VAIPE-reannotated_VAIPE_P_545_8.jpg,4,train
data\public\pills-detection-dataset\images\train\VAIPE-reannotated_VAIPE_P_545_9.jpg,4,train
data\public\pills-detection-dataset\images\train\VAIPE-reannotated_VAIPE_P_546_2.jpg,3,train
data\public\pills-detection-dataset\images\train\VAIPE-reannotated_VAIPE_P_546_3.jpg,3,train
data\public\pills-detection-dataset\images\train\VAIPE-reannotated_VAIPE_P_547_0.jpg,4,train
data\public\pills-detection-dataset\images\train\VAIPE-reannotated_VAIPE_P_548_2.jpg,6,train
data\public\pills-detection-dataset\images\train\VAIPE-reannotated_VAIPE_P_549_3.jpg,6,train
data\public\pills-detection-dataset\images\train\VAIPE-reannotated_VAIPE_P_551_0.jpg,5,train
data\public\pills-detection-dataset\images\train\VAIPE-reannotated_VAIPE_P_551_1.jpg,4,train
data\public\pills-detection-dataset\images\train\VAIPE-reannotated_VAIPE_P_551_3.jpg,5,train
data\public\pills-detection-dataset\images\train\VAIPE-reannotated_VAIPE_P_551_4.jpg,5,train
data\public\pills-detection-dataset\images\train\VAIPE-reannotated_VAIPE_P_551_5.jpg,4,train
data\public\pills-detection-dataset\images\train\VAIPE-reannotated_VAIPE_P_552_0.jpg,6,train
data\public\pills-detection-dataset\images\train\VAIPE-reannotated_VAIPE_P_552_1.jpg,6,train
data\public\pills-detection-dataset\images\train\VAIPE-reannotated_VAIPE_P_553_4.jpg,5,train
data\public\pills-detection-dataset\images\train\VAIPE-reannotated_VAIPE_P_554_0.jpg,4,train
data\public\pills-detection-dataset\images\train\VAIPE-reannotated_VAIPE_P_560_0.jpg,5,train
data\public\pills-detection-dataset\images\train\VAIPE-reannotated_VAIPE_P_560_20.jpg,5,train
data\public\pills-detection-dataset\images\train\VAIPE-reannotated_VAIPE_P_560_22.jpg,5,train
data\public\pills-detection-dataset\images\train\VAIPE-reannotated_VAIPE_P_560_26.jpg,5,train
data\public\pills-detection-dataset\images\train\VAIPE-reannotated_VAIPE_P_560_34.jpg,5,train
data\public\pills-detection-dataset\images\train\VAIPE-reannotated_VAIPE_P_560_4.jpg,5,train
data\public\pills-detection-dataset\images\train\VAIPE-reannotated_VAIPE_P_560_8.jpg,5,train
data\public\pills-detection-dataset\images\train\VAIPE-reannotated_VAIPE_P_566_1.jpg,3,train
data\public\pills-detection-dataset\images\train\VAIPE-reannotated_VAIPE_P_566_10.jpg,3,train
data\public\pills-detection-dataset\images\train\VAIPE-reannotated_VAIPE_P_566_11.jpg,3,train
data\public\pills-detection-dataset\images\train\VAIPE-reannotated_VAIPE_P_566_3.jpg,3,train
data\public\pills-detection-dataset\images\train\VAIPE-reannotated_VAIPE_P_566_8.jpg,3,train
data\public\pills-detection-dataset\images\train\VAIPE-reannotated_VAIPE_P_566_9.jpg,3,train
data\public\pills-detection-dataset\images\train\VAIPE-reannotated_VAIPE_P_567_7.jpg,4,train
data\public\pills-detection-dataset\images\train\VAIPE-reannotated_VAIPE_P_571_13.jpg,5,train
data\public\pills-detection-dataset\images\train\VAIPE-reannotated_VAIPE_P_571_18.jpg,5,train
data\public\pills-detection-dataset\images\train\VAIPE-reannotated_VAIPE_P_571_19.jpg,5,train
data\public\pills-detection-dataset\images\train\VAIPE-reannotated_VAIPE_P_571_2.jpg,5,train
data\public\pills-detection-dataset\images\train\VAIPE-reannotated_VAIPE_P_571_21.jpg,5,train
data\public\pills-detection-dataset\images\train\VAIPE-reannotated_VAIPE_P_571_22.jpg,5,train
data\public\pills-detection-dataset\images\train\VAIPE-reannotated_VAIPE_P_571_3.jpg,5,train
data\public\pills-detection-dataset\images\train\VAIPE-reannotated_VAIPE_P_571_5.jpg,5,train
data\public\pills-detection-dataset\images\train\VAIPE-reannotated_VAIPE_P_571_7.jpg,5,train
data\public\pills-detection-dataset\images\train\VAIPE-reannotated_VAIPE_P_575_8.jpg,2,train
data\public\pills-detection-dataset\images\train\VAIPE-reannotated_VAIPE_P_576_13.jpg,3,train
data\public\pills-detection-dataset\images\train\VAIPE-reannotated_VAIPE_P_576_3.jpg,3,train
data\public\pills-detection-dataset\images\train\VAIPE-reannotated_VAIPE_P_576_6.jpg,2,train
data\public\pills-detection-dataset\images\train\VAIPE-reannotated_VAIPE_P_576_7.jpg,3,train
data\public\pills-detection-dataset\images\train\VAIPE-reannotated_VAIPE_P_578_1.jpg,4,train
data\public\pills-detection-dataset\images\train\VAIPE-reannotated_VAIPE_P_57_0.jpg,6,train
data\public\pills-detection-dataset\images\train\VAIPE-reannotated_VAIPE_P_580_4.jpg,4,train
data\public\pills-detection-dataset\images\train\VAIPE-reannotated_VAIPE_P_581_0.jpg,3,train
data\public\pills-detection-dataset\images\train\VAIPE-reannotated_VAIPE_P_583_0.jpg,6,train
data\public\pills-detection-dataset\images\train\VAIPE-reannotated_VAIPE_P_583_1.jpg,6,train
data\public\pills-detection-dataset\images\train\VAIPE-reannotated_VAIPE_P_583_2.jpg,6,train
data\public\pills-detection-dataset\images\train\VAIPE-reannotated_VAIPE_P_585_0.jpg,1,train
data\public\pills-detection-dataset\images\train\VAIPE-reannotated_VAIPE_P_588_0.jpg,1,train
data\public\pills-detection-dataset\images\train\VAIPE-reannotated_VAIPE_P_58_4.jpg,6,train
data\public\pills-detection-dataset\images\train\VAIPE-reannotated_VAIPE_P_591_0.jpg,3,train
data\public\pills-detection-dataset\images\train\VAIPE-reannotated_VAIPE_P_591_1.jpg,3,train
data\public\pills-detection-dataset\images\train\VAIPE-reannotated_VAIPE_P_591_2.jpg,3,train
data\public\pills-detection-dataset\images\train\VAIPE-reannotated_VAIPE_P_591_3.jpg,3,train
data\public\pills-detection-dataset\images\train\VAIPE-reannotated_VAIPE_P_591_4.jpg,3,train
data\public\pills-detection-dataset\images\train\VAIPE-reannotated_VAIPE_P_593_4.jpg,2,train
data\public\pills-detection-dataset\images\train\VAIPE-reannotated_VAIPE_P_593_7.jpg,3,train
data\public\pills-detection-dataset\images\train\VAIPE-reannotated_VAIPE_P_594_11.jpg,3,train
data\public\pills-detection-dataset\images\train\VAIPE-reannotated_VAIPE_P_594_12.jpg,3,train
data\public\pills-detection-dataset\images\train\VAIPE-reannotated_VAIPE_P_594_3.jpg,3,train
data\public\pills-detection-dataset\images\train\VAIPE-reannotated_VAIPE_P_594_5.jpg,3,train
data\public\pills-detection-dataset\images\train\VAIPE-reannotated_VAIPE_P_594_8.jpg,3,train
data\public\pills-detection-dataset\images\train\VAIPE-reannotated_VAIPE_P_595_13.jpg,3,train
data\public\pills-detection-dataset\images\train\VAIPE-reannotated_VAIPE_P_595_7.jpg,3,train
data\public\pills-detection-dataset\images\train\VAIPE-reannotated_VAIPE_P_595_8.jpg,3,train
data\public\pills-detection-dataset\images\train\VAIPE-reannotated_VAIPE_P_596_7.jpg,3,train
data\public\pills-detection-dataset\images\train\VAIPE-reannotated_VAIPE_P_596_8.jpg,3,train
data\public\pills-detection-dataset\images\train\VAIPE-reannotated_VAIPE_P_597_0.jpg,3,train
data\public\pills-detection-dataset\images\train\VAIPE-reannotated_VAIPE_P_598_1.jpg,2,train
data\public\pills-detection-dataset\images\train\VAIPE-reannotated_VAIPE_P_598_4.jpg,3,train
data\public\pills-detection-dataset\images\train\VAIPE-reannotated_VAIPE_P_598_6.jpg,2,train
data\public\pills-detection-dataset\images\train\VAIPE-reannotated_VAIPE_P_599_4.jpg,5,train
data\public\pills-detection-dataset\images\train\VAIPE-reannotated_VAIPE_P_599_5.jpg,5,train
data\public\pills-detection-dataset\images\train\VAIPE-reannotated_VAIPE_P_59_0.jpg,4,train
data\public\pills-detection-dataset\images\train\VAIPE-reannotated_VAIPE_P_5_10.jpg,4,train
data\public\pills-detection-dataset\images\train\VAIPE-reannotated_VAIPE_P_5_11.jpg,4,train
data\public\pills-detection-dataset\images\train\VAIPE-reannotated_VAIPE_P_5_23.jpg,4,train
data\public\pills-detection-dataset\images\train\VAIPE-reannotated_VAIPE_P_5_4.jpg,4,train
data\public\pills-detection-dataset\images\train\VAIPE-reannotated_VAIPE_P_5_6.jpg,4,train
data\public\pills-detection-dataset\images\train\VAIPE-reannotated_VAIPE_P_608_3.jpg,3,train
data\public\pills-detection-dataset\images\train\VAIPE-reannotated_VAIPE_P_608_5.jpg,3,train
data\public\pills-detection-dataset\images\train\VAIPE-reannotated_VAIPE_P_608_7.jpg,3,train
data\public\pills-detection-dataset\images\train\VAIPE-reannotated_VAIPE_P_61_1.jpg,3,train
data\public\pills-detection-dataset\images\train\VAIPE-reannotated_VAIPE_P_621_0.jpg,3,train
data\public\pills-detection-dataset\images\train\VAIPE-reannotated_VAIPE_P_621_12.jpg,3,train
data\public\pills-detection-dataset\images\train\VAIPE-reannotated_VAIPE_P_621_13.jpg,3,train
data\public\pills-detection-dataset\images\train\VAIPE-reannotated_VAIPE_P_621_15.jpg,3,train
data\public\pills-detection-dataset\images\train\VAIPE-reannotated_VAIPE_P_621_17.jpg,3,train
data\public\pills-detection-dataset\images\train\VAIPE-reannotated_VAIPE_P_621_7.jpg,3,train
data\public\pills-detection-dataset\images\train\VAIPE-reannotated_VAIPE_P_622_0.jpg,5,train
data\public\pills-detection-dataset\images\train\VAIPE-reannotated_VAIPE_P_622_1.jpg,5,train
data\public\pills-detection-dataset\images\train\VAIPE-reannotated_VAIPE_P_622_2.jpg,5,train
data\public\pills-detection-dataset\images\train\VAIPE-reannotated_VAIPE_P_623_5.jpg,3,train
data\public\pills-detection-dataset\images\train\VAIPE-reannotated_VAIPE_P_624_3.jpg,3,train
data\public\pills-detection-dataset\images\train\VAIPE-reannotated_VAIPE_P_62_4.jpg,3,train
data\public\pills-detection-dataset\images\train\VAIPE-reannotated_VAIPE_P_630_0.jpg,3,train
data\public\pills-detection-dataset\images\train\VAIPE-reannotated_VAIPE_P_630_1.jpg,3,train
data\public\pills-detection-dataset\images\train\VAIPE-reannotated_VAIPE_P_630_2.jpg,3,train
data\public\pills-detection-dataset\images\train\VAIPE-reannotated_VAIPE_P_630_4.jpg,3,train
data\public\pills-detection-dataset\images\train\VAIPE-reannotated_VAIPE_P_630_5.jpg,3,train
data\public\pills-detection-dataset\images\train\VAIPE-reannotated_VAIPE_P_630_7.jpg,3,train
data\public\pills-detection-dataset\images\train\VAIPE-reannotated_VAIPE_P_631_0.jpg,3,train
data\public\pills-detection-dataset\images\train\VAIPE-reannotated_VAIPE_P_632_1.jpg,3,train
data\public\pills-detection-dataset\images\train\VAIPE-reannotated_VAIPE_P_632_2.jpg,3,train
data\public\pills-detection-dataset\images\train\VAIPE-reannotated_VAIPE_P_632_3.jpg,3,train
data\public\pills-detection-dataset\images\train\VAIPE-reannotated_VAIPE_P_632_5.jpg,3,train
data\public\pills-detection-dataset\images\train\VAIPE-reannotated_VAIPE_P_632_7.jpg,3,train
data\public\pills-detection-dataset\images\train\VAIPE-reannotated_VAIPE_P_634_10.jpg,4,train
data\public\pills-detection-dataset\images\train\VAIPE-reannotated_VAIPE_P_634_14.jpg,4,train
data\public\pills-detection-dataset\images\train\VAIPE-reannotated_VAIPE_P_634_4.jpg,4,train
data\public\pills-detection-dataset\images\train\VAIPE-reannotated_VAIPE_P_635_10.jpg,5,train
data\public\pills-detection-dataset\images\train\VAIPE-reannotated_VAIPE_P_636_0.jpg,3,train
data\public\pills-detection-dataset\images\train\VAIPE-reannotated_VAIPE_P_639_0.jpg,1,train
data\public\pills-detection-dataset\images\train\VAIPE-reannotated_VAIPE_P_63_0.jpg,5,train
data\public\pills-detection-dataset\images\train\VAIPE-reannotated_VAIPE_P_63_10.jpg,3,train
data\public\pills-detection-dataset\images\train\VAIPE-reannotated_VAIPE_P_63_11.jpg,5,train
data\public\pills-detection-dataset\images\train\VAIPE-reannotated_VAIPE_P_63_12.jpg,5,train
data\public\pills-detection-dataset\images\train\VAIPE-reannotated_VAIPE_P_63_13.jpg,5,train
data\public\pills-detection-dataset\images\train\VAIPE-reannotated_VAIPE_P_63_14.jpg,3,train
data\public\pills-detection-dataset\images\train\VAIPE-reannotated_VAIPE_P_63_15.jpg,3,train
data\public\pills-detection-dataset\images\train\VAIPE-reannotated_VAIPE_P_63_16.jpg,5,train
data\public\pills-detection-dataset\images\train\VAIPE-reannotated_VAIPE_P_63_18.jpg,5,train
data\public\pills-detection-dataset\images\train\VAIPE-reannotated_VAIPE_P_63_19.jpg,3,train
data\public\pills-detection-dataset\images\train\VAIPE-reannotated_VAIPE_P_63_2.jpg,5,train
data\public\pills-detection-dataset\images\train\VAIPE-reannotated_VAIPE_P_63_20.jpg,5,train
data\public\pills-detection-dataset\images\train\VAIPE-reannotated_VAIPE_P_63_21.jpg,5,train
data\public\pills-detection-dataset\images\train\VAIPE-reannotated_VAIPE_P_63_22.jpg,3,train
data\public\pills-detection-dataset\images\train\VAIPE-reannotated_VAIPE_P_63_23.jpg,5,train
data\public\pills-detection-dataset\images\train\VAIPE-reannotated_VAIPE_P_63_3.jpg,3,train
data\public\pills-detection-dataset\images\train\VAIPE-reannotated_VAIPE_P_63_4.jpg,3,train
data\public\pills-detection-dataset\images\train\VAIPE-reannotated_VAIPE_P_63_5.jpg,3,train
data\public\pills-detection-dataset\images\train\VAIPE-reannotated_VAIPE_P_63_6.jpg,5,train
data\public\pills-detection-dataset\images\train\VAIPE-reannotated_VAIPE_P_63_7.jpg,3,train
data\public\pills-detection-dataset\images\train\VAIPE-reannotated_VAIPE_P_63_8.jpg,5,train
data\public\pills-detection-dataset\images\train\VAIPE-reannotated_VAIPE_P_641_10.jpg,4,train
data\public\pills-detection-dataset\images\train\VAIPE-reannotated_VAIPE_P_641_2.jpg,4,train
data\public\pills-detection-dataset\images\train\VAIPE-reannotated_VAIPE_P_641_4.jpg,4,train
data\public\pills-detection-dataset\images\train\VAIPE-reannotated_VAIPE_P_643_0.jpg,4,train
data\public\pills-detection-dataset\images\train\VAIPE-reannotated_VAIPE_P_643_1.jpg,4,train
data\public\pills-detection-dataset\images\train\VAIPE-reannotated_VAIPE_P_643_2.jpg,4,train
data\public\pills-detection-dataset\images\train\VAIPE-reannotated_VAIPE_P_643_3.jpg,4,train
data\public\pills-detection-dataset\images\train\VAIPE-reannotated_VAIPE_P_643_5.jpg,4,train
data\public\pills-detection-dataset\images\train\VAIPE-reannotated_VAIPE_P_644_0.jpg,5,train
data\public\pills-detection-dataset\images\train\VAIPE-reannotated_VAIPE_P_644_2.jpg,5,train
data\public\pills-detection-dataset\images\train\VAIPE-reannotated_VAIPE_P_644_4.jpg,5,train
data\public\pills-detection-dataset\images\train\VAIPE-reannotated_VAIPE_P_646_1.jpg,2,train
data\public\pills-detection-dataset\images\train\VAIPE-reannotated_VAIPE_P_647_0.jpg,3,train
data\public\pills-detection-dataset\images\train\VAIPE-reannotated_VAIPE_P_647_3.jpg,1,train
data\public\pills-detection-dataset\images\train\VAIPE-reannotated_VAIPE_P_648_3.jpg,3,train
data\public\pills-detection-dataset\images\train\VAIPE-reannotated_VAIPE_P_648_6.jpg,2,train
data\public\pills-detection-dataset\images\train\VAIPE-reannotated_VAIPE_P_64_6.jpg,6,train
data\public\pills-detection-dataset\images\train\VAIPE-reannotated_VAIPE_P_653_0.jpg,5,train
data\public\pills-detection-dataset\images\train\VAIPE-reannotated_VAIPE_P_654_10.jpg,4,train
data\public\pills-detection-dataset\images\train\VAIPE-reannotated_VAIPE_P_654_16.jpg,4,train
data\public\pills-detection-dataset\images\train\VAIPE-reannotated_VAIPE_P_654_17.jpg,4,train
data\public\pills-detection-dataset\images\train\VAIPE-reannotated_VAIPE_P_654_27.jpg,4,train
data\public\pills-detection-dataset\images\train\VAIPE-reannotated_VAIPE_P_654_28.jpg,4,train
data\public\pills-detection-dataset\images\train\VAIPE-reannotated_VAIPE_P_654_3.jpg,4,train
data\public\pills-detection-dataset\images\train\VAIPE-reannotated_VAIPE_P_654_6.jpg,4,train
data\public\pills-detection-dataset\images\train\VAIPE-reannotated_VAIPE_P_654_8.jpg,4,train
data\public\pills-detection-dataset\images\train\VAIPE-reannotated_VAIPE_P_655_0.jpg,4,train
data\public\pills-detection-dataset\images\train\VAIPE-reannotated_VAIPE_P_655_1.jpg,4,train
data\public\pills-detection-dataset\images\train\VAIPE-reannotated_VAIPE_P_655_14.jpg,4,train
data\public\pills-detection-dataset\images\train\VAIPE-reannotated_VAIPE_P_655_2.jpg,4,train
data\public\pills-detection-dataset\images\train\VAIPE-reannotated_VAIPE_P_655_21.jpg,4,train
data\public\pills-detection-dataset\images\train\VAIPE-reannotated_VAIPE_P_655_24.jpg,4,train
data\public\pills-detection-dataset\images\train\VAIPE-reannotated_VAIPE_P_655_27.jpg,4,train
data\public\pills-detection-dataset\images\train\VAIPE-reannotated_VAIPE_P_655_28.jpg,4,train
data\public\pills-detection-dataset\images\train\VAIPE-reannotated_VAIPE_P_655_29.jpg,4,train
data\public\pills-detection-dataset\images\train\VAIPE-reannotated_VAIPE_P_655_8.jpg,4,train
data\public\pills-detection-dataset\images\train\VAIPE-reannotated_VAIPE_P_656_0.jpg,2,train
data\public\pills-detection-dataset\images\train\VAIPE-reannotated_VAIPE_P_65_0.jpg,5,train
data\public\pills-detection-dataset\images\train\VAIPE-reannotated_VAIPE_P_65_1.jpg,3,train
data\public\pills-detection-dataset\images\train\VAIPE-reannotated_VAIPE_P_65_11.jpg,5,train
data\public\pills-detection-dataset\images\train\VAIPE-reannotated_VAIPE_P_65_7.jpg,3,train
data\public\pills-detection-dataset\images\train\VAIPE-reannotated_VAIPE_P_65_9.jpg,5,train
data\public\pills-detection-dataset\images\train\VAIPE-reannotated_VAIPE_P_667_4.jpg,4,train
data\public\pills-detection-dataset\images\train\VAIPE-reannotated_VAIPE_P_668_4.jpg,4,train
data\public\pills-detection-dataset\images\train\VAIPE-reannotated_VAIPE_P_668_7.jpg,4,train
data\public\pills-detection-dataset\images\train\VAIPE-reannotated_VAIPE_P_669_1.jpg,5,train
data\public\pills-detection-dataset\images\train\VAIPE-reannotated_VAIPE_P_669_2.jpg,3,train
data\public\pills-detection-dataset\images\train\VAIPE-reannotated_VAIPE_P_669_4.jpg,5,train
data\public\pills-detection-dataset\images\train\VAIPE-reannotated_VAIPE_P_669_6.jpg,5,train
data\public\pills-detection-dataset\images\train\VAIPE-reannotated_VAIPE_P_66_2.jpg,3,train
data\public\pills-detection-dataset\images\train\VAIPE-reannotated_VAIPE_P_66_3.jpg,5,train
data\public\pills-detection-dataset\images\train\VAIPE-reannotated_VAIPE_P_66_7.jpg,5,train
data\public\pills-detection-dataset\images\train\VAIPE-reannotated_VAIPE_P_670_2.jpg,5,train
data\public\pills-detection-dataset\images\train\VAIPE-reannotated_VAIPE_P_670_6.jpg,5,train
data\public\pills-detection-dataset\images\train\VAIPE-reannotated_VAIPE_P_670_7.jpg,5,train
data\public\pills-detection-dataset\images\train\VAIPE-reannotated_VAIPE_P_675_0.jpg,6,train
data\public\pills-detection-dataset\images\train\VAIPE-reannotated_VAIPE_P_675_1.jpg,6,train
data\public\pills-detection-dataset\images\train\VAIPE-reannotated_VAIPE_P_675_2.jpg,6,train
data\public\pills-detection-dataset\images\train\VAIPE-reannotated_VAIPE_P_675_3.jpg,6,train
data\public\pills-detection-dataset\images\train\VAIPE-reannotated_VAIPE_P_675_4.jpg,6,train
data\public\pills-detection-dataset\images\train\VAIPE-reannotated_VAIPE_P_675_6.jpg,6,train
data\public\pills-detection-dataset\images\train\VAIPE-reannotated_VAIPE_P_677_0.jpg,4,train
data\public\pills-detection-dataset\images\train\VAIPE-reannotated_VAIPE_P_677_1.jpg,4,train
data\public\pills-detection-dataset\images\train\VAIPE-reannotated_VAIPE_P_677_2.jpg,4,train
data\public\pills-detection-dataset\images\train\VAIPE-reannotated_VAIPE_P_677_3.jpg,4,train
data\public\pills-detection-dataset\images\train\VAIPE-reannotated_VAIPE_P_677_5.jpg,4,train
data\public\pills-detection-dataset\images\train\VAIPE-reannotated_VAIPE_P_679_0.jpg,1,train
data\public\pills-detection-dataset\images\train\VAIPE-reannotated_VAIPE_P_67_6.jpg,3,train
data\public\pills-detection-dataset\images\train\VAIPE-reannotated_VAIPE_P_682_4.jpg,1,train
data\public\pills-detection-dataset\images\train\VAIPE-reannotated_VAIPE_P_684_0.jpg,5,train
data\public\pills-detection-dataset\images\train\VAIPE-reannotated_VAIPE_P_684_1.jpg,5,train
data\public\pills-detection-dataset\images\train\VAIPE-reannotated_VAIPE_P_684_10.jpg,5,train
data\public\pills-detection-dataset\images\train\VAIPE-reannotated_VAIPE_P_684_11.jpg,5,train
data\public\pills-detection-dataset\images\train\VAIPE-reannotated_VAIPE_P_684_12.jpg,5,train
data\public\pills-detection-dataset\images\train\VAIPE-reannotated_VAIPE_P_684_13.jpg,5,train
data\public\pills-detection-dataset\images\train\VAIPE-reannotated_VAIPE_P_684_15.jpg,5,train
data\public\pills-detection-dataset\images\train\VAIPE-reannotated_VAIPE_P_684_2.jpg,5,train
data\public\pills-detection-dataset\images\train\VAIPE-reannotated_VAIPE_P_684_3.jpg,5,train
data\public\pills-detection-dataset\images\train\VAIPE-reannotated_VAIPE_P_684_4.jpg,5,train
data\public\pills-detection-dataset\images\train\VAIPE-reannotated_VAIPE_P_684_5.jpg,5,train
data\public\pills-detection-dataset\images\train\VAIPE-reannotated_VAIPE_P_684_6.jpg,5,train
data\public\pills-detection-dataset\images\train\VAIPE-reannotated_VAIPE_P_684_7.jpg,5,train
data\public\pills-detection-dataset\images\train\VAIPE-reannotated_VAIPE_P_684_9.jpg,5,train
data\public\pills-detection-dataset\images\train\VAIPE-reannotated_VAIPE_P_686_1.jpg,5,train
data\public\pills-detection-dataset\images\train\VAIPE-reannotated_VAIPE_P_687_1.jpg,5,train
data\public\pills-detection-dataset\images\train\VAIPE-reannotated_VAIPE_P_687_2.jpg,5,train
data\public\pills-detection-dataset\images\train\VAIPE-reannotated_VAIPE_P_68_4.jpg,3,train
data\public\pills-detection-dataset\images\train\VAIPE-reannotated_VAIPE_P_68_8.jpg,6,train
data\public\pills-detection-dataset\images\train\VAIPE-reannotated_VAIPE_P_690_0.jpg,1,train
data\public\pills-detection-dataset\images\train\VAIPE-reannotated_VAIPE_P_693_2.jpg,4,train
data\public\pills-detection-dataset\images\train\VAIPE-reannotated_VAIPE_P_695_4.jpg,4,train
data\public\pills-detection-dataset\images\train\VAIPE-reannotated_VAIPE_P_695_5.jpg,1,train
data\public\pills-detection-dataset\images\train\VAIPE-reannotated_VAIPE_P_697_0.jpg,2,train
data\public\pills-detection-dataset\images\train\VAIPE-reannotated_VAIPE_P_699_0.jpg,2,train
data\public\pills-detection-dataset\images\train\VAIPE-reannotated_VAIPE_P_702_1.jpg,2,train
data\public\pills-detection-dataset\images\train\VAIPE-reannotated_VAIPE_P_703_13.jpg,1,train
data\public\pills-detection-dataset\images\train\VAIPE-reannotated_VAIPE_P_703_14.jpg,2,train
data\public\pills-detection-dataset\images\train\VAIPE-reannotated_VAIPE_P_703_17.jpg,2,train
data\public\pills-detection-dataset\images\train\VAIPE-reannotated_VAIPE_P_703_3.jpg,2,train
data\public\pills-detection-dataset\images\train\VAIPE-reannotated_VAIPE_P_703_6.jpg,2,train
data\public\pills-detection-dataset\images\train\VAIPE-reannotated_VAIPE_P_703_7.jpg,2,train
data\public\pills-detection-dataset\images\train\VAIPE-reannotated_VAIPE_P_703_9.jpg,2,train
data\public\pills-detection-dataset\images\train\VAIPE-reannotated_VAIPE_P_705_0.jpg,3,train
data\public\pills-detection-dataset\images\train\VAIPE-reannotated_VAIPE_P_705_1.jpg,3,train
data\public\pills-detection-dataset\images\train\VAIPE-reannotated_VAIPE_P_705_4.jpg,3,train
data\public\pills-detection-dataset\images\train\VAIPE-reannotated_VAIPE_P_705_5.jpg,3,train
data\public\pills-detection-dataset\images\train\VAIPE-reannotated_VAIPE_P_705_6.jpg,3,train
data\public\pills-detection-dataset\images\train\VAIPE-reannotated_VAIPE_P_708_6.jpg,4,train
data\public\pills-detection-dataset\images\train\VAIPE-reannotated_VAIPE_P_708_7.jpg,4,train
data\public\pills-detection-dataset\images\train\VAIPE-reannotated_VAIPE_P_70_6.jpg,6,train
data\public\pills-detection-dataset\images\train\VAIPE-reannotated_VAIPE_P_712_5.jpg,6,train
data\public\pills-detection-dataset\images\train\VAIPE-reannotated_VAIPE_P_712_7.jpg,6,train
data\public\pills-detection-dataset\images\train\VAIPE-reannotated_VAIPE_P_716_5.jpg,1,train
data\public\pills-detection-dataset\images\train\VAIPE-reannotated_VAIPE_P_716_6.jpg,2,train
data\public\pills-detection-dataset\images\train\VAIPE-reannotated_VAIPE_P_716_7.jpg,2,train
data\public\pills-detection-dataset\images\train\VAIPE-reannotated_VAIPE_P_716_9.jpg,1,train
data\public\pills-detection-dataset\images\train\VAIPE-reannotated_VAIPE_P_720_0.jpg,4,train
data\public\pills-detection-dataset\images\train\VAIPE-reannotated_VAIPE_P_720_3.jpg,4,train
data\public\pills-detection-dataset\images\train\VAIPE-reannotated_VAIPE_P_720_7.jpg,4,train
data\public\pills-detection-dataset\images\train\VAIPE-reannotated_VAIPE_P_720_8.jpg,3,train
data\public\pills-detection-dataset\images\train\VAIPE-reannotated_VAIPE_P_720_9.jpg,3,train
data\public\pills-detection-dataset\images\train\VAIPE-reannotated_VAIPE_P_726_0.jpg,4,train
data\public\pills-detection-dataset\images\train\VAIPE-reannotated_VAIPE_P_726_1.jpg,4,train
data\public\pills-detection-dataset\images\train\VAIPE-reannotated_VAIPE_P_726_2.jpg,4,train
data\public\pills-detection-dataset\images\train\VAIPE-reannotated_VAIPE_P_726_3.jpg,4,train
data\public\pills-detection-dataset\images\train\VAIPE-reannotated_VAIPE_P_726_5.jpg,4,train
data\public\pills-detection-dataset\images\train\VAIPE-reannotated_VAIPE_P_726_6.jpg,4,train
data\public\pills-detection-dataset\images\train\VAIPE-reannotated_VAIPE_P_728_0.jpg,4,train
data\public\pills-detection-dataset\images\train\VAIPE-reannotated_VAIPE_P_728_3.jpg,4,train
data\public\pills-detection-dataset\images\train\VAIPE-reannotated_VAIPE_P_728_8.jpg,4,train
data\public\pills-detection-dataset\images\train\VAIPE-reannotated_VAIPE_P_728_9.jpg,4,train
data\public\pills-detection-dataset\images\train\VAIPE-reannotated_VAIPE_P_729_0.jpg,5,train
data\public\pills-detection-dataset\images\train\VAIPE-reannotated_VAIPE_P_729_1.jpg,5,train
data\public\pills-detection-dataset\images\train\VAIPE-reannotated_VAIPE_P_729_2.jpg,5,train
data\public\pills-detection-dataset\images\train\VAIPE-reannotated_VAIPE_P_72_1.jpg,6,train
data\public\pills-detection-dataset\images\train\VAIPE-reannotated_VAIPE_P_731_1.jpg,4,train
data\public\pills-detection-dataset\images\train\VAIPE-reannotated_VAIPE_P_731_2.jpg,4,train
data\public\pills-detection-dataset\images\train\VAIPE-reannotated_VAIPE_P_731_3.jpg,4,train
data\public\pills-detection-dataset\images\train\VAIPE-reannotated_VAIPE_P_731_4.jpg,4,train
data\public\pills-detection-dataset\images\train\VAIPE-reannotated_VAIPE_P_731_6.jpg,4,train
data\public\pills-detection-dataset\images\train\VAIPE-reannotated_VAIPE_P_739_0.jpg,3,train
data\public\pills-detection-dataset\images\train\VAIPE-reannotated_VAIPE_P_739_1.jpg,3,train
data\public\pills-detection-dataset\images\train\VAIPE-reannotated_VAIPE_P_739_3.jpg,3,train
data\public\pills-detection-dataset\images\train\VAIPE-reannotated_VAIPE_P_739_4.jpg,3,train
data\public\pills-detection-dataset\images\train\VAIPE-reannotated_VAIPE_P_739_6.jpg,3,train
data\public\pills-detection-dataset\images\train\VAIPE-reannotated_VAIPE_P_741_0.jpg,3,train
data\public\pills-detection-dataset\images\train\VAIPE-reannotated_VAIPE_P_741_1.jpg,2,train
data\public\pills-detection-dataset\images\train\VAIPE-reannotated_VAIPE_P_741_11.jpg,3,train
data\public\pills-detection-dataset\images\train\VAIPE-reannotated_VAIPE_P_741_13.jpg,3,train
data\public\pills-detection-dataset\images\train\VAIPE-reannotated_VAIPE_P_741_15.jpg,3,train
data\public\pills-detection-dataset\images\train\VAIPE-reannotated_VAIPE_P_741_3.jpg,3,train
data\public\pills-detection-dataset\images\train\VAIPE-reannotated_VAIPE_P_741_5.jpg,3,train
data\public\pills-detection-dataset\images\train\VAIPE-reannotated_VAIPE_P_741_6.jpg,3,train
data\public\pills-detection-dataset\images\train\VAIPE-reannotated_VAIPE_P_741_7.jpg,3,train
data\public\pills-detection-dataset\images\train\VAIPE-reannotated_VAIPE_P_741_8.jpg,3,train
data\public\pills-detection-dataset\images\train\VAIPE-reannotated_VAIPE_P_742_0.jpg,4,train
data\public\pills-detection-dataset\images\train\VAIPE-reannotated_VAIPE_P_742_3.jpg,4,train
data\public\pills-detection-dataset\images\train\VAIPE-reannotated_VAIPE_P_744_1.jpg,4,train
data\public\pills-detection-dataset\images\train\VAIPE-reannotated_VAIPE_P_744_12.jpg,4,train
data\public\pills-detection-dataset\images\train\VAIPE-reannotated_VAIPE_P_744_15.jpg,4,train
data\public\pills-detection-dataset\images\train\VAIPE-reannotated_VAIPE_P_744_18.jpg,4,train
data\public\pills-detection-dataset\images\train\VAIPE-reannotated_VAIPE_P_744_7.jpg,4,train
data\public\pills-detection-dataset\images\train\VAIPE-reannotated_VAIPE_P_744_9.jpg,4,train
data\public\pills-detection-dataset\images\train\VAIPE-reannotated_VAIPE_P_745_5.jpg,6,train
data\public\pills-detection-dataset\images\train\VAIPE-reannotated_VAIPE_P_752_0.jpg,2,train
data\public\pills-detection-dataset\images\train\VAIPE-reannotated_VAIPE_P_752_1.jpg,2,train
data\public\pills-detection-dataset\images\train\VAIPE-reannotated_VAIPE_P_752_5.jpg,2,train
data\public\pills-detection-dataset\images\train\VAIPE-reannotated_VAIPE_P_755_1.jpg,3,train
data\public\pills-detection-dataset\images\train\VAIPE-reannotated_VAIPE_P_757_0.jpg,3,train
data\public\pills-detection-dataset\images\train\VAIPE-reannotated_VAIPE_P_759_11.jpg,3,train
data\public\pills-detection-dataset\images\train\VAIPE-reannotated_VAIPE_P_760_6.jpg,2,train
data\public\pills-detection-dataset\images\train\VAIPE-reannotated_VAIPE_P_761_2.jpg,3,train
data\public\pills-detection-dataset\images\train\VAIPE-reannotated_VAIPE_P_762_0.jpg,2,train
data\public\pills-detection-dataset\images\train\VAIPE-reannotated_VAIPE_P_762_4.jpg,3,train
data\public\pills-detection-dataset\images\train\VAIPE-reannotated_VAIPE_P_764_2.jpg,6,train
data\public\pills-detection-dataset\images\train\VAIPE-reannotated_VAIPE_P_766_0.jpg,3,train
data\public\pills-detection-dataset\images\train\VAIPE-reannotated_VAIPE_P_766_4.jpg,3,train
data\public\pills-detection-dataset\images\train\VAIPE-reannotated_VAIPE_P_766_5.jpg,3,train
data\public\pills-detection-dataset\images\train\VAIPE-reannotated_VAIPE_P_769_2.jpg,6,train
data\public\pills-detection-dataset\images\train\VAIPE-reannotated_VAIPE_P_769_5.jpg,6,train
data\public\pills-detection-dataset\images\train\VAIPE-reannotated_VAIPE_P_769_6.jpg,6,train
data\public\pills-detection-dataset\images\train\VAIPE-reannotated_VAIPE_P_770_1.jpg,3,train
data\public\pills-detection-dataset\images\train\VAIPE-reannotated_VAIPE_P_770_3.jpg,3,train
data\public\pills-detection-dataset\images\train\VAIPE-reannotated_VAIPE_P_771_0.jpg,3,train
data\public\pills-detection-dataset\images\train\VAIPE-reannotated_VAIPE_P_772_1.jpg,3,train
data\public\pills-detection-dataset\images\train\VAIPE-reannotated_VAIPE_P_773_1.jpg,1,train
data\public\pills-detection-dataset\images\train\VAIPE-reannotated_VAIPE_P_774_0.jpg,2,train
data\public\pills-detection-dataset\images\train\VAIPE-reannotated_VAIPE_P_776_1.jpg,3,train
data\public\pills-detection-dataset\images\train\VAIPE-reannotated_VAIPE_P_777_2.jpg,5,train
data\public\pills-detection-dataset\images\train\VAIPE-reannotated_VAIPE_P_779_2.jpg,6,train
data\public\pills-detection-dataset\images\train\VAIPE-reannotated_VAIPE_P_77_0.jpg,4,train
data\public\pills-detection-dataset\images\train\VAIPE-reannotated_VAIPE_P_77_17.jpg,4,train
data\public\pills-detection-dataset\images\train\VAIPE-reannotated_VAIPE_P_77_22.jpg,4,train
data\public\pills-detection-dataset\images\train\VAIPE-reannotated_VAIPE_P_77_24.jpg,4,train
data\public\pills-detection-dataset\images\train\VAIPE-reannotated_VAIPE_P_77_25.jpg,4,train
data\public\pills-detection-dataset\images\train\VAIPE-reannotated_VAIPE_P_77_34.jpg,4,train
data\public\pills-detection-dataset\images\train\VAIPE-reannotated_VAIPE_P_77_40.jpg,3,train
data\public\pills-detection-dataset\images\train\VAIPE-reannotated_VAIPE_P_77_8.jpg,4,train
data\public\pills-detection-dataset\images\train\VAIPE-reannotated_VAIPE_P_78_11.jpg,5,train
data\public\pills-detection-dataset\images\train\VAIPE-reannotated_VAIPE_P_795_0.jpg,6,train
data\public\pills-detection-dataset\images\train\VAIPE-reannotated_VAIPE_P_795_11.jpg,6,train
data\public\pills-detection-dataset\images\train\VAIPE-reannotated_VAIPE_P_795_12.jpg,6,train
data\public\pills-detection-dataset\images\train\VAIPE-reannotated_VAIPE_P_796_1.jpg,5,train
data\public\pills-detection-dataset\images\train\VAIPE-reannotated_VAIPE_P_796_14.jpg,5,train
data\public\pills-detection-dataset\images\train\VAIPE-reannotated_VAIPE_P_796_18.jpg,5,train
data\public\pills-detection-dataset\images\train\VAIPE-reannotated_VAIPE_P_796_21.jpg,5,train
data\public\pills-detection-dataset\images\train\VAIPE-reannotated_VAIPE_P_796_23.jpg,5,train
data\public\pills-detection-dataset\images\train\VAIPE-reannotated_VAIPE_P_796_24.jpg,5,train
data\public\pills-detection-dataset\images\train\VAIPE-reannotated_VAIPE_P_796_25.jpg,5,train
data\public\pills-detection-dataset\images\train\VAIPE-reannotated_VAIPE_P_796_27.jpg,5,train
data\public\pills-detection-dataset\images\train\VAIPE-reannotated_VAIPE_P_796_28.jpg,5,train
data\public\pills-detection-dataset\images\train\VAIPE-reannotated_VAIPE_P_796_3.jpg,5,train
data\public\pills-detection-dataset\images\train\VAIPE-reannotated_VAIPE_P_796_30.jpg,5,train
data\public\pills-detection-dataset\images\train\VAIPE-reannotated_VAIPE_P_796_34.jpg,5,train
data\public\pills-detection-dataset\images\train\VAIPE-reannotated_VAIPE_P_796_37.jpg,5,train
data\public\pills-detection-dataset\images\train\VAIPE-reannotated_VAIPE_P_797_0.jpg,2,train
data\public\pills-detection-dataset\images\train\VAIPE-reannotated_VAIPE_P_799_1.jpg,2,train
data\public\pills-detection-dataset\images\train\VAIPE-reannotated_VAIPE_P_79_10.jpg,3,train
data\public\pills-detection-dataset\images\train\VAIPE-reannotated_VAIPE_P_79_13.jpg,3,train
data\public\pills-detection-dataset\images\train\VAIPE-reannotated_VAIPE_P_79_15.jpg,3,train
data\public\pills-detection-dataset\images\train\VAIPE-reannotated_VAIPE_P_79_17.jpg,3,train
data\public\pills-detection-dataset\images\train\VAIPE-reannotated_VAIPE_P_79_2.jpg,3,train
data\public\pills-detection-dataset\images\train\VAIPE-reannotated_VAIPE_P_79_5.jpg,3,train
data\public\pills-detection-dataset\images\train\VAIPE-reannotated_VAIPE_P_800_0.jpg,2,train
data\public\pills-detection-dataset\images\train\VAIPE-reannotated_VAIPE_P_800_1.jpg,2,train
data\public\pills-detection-dataset\images\train\VAIPE-reannotated_VAIPE_P_801_0.jpg,4,train
data\public\pills-detection-dataset\images\train\VAIPE-reannotated_VAIPE_P_802_0.jpg,4,train
data\public\pills-detection-dataset\images\train\VAIPE-reannotated_VAIPE_P_803_0.jpg,4,train
data\public\pills-detection-dataset\images\train\VAIPE-reannotated_VAIPE_P_805_0.jpg,6,train
data\public\pills-detection-dataset\images\train\VAIPE-reannotated_VAIPE_P_805_1.jpg,6,train
data\public\pills-detection-dataset\images\train\VAIPE-reannotated_VAIPE_P_805_3.jpg,6,train
data\public\pills-detection-dataset\images\train\VAIPE-reannotated_VAIPE_P_805_4.jpg,6,train
data\public\pills-detection-dataset\images\train\VAIPE-reannotated_VAIPE_P_805_5.jpg,6,train
data\public\pills-detection-dataset\images\train\VAIPE-reannotated_VAIPE_P_805_6.jpg,6,train
data\public\pills-detection-dataset\images\train\VAIPE-reannotated_VAIPE_P_807_0.jpg,3,train
data\public\pills-detection-dataset\images\train\VAIPE-reannotated_VAIPE_P_807_1.jpg,2,train
data\public\pills-detection-dataset\images\train\VAIPE-reannotated_VAIPE_P_807_2.jpg,4,train
data\public\pills-detection-dataset\images\train\VAIPE-reannotated_VAIPE_P_809_0.jpg,4,train
data\public\pills-detection-dataset\images\train\VAIPE-reannotated_VAIPE_P_809_1.jpg,2,train
data\public\pills-detection-dataset\images\train\VAIPE-reannotated_VAIPE_P_809_2.jpg,2,train
data\public\pills-detection-dataset\images\train\VAIPE-reannotated_VAIPE_P_810_0.jpg,2,train
data\public\pills-detection-dataset\images\train\VAIPE-reannotated_VAIPE_P_811_0.jpg,3,train
data\public\pills-detection-dataset\images\train\VAIPE-reannotated_VAIPE_P_812_0.jpg,3,train
data\public\pills-detection-dataset\images\train\VAIPE-reannotated_VAIPE_P_813_0.jpg,3,train
data\public\pills-detection-dataset\images\train\VAIPE-reannotated_VAIPE_P_814_1.jpg,4,train
data\public\pills-detection-dataset\images\train\VAIPE-reannotated_VAIPE_P_815_0.jpg,2,train
data\public\pills-detection-dataset\images\train\VAIPE-reannotated_VAIPE_P_815_1.jpg,3,train
data\public\pills-detection-dataset\images\train\VAIPE-reannotated_VAIPE_P_815_2.jpg,4,train
data\public\pills-detection-dataset\images\train\VAIPE-reannotated_VAIPE_P_816_0.jpg,4,train
data\public\pills-detection-dataset\images\train\VAIPE-reannotated_VAIPE_P_816_1.jpg,3,train
data\public\pills-detection-dataset\images\train\VAIPE-reannotated_VAIPE_P_816_2.jpg,4,train
data\public\pills-detection-dataset\images\train\VAIPE-reannotated_VAIPE_P_818_0.jpg,4,train
data\public\pills-detection-dataset\images\train\VAIPE-reannotated_VAIPE_P_818_1.jpg,3,train
data\public\pills-detection-dataset\images\train\VAIPE-reannotated_VAIPE_P_818_2.jpg,4,train
data\public\pills-detection-dataset\images\train\VAIPE-reannotated_VAIPE_P_818_3.jpg,3,train
data\public\pills-detection-dataset\images\train\VAIPE-reannotated_VAIPE_P_818_4.jpg,3,train
data\public\pills-detection-dataset\images\train\VAIPE-reannotated_VAIPE_P_818_5.jpg,4,train
data\public\pills-detection-dataset\images\train\VAIPE-reannotated_VAIPE_P_818_6.jpg,4,train
data\public\pills-detection-dataset\images\train\VAIPE-reannotated_VAIPE_P_819_7.jpg,4,train
data\public\pills-detection-dataset\images\train\VAIPE-reannotated_VAIPE_P_822_1.jpg,4,train
data\public\pills-detection-dataset\images\train\VAIPE-reannotated_VAIPE_P_822_10.jpg,5,train
data\public\pills-detection-dataset\images\train\VAIPE-reannotated_VAIPE_P_822_13.jpg,4,train
data\public\pills-detection-dataset\images\train\VAIPE-reannotated_VAIPE_P_822_15.jpg,4,train
data\public\pills-detection-dataset\images\train\VAIPE-reannotated_VAIPE_P_822_16.jpg,4,train
data\public\pills-detection-dataset\images\train\VAIPE-reannotated_VAIPE_P_822_17.jpg,5,train
data\public\pills-detection-dataset\images\train\VAIPE-reannotated_VAIPE_P_822_18.jpg,4,train
data\public\pills-detection-dataset\images\train\VAIPE-reannotated_VAIPE_P_822_2.jpg,4,train
data\public\pills-detection-dataset\images\train\VAIPE-reannotated_VAIPE_P_822_3.jpg,5,train
data\public\pills-detection-dataset\images\train\VAIPE-reannotated_VAIPE_P_822_5.jpg,5,train
data\public\pills-detection-dataset\images\train\VAIPE-reannotated_VAIPE_P_822_6.jpg,4,train
data\public\pills-detection-dataset\images\train\VAIPE-reannotated_VAIPE_P_822_7.jpg,5,train
data\public\pills-detection-dataset\images\train\VAIPE-reannotated_VAIPE_P_822_8.jpg,4,train
data\public\pills-detection-dataset\images\train\VAIPE-reannotated_VAIPE_P_823_1.jpg,1,train
data\public\pills-detection-dataset\images\train\VAIPE-reannotated_VAIPE_P_823_2.jpg,1,train
data\public\pills-detection-dataset\images\train\VAIPE-reannotated_VAIPE_P_823_3.jpg,1,train
data\public\pills-detection-dataset\images\train\VAIPE-reannotated_VAIPE_P_824_1.jpg,1,train
data\public\pills-detection-dataset\images\train\VAIPE-reannotated_VAIPE_P_824_2.jpg,1,train
data\public\pills-detection-dataset\images\train\VAIPE-reannotated_VAIPE_P_824_3.jpg,1,train
data\public\pills-detection-dataset\images\train\VAIPE-reannotated_VAIPE_P_825_0.jpg,1,train
data\public\pills-detection-dataset\images\train\VAIPE-reannotated_VAIPE_P_825_1.jpg,1,train
data\public\pills-detection-dataset\images\train\VAIPE-reannotated_VAIPE_P_825_2.jpg,1,train
data\public\pills-detection-dataset\images\train\VAIPE-reannotated_VAIPE_P_825_3.jpg,1,train
data\public\pills-detection-dataset\images\train\VAIPE-reannotated_VAIPE_P_827_0.jpg,3,train
data\public\pills-detection-dataset\images\train\VAIPE-reannotated_VAIPE_P_831_1.jpg,3,train
data\public\pills-detection-dataset\images\train\VAIPE-reannotated_VAIPE_P_833_0.jpg,4,train
data\public\pills-detection-dataset\images\train\VAIPE-reannotated_VAIPE_P_834_4.jpg,3,train
data\public\pills-detection-dataset\images\train\VAIPE-reannotated_VAIPE_P_83_3.jpg,5,train
data\public\pills-detection-dataset\images\train\VAIPE-reannotated_VAIPE_P_844_0.jpg,2,train
data\public\pills-detection-dataset\images\train\VAIPE-reannotated_VAIPE_P_844_1.jpg,2,train
data\public\pills-detection-dataset\images\train\VAIPE-reannotated_VAIPE_P_844_11.jpg,1,train
data\public\pills-detection-dataset\images\train\VAIPE-reannotated_VAIPE_P_844_12.jpg,2,train
data\public\pills-detection-dataset\images\train\VAIPE-reannotated_VAIPE_P_844_13.jpg,3,train
data\public\pills-detection-dataset\images\train\VAIPE-reannotated_VAIPE_P_844_14.jpg,3,train
data\public\pills-detection-dataset\images\train\VAIPE-reannotated_VAIPE_P_844_15.jpg,2,train
data\public\pills-detection-dataset\images\train\VAIPE-reannotated_VAIPE_P_844_16.jpg,3,train
data\public\pills-detection-dataset\images\train\VAIPE-reannotated_VAIPE_P_844_17.jpg,3,train
data\public\pills-detection-dataset\images\train\VAIPE-reannotated_VAIPE_P_844_5.jpg,3,train
data\public\pills-detection-dataset\images\train\VAIPE-reannotated_VAIPE_P_844_6.jpg,1,train
data\public\pills-detection-dataset\images\train\VAIPE-reannotated_VAIPE_P_844_7.jpg,1,train
data\public\pills-detection-dataset\images\train\VAIPE-reannotated_VAIPE_P_844_8.jpg,1,train
data\public\pills-detection-dataset\images\train\VAIPE-reannotated_VAIPE_P_844_9.jpg,3,train
data\public\pills-detection-dataset\images\train\VAIPE-reannotated_VAIPE_P_848_1.jpg,4,train
data\public\pills-detection-dataset\images\train\VAIPE-reannotated_VAIPE_P_848_2.jpg,3,train
data\public\pills-detection-dataset\images\train\VAIPE-reannotated_VAIPE_P_849_2.jpg,4,train
data\public\pills-detection-dataset\images\train\VAIPE-reannotated_VAIPE_P_84_3.jpg,6,train
data\public\pills-detection-dataset\images\train\VAIPE-reannotated_VAIPE_P_851_0.jpg,3,train
data\public\pills-detection-dataset\images\train\VAIPE-reannotated_VAIPE_P_851_1.jpg,3,train
data\public\pills-detection-dataset\images\train\VAIPE-reannotated_VAIPE_P_851_2.jpg,3,train
data\public\pills-detection-dataset\images\train\VAIPE-reannotated_VAIPE_P_851_3.jpg,3,train
data\public\pills-detection-dataset\images\train\VAIPE-reannotated_VAIPE_P_851_5.jpg,3,train
data\public\pills-detection-dataset\images\train\VAIPE-reannotated_VAIPE_P_866_9.jpg,6,train
data\public\pills-detection-dataset\images\train\VAIPE-reannotated_VAIPE_P_86_1.jpg,2,train
data\public\pills-detection-dataset\images\train\VAIPE-reannotated_VAIPE_P_870_3.jpg,1,train
data\public\pills-detection-dataset\images\train\VAIPE-reannotated_VAIPE_P_870_4.jpg,1,train
data\public\pills-detection-dataset\images\train\VAIPE-reannotated_VAIPE_P_870_5.jpg,1,train
data\public\pills-detection-dataset\images\train\VAIPE-reannotated_VAIPE_P_872_2.jpg,5,train
data\public\pills-detection-dataset\images\train\VAIPE-reannotated_VAIPE_P_872_3.jpg,5,train
data\public\pills-detection-dataset\images\train\VAIPE-reannotated_VAIPE_P_872_5.jpg,5,train
data\public\pills-detection-dataset\images\train\VAIPE-reannotated_VAIPE_P_872_6.jpg,5,train
data\public\pills-detection-dataset\images\train\VAIPE-reannotated_VAIPE_P_873_0.jpg,6,train
data\public\pills-detection-dataset\images\train\VAIPE-reannotated_VAIPE_P_873_1.jpg,6,train
data\public\pills-detection-dataset\images\train\VAIPE-reannotated_VAIPE_P_873_10.jpg,6,train
data\public\pills-detection-dataset\images\train\VAIPE-reannotated_VAIPE_P_873_11.jpg,6,train
data\public\pills-detection-dataset\images\train\VAIPE-reannotated_VAIPE_P_873_12.jpg,6,train
data\public\pills-detection-dataset\images\train\VAIPE-reannotated_VAIPE_P_873_14.jpg,6,train
data\public\pills-detection-dataset\images\train\VAIPE-reannotated_VAIPE_P_873_15.jpg,6,train
data\public\pills-detection-dataset\images\train\VAIPE-reannotated_VAIPE_P_873_2.jpg,6,train
data\public\pills-detection-dataset\images\train\VAIPE-reannotated_VAIPE_P_873_3.jpg,6,train
data\public\pills-detection-dataset\images\train\VAIPE-reannotated_VAIPE_P_873_4.jpg,6,train
data\public\pills-detection-dataset\images\train\VAIPE-reannotated_VAIPE_P_873_5.jpg,6,train
data\public\pills-detection-dataset\images\train\VAIPE-reannotated_VAIPE_P_873_6.jpg,6,train
data\public\pills-detection-dataset\images\train\VAIPE-reannotated_VAIPE_P_873_8.jpg,6,train
data\public\pills-detection-dataset\images\train\VAIPE-reannotated_VAIPE_P_873_9.jpg,6,train
data\public\pills-detection-dataset\images\train\VAIPE-reannotated_VAIPE_P_874_0.jpg,3,train
data\public\pills-detection-dataset\images\train\VAIPE-reannotated_VAIPE_P_874_1.jpg,3,train
data\public\pills-detection-dataset\images\train\VAIPE-reannotated_VAIPE_P_874_2.jpg,3,train
data\public\pills-detection-dataset\images\train\VAIPE-reannotated_VAIPE_P_874_4.jpg,2,train
data\public\pills-detection-dataset\images\train\VAIPE-reannotated_VAIPE_P_874_5.jpg,2,train
data\public\pills-detection-dataset\images\train\VAIPE-reannotated_VAIPE_P_875_2.jpg,3,train
data\public\pills-detection-dataset\images\train\VAIPE-reannotated_VAIPE_P_875_5.jpg,3,train
data\public\pills-detection-dataset\images\train\VAIPE-reannotated_VAIPE_P_875_6.jpg,3,train
data\public\pills-detection-dataset\images\train\VAIPE-reannotated_VAIPE_P_876_1.jpg,6,train
data\public\pills-detection-dataset\images\train\VAIPE-reannotated_VAIPE_P_876_2.jpg,6,train
data\public\pills-detection-dataset\images\train\VAIPE-reannotated_VAIPE_P_876_5.jpg,6,train
data\public\pills-detection-dataset\images\train\VAIPE-reannotated_VAIPE_P_87_6.jpg,4,train
data\public\pills-detection-dataset\images\train\VAIPE-reannotated_VAIPE_P_891_1.jpg,2,train
data\public\pills-detection-dataset\images\train\VAIPE-reannotated_VAIPE_P_892_0.jpg,5,train
data\public\pills-detection-dataset\images\train\VAIPE-reannotated_VAIPE_P_892_2.jpg,5,train
data\public\pills-detection-dataset\images\train\VAIPE-reannotated_VAIPE_P_892_3.jpg,5,train
data\public\pills-detection-dataset\images\train\VAIPE-reannotated_VAIPE_P_897_1.jpg,1,train
data\public\pills-detection-dataset\images\train\VAIPE-reannotated_VAIPE_P_898_0.jpg,5,train
data\public\pills-detection-dataset\images\train\VAIPE-reannotated_VAIPE_P_898_2.jpg,5,train
data\public\pills-detection-dataset\images\train\VAIPE-reannotated_VAIPE_P_898_4.jpg,5,train
data\public\pills-detection-dataset\images\train\VAIPE-reannotated_VAIPE_P_899_9.jpg,3,train
data\public\pills-detection-dataset\images\train\VAIPE-reannotated_VAIPE_P_900_0.jpg,2,train
data\public\pills-detection-dataset\images\train\VAIPE-reannotated_VAIPE_P_900_1.jpg,2,train
data\public\pills-detection-dataset\images\train\VAIPE-reannotated_VAIPE_P_900_4.jpg,2,train
data\public\pills-detection-dataset\images\train\VAIPE-reannotated_VAIPE_P_901_2.jpg,1,train
data\public\pills-detection-dataset\images\train\VAIPE-reannotated_VAIPE_P_901_4.jpg,1,train
data\public\pills-detection-dataset\images\train\VAIPE-reannotated_VAIPE_P_901_5.jpg,1,train
data\public\pills-detection-dataset\images\train\VAIPE-reannotated_VAIPE_P_905_0.jpg,2,train
data\public\pills-detection-dataset\images\train\VAIPE-reannotated_VAIPE_P_906_1.jpg,3,train
data\public\pills-detection-dataset\images\train\VAIPE-reannotated_VAIPE_P_906_2.jpg,3,train
data\public\pills-detection-dataset\images\train\VAIPE-reannotated_VAIPE_P_906_4.jpg,3,train
data\public\pills-detection-dataset\images\train\VAIPE-reannotated_VAIPE_P_906_5.jpg,3,train
data\public\pills-detection-dataset\images\train\VAIPE-reannotated_VAIPE_P_907_0.jpg,4,train
data\public\pills-detection-dataset\images\train\VAIPE-reannotated_VAIPE_P_907_2.jpg,4,train
data\public\pills-detection-dataset\images\train\VAIPE-reannotated_VAIPE_P_909_0.jpg,4,train
data\public\pills-detection-dataset\images\train\VAIPE-reannotated_VAIPE_P_910_1.jpg,4,train
data\public\pills-detection-dataset\images\train\VAIPE-reannotated_VAIPE_P_910_2.jpg,4,train
data\public\pills-detection-dataset\images\train\VAIPE-reannotated_VAIPE_P_911_0.jpg,3,train
data\public\pills-detection-dataset\images\train\VAIPE-reannotated_VAIPE_P_911_1.jpg,3,train
data\public\pills-detection-dataset\images\train\VAIPE-reannotated_VAIPE_P_913_1.jpg,4,train
data\public\pills-detection-dataset\images\train\VAIPE-reannotated_VAIPE_P_913_2.jpg,4,train
data\public\pills-detection-dataset\images\train\VAIPE-reannotated_VAIPE_P_913_4.jpg,4,train
data\public\pills-detection-dataset\images\train\VAIPE-reannotated_VAIPE_P_913_7.jpg,4,train
data\public\pills-detection-dataset\images\train\VAIPE-reannotated_VAIPE_P_917_0.jpg,3,train
data\public\pills-detection-dataset\images\train\VAIPE-reannotated_VAIPE_P_922_0.jpg,3,train
data\public\pills-detection-dataset\images\train\VAIPE-reannotated_VAIPE_P_922_1.jpg,3,train
data\public\pills-detection-dataset\images\train\VAIPE-reannotated_VAIPE_P_922_2.jpg,3,train
data\public\pills-detection-dataset\images\train\VAIPE-reannotated_VAIPE_P_922_3.jpg,3,train
data\public\pills-detection-dataset\images\train\VAIPE-reannotated_VAIPE_P_923_0.jpg,6,train
data\public\pills-detection-dataset\images\train\VAIPE-reannotated_VAIPE_P_923_12.jpg,6,train
data\public\pills-detection-dataset\images\train\VAIPE-reannotated_VAIPE_P_923_15.jpg,6,train
data\public\pills-detection-dataset\images\train\VAIPE-reannotated_VAIPE_P_923_2.jpg,6,train
data\public\pills-detection-dataset\images\train\VAIPE-reannotated_VAIPE_P_923_6.jpg,6,train
data\public\pills-detection-dataset\images\train\VAIPE-reannotated_VAIPE_P_923_8.jpg,6,train
data\public\pills-detection-dataset\images\train\VAIPE-reannotated_VAIPE_P_927_2.jpg,3,train
data\public\pills-detection-dataset\images\train\VAIPE-reannotated_VAIPE_P_92_1.jpg,6,train
data\public\pills-detection-dataset\images\train\VAIPE-reannotated_VAIPE_P_930_1.jpg,3,train
data\public\pills-detection-dataset\images\train\VAIPE-reannotated_VAIPE_P_936_1.jpg,1,train
data\public\pills-detection-dataset\images\train\VAIPE-reannotated_VAIPE_P_936_3.jpg,2,train
data\public\pills-detection-dataset\images\train\VAIPE-reannotated_VAIPE_P_936_4.jpg,2,train
data\public\pills-detection-dataset\images\train\VAIPE-reannotated_VAIPE_P_936_5.jpg,2,train
data\public\pills-detection-dataset\images\train\VAIPE-reannotated_VAIPE_P_936_6.jpg,2,train
data\public\pills-detection-dataset\images\train\VAIPE-reannotated_VAIPE_P_936_7.jpg,2,train
data\public\pills-detection-dataset\images\train\VAIPE-reannotated_VAIPE_P_937_0.jpg,2,train
data\public\pills-detection-dataset\images\train\VAIPE-reannotated_VAIPE_P_938_0.jpg,2,train
data\public\pills-detection-dataset\images\train\VAIPE-reannotated_VAIPE_P_93_2.jpg,6,train
data\public\pills-detection-dataset\images\train\VAIPE-reannotated_VAIPE_P_940_3.jpg,2,train
data\public\pills-detection-dataset\images\train\VAIPE-reannotated_VAIPE_P_940_5.jpg,3,train
data\public\pills-detection-dataset\images\train\VAIPE-reannotated_VAIPE_P_941_1.jpg,4,train
data\public\pills-detection-dataset\images\train\VAIPE-reannotated_VAIPE_P_942_1.jpg,2,train
data\public\pills-detection-dataset\images\train\VAIPE-reannotated_VAIPE_P_942_11.jpg,2,train
data\public\pills-detection-dataset\images\train\VAIPE-reannotated_VAIPE_P_942_2.jpg,2,train
data\public\pills-detection-dataset\images\train\VAIPE-reannotated_VAIPE_P_942_4.jpg,2,train
data\public\pills-detection-dataset\images\train\VAIPE-reannotated_VAIPE_P_942_5.jpg,2,train
data\public\pills-detection-dataset\images\train\VAIPE-reannotated_VAIPE_P_942_6.jpg,2,train
data\public\pills-detection-dataset\images\train\VAIPE-reannotated_VAIPE_P_942_7.jpg,2,train
data\public\pills-detection-dataset\images\train\VAIPE-reannotated_VAIPE_P_942_8.jpg,2,train
data\public\pills-detection-dataset\images\train\VAIPE-reannotated_VAIPE_P_942_9.jpg,2,train
data\public\pills-detection-dataset\images\train\VAIPE-reannotated_VAIPE_P_946_5.jpg,2,train
data\public\pills-detection-dataset\images\train\VAIPE-reannotated_VAIPE_P_95_1.jpg,5,train
data\public\pills-detection-dataset\images\train\VAIPE-reannotated_VAIPE_P_961_0.jpg,1,train
data\public\pills-detection-dataset\images\train\VAIPE-reannotated_VAIPE_P_962_0.jpg,2,train
data\public\pills-detection-dataset\images\train\VAIPE-reannotated_VAIPE_P_962_2.jpg,2,train
data\public\pills-detection-dataset\images\train\VAIPE-reannotated_VAIPE_P_962_4.jpg,2,train
data\public\pills-detection-dataset\images\train\VAIPE-reannotated_VAIPE_P_962_6.jpg,2,train
data\public\pills-detection-dataset\images\train\VAIPE-reannotated_VAIPE_P_962_7.jpg,2,train
data\public\pills-detection-dataset\images\train\VAIPE-reannotated_VAIPE_P_963_1.jpg,5,train
data\public\pills-detection-dataset\images\train\VAIPE-reannotated_VAIPE_P_963_5.jpg,5,train
data\public\pills-detection-dataset\images\train\VAIPE-reannotated_VAIPE_P_963_6.jpg,5,train
data\public\pills-detection-dataset\images\train\VAIPE-reannotated_VAIPE_P_96_11.jpg,5,train
data\public\pills-detection-dataset\images\train\VAIPE-reannotated_VAIPE_P_970_0.jpg,6,train
data\public\pills-detection-dataset\images\train\VAIPE-reannotated_VAIPE_P_972_0.jpg,2,train
data\public\pills-detection-dataset\images\train\VAIPE-reannotated_VAIPE_P_975_0.jpg,2,train
data\public\pills-detection-dataset\images\train\VAIPE-reannotated_VAIPE_P_976_0.jpg,2,train
data\public\pills-detection-dataset\images\train\VAIPE-reannotated_VAIPE_P_976_1.jpg,2,train
data\public\pills-detection-dataset\images\train\VAIPE-reannotated_VAIPE_P_976_2.jpg,2,train
data\public\pills-detection-dataset\images\train\VAIPE-reannotated_VAIPE_P_977_0.jpg,4,train
data\public\pills-detection-dataset\images\train\VAIPE-reannotated_VAIPE_P_977_1.jpg,4,train
data\public\pills-detection-dataset\images\train\VAIPE-reannotated_VAIPE_P_977_2.jpg,4,train
data\public\pills-detection-dataset\images\train\VAIPE-reannotated_VAIPE_P_97_0.jpg,4,train
data\public\pills-detection-dataset\images\train\VAIPE-reannotated_VAIPE_P_97_1.jpg,4,train
data\public\pills-detection-dataset\images\train\VAIPE-reannotated_VAIPE_P_982_2.jpg,5,train
data\public\pills-detection-dataset\images\train\VAIPE-reannotated_VAIPE_P_982_3.jpg,5,train
data\public\pills-detection-dataset\images\train\VAIPE-reannotated_VAIPE_P_986_0.jpg,6,train
data\public\pills-detection-dataset\images\train\VAIPE-reannotated_VAIPE_P_986_1.jpg,6,train
data\public\pills-detection-dataset\images\train\VAIPE-reannotated_VAIPE_P_987_3.jpg,4,train
data\public\pills-detection-dataset\images\train\VAIPE-reannotated_VAIPE_P_988_3.jpg,4,train
data\public\pills-detection-dataset\images\train\VAIPE-reannotated_VAIPE_P_98_0.jpg,4,train
data\public\pills-detection-dataset\images\train\VAIPE-reannotated_VAIPE_P_98_1.jpg,4,train
data\public\pills-detection-dataset\images\train\VAIPE-reannotated_VAIPE_P_992_0.jpg,1,train
data\public\pills-detection-dataset\images\train\VAIPE-reannotated_VAIPE_P_998_0.jpg,2,train
data\public\pills-detection-dataset\images\train\VAIPE-reannotated_VAIPE_P_998_2.jpg,2,train
data\public\pills-detection-dataset\images\train\VAIPE-reannotated_VAIPE_P_998_3.jpg,2,train
data\public\pills-detection-dataset\images\train\VAIPE-reannotated_VAIPE_P_998_6.jpg,2,train
data\public\pills-detection-dataset\images\train\VAIPE-reannotated_VAIPE_P_998_7.jpg,2,train
data\public\pills-detection-dataset\images\train\VAIPE-reannotated_VAIPE_P_99_27.jpg,4,train
data\public\pills-detection-dataset\images\train\VAIPE-reannotated_VAIPE_P_99_3.jpg,6,train
data\public\pills-detection-dataset\images\train\VAIPE-reannotated_VAIPE_P_99_5.jpg,5,train
data\public\pills-detection-dataset\images\train\VAIPE-reannotated_VAIPE_P_9_3.jpg,5,train
data\public\pills-detection-dataset\images\train\VAIPE-reannotated_VAIPE_P_9_5.jpg,4,train
data\public\pills-detection-dataset\images\train\VAIPE-reannotated_VAIPE_PI_1000.jpg,4,train
data\public\pills-detection-dataset\images\train\VAIPE-reannotated_VAIPE_PI_1592.jpg,3,train
data\public\pills-detection-dataset\images\train\VAIPE-reannotated_VAIPE_PI_2708.jpg,2,train
data\public\pills-detection-dataset\images\train\VAIPE-reannotated_VAIPE_PI_296.jpg,3,train
data\public\pills-detection-dataset\images\train\VAIPE-reannotated_VAIPE_PI_3068.jpg,3,train
data\public\pills-detection-dataset\images\train\VAIPE-reannotated_VAIPE_PI_3477.jpg,4,train
data\public\pills-detection-dataset\images\train\VAIPE-reannotated_VAIPE_PI_358.jpg,4,train
data\public\pills-detection-dataset\images\train\VAIPE-reannotated_VAIPE_PI_3689.jpg,2,train
data\public\pills-detection-dataset\images\train\VAIPE-reannotated_VAIPE_PI_4015.jpg,6,train
data\public\pills-detection-dataset\images\train\VAIPE-reannotated_VAIPE_PI_4072.jpg,1,train
data\public\pills-detection-dataset\images\train\VAIPE-reannotated_VAIPE_PI_4095.jpg,2,train
data\public\pills-detection-dataset\images\train\VAIPE-reannotated_VAIPE_PI_4157.jpg,4,train
data\public\pills-detection-dataset\images\train\VAIPE-reannotated_VAIPE_PI_4182.jpg,2,train
data\public\pills-detection-dataset\images\train\VAIPE-reannotated_VAIPE_PI_4432.jpg,4,train
data\public\pills-detection-dataset\images\train\VAIPE-reannotated_VAIPE_PI_4802.jpg,2,train
data\public\pills-detection-dataset\images\train\VAIPE-reannotated_VAIPE_PI_5136.jpg,3,train
data\public\pills-detection-dataset\images\train\VAIPE-reannotated_VAIPE_PI_5635.jpg,6,train
data\public\pills-detection-dataset\images\train\VAIPE-reannotated_VAIPE_PI_584.jpg,6,train
data\public\pills-detection-dataset\images\train\VAIPE-reannotated_VAIPE_PI_5886.jpg,3,train
data\public\pills-detection-dataset\images\train\VAIPE-reannotated_VAIPE_PI_6103.jpg,3,train
data\public\pills-detection-dataset\images\train\VAIPE-reannotated_VAIPE_PI_8113.jpg,2,train
data\public\pills-detection-dataset\images\train\VAIPE-reannotated_VAIPE_PI_8139.jpg,4,train
data\public\pills-detection-dataset\images\train\VAIPE-reannotated_VAIPE_PI_8513.jpg,4,train
data\public\pills-detection-dataset\images\train\VAIPE-reannotated_VAIPE_PI_8868.jpg,4,train
data\public\pills-detection-dataset\images\train\VAIPE-reannotated_VAIPE_PI_8882.jpg,4,train
data\public\pills-detection-dataset\images\train\VAIPE-reannotated_VAIPE_PI_8886.jpg,3,train
data\public\pills-detection-dataset\images\train\VAIPE-reannotated_VAIPE_PI_8898.jpg,5,train
data\public\pills-detection-dataset\images\train\VAIPE-reannotated_VAIPE_PI_9678.jpg,3,train
data\public\pills-detection-dataset\images\train\VAIPE-reannotated_VAIPE_PI_9700.jpg,1,train
data\public\pills-detection-dataset\images\train\VAIPE-test_TEST_VAIPE_P_0_0.jpg,3,train
data\public\pills-detection-dataset\images\train\VAIPE-test_TEST_VAIPE_P_0_1.jpg,4,train
data\public\pills-detection-dataset\images\train\VAIPE-test_TEST_VAIPE_P_0_2.jpg,4,train
data\public\pills-detection-dataset\images\train\VAIPE-test_TEST_VAIPE_P_0_3.jpg,3,train
data\public\pills-detection-dataset\images\train\VAIPE-test_TEST_VAIPE_P_0_4.jpg,6,train
data\public\pills-detection-dataset\images\train\VAIPE-test_TEST_VAIPE_P_0_6.jpg,4,train
data\public\pills-detection-dataset\images\train\VAIPE-test_TEST_VAIPE_P_100_0.jpg,4,train
data\public\pills-detection-dataset\images\train\VAIPE-test_TEST_VAIPE_P_100_1.jpg,6,train
data\public\pills-detection-dataset\images\train\VAIPE-test_TEST_VAIPE_P_100_2.jpg,6,train
data\public\pills-detection-dataset\images\train\VAIPE-test_TEST_VAIPE_P_100_3.jpg,4,train
data\public\pills-detection-dataset\images\train\VAIPE-test_TEST_VAIPE_P_101_0.jpg,3,train
data\public\pills-detection-dataset\images\train\VAIPE-test_TEST_VAIPE_P_102_0.jpg,2,train
data\public\pills-detection-dataset\images\train\VAIPE-test_TEST_VAIPE_P_103_1.jpg,3,train
data\public\pills-detection-dataset\images\train\VAIPE-test_TEST_VAIPE_P_103_2.jpg,3,train
data\public\pills-detection-dataset\images\train\VAIPE-test_TEST_VAIPE_P_103_3.jpg,3,train
data\public\pills-detection-dataset\images\train\VAIPE-test_TEST_VAIPE_P_103_4.jpg,2,train
data\public\pills-detection-dataset\images\train\VAIPE-test_TEST_VAIPE_P_103_5.jpg,3,train
data\public\pills-detection-dataset\images\train\VAIPE-test_TEST_VAIPE_P_103_6.jpg,3,train
data\public\pills-detection-dataset\images\train\VAIPE-test_TEST_VAIPE_P_103_7.jpg,2,train
data\public\pills-detection-dataset\images\train\VAIPE-test_TEST_VAIPE_P_103_9.jpg,6,train
data\public\pills-detection-dataset\images\train\VAIPE-test_TEST_VAIPE_P_104_0.jpg,3,train
data\public\pills-detection-dataset\images\train\VAIPE-test_TEST_VAIPE_P_104_1.jpg,3,train
data\public\pills-detection-dataset\images\train\VAIPE-test_TEST_VAIPE_P_104_2.jpg,6,train
data\public\pills-detection-dataset\images\train\VAIPE-test_TEST_VAIPE_P_104_3.jpg,4,train
data\public\pills-detection-dataset\images\train\VAIPE-test_TEST_VAIPE_P_104_4.jpg,4,train
data\public\pills-detection-dataset\images\train\VAIPE-test_TEST_VAIPE_P_105_0.jpg,4,train
data\public\pills-detection-dataset\images\train\VAIPE-test_TEST_VAIPE_P_106_0.jpg,2,train
data\public\pills-detection-dataset\images\train\VAIPE-test_TEST_VAIPE_P_106_1.jpg,2,train
data\public\pills-detection-dataset\images\train\VAIPE-test_TEST_VAIPE_P_106_2.jpg,2,train
data\public\pills-detection-dataset\images\train\VAIPE-test_TEST_VAIPE_P_106_3.jpg,2,train
data\public\pills-detection-dataset\images\train\VAIPE-test_TEST_VAIPE_P_106_4.jpg,2,train
data\public\pills-detection-dataset\images\train\VAIPE-test_TEST_VAIPE_P_106_5.jpg,2,train
data\public\pills-detection-dataset\images\train\VAIPE-test_TEST_VAIPE_P_106_6.jpg,2,train
data\public\pills-detection-dataset\images\train\VAIPE-test_TEST_VAIPE_P_106_8.jpg,2,train
data\public\pills-detection-dataset\images\train\VAIPE-test_TEST_VAIPE_P_106_9.jpg,5,train
data\public\pills-detection-dataset\images\train\VAIPE-test_TEST_VAIPE_P_107_0.jpg,6,train
data\public\pills-detection-dataset\images\train\VAIPE-test_TEST_VAIPE_P_107_1.jpg,6,train
data\public\pills-detection-dataset\images\train\VAIPE-test_TEST_VAIPE_P_107_2.jpg,5,train
data\public\pills-detection-dataset\images\train\VAIPE-test_TEST_VAIPE_P_107_3.jpg,6,train
data\public\pills-detection-dataset\images\train\VAIPE-test_TEST_VAIPE_P_107_4.jpg,5,train
data\public\pills-detection-dataset\images\train\VAIPE-test_TEST_VAIPE_P_108_1.jpg,5,train
data\public\pills-detection-dataset\images\train\VAIPE-test_TEST_VAIPE_P_108_2.jpg,6,train
data\public\pills-detection-dataset\images\train\VAIPE-test_TEST_VAIPE_P_108_3.jpg,3,train
data\public\pills-detection-dataset\images\train\VAIPE-test_TEST_VAIPE_P_109_0.jpg,2,train
data\public\pills-detection-dataset\images\train\VAIPE-test_TEST_VAIPE_P_109_1.jpg,2,train
data\public\pills-detection-dataset\images\train\VAIPE-test_TEST_VAIPE_P_109_2.jpg,3,train
data\public\pills-detection-dataset\images\train\VAIPE-test_TEST_VAIPE_P_109_3.jpg,2,train
data\public\pills-detection-dataset\images\train\VAIPE-test_TEST_VAIPE_P_109_5.jpg,3,train
data\public\pills-detection-dataset\images\train\VAIPE-test_TEST_VAIPE_P_109_6.jpg,5,train
data\public\pills-detection-dataset\images\train\VAIPE-test_TEST_VAIPE_P_109_7.jpg,5,train
data\public\pills-detection-dataset\images\train\VAIPE-test_TEST_VAIPE_P_109_8.jpg,5,train
data\public\pills-detection-dataset\images\train\VAIPE-test_TEST_VAIPE_P_10_0.jpg,1,train
data\public\pills-detection-dataset\images\train\VAIPE-test_TEST_VAIPE_P_10_1.jpg,5,train
data\public\pills-detection-dataset\images\train\VAIPE-test_TEST_VAIPE_P_10_2.jpg,4,train
data\public\pills-detection-dataset\images\train\VAIPE-test_TEST_VAIPE_P_110_1.jpg,1,train
data\public\pills-detection-dataset\images\train\VAIPE-test_TEST_VAIPE_P_110_10.jpg,2,train
data\public\pills-detection-dataset\images\train\VAIPE-test_TEST_VAIPE_P_110_11.jpg,1,train
data\public\pills-detection-dataset\images\train\VAIPE-test_TEST_VAIPE_P_110_12.jpg,6,train
data\public\pills-detection-dataset\images\train\VAIPE-test_TEST_VAIPE_P_110_13.jpg,5,train
data\public\pills-detection-dataset\images\train\VAIPE-test_TEST_VAIPE_P_110_14.jpg,4,train
data\public\pills-detection-dataset\images\train\VAIPE-test_TEST_VAIPE_P_110_2.jpg,2,train
data\public\pills-detection-dataset\images\train\VAIPE-test_TEST_VAIPE_P_110_4.jpg,1,train
data\public\pills-detection-dataset\images\train\VAIPE-test_TEST_VAIPE_P_110_5.jpg,2,train
data\public\pills-detection-dataset\images\train\VAIPE-test_TEST_VAIPE_P_110_6.jpg,1,train
data\public\pills-detection-dataset\images\train\VAIPE-test_TEST_VAIPE_P_110_7.jpg,1,train
data\public\pills-detection-dataset\images\train\VAIPE-test_TEST_VAIPE_P_110_8.jpg,1,train
data\public\pills-detection-dataset\images\train\VAIPE-test_TEST_VAIPE_P_110_9.jpg,2,train
data\public\pills-detection-dataset\images\train\VAIPE-test_TEST_VAIPE_P_111_0.jpg,2,train
data\public\pills-detection-dataset\images\train\VAIPE-test_TEST_VAIPE_P_112_1.jpg,5,train
data\public\pills-detection-dataset\images\train\VAIPE-test_TEST_VAIPE_P_112_2.jpg,5,train
data\public\pills-detection-dataset\images\train\VAIPE-test_TEST_VAIPE_P_113_0.jpg,4,train
data\public\pills-detection-dataset\images\train\VAIPE-test_TEST_VAIPE_P_113_1.jpg,4,train
data\public\pills-detection-dataset\images\train\VAIPE-test_TEST_VAIPE_P_113_10.jpg,4,train
data\public\pills-detection-dataset\images\train\VAIPE-test_TEST_VAIPE_P_113_2.jpg,4,train
data\public\pills-detection-dataset\images\train\VAIPE-test_TEST_VAIPE_P_113_3.jpg,3,train
data\public\pills-detection-dataset\images\train\VAIPE-test_TEST_VAIPE_P_113_4.jpg,2,train
data\public\pills-detection-dataset\images\train\VAIPE-test_TEST_VAIPE_P_113_5.jpg,3,train
data\public\pills-detection-dataset\images\train\VAIPE-test_TEST_VAIPE_P_113_6.jpg,2,train
data\public\pills-detection-dataset\images\train\VAIPE-test_TEST_VAIPE_P_113_7.jpg,3,train
data\public\pills-detection-dataset\images\train\VAIPE-test_TEST_VAIPE_P_113_8.jpg,2,train
data\public\pills-detection-dataset\images\train\VAIPE-test_TEST_VAIPE_P_114_0.jpg,3,train
data\public\pills-detection-dataset\images\train\VAIPE-test_TEST_VAIPE_P_114_1.jpg,2,train
data\public\pills-detection-dataset\images\train\VAIPE-test_TEST_VAIPE_P_114_2.jpg,4,train
data\public\pills-detection-dataset\images\train\VAIPE-test_TEST_VAIPE_P_114_3.jpg,5,train
data\public\pills-detection-dataset\images\train\VAIPE-test_TEST_VAIPE_P_114_4.jpg,4,train
data\public\pills-detection-dataset\images\train\VAIPE-test_TEST_VAIPE_P_114_5.jpg,4,train
data\public\pills-detection-dataset\images\train\VAIPE-test_TEST_VAIPE_P_115_0.jpg,4,train
data\public\pills-detection-dataset\images\train\VAIPE-test_TEST_VAIPE_P_115_2.jpg,4,train
data\public\pills-detection-dataset\images\train\VAIPE-test_TEST_VAIPE_P_115_3.jpg,3,train
data\public\pills-detection-dataset\images\train\VAIPE-test_TEST_VAIPE_P_115_4.jpg,5,train
data\public\pills-detection-dataset\images\train\VAIPE-test_TEST_VAIPE_P_116_0.jpg,1,train
data\public\pills-detection-dataset\images\train\VAIPE-test_TEST_VAIPE_P_116_1.jpg,1,train
data\public\pills-detection-dataset\images\train\VAIPE-test_TEST_VAIPE_P_116_2.jpg,4,train
data\public\pills-detection-dataset\images\train\VAIPE-test_TEST_VAIPE_P_117_0.jpg,3,train
data\public\pills-detection-dataset\images\train\VAIPE-test_TEST_VAIPE_P_117_2.jpg,1,train
data\public\pills-detection-dataset\images\train\VAIPE-test_TEST_VAIPE_P_117_3.jpg,3,train
data\public\pills-detection-dataset\images\train\VAIPE-test_TEST_VAIPE_P_117_4.jpg,5,train
data\public\pills-detection-dataset\images\train\VAIPE-test_TEST_VAIPE_P_117_5.jpg,6,train
data\public\pills-detection-dataset\images\train\VAIPE-test_TEST_VAIPE_P_118_0.jpg,2,train
data\public\pills-detection-dataset\images\train\VAIPE-test_TEST_VAIPE_P_118_1.jpg,2,train
data\public\pills-detection-dataset\images\train\VAIPE-test_TEST_VAIPE_P_118_2.jpg,6,train
data\public\pills-detection-dataset\images\train\VAIPE-test_TEST_VAIPE_P_119_0.jpg,2,train
data\public\pills-detection-dataset\images\train\VAIPE-test_TEST_VAIPE_P_119_1.jpg,5,train
data\public\pills-detection-dataset\images\train\VAIPE-test_TEST_VAIPE_P_119_2.jpg,4,train
data\public\pills-detection-dataset\images\train\VAIPE-test_TEST_VAIPE_P_11_0.jpg,1,train
data\public\pills-detection-dataset\images\train\VAIPE-test_TEST_VAIPE_P_11_1.jpg,5,train
data\public\pills-detection-dataset\images\train\VAIPE-test_TEST_VAIPE_P_11_2.jpg,5,train
data\public\pills-detection-dataset\images\train\VAIPE-test_TEST_VAIPE_P_11_3.jpg,3,train
data\public\pills-detection-dataset\images\train\VAIPE-test_TEST_VAIPE_P_120_1.jpg,2,train
data\public\pills-detection-dataset\images\train\VAIPE-test_TEST_VAIPE_P_120_10.jpg,2,train
data\public\pills-detection-dataset\images\train\VAIPE-test_TEST_VAIPE_P_120_11.jpg,1,train
data\public\pills-detection-dataset\images\train\VAIPE-test_TEST_VAIPE_P_120_12.jpg,5,train
data\public\pills-detection-dataset\images\train\VAIPE-test_TEST_VAIPE_P_120_2.jpg,1,train
data\public\pills-detection-dataset\images\train\VAIPE-test_TEST_VAIPE_P_120_3.jpg,1,train
data\public\pills-detection-dataset\images\train\VAIPE-test_TEST_VAIPE_P_120_4.jpg,2,train
data\public\pills-detection-dataset\images\train\VAIPE-test_TEST_VAIPE_P_120_6.jpg,2,train
data\public\pills-detection-dataset\images\train\VAIPE-test_TEST_VAIPE_P_120_7.jpg,2,train
data\public\pills-detection-dataset\images\train\VAIPE-test_TEST_VAIPE_P_120_8.jpg,2,train
data\public\pills-detection-dataset\images\train\VAIPE-test_TEST_VAIPE_P_120_9.jpg,1,train
data\public\pills-detection-dataset\images\train\VAIPE-test_TEST_VAIPE_P_121_0.jpg,2,train
data\public\pills-detection-dataset\images\train\VAIPE-test_TEST_VAIPE_P_121_1.jpg,2,train
data\public\pills-detection-dataset\images\train\VAIPE-test_TEST_VAIPE_P_122_0.jpg,1,train
data\public\pills-detection-dataset\images\train\VAIPE-test_TEST_VAIPE_P_122_2.jpg,4,train
data\public\pills-detection-dataset\images\train\VAIPE-test_TEST_VAIPE_P_122_3.jpg,4,train
data\public\pills-detection-dataset\images\train\VAIPE-test_TEST_VAIPE_P_123_0.jpg,1,train
data\public\pills-detection-dataset\images\train\VAIPE-test_TEST_VAIPE_P_123_1.jpg,2,train
data\public\pills-detection-dataset\images\train\VAIPE-test_TEST_VAIPE_P_123_2.jpg,2,train
data\public\pills-detection-dataset\images\train\VAIPE-test_TEST_VAIPE_P_123_3.jpg,2,train
data\public\pills-detection-dataset\images\train\VAIPE-test_TEST_VAIPE_P_123_4.jpg,6,train
data\public\pills-detection-dataset\images\train\VAIPE-test_TEST_VAIPE_P_124_1.jpg,2,train
data\public\pills-detection-dataset\images\train\VAIPE-test_TEST_VAIPE_P_124_2.jpg,5,train
data\public\pills-detection-dataset\images\train\VAIPE-test_TEST_VAIPE_P_124_3.jpg,3,train
data\public\pills-detection-dataset\images\train\VAIPE-test_TEST_VAIPE_P_124_4.jpg,5,train
data\public\pills-detection-dataset\images\train\VAIPE-test_TEST_VAIPE_P_125_0.jpg,3,train
data\public\pills-detection-dataset\images\train\VAIPE-test_TEST_VAIPE_P_126_0.jpg,2,train
data\public\pills-detection-dataset\images\train\VAIPE-test_TEST_VAIPE_P_126_1.jpg,2,train
data\public\pills-detection-dataset\images\train\VAIPE-test_TEST_VAIPE_P_127_0.jpg,1,train
data\public\pills-detection-dataset\images\train\VAIPE-test_TEST_VAIPE_P_128_0.jpg,2,train
data\public\pills-detection-dataset\images\train\VAIPE-test_TEST_VAIPE_P_128_1.jpg,2,train
data\public\pills-detection-dataset\images\train\VAIPE-test_TEST_VAIPE_P_129_0.jpg,1,train
data\public\pills-detection-dataset\images\train\VAIPE-test_TEST_VAIPE_P_129_1.jpg,3,train
data\public\pills-detection-dataset\images\train\VAIPE-test_TEST_VAIPE_P_129_2.jpg,3,train
data\public\pills-detection-dataset\images\train\VAIPE-test_TEST_VAIPE_P_129_3.jpg,2,train
data\public\pills-detection-dataset\images\train\VAIPE-test_TEST_VAIPE_P_129_5.jpg,1,train
data\public\pills-detection-dataset\images\train\VAIPE-test_TEST_VAIPE_P_129_6.jpg,2,train
data\public\pills-detection-dataset\images\train\VAIPE-test_TEST_VAIPE_P_129_7.jpg,2,train
data\public\pills-detection-dataset\images\train\VAIPE-test_TEST_VAIPE_P_129_8.jpg,3,train
data\public\pills-detection-dataset\images\train\VAIPE-test_TEST_VAIPE_P_12_0.jpg,6,train
data\public\pills-detection-dataset\images\train\VAIPE-test_TEST_VAIPE_P_130_0.jpg,1,train
data\public\pills-detection-dataset\images\train\VAIPE-test_TEST_VAIPE_P_130_1.jpg,1,train
data\public\pills-detection-dataset\images\train\VAIPE-test_TEST_VAIPE_P_130_3.jpg,1,train
data\public\pills-detection-dataset\images\train\VAIPE-test_TEST_VAIPE_P_130_4.jpg,2,train
data\public\pills-detection-dataset\images\train\VAIPE-test_TEST_VAIPE_P_130_5.jpg,1,train
data\public\pills-detection-dataset\images\train\VAIPE-test_TEST_VAIPE_P_132_0.jpg,3,train
data\public\pills-detection-dataset\images\train\VAIPE-test_TEST_VAIPE_P_132_1.jpg,3,train
data\public\pills-detection-dataset\images\train\VAIPE-test_TEST_VAIPE_P_132_2.jpg,3,train
data\public\pills-detection-dataset\images\train\VAIPE-test_TEST_VAIPE_P_133_0.jpg,3,train
data\public\pills-detection-dataset\images\train\VAIPE-test_TEST_VAIPE_P_133_1.jpg,4,train
data\public\pills-detection-dataset\images\train\VAIPE-test_TEST_VAIPE_P_133_2.jpg,3,train
data\public\pills-detection-dataset\images\train\VAIPE-test_TEST_VAIPE_P_134_0.jpg,2,train
data\public\pills-detection-dataset\images\train\VAIPE-test_TEST_VAIPE_P_134_1.jpg,2,train
data\public\pills-detection-dataset\images\train\VAIPE-test_TEST_VAIPE_P_135_0.jpg,1,train
data\public\pills-detection-dataset\images\train\VAIPE-test_TEST_VAIPE_P_136_0.jpg,1,train
data\public\pills-detection-dataset\images\train\VAIPE-test_TEST_VAIPE_P_136_2.jpg,1,train
data\public\pills-detection-dataset\images\train\VAIPE-test_TEST_VAIPE_P_136_3.jpg,2,train
data\public\pills-detection-dataset\images\train\VAIPE-test_TEST_VAIPE_P_136_4.jpg,2,train
data\public\pills-detection-dataset\images\train\VAIPE-test_TEST_VAIPE_P_136_5.jpg,2,train
data\public\pills-detection-dataset\images\train\VAIPE-test_TEST_VAIPE_P_136_6.jpg,2,train
data\public\pills-detection-dataset\images\train\VAIPE-test_TEST_VAIPE_P_136_7.jpg,2,train
data\public\pills-detection-dataset\images\train\VAIPE-test_TEST_VAIPE_P_136_8.jpg,2,train
data\public\pills-detection-dataset\images\train\VAIPE-test_TEST_VAIPE_P_138_0.jpg,2,train
data\public\pills-detection-dataset\images\train\VAIPE-test_TEST_VAIPE_P_138_1.jpg,2,train
data\public\pills-detection-dataset\images\train\VAIPE-test_TEST_VAIPE_P_139_0.jpg,6,train
data\public\pills-detection-dataset\images\train\VAIPE-test_TEST_VAIPE_P_139_1.jpg,6,train
data\public\pills-detection-dataset\images\train\VAIPE-test_TEST_VAIPE_P_13_0.jpg,1,train
data\public\pills-detection-dataset\images\train\VAIPE-test_TEST_VAIPE_P_13_1.jpg,2,train
data\public\pills-detection-dataset\images\train\VAIPE-test_TEST_VAIPE_P_13_2.jpg,6,train
data\public\pills-detection-dataset\images\train\VAIPE-test_TEST_VAIPE_P_141_0.jpg,1,train
data\public\pills-detection-dataset\images\train\VAIPE-test_TEST_VAIPE_P_141_1.jpg,1,train
data\public\pills-detection-dataset\images\train\VAIPE-test_TEST_VAIPE_P_141_2.jpg,1,train
data\public\pills-detection-dataset\images\train\VAIPE-test_TEST_VAIPE_P_141_3.jpg,1,train
data\public\pills-detection-dataset\images\train\VAIPE-test_TEST_VAIPE_P_141_4.jpg,1,train
data\public\pills-detection-dataset\images\train\VAIPE-test_TEST_VAIPE_P_142_0.jpg,5,train
data\public\pills-detection-dataset\images\train\VAIPE-test_TEST_VAIPE_P_142_1.jpg,4,train
data\public\pills-detection-dataset\images\train\VAIPE-test_TEST_VAIPE_P_142_3.jpg,5,train
data\public\pills-detection-dataset\images\train\VAIPE-test_TEST_VAIPE_P_142_4.jpg,5,train
data\public\pills-detection-dataset\images\train\VAIPE-test_TEST_VAIPE_P_143_0.jpg,5,train
data\public\pills-detection-dataset\images\train\VAIPE-test_TEST_VAIPE_P_144_0.jpg,3,train
data\public\pills-detection-dataset\images\train\VAIPE-test_TEST_VAIPE_P_144_1.jpg,3,train
data\public\pills-detection-dataset\images\train\VAIPE-test_TEST_VAIPE_P_144_2.jpg,3,train
data\public\pills-detection-dataset\images\train\VAIPE-test_TEST_VAIPE_P_144_3.jpg,3,train
data\public\pills-detection-dataset\images\train\VAIPE-test_TEST_VAIPE_P_145_1.jpg,6,train
data\public\pills-detection-dataset\images\train\VAIPE-test_TEST_VAIPE_P_145_2.jpg,6,train
data\public\pills-detection-dataset\images\train\VAIPE-test_TEST_VAIPE_P_145_3.jpg,6,train
data\public\pills-detection-dataset\images\train\VAIPE-test_TEST_VAIPE_P_145_4.jpg,6,train
data\public\pills-detection-dataset\images\train\VAIPE-test_TEST_VAIPE_P_145_5.jpg,6,train
data\public\pills-detection-dataset\images\train\VAIPE-test_TEST_VAIPE_P_147_0.jpg,2,train
data\public\pills-detection-dataset\images\train\VAIPE-test_TEST_VAIPE_P_148_0.jpg,2,train
data\public\pills-detection-dataset\images\train\VAIPE-test_TEST_VAIPE_P_148_1.jpg,2,train
data\public\pills-detection-dataset\images\train\VAIPE-test_TEST_VAIPE_P_148_2.jpg,2,train
data\public\pills-detection-dataset\images\train\VAIPE-test_TEST_VAIPE_P_148_3.jpg,2,train
data\public\pills-detection-dataset\images\train\VAIPE-test_TEST_VAIPE_P_149_0.jpg,3,train
data\public\pills-detection-dataset\images\train\VAIPE-test_TEST_VAIPE_P_149_1.jpg,3,train
data\public\pills-detection-dataset\images\train\VAIPE-test_TEST_VAIPE_P_149_2.jpg,3,train
data\public\pills-detection-dataset\images\train\VAIPE-test_TEST_VAIPE_P_14_0.jpg,1,train
data\public\pills-detection-dataset\images\train\VAIPE-test_TEST_VAIPE_P_150_0.jpg,4,train
data\public\pills-detection-dataset\images\train\VAIPE-test_TEST_VAIPE_P_150_1.jpg,4,train
data\public\pills-detection-dataset\images\train\VAIPE-test_TEST_VAIPE_P_151_0.jpg,5,train
data\public\pills-detection-dataset\images\train\VAIPE-test_TEST_VAIPE_P_151_1.jpg,5,train
data\public\pills-detection-dataset\images\train\VAIPE-test_TEST_VAIPE_P_151_2.jpg,5,train
data\public\pills-detection-dataset\images\train\VAIPE-test_TEST_VAIPE_P_151_3.jpg,5,train
data\public\pills-detection-dataset\images\train\VAIPE-test_TEST_VAIPE_P_152_1.jpg,2,train
data\public\pills-detection-dataset\images\train\VAIPE-test_TEST_VAIPE_P_153_0.jpg,2,train
data\public\pills-detection-dataset\images\train\VAIPE-test_TEST_VAIPE_P_153_1.jpg,3,train
data\public\pills-detection-dataset\images\train\VAIPE-test_TEST_VAIPE_P_153_2.jpg,2,train
data\public\pills-detection-dataset\images\train\VAIPE-test_TEST_VAIPE_P_153_3.jpg,3,train
data\public\pills-detection-dataset\images\train\VAIPE-test_TEST_VAIPE_P_153_4.jpg,3,train
data\public\pills-detection-dataset\images\train\VAIPE-test_TEST_VAIPE_P_154_0.jpg,5,train
data\public\pills-detection-dataset\images\train\VAIPE-test_TEST_VAIPE_P_154_10.jpg,5,train
data\public\pills-detection-dataset\images\train\VAIPE-test_TEST_VAIPE_P_154_11.jpg,5,train
data\public\pills-detection-dataset\images\train\VAIPE-test_TEST_VAIPE_P_154_12.jpg,5,train
data\public\pills-detection-dataset\images\train\VAIPE-test_TEST_VAIPE_P_154_13.jpg,5,train
data\public\pills-detection-dataset\images\train\VAIPE-test_TEST_VAIPE_P_154_14.jpg,5,train
data\public\pills-detection-dataset\images\train\VAIPE-test_TEST_VAIPE_P_154_15.jpg,5,train
data\public\pills-detection-dataset\images\train\VAIPE-test_TEST_VAIPE_P_154_16.jpg,5,train
data\public\pills-detection-dataset\images\train\VAIPE-test_TEST_VAIPE_P_154_18.jpg,5,train
data\public\pills-detection-dataset\images\train\VAIPE-test_TEST_VAIPE_P_154_19.jpg,5,train
data\public\pills-detection-dataset\images\train\VAIPE-test_TEST_VAIPE_P_154_2.jpg,5,train
data\public\pills-detection-dataset\images\train\VAIPE-test_TEST_VAIPE_P_154_20.jpg,5,train
data\public\pills-detection-dataset\images\train\VAIPE-test_TEST_VAIPE_P_154_21.jpg,5,train
data\public\pills-detection-dataset\images\train\VAIPE-test_TEST_VAIPE_P_154_22.jpg,5,train
data\public\pills-detection-dataset\images\train\VAIPE-test_TEST_VAIPE_P_154_23.jpg,5,train
data\public\pills-detection-dataset\images\train\VAIPE-test_TEST_VAIPE_P_154_4.jpg,5,train
data\public\pills-detection-dataset\images\train\VAIPE-test_TEST_VAIPE_P_154_5.jpg,5,train
data\public\pills-detection-dataset\images\train\VAIPE-test_TEST_VAIPE_P_154_6.jpg,5,train
data\public\pills-detection-dataset\images\train\VAIPE-test_TEST_VAIPE_P_154_7.jpg,5,train
data\public\pills-detection-dataset\images\train\VAIPE-test_TEST_VAIPE_P_154_8.jpg,5,train
data\public\pills-detection-dataset\images\train\VAIPE-test_TEST_VAIPE_P_154_9.jpg,5,train
data\public\pills-detection-dataset\images\train\VAIPE-test_TEST_VAIPE_P_155_0.jpg,3,train
data\public\pills-detection-dataset\images\train\VAIPE-test_TEST_VAIPE_P_155_10.jpg,4,train
data\public\pills-detection-dataset\images\train\VAIPE-test_TEST_VAIPE_P_155_11.jpg,4,train
data\public\pills-detection-dataset\images\train\VAIPE-test_TEST_VAIPE_P_155_12.jpg,4,train
data\public\pills-detection-dataset\images\train\VAIPE-test_TEST_VAIPE_P_155_13.jpg,4,train
data\public\pills-detection-dataset\images\train\VAIPE-test_TEST_VAIPE_P_155_14.jpg,4,train
data\public\pills-detection-dataset\images\train\VAIPE-test_TEST_VAIPE_P_155_15.jpg,4,train
data\public\pills-detection-dataset\images\train\VAIPE-test_TEST_VAIPE_P_155_16.jpg,4,train
data\public\pills-detection-dataset\images\train\VAIPE-test_TEST_VAIPE_P_155_18.jpg,4,train
data\public\pills-detection-dataset\images\train\VAIPE-test_TEST_VAIPE_P_155_19.jpg,4,train
data\public\pills-detection-dataset\images\train\VAIPE-test_TEST_VAIPE_P_155_2.jpg,3,train
data\public\pills-detection-dataset\images\train\VAIPE-test_TEST_VAIPE_P_155_20.jpg,4,train
data\public\pills-detection-dataset\images\train\VAIPE-test_TEST_VAIPE_P_155_21.jpg,4,train
data\public\pills-detection-dataset\images\train\VAIPE-test_TEST_VAIPE_P_155_22.jpg,4,train
data\public\pills-detection-dataset\images\train\VAIPE-test_TEST_VAIPE_P_155_23.jpg,4,train
data\public\pills-detection-dataset\images\train\VAIPE-test_TEST_VAIPE_P_155_25.jpg,4,train
data\public\pills-detection-dataset\images\train\VAIPE-test_TEST_VAIPE_P_155_26.jpg,4,train
data\public\pills-detection-dataset\images\train\VAIPE-test_TEST_VAIPE_P_155_27.jpg,4,train
data\public\pills-detection-dataset\images\train\VAIPE-test_TEST_VAIPE_P_155_28.jpg,4,train
data\public\pills-detection-dataset\images\train\VAIPE-test_TEST_VAIPE_P_155_29.jpg,4,train
data\public\pills-detection-dataset\images\train\VAIPE-test_TEST_VAIPE_P_155_3.jpg,3,train
data\public\pills-detection-dataset\images\train\VAIPE-test_TEST_VAIPE_P_155_30.jpg,4,train
data\public\pills-detection-dataset\images\train\VAIPE-test_TEST_VAIPE_P_155_4.jpg,3,train
data\public\pills-detection-dataset\images\train\VAIPE-test_TEST_VAIPE_P_155_5.jpg,4,train
data\public\pills-detection-dataset\images\train\VAIPE-test_TEST_VAIPE_P_155_6.jpg,4,train
data\public\pills-detection-dataset\images\train\VAIPE-test_TEST_VAIPE_P_155_7.jpg,4,train
data\public\pills-detection-dataset\images\train\VAIPE-test_TEST_VAIPE_P_155_8.jpg,3,train
data\public\pills-detection-dataset\images\train\VAIPE-test_TEST_VAIPE_P_155_9.jpg,3,train
data\public\pills-detection-dataset\images\train\VAIPE-test_TEST_VAIPE_P_156_0.jpg,3,train
data\public\pills-detection-dataset\images\train\VAIPE-test_TEST_VAIPE_P_156_10.jpg,3,train
data\public\pills-detection-dataset\images\train\VAIPE-test_TEST_VAIPE_P_156_11.jpg,3,train
data\public\pills-detection-dataset\images\train\VAIPE-test_TEST_VAIPE_P_156_12.jpg,3,train
data\public\pills-detection-dataset\images\train\VAIPE-test_TEST_VAIPE_P_156_13.jpg,3,train
data\public\pills-detection-dataset\images\train\VAIPE-test_TEST_VAIPE_P_156_14.jpg,3,train
data\public\pills-detection-dataset\images\train\VAIPE-test_TEST_VAIPE_P_156_15.jpg,3,train
data\public\pills-detection-dataset\images\train\VAIPE-test_TEST_VAIPE_P_156_16.jpg,3,train
data\public\pills-detection-dataset\images\train\VAIPE-test_TEST_VAIPE_P_156_2.jpg,3,train
data\public\pills-detection-dataset\images\train\VAIPE-test_TEST_VAIPE_P_156_3.jpg,3,train
data\public\pills-detection-dataset\images\train\VAIPE-test_TEST_VAIPE_P_156_4.jpg,3,train
data\public\pills-detection-dataset\images\train\VAIPE-test_TEST_VAIPE_P_156_5.jpg,3,train
data\public\pills-detection-dataset\images\train\VAIPE-test_TEST_VAIPE_P_156_6.jpg,3,train
data\public\pills-detection-dataset\images\train\VAIPE-test_TEST_VAIPE_P_156_7.jpg,3,train
data\public\pills-detection-dataset\images\train\VAIPE-test_TEST_VAIPE_P_156_8.jpg,3,train
data\public\pills-detection-dataset\images\train\VAIPE-test_TEST_VAIPE_P_157_0.jpg,3,train
data\public\pills-detection-dataset\images\train\VAIPE-test_TEST_VAIPE_P_157_1.jpg,3,train
data\public\pills-detection-dataset\images\train\VAIPE-test_TEST_VAIPE_P_157_10.jpg,3,train
data\public\pills-detection-dataset\images\train\VAIPE-test_TEST_VAIPE_P_157_11.jpg,3,train
data\public\pills-detection-dataset\images\train\VAIPE-test_TEST_VAIPE_P_157_2.jpg,3,train
data\public\pills-detection-dataset\images\train\VAIPE-test_TEST_VAIPE_P_157_3.jpg,3,train
data\public\pills-detection-dataset\images\train\VAIPE-test_TEST_VAIPE_P_157_4.jpg,3,train
data\public\pills-detection-dataset\images\train\VAIPE-test_TEST_VAIPE_P_157_6.jpg,3,train
data\public\pills-detection-dataset\images\train\VAIPE-test_TEST_VAIPE_P_157_7.jpg,3,train
data\public\pills-detection-dataset\images\train\VAIPE-test_TEST_VAIPE_P_157_8.jpg,3,train
data\public\pills-detection-dataset\images\train\VAIPE-test_TEST_VAIPE_P_157_9.jpg,3,train
data\public\pills-detection-dataset\images\train\VAIPE-test_TEST_VAIPE_P_159_0.jpg,4,train
data\public\pills-detection-dataset\images\train\VAIPE-test_TEST_VAIPE_P_159_1.jpg,4,train
data\public\pills-detection-dataset\images\train\VAIPE-test_TEST_VAIPE_P_159_10.jpg,4,train
data\public\pills-detection-dataset\images\train\VAIPE-test_TEST_VAIPE_P_159_12.jpg,4,train
data\public\pills-detection-dataset\images\train\VAIPE-test_TEST_VAIPE_P_159_13.jpg,4,train
data\public\pills-detection-dataset\images\train\VAIPE-test_TEST_VAIPE_P_159_14.jpg,4,train
data\public\pills-detection-dataset\images\train\VAIPE-test_TEST_VAIPE_P_159_15.jpg,4,train
data\public\pills-detection-dataset\images\train\VAIPE-test_TEST_VAIPE_P_159_16.jpg,4,train
data\public\pills-detection-dataset\images\train\VAIPE-test_TEST_VAIPE_P_159_17.jpg,4,train
data\public\pills-detection-dataset\images\train\VAIPE-test_TEST_VAIPE_P_159_18.jpg,4,train
data\public\pills-detection-dataset\images\train\VAIPE-test_TEST_VAIPE_P_159_2.jpg,4,train
data\public\pills-detection-dataset\images\train\VAIPE-test_TEST_VAIPE_P_159_20.jpg,4,train
data\public\pills-detection-dataset\images\train\VAIPE-test_TEST_VAIPE_P_159_21.jpg,4,train
data\public\pills-detection-dataset\images\train\VAIPE-test_TEST_VAIPE_P_159_22.jpg,4,train
data\public\pills-detection-dataset\images\train\VAIPE-test_TEST_VAIPE_P_159_23.jpg,4,train
data\public\pills-detection-dataset\images\train\VAIPE-test_TEST_VAIPE_P_159_24.jpg,3,train
data\public\pills-detection-dataset\images\train\VAIPE-test_TEST_VAIPE_P_159_25.jpg,4,train
data\public\pills-detection-dataset\images\train\VAIPE-test_TEST_VAIPE_P_159_27.jpg,4,train
data\public\pills-detection-dataset\images\train\VAIPE-test_TEST_VAIPE_P_159_28.jpg,4,train
data\public\pills-detection-dataset\images\train\VAIPE-test_TEST_VAIPE_P_159_29.jpg,4,train
data\public\pills-detection-dataset\images\train\VAIPE-test_TEST_VAIPE_P_159_3.jpg,4,train
data\public\pills-detection-dataset\images\train\VAIPE-test_TEST_VAIPE_P_159_30.jpg,4,train
data\public\pills-detection-dataset\images\train\VAIPE-test_TEST_VAIPE_P_159_31.jpg,4,train
data\public\pills-detection-dataset\images\train\VAIPE-test_TEST_VAIPE_P_159_32.jpg,4,train
data\public\pills-detection-dataset\images\train\VAIPE-test_TEST_VAIPE_P_159_34.jpg,4,train
data\public\pills-detection-dataset\images\train\VAIPE-test_TEST_VAIPE_P_159_4.jpg,4,train
data\public\pills-detection-dataset\images\train\VAIPE-test_TEST_VAIPE_P_159_5.jpg,4,train
data\public\pills-detection-dataset\images\train\VAIPE-test_TEST_VAIPE_P_159_6.jpg,4,train
data\public\pills-detection-dataset\images\train\VAIPE-test_TEST_VAIPE_P_159_7.jpg,4,train
data\public\pills-detection-dataset\images\train\VAIPE-test_TEST_VAIPE_P_159_8.jpg,4,train
data\public\pills-detection-dataset\images\train\VAIPE-test_TEST_VAIPE_P_159_9.jpg,4,train
data\public\pills-detection-dataset\images\train\VAIPE-test_TEST_VAIPE_P_15_1.jpg,2,train
data\public\pills-detection-dataset\images\train\VAIPE-test_TEST_VAIPE_P_15_10.jpg,2,train
data\public\pills-detection-dataset\images\train\VAIPE-test_TEST_VAIPE_P_15_11.jpg,2,train
data\public\pills-detection-dataset\images\train\VAIPE-test_TEST_VAIPE_P_15_12.jpg,2,train
data\public\pills-detection-dataset\images\train\VAIPE-test_TEST_VAIPE_P_15_13.jpg,1,train
data\public\pills-detection-dataset\images\train\VAIPE-test_TEST_VAIPE_P_15_14.jpg,2,train
data\public\pills-detection-dataset\images\train\VAIPE-test_TEST_VAIPE_P_15_15.jpg,2,train
data\public\pills-detection-dataset\images\train\VAIPE-test_TEST_VAIPE_P_15_17.jpg,1,train
data\public\pills-detection-dataset\images\train\VAIPE-test_TEST_VAIPE_P_15_18.jpg,2,train
data\public\pills-detection-dataset\images\train\VAIPE-test_TEST_VAIPE_P_15_19.jpg,1,train
data\public\pills-detection-dataset\images\train\VAIPE-test_TEST_VAIPE_P_15_2.jpg,2,train
data\public\pills-detection-dataset\images\train\VAIPE-test_TEST_VAIPE_P_15_20.jpg,4,train
data\public\pills-detection-dataset\images\train\VAIPE-test_TEST_VAIPE_P_15_21.jpg,5,train
data\public\pills-detection-dataset\images\train\VAIPE-test_TEST_VAIPE_P_15_3.jpg,2,train
data\public\pills-detection-dataset\images\train\VAIPE-test_TEST_VAIPE_P_15_5.jpg,1,train
data\public\pills-detection-dataset\images\train\VAIPE-test_TEST_VAIPE_P_15_6.jpg,1,train
data\public\pills-detection-dataset\images\train\VAIPE-test_TEST_VAIPE_P_15_7.jpg,1,train
data\public\pills-detection-dataset\images\train\VAIPE-test_TEST_VAIPE_P_15_8.jpg,1,train
data\public\pills-detection-dataset\images\train\VAIPE-test_TEST_VAIPE_P_15_9.jpg,1,train
data\public\pills-detection-dataset\images\train\VAIPE-test_TEST_VAIPE_P_160_0.jpg,2,train
data\public\pills-detection-dataset\images\train\VAIPE-test_TEST_VAIPE_P_160_1.jpg,2,train
data\public\pills-detection-dataset\images\train\VAIPE-test_TEST_VAIPE_P_160_11.jpg,2,train
data\public\pills-detection-dataset\images\train\VAIPE-test_TEST_VAIPE_P_160_12.jpg,2,train
data\public\pills-detection-dataset\images\train\VAIPE-test_TEST_VAIPE_P_160_13.jpg,2,train
data\public\pills-detection-dataset\images\train\VAIPE-test_TEST_VAIPE_P_160_14.jpg,2,train
data\public\pills-detection-dataset\images\train\VAIPE-test_TEST_VAIPE_P_160_15.jpg,2,train
data\public\pills-detection-dataset\images\train\VAIPE-test_TEST_VAIPE_P_160_16.jpg,2,train
data\public\pills-detection-dataset\images\train\VAIPE-test_TEST_VAIPE_P_160_17.jpg,2,train
data\public\pills-detection-dataset\images\train\VAIPE-test_TEST_VAIPE_P_160_2.jpg,2,train
data\public\pills-detection-dataset\images\train\VAIPE-test_TEST_VAIPE_P_160_3.jpg,2,train
data\public\pills-detection-dataset\images\train\VAIPE-test_TEST_VAIPE_P_160_4.jpg,2,train
data\public\pills-detection-dataset\images\train\VAIPE-test_TEST_VAIPE_P_160_5.jpg,2,train
data\public\pills-detection-dataset\images\train\VAIPE-test_TEST_VAIPE_P_160_6.jpg,2,train
data\public\pills-detection-dataset\images\train\VAIPE-test_TEST_VAIPE_P_160_7.jpg,2,train
data\public\pills-detection-dataset\images\train\VAIPE-test_TEST_VAIPE_P_160_8.jpg,2,train
data\public\pills-detection-dataset\images\train\VAIPE-test_TEST_VAIPE_P_161_0.jpg,3,train
data\public\pills-detection-dataset\images\train\VAIPE-test_TEST_VAIPE_P_161_1.jpg,3,train
data\public\pills-detection-dataset\images\train\VAIPE-test_TEST_VAIPE_P_161_10.jpg,3,train
data\public\pills-detection-dataset\images\train\VAIPE-test_TEST_VAIPE_P_161_11.jpg,3,train
data\public\pills-detection-dataset\images\train\VAIPE-test_TEST_VAIPE_P_161_12.jpg,3,train
data\public\pills-detection-dataset\images\train\VAIPE-test_TEST_VAIPE_P_161_13.jpg,3,train
data\public\pills-detection-dataset\images\train\VAIPE-test_TEST_VAIPE_P_161_14.jpg,3,train
data\public\pills-detection-dataset\images\train\VAIPE-test_TEST_VAIPE_P_161_16.jpg,3,train
data\public\pills-detection-dataset\images\train\VAIPE-test_TEST_VAIPE_P_161_17.jpg,3,train
data\public\pills-detection-dataset\images\train\VAIPE-test_TEST_VAIPE_P_161_18.jpg,3,train
data\public\pills-detection-dataset\images\train\VAIPE-test_TEST_VAIPE_P_161_19.jpg,3,train
data\public\pills-detection-dataset\images\train\VAIPE-test_TEST_VAIPE_P_161_2.jpg,3,train
data\public\pills-detection-dataset\images\train\VAIPE-test_TEST_VAIPE_P_161_20.jpg,3,train
data\public\pills-detection-dataset\images\train\VAIPE-test_TEST_VAIPE_P_161_21.jpg,3,train
data\public\pills-detection-dataset\images\train\VAIPE-test_TEST_VAIPE_P_161_23.jpg,3,train
data\public\pills-detection-dataset\images\train\VAIPE-test_TEST_VAIPE_P_161_24.jpg,3,train
data\public\pills-detection-dataset\images\train\VAIPE-test_TEST_VAIPE_P_161_25.jpg,3,train
data\public\pills-detection-dataset\images\train\VAIPE-test_TEST_VAIPE_P_161_26.jpg,3,train
data\public\pills-detection-dataset\images\train\VAIPE-test_TEST_VAIPE_P_161_27.jpg,3,train
data\public\pills-detection-dataset\images\train\VAIPE-test_TEST_VAIPE_P_161_28.jpg,3,train
data\public\pills-detection-dataset\images\train\VAIPE-test_TEST_VAIPE_P_161_29.jpg,3,train
data\public\pills-detection-dataset\images\train\VAIPE-test_TEST_VAIPE_P_161_30.jpg,3,train
data\public\pills-detection-dataset\images\train\VAIPE-test_TEST_VAIPE_P_161_31.jpg,3,train
data\public\pills-detection-dataset\images\train\VAIPE-test_TEST_VAIPE_P_161_32.jpg,3,train
data\public\pills-detection-dataset\images\train\VAIPE-test_TEST_VAIPE_P_161_33.jpg,3,train
data\public\pills-detection-dataset\images\train\VAIPE-test_TEST_VAIPE_P_161_34.jpg,3,train
data\public\pills-detection-dataset\images\train\VAIPE-test_TEST_VAIPE_P_161_35.jpg,3,train
data\public\pills-detection-dataset\images\train\VAIPE-test_TEST_VAIPE_P_161_4.jpg,3,train
data\public\pills-detection-dataset\images\train\VAIPE-test_TEST_VAIPE_P_161_6.jpg,3,train
data\public\pills-detection-dataset\images\train\VAIPE-test_TEST_VAIPE_P_161_7.jpg,3,train
data\public\pills-detection-dataset\images\train\VAIPE-test_TEST_VAIPE_P_161_8.jpg,3,train
data\public\pills-detection-dataset\images\train\VAIPE-test_TEST_VAIPE_P_161_9.jpg,3,train
data\public\pills-detection-dataset\images\train\VAIPE-test_TEST_VAIPE_P_163_1.jpg,6,train
data\public\pills-detection-dataset\images\train\VAIPE-test_TEST_VAIPE_P_164_0.jpg,6,train
data\public\pills-detection-dataset\images\train\VAIPE-test_TEST_VAIPE_P_164_10.jpg,6,train
data\public\pills-detection-dataset\images\train\VAIPE-test_TEST_VAIPE_P_164_11.jpg,6,train
data\public\pills-detection-dataset\images\train\VAIPE-test_TEST_VAIPE_P_164_12.jpg,6,train
data\public\pills-detection-dataset\images\train\VAIPE-test_TEST_VAIPE_P_164_13.jpg,6,train
data\public\pills-detection-dataset\images\train\VAIPE-test_TEST_VAIPE_P_164_14.jpg,6,train
data\public\pills-detection-dataset\images\train\VAIPE-test_TEST_VAIPE_P_164_15.jpg,6,train
data\public\pills-detection-dataset\images\train\VAIPE-test_TEST_VAIPE_P_164_16.jpg,6,train
data\public\pills-detection-dataset\images\train\VAIPE-test_TEST_VAIPE_P_164_18.jpg,6,train
data\public\pills-detection-dataset\images\train\VAIPE-test_TEST_VAIPE_P_164_19.jpg,6,train
data\public\pills-detection-dataset\images\train\VAIPE-test_TEST_VAIPE_P_164_2.jpg,6,train
data\public\pills-detection-dataset\images\train\VAIPE-test_TEST_VAIPE_P_164_20.jpg,6,train
data\public\pills-detection-dataset\images\train\VAIPE-test_TEST_VAIPE_P_164_21.jpg,6,train
data\public\pills-detection-dataset\images\train\VAIPE-test_TEST_VAIPE_P_164_22.jpg,6,train
data\public\pills-detection-dataset\images\train\VAIPE-test_TEST_VAIPE_P_164_23.jpg,6,train
data\public\pills-detection-dataset\images\train\VAIPE-test_TEST_VAIPE_P_164_4.jpg,6,train
data\public\pills-detection-dataset\images\train\VAIPE-test_TEST_VAIPE_P_164_5.jpg,6,train
data\public\pills-detection-dataset\images\train\VAIPE-test_TEST_VAIPE_P_164_6.jpg,6,train
data\public\pills-detection-dataset\images\train\VAIPE-test_TEST_VAIPE_P_164_7.jpg,6,train
data\public\pills-detection-dataset\images\train\VAIPE-test_TEST_VAIPE_P_164_8.jpg,6,train
data\public\pills-detection-dataset\images\train\VAIPE-test_TEST_VAIPE_P_164_9.jpg,6,train
data\public\pills-detection-dataset\images\train\VAIPE-test_TEST_VAIPE_P_165_0.jpg,2,train
data\public\pills-detection-dataset\images\train\VAIPE-test_TEST_VAIPE_P_165_10.jpg,2,train
data\public\pills-detection-dataset\images\train\VAIPE-test_TEST_VAIPE_P_165_11.jpg,2,train
data\public\pills-detection-dataset\images\train\VAIPE-test_TEST_VAIPE_P_165_12.jpg,2,train
data\public\pills-detection-dataset\images\train\VAIPE-test_TEST_VAIPE_P_165_13.jpg,2,train
data\public\pills-detection-dataset\images\train\VAIPE-test_TEST_VAIPE_P_165_14.jpg,2,train
data\public\pills-detection-dataset\images\train\VAIPE-test_TEST_VAIPE_P_165_15.jpg,2,train
data\public\pills-detection-dataset\images\train\VAIPE-test_TEST_VAIPE_P_165_16.jpg,2,train
data\public\pills-detection-dataset\images\train\VAIPE-test_TEST_VAIPE_P_165_18.jpg,2,train
data\public\pills-detection-dataset\images\train\VAIPE-test_TEST_VAIPE_P_165_19.jpg,2,train
data\public\pills-detection-dataset\images\train\VAIPE-test_TEST_VAIPE_P_165_2.jpg,2,train
data\public\pills-detection-dataset\images\train\VAIPE-test_TEST_VAIPE_P_165_20.jpg,4,train
data\public\pills-detection-dataset\images\train\VAIPE-test_TEST_VAIPE_P_165_21.jpg,2,train
data\public\pills-detection-dataset\images\train\VAIPE-test_TEST_VAIPE_P_165_22.jpg,2,train
data\public\pills-detection-dataset\images\train\VAIPE-test_TEST_VAIPE_P_165_3.jpg,2,train
data\public\pills-detection-dataset\images\train\VAIPE-test_TEST_VAIPE_P_165_5.jpg,2,train
data\public\pills-detection-dataset\images\train\VAIPE-test_TEST_VAIPE_P_165_6.jpg,2,train
data\public\pills-detection-dataset\images\train\VAIPE-test_TEST_VAIPE_P_165_7.jpg,2,train
data\public\pills-detection-dataset\images\train\VAIPE-test_TEST_VAIPE_P_165_8.jpg,2,train
data\public\pills-detection-dataset\images\train\VAIPE-test_TEST_VAIPE_P_165_9.jpg,2,train
data\public\pills-detection-dataset\images\train\VAIPE-test_TEST_VAIPE_P_166_0.jpg,2,train
data\public\pills-detection-dataset\images\train\VAIPE-test_TEST_VAIPE_P_166_1.jpg,4,train
data\public\pills-detection-dataset\images\train\VAIPE-test_TEST_VAIPE_P_166_11.jpg,3,train
data\public\pills-detection-dataset\images\train\VAIPE-test_TEST_VAIPE_P_166_12.jpg,3,train
data\public\pills-detection-dataset\images\train\VAIPE-test_TEST_VAIPE_P_166_13.jpg,3,train
data\public\pills-detection-dataset\images\train\VAIPE-test_TEST_VAIPE_P_166_2.jpg,3,train
data\public\pills-detection-dataset\images\train\VAIPE-test_TEST_VAIPE_P_166_3.jpg,3,train
data\public\pills-detection-dataset\images\train\VAIPE-test_TEST_VAIPE_P_166_4.jpg,3,train
data\public\pills-detection-dataset\images\train\VAIPE-test_TEST_VAIPE_P_166_5.jpg,3,train
data\public\pills-detection-dataset\images\train\VAIPE-test_TEST_VAIPE_P_166_7.jpg,3,train
data\public\pills-detection-dataset\images\train\VAIPE-test_TEST_VAIPE_P_166_8.jpg,3,train
data\public\pills-detection-dataset\images\train\VAIPE-test_TEST_VAIPE_P_166_9.jpg,3,train
data\public\pills-detection-dataset\images\train\VAIPE-test_TEST_VAIPE_P_167_0.jpg,3,train
data\public\pills-detection-dataset\images\train\VAIPE-test_TEST_VAIPE_P_167_1.jpg,3,train
data\public\pills-detection-dataset\images\train\VAIPE-test_TEST_VAIPE_P_167_10.jpg,2,train
data\public\pills-detection-dataset\images\train\VAIPE-test_TEST_VAIPE_P_167_11.jpg,2,train
data\public\pills-detection-dataset\images\train\VAIPE-test_TEST_VAIPE_P_167_13.jpg,1,train
data\public\pills-detection-dataset\images\train\VAIPE-test_TEST_VAIPE_P_167_14.jpg,1,train
data\public\pills-detection-dataset\images\train\VAIPE-test_TEST_VAIPE_P_167_15.jpg,3,train
data\public\pills-detection-dataset\images\train\VAIPE-test_TEST_VAIPE_P_167_16.jpg,1,train
data\public\pills-detection-dataset\images\train\VAIPE-test_TEST_VAIPE_P_167_17.jpg,2,train
data\public\pills-detection-dataset\images\train\VAIPE-test_TEST_VAIPE_P_167_18.jpg,1,train
data\public\pills-detection-dataset\images\train\VAIPE-test_TEST_VAIPE_P_167_19.jpg,3,train
data\public\pills-detection-dataset\images\train\VAIPE-test_TEST_VAIPE_P_167_20.jpg,3,train
data\public\pills-detection-dataset\images\train\VAIPE-test_TEST_VAIPE_P_167_21.jpg,3,train
data\public\pills-detection-dataset\images\train\VAIPE-test_TEST_VAIPE_P_167_22.jpg,3,train
data\public\pills-detection-dataset\images\train\VAIPE-test_TEST_VAIPE_P_167_23.jpg,3,train
data\public\pills-detection-dataset\images\train\VAIPE-test_TEST_VAIPE_P_167_24.jpg,3,train
data\public\pills-detection-dataset\images\train\VAIPE-test_TEST_VAIPE_P_167_25.jpg,3,train
data\public\pills-detection-dataset\images\train\VAIPE-test_TEST_VAIPE_P_167_26.jpg,3,train
data\public\pills-detection-dataset\images\train\VAIPE-test_TEST_VAIPE_P_167_28.jpg,3,train
data\public\pills-detection-dataset\images\train\VAIPE-test_TEST_VAIPE_P_167_29.jpg,3,train
data\public\pills-detection-dataset\images\train\VAIPE-test_TEST_VAIPE_P_167_3.jpg,2,train
data\public\pills-detection-dataset\images\train\VAIPE-test_TEST_VAIPE_P_167_30.jpg,3,train
data\public\pills-detection-dataset\images\train\VAIPE-test_TEST_VAIPE_P_167_31.jpg,3,train
data\public\pills-detection-dataset\images\train\VAIPE-test_TEST_VAIPE_P_167_32.jpg,3,train
data\public\pills-detection-dataset\images\train\VAIPE-test_TEST_VAIPE_P_167_4.jpg,1,train
data\public\pills-detection-dataset\images\train\VAIPE-test_TEST_VAIPE_P_167_6.jpg,3,train
data\public\pills-detection-dataset\images\train\VAIPE-test_TEST_VAIPE_P_167_7.jpg,3,train
data\public\pills-detection-dataset\images\train\VAIPE-test_TEST_VAIPE_P_167_8.jpg,3,train
data\public\pills-detection-dataset\images\train\VAIPE-test_TEST_VAIPE_P_167_9.jpg,1,train
data\public\pills-detection-dataset\images\train\VAIPE-test_TEST_VAIPE_P_168_0.jpg,2,train
data\public\pills-detection-dataset\images\train\VAIPE-test_TEST_VAIPE_P_168_1.jpg,2,train
data\public\pills-detection-dataset\images\train\VAIPE-test_TEST_VAIPE_P_168_10.jpg,3,train
data\public\pills-detection-dataset\images\train\VAIPE-test_TEST_VAIPE_P_168_12.jpg,3,train
data\public\pills-detection-dataset\images\train\VAIPE-test_TEST_VAIPE_P_168_13.jpg,3,train
data\public\pills-detection-dataset\images\train\VAIPE-test_TEST_VAIPE_P_168_14.jpg,3,train
data\public\pills-detection-dataset\images\train\VAIPE-test_TEST_VAIPE_P_168_15.jpg,3,train
data\public\pills-detection-dataset\images\train\VAIPE-test_TEST_VAIPE_P_168_16.jpg,3,train
data\public\pills-detection-dataset\images\train\VAIPE-test_TEST_VAIPE_P_168_17.jpg,3,train
data\public\pills-detection-dataset\images\train\VAIPE-test_TEST_VAIPE_P_168_18.jpg,3,train
data\public\pills-detection-dataset\images\train\VAIPE-test_TEST_VAIPE_P_168_2.jpg,2,train
data\public\pills-detection-dataset\images\train\VAIPE-test_TEST_VAIPE_P_168_3.jpg,2,train
data\public\pills-detection-dataset\images\train\VAIPE-test_TEST_VAIPE_P_168_4.jpg,2,train
data\public\pills-detection-dataset\images\train\VAIPE-test_TEST_VAIPE_P_168_5.jpg,3,train
data\public\pills-detection-dataset\images\train\VAIPE-test_TEST_VAIPE_P_168_6.jpg,2,train
data\public\pills-detection-dataset\images\train\VAIPE-test_TEST_VAIPE_P_168_7.jpg,3,train
data\public\pills-detection-dataset\images\train\VAIPE-test_TEST_VAIPE_P_168_8.jpg,3,train
data\public\pills-detection-dataset\images\train\VAIPE-test_TEST_VAIPE_P_169_0.jpg,1,train
data\public\pills-detection-dataset\images\train\VAIPE-test_TEST_VAIPE_P_169_1.jpg,2,train
data\public\pills-detection-dataset\images\train\VAIPE-test_TEST_VAIPE_P_169_10.jpg,3,train
data\public\pills-detection-dataset\images\train\VAIPE-test_TEST_VAIPE_P_169_11.jpg,3,train
data\public\pills-detection-dataset\images\train\VAIPE-test_TEST_VAIPE_P_169_12.jpg,3,train
data\public\pills-detection-dataset\images\train\VAIPE-test_TEST_VAIPE_P_169_13.jpg,3,train
data\public\pills-detection-dataset\images\train\VAIPE-test_TEST_VAIPE_P_169_14.jpg,3,train
data\public\pills-detection-dataset\images\train\VAIPE-test_TEST_VAIPE_P_169_16.jpg,3,train
data\public\pills-detection-dataset\images\train\VAIPE-test_TEST_VAIPE_P_169_17.jpg,3,train
data\public\pills-detection-dataset\images\train\VAIPE-test_TEST_VAIPE_P_169_18.jpg,3,train
data\public\pills-detection-dataset\images\train\VAIPE-test_TEST_VAIPE_P_169_19.jpg,3,train
data\public\pills-detection-dataset\images\train\VAIPE-test_TEST_VAIPE_P_169_2.jpg,2,train
data\public\pills-detection-dataset\images\train\VAIPE-test_TEST_VAIPE_P_169_20.jpg,3,train
data\public\pills-detection-dataset\images\train\VAIPE-test_TEST_VAIPE_P_169_21.jpg,3,train
data\public\pills-detection-dataset\images\train\VAIPE-test_TEST_VAIPE_P_169_3.jpg,1,train
data\public\pills-detection-dataset\images\train\VAIPE-test_TEST_VAIPE_P_169_4.jpg,2,train
data\public\pills-detection-dataset\images\train\VAIPE-test_TEST_VAIPE_P_169_5.jpg,1,train
data\public\pills-detection-dataset\images\train\VAIPE-test_TEST_VAIPE_P_169_6.jpg,3,train
data\public\pills-detection-dataset\images\train\VAIPE-test_TEST_VAIPE_P_169_7.jpg,3,train
data\public\pills-detection-dataset\images\train\VAIPE-test_TEST_VAIPE_P_169_8.jpg,3,train
data\public\pills-detection-dataset\images\train\VAIPE-test_TEST_VAIPE_P_169_9.jpg,3,train
data\public\pills-detection-dataset\images\train\VAIPE-test_TEST_VAIPE_P_16_1.jpg,2,train
data\public\pills-detection-dataset\images\train\VAIPE-test_TEST_VAIPE_P_16_2.jpg,2,train
data\public\pills-detection-dataset\images\train\VAIPE-test_TEST_VAIPE_P_16_3.jpg,1,train
data\public\pills-detection-dataset\images\train\VAIPE-test_TEST_VAIPE_P_16_4.jpg,2,train
data\public\pills-detection-dataset\images\train\VAIPE-test_TEST_VAIPE_P_16_5.jpg,1,train
data\public\pills-detection-dataset\images\train\VAIPE-test_TEST_VAIPE_P_16_6.jpg,1,train
data\public\pills-detection-dataset\images\train\VAIPE-test_TEST_VAIPE_P_16_7.jpg,1,train
data\public\pills-detection-dataset\images\train\VAIPE-test_TEST_VAIPE_P_170_0.jpg,2,train
data\public\pills-detection-dataset\images\train\VAIPE-test_TEST_VAIPE_P_170_1.jpg,2,train
data\public\pills-detection-dataset\images\train\VAIPE-test_TEST_VAIPE_P_170_10.jpg,2,train
data\public\pills-detection-dataset\images\train\VAIPE-test_TEST_VAIPE_P_170_11.jpg,2,train
data\public\pills-detection-dataset\images\train\VAIPE-test_TEST_VAIPE_P_170_12.jpg,2,train
data\public\pills-detection-dataset\images\train\VAIPE-test_TEST_VAIPE_P_170_13.jpg,2,train
data\public\pills-detection-dataset\images\train\VAIPE-test_TEST_VAIPE_P_170_14.jpg,2,train
data\public\pills-detection-dataset\images\train\VAIPE-test_TEST_VAIPE_P_170_16.jpg,2,train
data\public\pills-detection-dataset\images\train\VAIPE-test_TEST_VAIPE_P_170_17.jpg,2,train
data\public\pills-detection-dataset\images\train\VAIPE-test_TEST_VAIPE_P_170_18.jpg,2,train
data\public\pills-detection-dataset\images\train\VAIPE-test_TEST_VAIPE_P_170_19.jpg,2,train
data\public\pills-detection-dataset\images\train\VAIPE-test_TEST_VAIPE_P_170_2.jpg,2,train
data\public\pills-detection-dataset\images\train\VAIPE-test_TEST_VAIPE_P_170_20.jpg,2,train
data\public\pills-detection-dataset\images\train\VAIPE-test_TEST_VAIPE_P_170_3.jpg,2,train
data\public\pills-detection-dataset\images\train\VAIPE-test_TEST_VAIPE_P_170_5.jpg,2,train
data\public\pills-detection-dataset\images\train\VAIPE-test_TEST_VAIPE_P_170_6.jpg,2,train
data\public\pills-detection-dataset\images\train\VAIPE-test_TEST_VAIPE_P_170_7.jpg,2,train
data\public\pills-detection-dataset\images\train\VAIPE-test_TEST_VAIPE_P_170_8.jpg,2,train
data\public\pills-detection-dataset\images\train\VAIPE-test_TEST_VAIPE_P_170_9.jpg,2,train
data\public\pills-detection-dataset\images\train\VAIPE-test_TEST_VAIPE_P_171_0.jpg,1,train
data\public\pills-detection-dataset\images\train\VAIPE-test_TEST_VAIPE_P_171_1.jpg,1,train
data\public\pills-detection-dataset\images\train\VAIPE-test_TEST_VAIPE_P_171_11.jpg,1,train
data\public\pills-detection-dataset\images\train\VAIPE-test_TEST_VAIPE_P_171_12.jpg,1,train
data\public\pills-detection-dataset\images\train\VAIPE-test_TEST_VAIPE_P_171_13.jpg,1,train
data\public\pills-detection-dataset\images\train\VAIPE-test_TEST_VAIPE_P_171_14.jpg,1,train
data\public\pills-detection-dataset\images\train\VAIPE-test_TEST_VAIPE_P_171_15.jpg,1,train
data\public\pills-detection-dataset\images\train\VAIPE-test_TEST_VAIPE_P_171_16.jpg,1,train
data\public\pills-detection-dataset\images\train\VAIPE-test_TEST_VAIPE_P_171_17.jpg,1,train
data\public\pills-detection-dataset\images\train\VAIPE-test_TEST_VAIPE_P_171_19.jpg,1,train
data\public\pills-detection-dataset\images\train\VAIPE-test_TEST_VAIPE_P_171_2.jpg,1,train
data\public\pills-detection-dataset\images\train\VAIPE-test_TEST_VAIPE_P_171_20.jpg,1,train
data\public\pills-detection-dataset\images\train\VAIPE-test_TEST_VAIPE_P_171_21.jpg,1,train
data\public\pills-detection-dataset\images\train\VAIPE-test_TEST_VAIPE_P_171_22.jpg,1,train
data\public\pills-detection-dataset\images\train\VAIPE-test_TEST_VAIPE_P_171_23.jpg,1,train
data\public\pills-detection-dataset\images\train\VAIPE-test_TEST_VAIPE_P_171_3.jpg,1,train
data\public\pills-detection-dataset\images\train\VAIPE-test_TEST_VAIPE_P_171_5.jpg,1,train
data\public\pills-detection-dataset\images\train\VAIPE-test_TEST_VAIPE_P_171_6.jpg,1,train
data\public\pills-detection-dataset\images\train\VAIPE-test_TEST_VAIPE_P_171_7.jpg,1,train
data\public\pills-detection-dataset\images\train\VAIPE-test_TEST_VAIPE_P_171_8.jpg,1,train
data\public\pills-detection-dataset\images\train\VAIPE-test_TEST_VAIPE_P_171_9.jpg,1,train
data\public\pills-detection-dataset\images\train\VAIPE-test_TEST_VAIPE_P_17_0.jpg,5,train
data\public\pills-detection-dataset\images\train\VAIPE-test_TEST_VAIPE_P_17_1.jpg,4,train
data\public\pills-detection-dataset\images\train\VAIPE-test_TEST_VAIPE_P_17_3.jpg,4,train
data\public\pills-detection-dataset\images\train\VAIPE-test_TEST_VAIPE_P_17_4.jpg,4,train
data\public\pills-detection-dataset\images\train\VAIPE-test_TEST_VAIPE_P_17_5.jpg,4,train
data\public\pills-detection-dataset\images\train\VAIPE-test_TEST_VAIPE_P_17_6.jpg,4,train
data\public\pills-detection-dataset\images\train\VAIPE-test_TEST_VAIPE_P_17_7.jpg,6,train
data\public\pills-detection-dataset\images\train\VAIPE-test_TEST_VAIPE_P_17_8.jpg,5,train
data\public\pills-detection-dataset\images\train\VAIPE-test_TEST_VAIPE_P_17_9.jpg,5,train
data\public\pills-detection-dataset\images\train\VAIPE-test_TEST_VAIPE_P_18_1.jpg,3,train
data\public\pills-detection-dataset\images\train\VAIPE-test_TEST_VAIPE_P_18_2.jpg,3,train
data\public\pills-detection-dataset\images\train\VAIPE-test_TEST_VAIPE_P_18_3.jpg,3,train
data\public\pills-detection-dataset\images\train\VAIPE-test_TEST_VAIPE_P_18_4.jpg,3,train
data\public\pills-detection-dataset\images\train\VAIPE-test_TEST_VAIPE_P_18_5.jpg,3,train
data\public\pills-detection-dataset\images\train\VAIPE-test_TEST_VAIPE_P_18_6.jpg,3,train
data\public\pills-detection-dataset\images\train\VAIPE-test_TEST_VAIPE_P_18_7.jpg,3,train
data\public\pills-detection-dataset\images\train\VAIPE-test_TEST_VAIPE_P_18_9.jpg,6,train
data\public\pills-detection-dataset\images\train\VAIPE-test_TEST_VAIPE_P_19_0.jpg,1,train
data\public\pills-detection-dataset\images\train\VAIPE-test_TEST_VAIPE_P_19_1.jpg,1,train
data\public\pills-detection-dataset\images\train\VAIPE-test_TEST_VAIPE_P_19_10.jpg,2,train
data\public\pills-detection-dataset\images\train\VAIPE-test_TEST_VAIPE_P_19_2.jpg,1,train
data\public\pills-detection-dataset\images\train\VAIPE-test_TEST_VAIPE_P_19_3.jpg,1,train
data\public\pills-detection-dataset\images\train\VAIPE-test_TEST_VAIPE_P_19_4.jpg,1,train
data\public\pills-detection-dataset\images\train\VAIPE-test_TEST_VAIPE_P_19_6.jpg,1,train
data\public\pills-detection-dataset\images\train\VAIPE-test_TEST_VAIPE_P_19_7.jpg,1,train
data\public\pills-detection-dataset\images\train\VAIPE-test_TEST_VAIPE_P_19_8.jpg,5,train
data\public\pills-detection-dataset\images\train\VAIPE-test_TEST_VAIPE_P_19_9.jpg,4,train
data\public\pills-detection-dataset\images\train\VAIPE-test_TEST_VAIPE_P_1_0.jpg,1,train
data\public\pills-detection-dataset\images\train\VAIPE-test_TEST_VAIPE_P_1_1.jpg,6,train
data\public\pills-detection-dataset\images\train\VAIPE-test_TEST_VAIPE_P_20_0.jpg,4,train
data\public\pills-detection-dataset\images\train\VAIPE-test_TEST_VAIPE_P_20_2.jpg,5,train
data\public\pills-detection-dataset\images\train\VAIPE-test_TEST_VAIPE_P_20_3.jpg,4,train
data\public\pills-detection-dataset\images\train\VAIPE-test_TEST_VAIPE_P_21_0.jpg,3,train
data\public\pills-detection-dataset\images\train\VAIPE-test_TEST_VAIPE_P_21_1.jpg,3,train
data\public\pills-detection-dataset\images\train\VAIPE-test_TEST_VAIPE_P_21_2.jpg,3,train
data\public\pills-detection-dataset\images\train\VAIPE-test_TEST_VAIPE_P_21_3.jpg,3,train
data\public\pills-detection-dataset\images\train\VAIPE-test_TEST_VAIPE_P_21_4.jpg,3,train
data\public\pills-detection-dataset\images\train\VAIPE-test_TEST_VAIPE_P_21_6.jpg,3,train
data\public\pills-detection-dataset\images\train\VAIPE-test_TEST_VAIPE_P_21_7.jpg,3,train
data\public\pills-detection-dataset\images\train\VAIPE-test_TEST_VAIPE_P_22_1.jpg,5,train
data\public\pills-detection-dataset\images\train\VAIPE-test_TEST_VAIPE_P_22_10.jpg,5,train
data\public\pills-detection-dataset\images\train\VAIPE-test_TEST_VAIPE_P_22_12.jpg,5,train
data\public\pills-detection-dataset\images\train\VAIPE-test_TEST_VAIPE_P_22_14.jpg,5,train
data\public\pills-detection-dataset\images\train\VAIPE-test_TEST_VAIPE_P_22_15.jpg,5,train
data\public\pills-detection-dataset\images\train\VAIPE-test_TEST_VAIPE_P_22_6.jpg,5,train
data\public\pills-detection-dataset\images\train\VAIPE-test_TEST_VAIPE_P_23_0.jpg,1,train
data\public\pills-detection-dataset\images\train\VAIPE-test_TEST_VAIPE_P_23_1.jpg,3,train
data\public\pills-detection-dataset\images\train\VAIPE-test_TEST_VAIPE_P_23_11.jpg,1,train
data\public\pills-detection-dataset\images\train\VAIPE-test_TEST_VAIPE_P_23_12.jpg,3,train
data\public\pills-detection-dataset\images\train\VAIPE-test_TEST_VAIPE_P_23_13.jpg,3,train
data\public\pills-detection-dataset\images\train\VAIPE-test_TEST_VAIPE_P_23_14.jpg,1,train
data\public\pills-detection-dataset\images\train\VAIPE-test_TEST_VAIPE_P_23_15.jpg,4,train
data\public\pills-detection-dataset\images\train\VAIPE-test_TEST_VAIPE_P_23_16.jpg,4,train
data\public\pills-detection-dataset\images\train\VAIPE-test_TEST_VAIPE_P_23_17.jpg,1,train
data\public\pills-detection-dataset\images\train\VAIPE-test_TEST_VAIPE_P_23_19.jpg,4,train
data\public\pills-detection-dataset\images\train\VAIPE-test_TEST_VAIPE_P_23_2.jpg,1,train
data\public\pills-detection-dataset\images\train\VAIPE-test_TEST_VAIPE_P_23_20.jpg,6,train
data\public\pills-detection-dataset\images\train\VAIPE-test_TEST_VAIPE_P_23_3.jpg,4,train
data\public\pills-detection-dataset\images\train\VAIPE-test_TEST_VAIPE_P_23_4.jpg,4,train
data\public\pills-detection-dataset\images\train\VAIPE-test_TEST_VAIPE_P_23_5.jpg,4,train
data\public\pills-detection-dataset\images\train\VAIPE-test_TEST_VAIPE_P_23_6.jpg,3,train
data\public\pills-detection-dataset\images\train\VAIPE-test_TEST_VAIPE_P_23_8.jpg,3,train
data\public\pills-detection-dataset\images\train\VAIPE-test_TEST_VAIPE_P_23_9.jpg,3,train
data\public\pills-detection-dataset\images\train\VAIPE-test_TEST_VAIPE_P_24_0.jpg,4,train
data\public\pills-detection-dataset\images\train\VAIPE-test_TEST_VAIPE_P_24_1.jpg,4,train
data\public\pills-detection-dataset\images\train\VAIPE-test_TEST_VAIPE_P_25_0.jpg,2,train
data\public\pills-detection-dataset\images\train\VAIPE-test_TEST_VAIPE_P_25_1.jpg,4,train
data\public\pills-detection-dataset\images\train\VAIPE-test_TEST_VAIPE_P_26_0.jpg,1,train
data\public\pills-detection-dataset\images\train\VAIPE-test_TEST_VAIPE_P_26_2.jpg,4,train
data\public\pills-detection-dataset\images\train\VAIPE-test_TEST_VAIPE_P_27_0.jpg,1,train
data\public\pills-detection-dataset\images\train\VAIPE-test_TEST_VAIPE_P_27_1.jpg,6,train
data\public\pills-detection-dataset\images\train\VAIPE-test_TEST_VAIPE_P_28_0.jpg,4,train
data\public\pills-detection-dataset\images\train\VAIPE-test_TEST_VAIPE_P_28_1.jpg,4,train
data\public\pills-detection-dataset\images\train\VAIPE-test_TEST_VAIPE_P_28_2.jpg,6,train
data\public\pills-detection-dataset\images\train\VAIPE-test_TEST_VAIPE_P_29_0.jpg,2,train
data\public\pills-detection-dataset\images\train\VAIPE-test_TEST_VAIPE_P_29_2.jpg,1,train
data\public\pills-detection-dataset\images\train\VAIPE-test_TEST_VAIPE_P_29_3.jpg,2,train
data\public\pills-detection-dataset\images\train\VAIPE-test_TEST_VAIPE_P_29_4.jpg,2,train
data\public\pills-detection-dataset\images\train\VAIPE-test_TEST_VAIPE_P_29_5.jpg,4,train
data\public\pills-detection-dataset\images\train\VAIPE-test_TEST_VAIPE_P_29_6.jpg,6,train
data\public\pills-detection-dataset\images\train\VAIPE-test_TEST_VAIPE_P_2_0.jpg,1,train
data\public\pills-detection-dataset\images\train\VAIPE-test_TEST_VAIPE_P_2_1.jpg,5,train
data\public\pills-detection-dataset\images\train\VAIPE-test_TEST_VAIPE_P_30_0.jpg,3,train
data\public\pills-detection-dataset\images\train\VAIPE-test_TEST_VAIPE_P_30_1.jpg,3,train
data\public\pills-detection-dataset\images\train\VAIPE-test_TEST_VAIPE_P_30_2.jpg,3,train
data\public\pills-detection-dataset\images\train\VAIPE-test_TEST_VAIPE_P_30_3.jpg,3,train
data\public\pills-detection-dataset\images\train\VAIPE-test_TEST_VAIPE_P_30_4.jpg,3,train
data\public\pills-detection-dataset\images\train\VAIPE-test_TEST_VAIPE_P_30_5.jpg,2,train
data\public\pills-detection-dataset\images\train\VAIPE-test_TEST_VAIPE_P_30_6.jpg,3,train
data\public\pills-detection-dataset\images\train\VAIPE-test_TEST_VAIPE_P_30_8.jpg,6,train
data\public\pills-detection-dataset\images\train\VAIPE-test_TEST_VAIPE_P_31_1.jpg,5,train
data\public\pills-detection-dataset\images\train\VAIPE-test_TEST_VAIPE_P_31_2.jpg,4,train
data\public\pills-detection-dataset\images\train\VAIPE-test_TEST_VAIPE_P_31_3.jpg,5,train
data\public\pills-detection-dataset\images\train\VAIPE-test_TEST_VAIPE_P_32_0.jpg,1,train
data\public\pills-detection-dataset\images\train\VAIPE-test_TEST_VAIPE_P_32_1.jpg,1,train
data\public\pills-detection-dataset\images\train\VAIPE-test_TEST_VAIPE_P_32_11.jpg,1,train
data\public\pills-detection-dataset\images\train\VAIPE-test_TEST_VAIPE_P_32_12.jpg,1,train
data\public\pills-detection-dataset\images\train\VAIPE-test_TEST_VAIPE_P_32_13.jpg,1,train
data\public\pills-detection-dataset\images\train\VAIPE-test_TEST_VAIPE_P_32_14.jpg,1,train
data\public\pills-detection-dataset\images\train\VAIPE-test_TEST_VAIPE_P_32_15.jpg,1,train
data\public\pills-detection-dataset\images\train\VAIPE-test_TEST_VAIPE_P_32_16.jpg,1,train
data\public\pills-detection-dataset\images\train\VAIPE-test_TEST_VAIPE_P_32_17.jpg,1,train
data\public\pills-detection-dataset\images\train\VAIPE-test_TEST_VAIPE_P_32_19.jpg,1,train
data\public\pills-detection-dataset\images\train\VAIPE-test_TEST_VAIPE_P_32_2.jpg,1,train
data\public\pills-detection-dataset\images\train\VAIPE-test_TEST_VAIPE_P_32_20.jpg,1,train
data\public\pills-detection-dataset\images\train\VAIPE-test_TEST_VAIPE_P_32_21.jpg,1,train
data\public\pills-detection-dataset\images\train\VAIPE-test_TEST_VAIPE_P_32_22.jpg,1,train
data\public\pills-detection-dataset\images\train\VAIPE-test_TEST_VAIPE_P_32_23.jpg,1,train
data\public\pills-detection-dataset\images\train\VAIPE-test_TEST_VAIPE_P_32_24.jpg,1,train
data\public\pills-detection-dataset\images\train\VAIPE-test_TEST_VAIPE_P_32_26.jpg,1,train
data\public\pills-detection-dataset\images\train\VAIPE-test_TEST_VAIPE_P_32_27.jpg,1,train
data\public\pills-detection-dataset\images\train\VAIPE-test_TEST_VAIPE_P_32_28.jpg,1,train
data\public\pills-detection-dataset\images\train\VAIPE-test_TEST_VAIPE_P_32_29.jpg,1,train
data\public\pills-detection-dataset\images\train\VAIPE-test_TEST_VAIPE_P_32_3.jpg,1,train
data\public\pills-detection-dataset\images\train\VAIPE-test_TEST_VAIPE_P_32_30.jpg,1,train
data\public\pills-detection-dataset\images\train\VAIPE-test_TEST_VAIPE_P_32_31.jpg,1,train
data\public\pills-detection-dataset\images\train\VAIPE-test_TEST_VAIPE_P_32_33.jpg,1,train
data\public\pills-detection-dataset\images\train\VAIPE-test_TEST_VAIPE_P_32_34.jpg,1,train
data\public\pills-detection-dataset\images\train\VAIPE-test_TEST_VAIPE_P_32_35.jpg,1,train
data\public\pills-detection-dataset\images\train\VAIPE-test_TEST_VAIPE_P_32_36.jpg,1,train
data\public\pills-detection-dataset\images\train\VAIPE-test_TEST_VAIPE_P_32_37.jpg,1,train
data\public\pills-detection-dataset\images\train\VAIPE-test_TEST_VAIPE_P_32_38.jpg,1,train
data\public\pills-detection-dataset\images\train\VAIPE-test_TEST_VAIPE_P_32_39.jpg,1,train
data\public\pills-detection-dataset\images\train\VAIPE-test_TEST_VAIPE_P_32_5.jpg,1,train
data\public\pills-detection-dataset\images\train\VAIPE-test_TEST_VAIPE_P_32_6.jpg,1,train
data\public\pills-detection-dataset\images\train\VAIPE-test_TEST_VAIPE_P_32_7.jpg,1,train
data\public\pills-detection-dataset\images\train\VAIPE-test_TEST_VAIPE_P_32_8.jpg,1,train
data\public\pills-detection-dataset\images\train\VAIPE-test_TEST_VAIPE_P_32_9.jpg,1,train
data\public\pills-detection-dataset\images\train\VAIPE-test_TEST_VAIPE_P_33_0.jpg,3,train
data\public\pills-detection-dataset\images\train\VAIPE-test_TEST_VAIPE_P_33_1.jpg,2,train
data\public\pills-detection-dataset\images\train\VAIPE-test_TEST_VAIPE_P_33_3.jpg,2,train
data\public\pills-detection-dataset\images\train\VAIPE-test_TEST_VAIPE_P_33_4.jpg,5,train
data\public\pills-detection-dataset\images\train\VAIPE-test_TEST_VAIPE_P_34_0.jpg,5,train
data\public\pills-detection-dataset\images\train\VAIPE-test_TEST_VAIPE_P_34_1.jpg,3,train
data\public\pills-detection-dataset\images\train\VAIPE-test_TEST_VAIPE_P_34_2.jpg,6,train
data\public\pills-detection-dataset\images\train\VAIPE-test_TEST_VAIPE_P_34_3.jpg,6,train
data\public\pills-detection-dataset\images\train\VAIPE-test_TEST_VAIPE_P_34_4.jpg,4,train
data\public\pills-detection-dataset\images\train\VAIPE-test_TEST_VAIPE_P_35_0.jpg,4,train
data\public\pills-detection-dataset\images\train\VAIPE-test_TEST_VAIPE_P_35_1.jpg,4,train
data\public\pills-detection-dataset\images\train\VAIPE-test_TEST_VAIPE_P_35_2.jpg,6,train
data\public\pills-detection-dataset\images\train\VAIPE-test_TEST_VAIPE_P_36_0.jpg,1,train
data\public\pills-detection-dataset\images\train\VAIPE-test_TEST_VAIPE_P_36_1.jpg,1,train
data\public\pills-detection-dataset\images\train\VAIPE-test_TEST_VAIPE_P_36_10.jpg,1,train
data\public\pills-detection-dataset\images\train\VAIPE-test_TEST_VAIPE_P_36_11.jpg,1,train
data\public\pills-detection-dataset\images\train\VAIPE-test_TEST_VAIPE_P_36_13.jpg,1,train
data\public\pills-detection-dataset\images\train\VAIPE-test_TEST_VAIPE_P_36_14.jpg,1,train
data\public\pills-detection-dataset\images\train\VAIPE-test_TEST_VAIPE_P_36_15.jpg,1,train
data\public\pills-detection-dataset\images\train\VAIPE-test_TEST_VAIPE_P_36_16.jpg,1,train
data\public\pills-detection-dataset\images\train\VAIPE-test_TEST_VAIPE_P_36_17.jpg,1,train
data\public\pills-detection-dataset\images\train\VAIPE-test_TEST_VAIPE_P_36_18.jpg,1,train
data\public\pills-detection-dataset\images\train\VAIPE-test_TEST_VAIPE_P_36_19.jpg,1,train
data\public\pills-detection-dataset\images\train\VAIPE-test_TEST_VAIPE_P_36_20.jpg,6,train
data\public\pills-detection-dataset\images\train\VAIPE-test_TEST_VAIPE_P_36_21.jpg,5,train
data\public\pills-detection-dataset\images\train\VAIPE-test_TEST_VAIPE_P_36_3.jpg,1,train
data\public\pills-detection-dataset\images\train\VAIPE-test_TEST_VAIPE_P_36_4.jpg,1,train
data\public\pills-detection-dataset\images\train\VAIPE-test_TEST_VAIPE_P_36_5.jpg,1,train
data\public\pills-detection-dataset\images\train\VAIPE-test_TEST_VAIPE_P_36_6.jpg,1,train
data\public\pills-detection-dataset\images\train\VAIPE-test_TEST_VAIPE_P_36_7.jpg,1,train
data\public\pills-detection-dataset\images\train\VAIPE-test_TEST_VAIPE_P_36_9.jpg,1,train
data\public\pills-detection-dataset\images\train\VAIPE-test_TEST_VAIPE_P_37_0.jpg,2,train
data\public\pills-detection-dataset\images\train\VAIPE-test_TEST_VAIPE_P_37_1.jpg,3,train
data\public\pills-detection-dataset\images\train\VAIPE-test_TEST_VAIPE_P_37_2.jpg,2,train
data\public\pills-detection-dataset\images\train\VAIPE-test_TEST_VAIPE_P_37_3.jpg,6,train
data\public\pills-detection-dataset\images\train\VAIPE-test_TEST_VAIPE_P_37_4.jpg,4,train
data\public\pills-detection-dataset\images\train\VAIPE-test_TEST_VAIPE_P_37_5.jpg,5,train
data\public\pills-detection-dataset\images\train\VAIPE-test_TEST_VAIPE_P_38_1.jpg,5,train
data\public\pills-detection-dataset\images\train\VAIPE-test_TEST_VAIPE_P_38_2.jpg,5,train
data\public\pills-detection-dataset\images\train\VAIPE-test_TEST_VAIPE_P_38_3.jpg,5,train
data\public\pills-detection-dataset\images\train\VAIPE-test_TEST_VAIPE_P_38_4.jpg,5,train
data\public\pills-detection-dataset\images\train\VAIPE-test_TEST_VAIPE_P_38_5.jpg,5,train
data\public\pills-detection-dataset\images\train\VAIPE-test_TEST_VAIPE_P_38_6.jpg,5,train
data\public\pills-detection-dataset\images\train\VAIPE-test_TEST_VAIPE_P_38_7.jpg,5,train
data\public\pills-detection-dataset\images\train\VAIPE-test_TEST_VAIPE_P_39_0.jpg,1,train
data\public\pills-detection-dataset\images\train\VAIPE-test_TEST_VAIPE_P_39_1.jpg,6,train
data\public\pills-detection-dataset\images\train\VAIPE-test_TEST_VAIPE_P_3_0.jpg,2,train
data\public\pills-detection-dataset\images\train\VAIPE-test_TEST_VAIPE_P_3_1.jpg,3,train
data\public\pills-detection-dataset\images\train\VAIPE-test_TEST_VAIPE_P_3_2.jpg,3,train
data\public\pills-detection-dataset\images\train\VAIPE-test_TEST_VAIPE_P_3_3.jpg,3,train
data\public\pills-detection-dataset\images\train\VAIPE-test_TEST_VAIPE_P_3_4.jpg,3,train
data\public\pills-detection-dataset\images\train\VAIPE-test_TEST_VAIPE_P_3_6.jpg,3,train
data\public\pills-detection-dataset\images\train\VAIPE-test_TEST_VAIPE_P_3_7.jpg,4,train
data\public\pills-detection-dataset\images\train\VAIPE-test_TEST_VAIPE_P_3_8.jpg,6,train
data\public\pills-detection-dataset\images\train\VAIPE-test_TEST_VAIPE_P_3_9.jpg,6,train
data\public\pills-detection-dataset\images\train\VAIPE-test_TEST_VAIPE_P_40_0.jpg,4,train
data\public\pills-detection-dataset\images\train\VAIPE-test_TEST_VAIPE_P_40_1.jpg,4,train
data\public\pills-detection-dataset\images\train\VAIPE-test_TEST_VAIPE_P_40_2.jpg,4,train
data\public\pills-detection-dataset\images\train\VAIPE-test_TEST_VAIPE_P_40_4.jpg,4,train
data\public\pills-detection-dataset\images\train\VAIPE-test_TEST_VAIPE_P_40_5.jpg,5,train
data\public\pills-detection-dataset\images\train\VAIPE-test_TEST_VAIPE_P_40_6.jpg,6,train
data\public\pills-detection-dataset\images\train\VAIPE-test_TEST_VAIPE_P_41_0.jpg,4,train
data\public\pills-detection-dataset\images\train\VAIPE-test_TEST_VAIPE_P_41_1.jpg,4,train
data\public\pills-detection-dataset\images\train\VAIPE-test_TEST_VAIPE_P_41_10.jpg,5,train
data\public\pills-detection-dataset\images\train\VAIPE-test_TEST_VAIPE_P_41_2.jpg,3,train
data\public\pills-detection-dataset\images\train\VAIPE-test_TEST_VAIPE_P_41_4.jpg,4,train
data\public\pills-detection-dataset\images\train\VAIPE-test_TEST_VAIPE_P_41_5.jpg,3,train
data\public\pills-detection-dataset\images\train\VAIPE-test_TEST_VAIPE_P_41_6.jpg,3,train
data\public\pills-detection-dataset\images\train\VAIPE-test_TEST_VAIPE_P_41_7.jpg,4,train
data\public\pills-detection-dataset\images\train\VAIPE-test_TEST_VAIPE_P_41_8.jpg,4,train
data\public\pills-detection-dataset\images\train\VAIPE-test_TEST_VAIPE_P_41_9.jpg,6,train
data\public\pills-detection-dataset\images\train\VAIPE-test_TEST_VAIPE_P_42_2.jpg,5,train
data\public\pills-detection-dataset\images\train\VAIPE-test_TEST_VAIPE_P_43_0.jpg,3,train
data\public\pills-detection-dataset\images\train\VAIPE-test_TEST_VAIPE_P_44_0.jpg,3,train
data\public\pills-detection-dataset\images\train\VAIPE-test_TEST_VAIPE_P_44_1.jpg,1,train
data\public\pills-detection-dataset\images\train\VAIPE-test_TEST_VAIPE_P_44_2.jpg,3,train
data\public\pills-detection-dataset\images\train\VAIPE-test_TEST_VAIPE_P_44_3.jpg,2,train
data\public\pills-detection-dataset\images\train\VAIPE-test_TEST_VAIPE_P_45_0.jpg,4,train
data\public\pills-detection-dataset\images\train\VAIPE-test_TEST_VAIPE_P_45_2.jpg,3,train
data\public\pills-detection-dataset\images\train\VAIPE-test_TEST_VAIPE_P_45_3.jpg,6,train
data\public\pills-detection-dataset\images\train\VAIPE-test_TEST_VAIPE_P_46_0.jpg,4,train
data\public\pills-detection-dataset\images\train\VAIPE-test_TEST_VAIPE_P_46_1.jpg,4,train
data\public\pills-detection-dataset\images\train\VAIPE-test_TEST_VAIPE_P_46_2.jpg,5,train
data\public\pills-detection-dataset\images\train\VAIPE-test_TEST_VAIPE_P_47_0.jpg,3,train
data\public\pills-detection-dataset\images\train\VAIPE-test_TEST_VAIPE_P_47_1.jpg,3,train
data\public\pills-detection-dataset\images\train\VAIPE-test_TEST_VAIPE_P_47_11.jpg,3,train
data\public\pills-detection-dataset\images\train\VAIPE-test_TEST_VAIPE_P_47_12.jpg,3,train
data\public\pills-detection-dataset\images\train\VAIPE-test_TEST_VAIPE_P_47_13.jpg,3,train
data\public\pills-detection-dataset\images\train\VAIPE-test_TEST_VAIPE_P_47_14.jpg,3,train
data\public\pills-detection-dataset\images\train\VAIPE-test_TEST_VAIPE_P_47_15.jpg,3,train
data\public\pills-detection-dataset\images\train\VAIPE-test_TEST_VAIPE_P_47_16.jpg,3,train
data\public\pills-detection-dataset\images\train\VAIPE-test_TEST_VAIPE_P_47_17.jpg,6,train
data\public\pills-detection-dataset\images\train\VAIPE-test_TEST_VAIPE_P_47_19.jpg,6,train
data\public\pills-detection-dataset\images\train\VAIPE-test_TEST_VAIPE_P_47_2.jpg,3,train
data\public\pills-detection-dataset\images\train\VAIPE-test_TEST_VAIPE_P_47_3.jpg,3,train
data\public\pills-detection-dataset\images\train\VAIPE-test_TEST_VAIPE_P_47_4.jpg,3,train
data\public\pills-detection-dataset\images\train\VAIPE-test_TEST_VAIPE_P_47_5.jpg,3,train
data\public\pills-detection-dataset\images\train\VAIPE-test_TEST_VAIPE_P_47_6.jpg,3,train
data\public\pills-detection-dataset\images\train\VAIPE-test_TEST_VAIPE_P_47_7.jpg,3,train
data\public\pills-detection-dataset\images\train\VAIPE-test_TEST_VAIPE_P_47_9.jpg,3,train
data\public\pills-detection-dataset\images\train\VAIPE-test_TEST_VAIPE_P_48_0.jpg,3,train
data\public\pills-detection-dataset\images\train\VAIPE-test_TEST_VAIPE_P_48_1.jpg,4,train
data\public\pills-detection-dataset\images\train\VAIPE-test_TEST_VAIPE_P_49_0.jpg,4,train
data\public\pills-detection-dataset\images\train\VAIPE-test_TEST_VAIPE_P_49_1.jpg,4,train
data\public\pills-detection-dataset\images\train\VAIPE-test_TEST_VAIPE_P_49_10.jpg,4,train
data\public\pills-detection-dataset\images\train\VAIPE-test_TEST_VAIPE_P_49_11.jpg,4,train
data\public\pills-detection-dataset\images\train\VAIPE-test_TEST_VAIPE_P_49_13.jpg,4,train
data\public\pills-detection-dataset\images\train\VAIPE-test_TEST_VAIPE_P_49_14.jpg,4,train
data\public\pills-detection-dataset\images\train\VAIPE-test_TEST_VAIPE_P_49_15.jpg,4,train
data\public\pills-detection-dataset\images\train\VAIPE-test_TEST_VAIPE_P_49_16.jpg,4,train
data\public\pills-detection-dataset\images\train\VAIPE-test_TEST_VAIPE_P_49_17.jpg,4,train
data\public\pills-detection-dataset\images\train\VAIPE-test_TEST_VAIPE_P_49_18.jpg,4,train
data\public\pills-detection-dataset\images\train\VAIPE-test_TEST_VAIPE_P_49_19.jpg,4,train
data\public\pills-detection-dataset\images\train\VAIPE-test_TEST_VAIPE_P_49_3.jpg,4,train
data\public\pills-detection-dataset\images\train\VAIPE-test_TEST_VAIPE_P_49_4.jpg,4,train
data\public\pills-detection-dataset\images\train\VAIPE-test_TEST_VAIPE_P_49_5.jpg,4,train
data\public\pills-detection-dataset\images\train\VAIPE-test_TEST_VAIPE_P_49_6.jpg,4,train
data\public\pills-detection-dataset\images\train\VAIPE-test_TEST_VAIPE_P_49_7.jpg,4,train
data\public\pills-detection-dataset\images\train\VAIPE-test_TEST_VAIPE_P_49_8.jpg,4,train
data\public\pills-detection-dataset\images\train\VAIPE-test_TEST_VAIPE_P_49_9.jpg,4,train
data\public\pills-detection-dataset\images\train\VAIPE-test_TEST_VAIPE_P_4_1.jpg,5,train
data\public\pills-detection-dataset\images\train\VAIPE-test_TEST_VAIPE_P_50_0.jpg,4,train
data\public\pills-detection-dataset\images\train\VAIPE-test_TEST_VAIPE_P_50_1.jpg,4,train
data\public\pills-detection-dataset\images\train\VAIPE-test_TEST_VAIPE_P_51_0.jpg,3,train
data\public\pills-detection-dataset\images\train\VAIPE-test_TEST_VAIPE_P_51_1.jpg,1,train
data\public\pills-detection-dataset\images\train\VAIPE-test_TEST_VAIPE_P_51_2.jpg,3,train
data\public\pills-detection-dataset\images\train\VAIPE-test_TEST_VAIPE_P_51_3.jpg,2,train
data\public\pills-detection-dataset\images\train\VAIPE-test_TEST_VAIPE_P_51_5.jpg,1,train
data\public\pills-detection-dataset\images\train\VAIPE-test_TEST_VAIPE_P_51_6.jpg,3,train
data\public\pills-detection-dataset\images\train\VAIPE-test_TEST_VAIPE_P_51_7.jpg,2,train
data\public\pills-detection-dataset\images\train\VAIPE-test_TEST_VAIPE_P_51_8.jpg,2,train
data\public\pills-detection-dataset\images\train\VAIPE-test_TEST_VAIPE_P_51_9.jpg,3,train
data\public\pills-detection-dataset\images\train\VAIPE-test_TEST_VAIPE_P_52_0.jpg,5,train
data\public\pills-detection-dataset\images\train\VAIPE-test_TEST_VAIPE_P_52_1.jpg,5,train
data\public\pills-detection-dataset\images\train\VAIPE-test_TEST_VAIPE_P_52_3.jpg,4,train
data\public\pills-detection-dataset\images\train\VAIPE-test_TEST_VAIPE_P_53_0.jpg,1,train
data\public\pills-detection-dataset\images\train\VAIPE-test_TEST_VAIPE_P_53_1.jpg,1,train
data\public\pills-detection-dataset\images\train\VAIPE-test_TEST_VAIPE_P_53_2.jpg,5,train
data\public\pills-detection-dataset\images\train\VAIPE-test_TEST_VAIPE_P_53_3.jpg,6,train
data\public\pills-detection-dataset\images\train\VAIPE-test_TEST_VAIPE_P_54_0.jpg,2,train
data\public\pills-detection-dataset\images\train\VAIPE-test_TEST_VAIPE_P_54_1.jpg,2,train
data\public\pills-detection-dataset\images\train\VAIPE-test_TEST_VAIPE_P_54_3.jpg,2,train
data\public\pills-detection-dataset\images\train\VAIPE-test_TEST_VAIPE_P_54_4.jpg,2,train
data\public\pills-detection-dataset\images\train\VAIPE-test_TEST_VAIPE_P_54_5.jpg,2,train
data\public\pills-detection-dataset\images\train\VAIPE-test_TEST_VAIPE_P_54_6.jpg,2,train
data\public\pills-detection-dataset\images\train\VAIPE-test_TEST_VAIPE_P_54_7.jpg,3,train
data\public\pills-detection-dataset\images\train\VAIPE-test_TEST_VAIPE_P_54_8.jpg,4,train
data\public\pills-detection-dataset\images\train\VAIPE-test_TEST_VAIPE_P_54_9.jpg,5,train
data\public\pills-detection-dataset\images\train\VAIPE-test_TEST_VAIPE_P_55_1.jpg,2,train
data\public\pills-detection-dataset\images\train\VAIPE-test_TEST_VAIPE_P_55_2.jpg,1,train
data\public\pills-detection-dataset\images\train\VAIPE-test_TEST_VAIPE_P_55_3.jpg,1,train
data\public\pills-detection-dataset\images\train\VAIPE-test_TEST_VAIPE_P_55_4.jpg,6,train
data\public\pills-detection-dataset\images\train\VAIPE-test_TEST_VAIPE_P_55_5.jpg,5,train
data\public\pills-detection-dataset\images\train\VAIPE-test_TEST_VAIPE_P_56_0.jpg,2,train
data\public\pills-detection-dataset\images\train\VAIPE-test_TEST_VAIPE_P_56_1.jpg,2,train
data\public\pills-detection-dataset\images\train\VAIPE-test_TEST_VAIPE_P_56_11.jpg,3,train
data\public\pills-detection-dataset\images\train\VAIPE-test_TEST_VAIPE_P_56_2.jpg,2,train
data\public\pills-detection-dataset\images\train\VAIPE-test_TEST_VAIPE_P_56_3.jpg,2,train
data\public\pills-detection-dataset\images\train\VAIPE-test_TEST_VAIPE_P_56_4.jpg,3,train
data\public\pills-detection-dataset\images\train\VAIPE-test_TEST_VAIPE_P_56_5.jpg,2,train
data\public\pills-detection-dataset\images\train\VAIPE-test_TEST_VAIPE_P_56_6.jpg,2,train
data\public\pills-detection-dataset\images\train\VAIPE-test_TEST_VAIPE_P_56_7.jpg,2,train
data\public\pills-detection-dataset\images\train\VAIPE-test_TEST_VAIPE_P_56_9.jpg,3,train
data\public\pills-detection-dataset\images\train\VAIPE-test_TEST_VAIPE_P_57_0.jpg,3,train
data\public\pills-detection-dataset\images\train\VAIPE-test_TEST_VAIPE_P_57_1.jpg,1,train
data\public\pills-detection-dataset\images\train\VAIPE-test_TEST_VAIPE_P_57_10.jpg,1,train
data\public\pills-detection-dataset\images\train\VAIPE-test_TEST_VAIPE_P_57_11.jpg,3,train
data\public\pills-detection-dataset\images\train\VAIPE-test_TEST_VAIPE_P_57_12.jpg,1,train
data\public\pills-detection-dataset\images\train\VAIPE-test_TEST_VAIPE_P_57_13.jpg,3,train
data\public\pills-detection-dataset\images\train\VAIPE-test_TEST_VAIPE_P_57_15.jpg,1,train
data\public\pills-detection-dataset\images\train\VAIPE-test_TEST_VAIPE_P_57_16.jpg,3,train
data\public\pills-detection-dataset\images\train\VAIPE-test_TEST_VAIPE_P_57_17.jpg,1,train
data\public\pills-detection-dataset\images\train\VAIPE-test_TEST_VAIPE_P_57_18.jpg,6,train
data\public\pills-detection-dataset\images\train\VAIPE-test_TEST_VAIPE_P_57_2.jpg,1,train
data\public\pills-detection-dataset\images\train\VAIPE-test_TEST_VAIPE_P_57_3.jpg,1,train
data\public\pills-detection-dataset\images\train\VAIPE-test_TEST_VAIPE_P_57_4.jpg,1,train
data\public\pills-detection-dataset\images\train\VAIPE-test_TEST_VAIPE_P_57_6.jpg,3,train
data\public\pills-detection-dataset\images\train\VAIPE-test_TEST_VAIPE_P_57_7.jpg,1,train
data\public\pills-detection-dataset\images\train\VAIPE-test_TEST_VAIPE_P_57_8.jpg,3,train
data\public\pills-detection-dataset\images\train\VAIPE-test_TEST_VAIPE_P_57_9.jpg,1,train
data\public\pills-detection-dataset\images\train\VAIPE-test_TEST_VAIPE_P_58_0.jpg,3,train
data\public\pills-detection-dataset\images\train\VAIPE-test_TEST_VAIPE_P_59_0.jpg,1,train
data\public\pills-detection-dataset\images\train\VAIPE-test_TEST_VAIPE_P_59_1.jpg,1,train
data\public\pills-detection-dataset\images\train\VAIPE-test_TEST_VAIPE_P_59_11.jpg,1,train
data\public\pills-detection-dataset\images\train\VAIPE-test_TEST_VAIPE_P_59_12.jpg,1,train
data\public\pills-detection-dataset\images\train\VAIPE-test_TEST_VAIPE_P_59_13.jpg,1,train
data\public\pills-detection-dataset\images\train\VAIPE-test_TEST_VAIPE_P_59_14.jpg,1,train
data\public\pills-detection-dataset\images\train\VAIPE-test_TEST_VAIPE_P_59_15.jpg,1,train
data\public\pills-detection-dataset\images\train\VAIPE-test_TEST_VAIPE_P_59_16.jpg,1,train
data\public\pills-detection-dataset\images\train\VAIPE-test_TEST_VAIPE_P_59_17.jpg,1,train
data\public\pills-detection-dataset\images\train\VAIPE-test_TEST_VAIPE_P_59_19.jpg,1,train
data\public\pills-detection-dataset\images\train\VAIPE-test_TEST_VAIPE_P_59_2.jpg,1,train
data\public\pills-detection-dataset\images\train\VAIPE-test_TEST_VAIPE_P_59_20.jpg,1,train
data\public\pills-detection-dataset\images\train\VAIPE-test_TEST_VAIPE_P_59_21.jpg,1,train
data\public\pills-detection-dataset\images\train\VAIPE-test_TEST_VAIPE_P_59_22.jpg,1,train
data\public\pills-detection-dataset\images\train\VAIPE-test_TEST_VAIPE_P_59_23.jpg,1,train
data\public\pills-detection-dataset\images\train\VAIPE-test_TEST_VAIPE_P_59_24.jpg,1,train
data\public\pills-detection-dataset\images\train\VAIPE-test_TEST_VAIPE_P_59_26.jpg,1,train
data\public\pills-detection-dataset\images\train\VAIPE-test_TEST_VAIPE_P_59_27.jpg,1,train
data\public\pills-detection-dataset\images\train\VAIPE-test_TEST_VAIPE_P_59_28.jpg,1,train
data\public\pills-detection-dataset\images\train\VAIPE-test_TEST_VAIPE_P_59_29.jpg,1,train
data\public\pills-detection-dataset\images\train\VAIPE-test_TEST_VAIPE_P_59_3.jpg,1,train
data\public\pills-detection-dataset\images\train\VAIPE-test_TEST_VAIPE_P_59_30.jpg,1,train
data\public\pills-detection-dataset\images\train\VAIPE-test_TEST_VAIPE_P_59_31.jpg,1,train
data\public\pills-detection-dataset\images\train\VAIPE-test_TEST_VAIPE_P_59_33.jpg,1,train
data\public\pills-detection-dataset\images\train\VAIPE-test_TEST_VAIPE_P_59_34.jpg,1,train
data\public\pills-detection-dataset\images\train\VAIPE-test_TEST_VAIPE_P_59_35.jpg,1,train
data\public\pills-detection-dataset\images\train\VAIPE-test_TEST_VAIPE_P_59_36.jpg,1,train
data\public\pills-detection-dataset\images\train\VAIPE-test_TEST_VAIPE_P_59_37.jpg,1,train
data\public\pills-detection-dataset\images\train\VAIPE-test_TEST_VAIPE_P_59_38.jpg,1,train
data\public\pills-detection-dataset\images\train\VAIPE-test_TEST_VAIPE_P_59_39.jpg,1,train
data\public\pills-detection-dataset\images\train\VAIPE-test_TEST_VAIPE_P_59_40.jpg,1,train
data\public\pills-detection-dataset\images\train\VAIPE-test_TEST_VAIPE_P_59_41.jpg,1,train
data\public\pills-detection-dataset\images\train\VAIPE-test_TEST_VAIPE_P_59_42.jpg,1,train
data\public\pills-detection-dataset\images\train\VAIPE-test_TEST_VAIPE_P_59_43.jpg,1,train
data\public\pills-detection-dataset\images\train\VAIPE-test_TEST_VAIPE_P_59_44.jpg,1,train
data\public\pills-detection-dataset\images\train\VAIPE-test_TEST_VAIPE_P_59_45.jpg,1,train
data\public\pills-detection-dataset\images\train\VAIPE-test_TEST_VAIPE_P_59_46.jpg,1,train
data\public\pills-detection-dataset\images\train\VAIPE-test_TEST_VAIPE_P_59_48.jpg,1,train
data\public\pills-detection-dataset\images\train\VAIPE-test_TEST_VAIPE_P_59_49.jpg,1,train
data\public\pills-detection-dataset\images\train\VAIPE-test_TEST_VAIPE_P_59_5.jpg,1,train
data\public\pills-detection-dataset\images\train\VAIPE-test_TEST_VAIPE_P_59_50.jpg,1,train
data\public\pills-detection-dataset\images\train\VAIPE-test_TEST_VAIPE_P_59_51.jpg,1,train
data\public\pills-detection-dataset\images\train\VAIPE-test_TEST_VAIPE_P_59_52.jpg,1,train
data\public\pills-detection-dataset\images\train\VAIPE-test_TEST_VAIPE_P_59_53.jpg,1,train
data\public\pills-detection-dataset\images\train\VAIPE-test_TEST_VAIPE_P_59_55.jpg,1,train
data\public\pills-detection-dataset\images\train\VAIPE-test_TEST_VAIPE_P_59_56.jpg,1,train
data\public\pills-detection-dataset\images\train\VAIPE-test_TEST_VAIPE_P_59_57.jpg,1,train
data\public\pills-detection-dataset\images\train\VAIPE-test_TEST_VAIPE_P_59_58.jpg,1,train
data\public\pills-detection-dataset\images\train\VAIPE-test_TEST_VAIPE_P_59_59.jpg,1,train
data\public\pills-detection-dataset\images\train\VAIPE-test_TEST_VAIPE_P_59_6.jpg,1,train
data\public\pills-detection-dataset\images\train\VAIPE-test_TEST_VAIPE_P_59_60.jpg,4,train
data\public\pills-detection-dataset\images\train\VAIPE-test_TEST_VAIPE_P_59_8.jpg,1,train
data\public\pills-detection-dataset\images\train\VAIPE-test_TEST_VAIPE_P_59_9.jpg,1,train
data\public\pills-detection-dataset\images\train\VAIPE-test_TEST_VAIPE_P_5_0.jpg,1,train
data\public\pills-detection-dataset\images\train\VAIPE-test_TEST_VAIPE_P_5_1.jpg,1,train
data\public\pills-detection-dataset\images\train\VAIPE-test_TEST_VAIPE_P_5_10.jpg,3,train
data\public\pills-detection-dataset\images\train\VAIPE-test_TEST_VAIPE_P_5_11.jpg,6,train
data\public\pills-detection-dataset\images\train\VAIPE-test_TEST_VAIPE_P_5_2.jpg,1,train
data\public\pills-detection-dataset\images\train\VAIPE-test_TEST_VAIPE_P_5_4.jpg,1,train
data\public\pills-detection-dataset\images\train\VAIPE-test_TEST_VAIPE_P_5_5.jpg,1,train
data\public\pills-detection-dataset\images\train\VAIPE-test_TEST_VAIPE_P_5_6.jpg,1,train
data\public\pills-detection-dataset\images\train\VAIPE-test_TEST_VAIPE_P_5_7.jpg,1,train
data\public\pills-detection-dataset\images\train\VAIPE-test_TEST_VAIPE_P_5_8.jpg,1,train
data\public\pills-detection-dataset\images\train\VAIPE-test_TEST_VAIPE_P_5_9.jpg,4,train
data\public\pills-detection-dataset\images\train\VAIPE-test_TEST_VAIPE_P_60_0.jpg,5,train
data\public\pills-detection-dataset\images\train\VAIPE-test_TEST_VAIPE_P_60_2.jpg,5,train
data\public\pills-detection-dataset\images\train\VAIPE-test_TEST_VAIPE_P_60_3.jpg,5,train
data\public\pills-detection-dataset\images\train\VAIPE-test_TEST_VAIPE_P_60_4.jpg,6,train
data\public\pills-detection-dataset\images\train\VAIPE-test_TEST_VAIPE_P_61_0.jpg,1,train
data\public\pills-detection-dataset\images\train\VAIPE-test_TEST_VAIPE_P_61_1.jpg,2,train
data\public\pills-detection-dataset\images\train\VAIPE-test_TEST_VAIPE_P_61_10.jpg,2,train
data\public\pills-detection-dataset\images\train\VAIPE-test_TEST_VAIPE_P_61_11.jpg,1,train
data\public\pills-detection-dataset\images\train\VAIPE-test_TEST_VAIPE_P_61_13.jpg,2,train
data\public\pills-detection-dataset\images\train\VAIPE-test_TEST_VAIPE_P_61_14.jpg,1,train
data\public\pills-detection-dataset\images\train\VAIPE-test_TEST_VAIPE_P_61_15.jpg,1,train
data\public\pills-detection-dataset\images\train\VAIPE-test_TEST_VAIPE_P_61_16.jpg,2,train
data\public\pills-detection-dataset\images\train\VAIPE-test_TEST_VAIPE_P_61_17.jpg,1,train
data\public\pills-detection-dataset\images\train\VAIPE-test_TEST_VAIPE_P_61_18.jpg,1,train
data\public\pills-detection-dataset\images\train\VAIPE-test_TEST_VAIPE_P_61_19.jpg,1,train
data\public\pills-detection-dataset\images\train\VAIPE-test_TEST_VAIPE_P_61_20.jpg,6,train
data\public\pills-detection-dataset\images\train\VAIPE-test_TEST_VAIPE_P_61_21.jpg,6,train
data\public\pills-detection-dataset\images\train\VAIPE-test_TEST_VAIPE_P_61_22.jpg,5,train
data\public\pills-detection-dataset\images\train\VAIPE-test_TEST_VAIPE_P_61_3.jpg,1,train
data\public\pills-detection-dataset\images\train\VAIPE-test_TEST_VAIPE_P_61_4.jpg,2,train
data\public\pills-detection-dataset\images\train\VAIPE-test_TEST_VAIPE_P_61_5.jpg,1,train
data\public\pills-detection-dataset\images\train\VAIPE-test_TEST_VAIPE_P_61_6.jpg,2,train
data\public\pills-detection-dataset\images\train\VAIPE-test_TEST_VAIPE_P_61_8.jpg,2,train
data\public\pills-detection-dataset\images\train\VAIPE-test_TEST_VAIPE_P_61_9.jpg,1,train
data\public\pills-detection-dataset\images\train\VAIPE-test_TEST_VAIPE_P_62_0.jpg,2,train
data\public\pills-detection-dataset\images\train\VAIPE-test_TEST_VAIPE_P_62_1.jpg,6,train
data\public\pills-detection-dataset\images\train\VAIPE-test_TEST_VAIPE_P_63_0.jpg,1,train
data\public\pills-detection-dataset\images\train\VAIPE-test_TEST_VAIPE_P_63_1.jpg,4,train
data\public\pills-detection-dataset\images\train\VAIPE-test_TEST_VAIPE_P_63_2.jpg,5,train
data\public\pills-detection-dataset\images\train\VAIPE-test_TEST_VAIPE_P_64_1.jpg,2,train
data\public\pills-detection-dataset\images\train\VAIPE-test_TEST_VAIPE_P_64_10.jpg,5,train
data\public\pills-detection-dataset\images\train\VAIPE-test_TEST_VAIPE_P_64_11.jpg,4,train
data\public\pills-detection-dataset\images\train\VAIPE-test_TEST_VAIPE_P_64_2.jpg,1,train
data\public\pills-detection-dataset\images\train\VAIPE-test_TEST_VAIPE_P_64_3.jpg,2,train
data\public\pills-detection-dataset\images\train\VAIPE-test_TEST_VAIPE_P_64_4.jpg,1,train
data\public\pills-detection-dataset\images\train\VAIPE-test_TEST_VAIPE_P_64_5.jpg,3,train
data\public\pills-detection-dataset\images\train\VAIPE-test_TEST_VAIPE_P_64_7.jpg,2,train
data\public\pills-detection-dataset\images\train\VAIPE-test_TEST_VAIPE_P_64_8.jpg,2,train
data\public\pills-detection-dataset\images\train\VAIPE-test_TEST_VAIPE_P_64_9.jpg,4,train
data\public\pills-detection-dataset\images\train\VAIPE-test_TEST_VAIPE_P_65_0.jpg,5,train
data\public\pills-detection-dataset\images\train\VAIPE-test_TEST_VAIPE_P_65_1.jpg,5,train
data\public\pills-detection-dataset\images\train\VAIPE-test_TEST_VAIPE_P_65_2.jpg,5,train
data\public\pills-detection-dataset\images\train\VAIPE-test_TEST_VAIPE_P_65_3.jpg,5,train
data\public\pills-detection-dataset\images\train\VAIPE-test_TEST_VAIPE_P_66_0.jpg,1,train
data\public\pills-detection-dataset\images\train\VAIPE-test_TEST_VAIPE_P_66_1.jpg,2,train
data\public\pills-detection-dataset\images\train\VAIPE-test_TEST_VAIPE_P_66_10.jpg,2,train
data\public\pills-detection-dataset\images\train\VAIPE-test_TEST_VAIPE_P_66_11.jpg,1,train
data\public\pills-detection-dataset\images\train\VAIPE-test_TEST_VAIPE_P_66_12.jpg,2,train
data\public\pills-detection-dataset\images\train\VAIPE-test_TEST_VAIPE_P_66_2.jpg,1,train
data\public\pills-detection-dataset\images\train\VAIPE-test_TEST_VAIPE_P_66_3.jpg,2,train
data\public\pills-detection-dataset\images\train\VAIPE-test_TEST_VAIPE_P_66_5.jpg,2,train
data\public\pills-detection-dataset\images\train\VAIPE-test_TEST_VAIPE_P_66_6.jpg,1,train
data\public\pills-detection-dataset\images\train\VAIPE-test_TEST_VAIPE_P_66_7.jpg,2,train
data\public\pills-detection-dataset\images\train\VAIPE-test_TEST_VAIPE_P_66_8.jpg,2,train
data\public\pills-detection-dataset\images\train\VAIPE-test_TEST_VAIPE_P_66_9.jpg,2,train
data\public\pills-detection-dataset\images\train\VAIPE-test_TEST_VAIPE_P_67_0.jpg,5,train
data\public\pills-detection-dataset\images\train\VAIPE-test_TEST_VAIPE_P_67_1.jpg,2,train
data\public\pills-detection-dataset\images\train\VAIPE-test_TEST_VAIPE_P_67_11.jpg,5,train
data\public\pills-detection-dataset\images\train\VAIPE-test_TEST_VAIPE_P_67_12.jpg,4,train
data\public\pills-detection-dataset\images\train\VAIPE-test_TEST_VAIPE_P_67_2.jpg,2,train
data\public\pills-detection-dataset\images\train\VAIPE-test_TEST_VAIPE_P_67_3.jpg,2,train
data\public\pills-detection-dataset\images\train\VAIPE-test_TEST_VAIPE_P_67_4.jpg,5,train
data\public\pills-detection-dataset\images\train\VAIPE-test_TEST_VAIPE_P_67_5.jpg,2,train
data\public\pills-detection-dataset\images\train\VAIPE-test_TEST_VAIPE_P_67_6.jpg,5,train
data\public\pills-detection-dataset\images\train\VAIPE-test_TEST_VAIPE_P_67_8.jpg,5,train
data\public\pills-detection-dataset\images\train\VAIPE-test_TEST_VAIPE_P_67_9.jpg,5,train
data\public\pills-detection-dataset\images\train\VAIPE-test_TEST_VAIPE_P_68_0.jpg,1,train
data\public\pills-detection-dataset\images\train\VAIPE-test_TEST_VAIPE_P_68_1.jpg,5,train
data\public\pills-detection-dataset\images\train\VAIPE-test_TEST_VAIPE_P_68_2.jpg,6,train
data\public\pills-detection-dataset\images\train\VAIPE-test_TEST_VAIPE_P_68_3.jpg,6,train
data\public\pills-detection-dataset\images\train\VAIPE-test_TEST_VAIPE_P_69_0.jpg,3,train
data\public\pills-detection-dataset\images\train\VAIPE-test_TEST_VAIPE_P_69_2.jpg,3,train
data\public\pills-detection-dataset\images\train\VAIPE-test_TEST_VAIPE_P_69_3.jpg,3,train
data\public\pills-detection-dataset\images\train\VAIPE-test_TEST_VAIPE_P_69_4.jpg,3,train
data\public\pills-detection-dataset\images\train\VAIPE-test_TEST_VAIPE_P_69_5.jpg,3,train
data\public\pills-detection-dataset\images\train\VAIPE-test_TEST_VAIPE_P_69_6.jpg,3,train
data\public\pills-detection-dataset\images\train\VAIPE-test_TEST_VAIPE_P_69_7.jpg,3,train
data\public\pills-detection-dataset\images\train\VAIPE-test_TEST_VAIPE_P_69_8.jpg,4,train
data\public\pills-detection-dataset\images\train\VAIPE-test_TEST_VAIPE_P_6_1.jpg,4,train
data\public\pills-detection-dataset\images\train\VAIPE-test_TEST_VAIPE_P_6_2.jpg,4,train
data\public\pills-detection-dataset\images\train\VAIPE-test_TEST_VAIPE_P_6_3.jpg,3,train
data\public\pills-detection-dataset\images\train\VAIPE-test_TEST_VAIPE_P_70_0.jpg,2,train
data\public\pills-detection-dataset\images\train\VAIPE-test_TEST_VAIPE_P_70_1.jpg,5,train
data\public\pills-detection-dataset\images\train\VAIPE-test_TEST_VAIPE_P_70_2.jpg,6,train
data\public\pills-detection-dataset\images\train\VAIPE-test_TEST_VAIPE_P_71_0.jpg,1,train
data\public\pills-detection-dataset\images\train\VAIPE-test_TEST_VAIPE_P_71_2.jpg,5,train
data\public\pills-detection-dataset\images\train\VAIPE-test_TEST_VAIPE_P_72_0.jpg,2,train
data\public\pills-detection-dataset\images\train\VAIPE-test_TEST_VAIPE_P_72_1.jpg,3,train
data\public\pills-detection-dataset\images\train\VAIPE-test_TEST_VAIPE_P_72_2.jpg,2,train
data\public\pills-detection-dataset\images\train\VAIPE-test_TEST_VAIPE_P_72_3.jpg,2,train
data\public\pills-detection-dataset\images\train\VAIPE-test_TEST_VAIPE_P_72_4.jpg,3,train
data\public\pills-detection-dataset\images\train\VAIPE-test_TEST_VAIPE_P_72_5.jpg,4,train
data\public\pills-detection-dataset\images\train\VAIPE-test_TEST_VAIPE_P_73_0.jpg,2,train
data\public\pills-detection-dataset\images\train\VAIPE-test_TEST_VAIPE_P_73_1.jpg,2,train
data\public\pills-detection-dataset\images\train\VAIPE-test_TEST_VAIPE_P_73_10.jpg,1,train
data\public\pills-detection-dataset\images\train\VAIPE-test_TEST_VAIPE_P_73_11.jpg,2,train
data\public\pills-detection-dataset\images\train\VAIPE-test_TEST_VAIPE_P_73_12.jpg,1,train
data\public\pills-detection-dataset\images\train\VAIPE-test_TEST_VAIPE_P_73_13.jpg,1,train
data\public\pills-detection-dataset\images\train\VAIPE-test_TEST_VAIPE_P_73_14.jpg,2,train
data\public\pills-detection-dataset\images\train\VAIPE-test_TEST_VAIPE_P_73_16.jpg,1,train
data\public\pills-detection-dataset\images\train\VAIPE-test_TEST_VAIPE_P_73_17.jpg,1,train
data\public\pills-detection-dataset\images\train\VAIPE-test_TEST_VAIPE_P_73_18.jpg,2,train
data\public\pills-detection-dataset\images\train\VAIPE-test_TEST_VAIPE_P_73_19.jpg,1,train
data\public\pills-detection-dataset\images\train\VAIPE-test_TEST_VAIPE_P_73_2.jpg,1,train
data\public\pills-detection-dataset\images\train\VAIPE-test_TEST_VAIPE_P_73_20.jpg,6,train
data\public\pills-detection-dataset\images\train\VAIPE-test_TEST_VAIPE_P_73_21.jpg,5,train
data\public\pills-detection-dataset\images\train\VAIPE-test_TEST_VAIPE_P_73_3.jpg,2,train
data\public\pills-detection-dataset\images\train\VAIPE-test_TEST_VAIPE_P_73_4.jpg,2,train
data\public\pills-detection-dataset\images\train\VAIPE-test_TEST_VAIPE_P_73_5.jpg,1,train
data\public\pills-detection-dataset\images\train\VAIPE-test_TEST_VAIPE_P_73_6.jpg,1,train
data\public\pills-detection-dataset\images\train\VAIPE-test_TEST_VAIPE_P_73_7.jpg,2,train
data\public\pills-detection-dataset\images\train\VAIPE-test_TEST_VAIPE_P_73_8.jpg,2,train
data\public\pills-detection-dataset\images\train\VAIPE-test_TEST_VAIPE_P_73_9.jpg,1,train
data\public\pills-detection-dataset\images\train\VAIPE-test_TEST_VAIPE_P_74_1.jpg,5,train
data\public\pills-detection-dataset\images\train\VAIPE-test_TEST_VAIPE_P_75_0.jpg,3,train
data\public\pills-detection-dataset\images\train\VAIPE-test_TEST_VAIPE_P_75_1.jpg,3,train
data\public\pills-detection-dataset\images\train\VAIPE-test_TEST_VAIPE_P_75_2.jpg,6,train
data\public\pills-detection-dataset\images\train\VAIPE-test_TEST_VAIPE_P_75_3.jpg,5,train
data\public\pills-detection-dataset\images\train\VAIPE-test_TEST_VAIPE_P_75_4.jpg,6,train
data\public\pills-detection-dataset\images\train\VAIPE-test_TEST_VAIPE_P_76_0.jpg,4,train
data\public\pills-detection-dataset\images\train\VAIPE-test_TEST_VAIPE_P_76_2.jpg,4,train
data\public\pills-detection-dataset\images\train\VAIPE-test_TEST_VAIPE_P_76_3.jpg,4,train
data\public\pills-detection-dataset\images\train\VAIPE-test_TEST_VAIPE_P_76_4.jpg,4,train
data\public\pills-detection-dataset\images\train\VAIPE-test_TEST_VAIPE_P_76_5.jpg,4,train
data\public\pills-detection-dataset\images\train\VAIPE-test_TEST_VAIPE_P_76_6.jpg,4,train
data\public\pills-detection-dataset\images\train\VAIPE-test_TEST_VAIPE_P_76_7.jpg,4,train
data\public\pills-detection-dataset\images\train\VAIPE-test_TEST_VAIPE_P_76_8.jpg,6,train
data\public\pills-detection-dataset\images\train\VAIPE-test_TEST_VAIPE_P_77_1.jpg,2,train
data\public\pills-detection-dataset\images\train\VAIPE-test_TEST_VAIPE_P_77_2.jpg,5,train
data\public\pills-detection-dataset\images\train\VAIPE-test_TEST_VAIPE_P_77_3.jpg,4,train
data\public\pills-detection-dataset\images\train\VAIPE-test_TEST_VAIPE_P_77_4.jpg,6,train
data\public\pills-detection-dataset\images\train\VAIPE-test_TEST_VAIPE_P_78_0.jpg,3,train
data\public\pills-detection-dataset\images\train\VAIPE-test_TEST_VAIPE_P_78_1.jpg,5,train
data\public\pills-detection-dataset\images\train\VAIPE-test_TEST_VAIPE_P_78_2.jpg,6,train
data\public\pills-detection-dataset\images\train\VAIPE-test_TEST_VAIPE_P_79_1.jpg,2,train
data\public\pills-detection-dataset\images\train\VAIPE-test_TEST_VAIPE_P_7_0.jpg,1,train
data\public\pills-detection-dataset\images\train\VAIPE-test_TEST_VAIPE_P_7_1.jpg,1,train
data\public\pills-detection-dataset\images\train\VAIPE-test_TEST_VAIPE_P_7_10.jpg,1,train
data\public\pills-detection-dataset\images\train\VAIPE-test_TEST_VAIPE_P_7_11.jpg,1,train
data\public\pills-detection-dataset\images\train\VAIPE-test_TEST_VAIPE_P_7_12.jpg,6,train
data\public\pills-detection-dataset\images\train\VAIPE-test_TEST_VAIPE_P_7_13.jpg,4,train
data\public\pills-detection-dataset\images\train\VAIPE-test_TEST_VAIPE_P_7_3.jpg,1,train
data\public\pills-detection-dataset\images\train\VAIPE-test_TEST_VAIPE_P_7_4.jpg,1,train
data\public\pills-detection-dataset\images\train\VAIPE-test_TEST_VAIPE_P_7_5.jpg,1,train
data\public\pills-detection-dataset\images\train\VAIPE-test_TEST_VAIPE_P_7_6.jpg,1,train
data\public\pills-detection-dataset\images\train\VAIPE-test_TEST_VAIPE_P_7_7.jpg,1,train
data\public\pills-detection-dataset\images\train\VAIPE-test_TEST_VAIPE_P_7_8.jpg,1,train
data\public\pills-detection-dataset\images\train\VAIPE-test_TEST_VAIPE_P_7_9.jpg,1,train
data\public\pills-detection-dataset\images\train\VAIPE-test_TEST_VAIPE_P_80_1.jpg,3,train
data\public\pills-detection-dataset\images\train\VAIPE-test_TEST_VAIPE_P_81_0.jpg,3,train
data\public\pills-detection-dataset\images\train\VAIPE-test_TEST_VAIPE_P_81_1.jpg,3,train
data\public\pills-detection-dataset\images\train\VAIPE-test_TEST_VAIPE_P_81_2.jpg,3,train
data\public\pills-detection-dataset\images\train\VAIPE-test_TEST_VAIPE_P_81_3.jpg,4,train
data\public\pills-detection-dataset\images\train\VAIPE-test_TEST_VAIPE_P_81_4.jpg,4,train
data\public\pills-detection-dataset\images\train\VAIPE-test_TEST_VAIPE_P_82_0.jpg,1,train
data\public\pills-detection-dataset\images\train\VAIPE-test_TEST_VAIPE_P_82_2.jpg,6,train
data\public\pills-detection-dataset\images\train\VAIPE-test_TEST_VAIPE_P_83_0.jpg,1,train
data\public\pills-detection-dataset\images\train\VAIPE-test_TEST_VAIPE_P_84_0.jpg,3,train
data\public\pills-detection-dataset\images\train\VAIPE-test_TEST_VAIPE_P_84_1.jpg,3,train
data\public\pills-detection-dataset\images\train\VAIPE-test_TEST_VAIPE_P_84_2.jpg,3,train
data\public\pills-detection-dataset\images\train\VAIPE-test_TEST_VAIPE_P_84_3.jpg,3,train
data\public\pills-detection-dataset\images\train\VAIPE-test_TEST_VAIPE_P_84_4.jpg,5,train
data\public\pills-detection-dataset\images\train\VAIPE-test_TEST_VAIPE_P_85_1.jpg,3,train
data\public\pills-detection-dataset\images\train\VAIPE-test_TEST_VAIPE_P_85_10.jpg,3,train
data\public\pills-detection-dataset\images\train\VAIPE-test_TEST_VAIPE_P_85_11.jpg,3,train
data\public\pills-detection-dataset\images\train\VAIPE-test_TEST_VAIPE_P_85_12.jpg,4,train
data\public\pills-detection-dataset\images\train\VAIPE-test_TEST_VAIPE_P_85_13.jpg,4,train
data\public\pills-detection-dataset\images\train\VAIPE-test_TEST_VAIPE_P_85_14.jpg,5,train
data\public\pills-detection-dataset\images\train\VAIPE-test_TEST_VAIPE_P_85_2.jpg,3,train
data\public\pills-detection-dataset\images\train\VAIPE-test_TEST_VAIPE_P_85_4.jpg,3,train
data\public\pills-detection-dataset\images\train\VAIPE-test_TEST_VAIPE_P_85_5.jpg,3,train
data\public\pills-detection-dataset\images\train\VAIPE-test_TEST_VAIPE_P_85_6.jpg,3,train
data\public\pills-detection-dataset\images\train\VAIPE-test_TEST_VAIPE_P_85_7.jpg,3,train
data\public\pills-detection-dataset\images\train\VAIPE-test_TEST_VAIPE_P_85_8.jpg,3,train
data\public\pills-detection-dataset\images\train\VAIPE-test_TEST_VAIPE_P_85_9.jpg,3,train
data\public\pills-detection-dataset\images\train\VAIPE-test_TEST_VAIPE_P_86_0.jpg,6,train
data\public\pills-detection-dataset\images\train\VAIPE-test_TEST_VAIPE_P_86_2.jpg,6,train
data\public\pills-detection-dataset\images\train\VAIPE-test_TEST_VAIPE_P_86_3.jpg,6,train
data\public\pills-detection-dataset\images\train\VAIPE-test_TEST_VAIPE_P_86_4.jpg,6,train
data\public\pills-detection-dataset\images\train\VAIPE-test_TEST_VAIPE_P_86_5.jpg,6,train
data\public\pills-detection-dataset\images\train\VAIPE-test_TEST_VAIPE_P_86_6.jpg,6,train
data\public\pills-detection-dataset\images\train\VAIPE-test_TEST_VAIPE_P_86_7.jpg,6,train
data\public\pills-detection-dataset\images\train\VAIPE-test_TEST_VAIPE_P_86_8.jpg,5,train
data\public\pills-detection-dataset\images\train\VAIPE-test_TEST_VAIPE_P_87_1.jpg,5,train
data\public\pills-detection-dataset\images\train\VAIPE-test_TEST_VAIPE_P_87_2.jpg,4,train
data\public\pills-detection-dataset\images\train\VAIPE-test_TEST_VAIPE_P_88_0.jpg,3,train
data\public\pills-detection-dataset\images\train\VAIPE-test_TEST_VAIPE_P_88_1.jpg,3,train
data\public\pills-detection-dataset\images\train\VAIPE-test_TEST_VAIPE_P_88_2.jpg,3,train
data\public\pills-detection-dataset\images\train\VAIPE-test_TEST_VAIPE_P_88_3.jpg,3,train
data\public\pills-detection-dataset\images\train\VAIPE-test_TEST_VAIPE_P_89_0.jpg,3,train
data\public\pills-detection-dataset\images\train\VAIPE-test_TEST_VAIPE_P_89_10.jpg,3,train
data\public\pills-detection-dataset\images\train\VAIPE-test_TEST_VAIPE_P_89_11.jpg,3,train
data\public\pills-detection-dataset\images\train\VAIPE-test_TEST_VAIPE_P_89_12.jpg,2,train
data\public\pills-detection-dataset\images\train\VAIPE-test_TEST_VAIPE_P_89_13.jpg,3,train
data\public\pills-detection-dataset\images\train\VAIPE-test_TEST_VAIPE_P_89_14.jpg,6,train
data\public\pills-detection-dataset\images\train\VAIPE-test_TEST_VAIPE_P_89_2.jpg,2,train
data\public\pills-detection-dataset\images\train\VAIPE-test_TEST_VAIPE_P_89_3.jpg,2,train
data\public\pills-detection-dataset\images\train\VAIPE-test_TEST_VAIPE_P_89_5.jpg,3,train
data\public\pills-detection-dataset\images\train\VAIPE-test_TEST_VAIPE_P_89_6.jpg,3,train
data\public\pills-detection-dataset\images\train\VAIPE-test_TEST_VAIPE_P_89_7.jpg,3,train
data\public\pills-detection-dataset\images\train\VAIPE-test_TEST_VAIPE_P_89_8.jpg,3,train
data\public\pills-detection-dataset\images\train\VAIPE-test_TEST_VAIPE_P_89_9.jpg,3,train
data\public\pills-detection-dataset\images\train\VAIPE-test_TEST_VAIPE_P_8_0.jpg,2,train
data\public\pills-detection-dataset\images\train\VAIPE-test_TEST_VAIPE_P_8_1.jpg,2,train
data\public\pills-detection-dataset\images\train\VAIPE-test_TEST_VAIPE_P_8_2.jpg,1,train
data\public\pills-detection-dataset\images\train\VAIPE-test_TEST_VAIPE_P_8_3.jpg,3,train
data\public\pills-detection-dataset\images\train\VAIPE-test_TEST_VAIPE_P_8_4.jpg,3,train
data\public\pills-detection-dataset\images\train\VAIPE-test_TEST_VAIPE_P_8_5.jpg,1,train
data\public\pills-detection-dataset\images\train\VAIPE-test_TEST_VAIPE_P_8_6.jpg,2,train
data\public\pills-detection-dataset\images\train\VAIPE-test_TEST_VAIPE_P_8_7.jpg,2,train
data\public\pills-detection-dataset\images\train\VAIPE-test_TEST_VAIPE_P_8_8.jpg,1,train
data\public\pills-detection-dataset\images\train\VAIPE-test_TEST_VAIPE_P_90_0.jpg,3,train
data\public\pills-detection-dataset\images\train\VAIPE-test_TEST_VAIPE_P_90_1.jpg,5,train
data\public\pills-detection-dataset\images\train\VAIPE-test_TEST_VAIPE_P_90_2.jpg,6,train
data\public\pills-detection-dataset\images\train\VAIPE-test_TEST_VAIPE_P_91_0.jpg,3,train
data\public\pills-detection-dataset\images\train\VAIPE-test_TEST_VAIPE_P_91_1.jpg,2,train
data\public\pills-detection-dataset\images\train\VAIPE-test_TEST_VAIPE_P_91_2.jpg,3,train
data\public\pills-detection-dataset\images\train\VAIPE-test_TEST_VAIPE_P_91_3.jpg,6,train
data\public\pills-detection-dataset\images\train\VAIPE-test_TEST_VAIPE_P_92_0.jpg,1,train
data\public\pills-detection-dataset\images\train\VAIPE-test_TEST_VAIPE_P_93_0.jpg,3,train
data\public\pills-detection-dataset\images\train\VAIPE-test_TEST_VAIPE_P_93_1.jpg,3,train
data\public\pills-detection-dataset\images\train\VAIPE-test_TEST_VAIPE_P_93_2.jpg,3,train
data\public\pills-detection-dataset\images\train\VAIPE-test_TEST_VAIPE_P_93_3.jpg,3,train
data\public\pills-detection-dataset\images\train\VAIPE-test_TEST_VAIPE_P_93_4.jpg,3,train
data\public\pills-detection-dataset\images\train\VAIPE-test_TEST_VAIPE_P_93_5.jpg,1,train
data\public\pills-detection-dataset\images\train\VAIPE-test_TEST_VAIPE_P_93_7.jpg,6,train
data\public\pills-detection-dataset\images\train\VAIPE-test_TEST_VAIPE_P_94_0.jpg,3,train
data\public\pills-detection-dataset\images\train\VAIPE-test_TEST_VAIPE_P_94_1.jpg,3,train
data\public\pills-detection-dataset\images\train\VAIPE-test_TEST_VAIPE_P_94_2.jpg,3,train
data\public\pills-detection-dataset\images\train\VAIPE-test_TEST_VAIPE_P_94_3.jpg,6,train
data\public\pills-detection-dataset\images\train\VAIPE-test_TEST_VAIPE_P_95_0.jpg,2,train
data\public\pills-detection-dataset\images\train\VAIPE-test_TEST_VAIPE_P_95_1.jpg,2,train
data\public\pills-detection-dataset\images\train\VAIPE-test_TEST_VAIPE_P_95_3.jpg,1,train
data\public\pills-detection-dataset\images\train\VAIPE-test_TEST_VAIPE_P_95_4.jpg,3,train
data\public\pills-detection-dataset\images\train\VAIPE-test_TEST_VAIPE_P_95_5.jpg,2,train
data\public\pills-detection-dataset\images\train\VAIPE-test_TEST_VAIPE_P_95_6.jpg,2,train
data\public\pills-detection-dataset\images\train\VAIPE-test_TEST_VAIPE_P_95_7.jpg,2,train
data\public\pills-detection-dataset\images\train\VAIPE-test_TEST_VAIPE_P_95_8.jpg,3,train
data\public\pills-detection-dataset\images\train\VAIPE-test_TEST_VAIPE_P_96_0.jpg,3,train
data\public\pills-detection-dataset\images\train\VAIPE-test_TEST_VAIPE_P_96_10.jpg,1,train
data\public\pills-detection-dataset\images\train\VAIPE-test_TEST_VAIPE_P_96_11.jpg,3,train
data\public\pills-detection-dataset\images\train\VAIPE-test_TEST_VAIPE_P_96_12.jpg,1,train
data\public\pills-detection-dataset\images\train\VAIPE-test_TEST_VAIPE_P_96_13.jpg,1,train
data\public\pills-detection-dataset\images\train\VAIPE-test_TEST_VAIPE_P_96_14.jpg,3,train
data\public\pills-detection-dataset\images\train\VAIPE-test_TEST_VAIPE_P_96_15.jpg,3,train
data\public\pills-detection-dataset\images\train\VAIPE-test_TEST_VAIPE_P_96_16.jpg,1,train
data\public\pills-detection-dataset\images\train\VAIPE-test_TEST_VAIPE_P_96_18.jpg,4,train
data\public\pills-detection-dataset\images\train\VAIPE-test_TEST_VAIPE_P_96_2.jpg,3,train
data\public\pills-detection-dataset\images\train\VAIPE-test_TEST_VAIPE_P_96_3.jpg,3,train
data\public\pills-detection-dataset\images\train\VAIPE-test_TEST_VAIPE_P_96_4.jpg,1,train
data\public\pills-detection-dataset\images\train\VAIPE-test_TEST_VAIPE_P_96_5.jpg,3,train
data\public\pills-detection-dataset\images\train\VAIPE-test_TEST_VAIPE_P_96_6.jpg,3,train
data\public\pills-detection-dataset\images\train\VAIPE-test_TEST_VAIPE_P_96_7.jpg,1,train
data\public\pills-detection-dataset\images\train\VAIPE-test_TEST_VAIPE_P_96_9.jpg,3,train
data\public\pills-detection-dataset\images\train\VAIPE-test_TEST_VAIPE_P_97_0.jpg,5,train
data\public\pills-detection-dataset\images\train\VAIPE-test_TEST_VAIPE_P_97_1.jpg,5,train
data\public\pills-detection-dataset\images\train\VAIPE-test_TEST_VAIPE_P_97_2.jpg,5,train
data\public\pills-detection-dataset\images\train\VAIPE-test_TEST_VAIPE_P_97_3.jpg,5,train
data\public\pills-detection-dataset\images\train\VAIPE-test_TEST_VAIPE_P_97_4.jpg,5,train
data\public\pills-detection-dataset\images\train\VAIPE-test_TEST_VAIPE_P_97_5.jpg,5,train
data\public\pills-detection-dataset\images\train\VAIPE-test_TEST_VAIPE_P_97_7.jpg,5,train
data\public\pills-detection-dataset\images\train\VAIPE-test_TEST_VAIPE_P_97_8.jpg,6,train
data\public\pills-detection-dataset\images\train\VAIPE-test_TEST_VAIPE_P_98_0.jpg,1,train
data\public\pills-detection-dataset\images\train\VAIPE-test_TEST_VAIPE_P_98_1.jpg,1,train
data\public\pills-detection-dataset\images\train\VAIPE-test_TEST_VAIPE_P_98_10.jpg,1,train
data\public\pills-detection-dataset\images\train\VAIPE-test_TEST_VAIPE_P_98_11.jpg,1,train
data\public\pills-detection-dataset\images\train\VAIPE-test_TEST_VAIPE_P_98_12.jpg,1,train
data\public\pills-detection-dataset\images\train\VAIPE-test_TEST_VAIPE_P_98_14.jpg,1,train
data\public\pills-detection-dataset\images\train\VAIPE-test_TEST_VAIPE_P_98_15.jpg,1,train
data\public\pills-detection-dataset\images\train\VAIPE-test_TEST_VAIPE_P_98_16.jpg,1,train
data\public\pills-detection-dataset\images\train\VAIPE-test_TEST_VAIPE_P_98_17.jpg,1,train
data\public\pills-detection-dataset\images\train\VAIPE-test_TEST_VAIPE_P_98_18.jpg,1,train
data\public\pills-detection-dataset\images\train\VAIPE-test_TEST_VAIPE_P_98_19.jpg,1,train
data\public\pills-detection-dataset\images\train\VAIPE-test_TEST_VAIPE_P_98_2.jpg,1,train
data\public\pills-detection-dataset\images\train\VAIPE-test_TEST_VAIPE_P_98_21.jpg,1,train
data\public\pills-detection-dataset\images\train\VAIPE-test_TEST_VAIPE_P_98_22.jpg,1,train
data\public\pills-detection-dataset\images\train\VAIPE-test_TEST_VAIPE_P_98_23.jpg,1,train
data\public\pills-detection-dataset\images\train\VAIPE-test_TEST_VAIPE_P_98_24.jpg,3,train
data\public\pills-detection-dataset\images\train\VAIPE-test_TEST_VAIPE_P_98_25.jpg,6,train
data\public\pills-detection-dataset\images\train\VAIPE-test_TEST_VAIPE_P_98_26.jpg,4,train
data\public\pills-detection-dataset\images\train\VAIPE-test_TEST_VAIPE_P_98_3.jpg,1,train
data\public\pills-detection-dataset\images\train\VAIPE-test_TEST_VAIPE_P_98_5.jpg,1,train
data\public\pills-detection-dataset\images\train\VAIPE-test_TEST_VAIPE_P_98_6.jpg,1,train
data\public\pills-detection-dataset\images\train\VAIPE-test_TEST_VAIPE_P_98_7.jpg,1,train
data\public\pills-detection-dataset\images\train\VAIPE-test_TEST_VAIPE_P_98_8.jpg,1,train
data\public\pills-detection-dataset\images\train\VAIPE-test_TEST_VAIPE_P_98_9.jpg,1,train
data\public\pills-detection-dataset\images\train\VAIPE-test_TEST_VAIPE_P_99_0.jpg,3,train
data\public\pills-detection-dataset\images\train\VAIPE-test_TEST_VAIPE_P_99_1.jpg,3,train
data\public\pills-detection-dataset\images\train\VAIPE-test_TEST_VAIPE_P_99_3.jpg,4,train
data\public\pills-detection-dataset\images\train\VAIPE-test_TEST_VAIPE_P_9_0.jpg,1,train
data\public\pills-detection-dataset\images\train\VAIPE-test_TEST_VAIPE_P_9_1.jpg,4,train
data\public\pills-detection-dataset\images\train\VAIPE-test_TEST_VAIPE_P_9_10.jpg,4,train
data\public\pills-detection-dataset\images\train\VAIPE-test_TEST_VAIPE_P_9_11.jpg,1,train
data\public\pills-detection-dataset\images\train\VAIPE-test_TEST_VAIPE_P_9_12.jpg,2,train
data\public\pills-detection-dataset\images\train\VAIPE-test_TEST_VAIPE_P_9_2.jpg,4,train
data\public\pills-detection-dataset\images\train\VAIPE-test_TEST_VAIPE_P_9_4.jpg,4,train
data\public\pills-detection-dataset\images\train\VAIPE-test_TEST_VAIPE_P_9_5.jpg,1,train
data\public\pills-detection-dataset\images\train\VAIPE-test_TEST_VAIPE_P_9_6.jpg,4,train
data\public\pills-detection-dataset\images\train\VAIPE-test_TEST_VAIPE_P_9_7.jpg,4,train
data\public\pills-detection-dataset\images\train\VAIPE-test_TEST_VAIPE_P_9_8.jpg,4,train
data\public\pills-detection-dataset\images\train\VAIPE-test_TEST_VAIPE_P_9_9.jpg,4,train
data\public\pills-detection-dataset\images\train\Various_360_F_408781728_pROdGsAa6GSKe7iw1ah0CkgeZ1HU829o.jpg,4,train
data\public\pills-detection-dataset\images\train\Various_5c4f0f72b586002d38495ce1.w800.jpg,1,train
data\public\pills-detection-dataset\images\train\Various_blue-pill-capsule-female-palm-white-background-nutritional-supplements-women-s-health_101969-522.jpg,1,train
data\public\pills-detection-dataset\images\train\Various_blue_pills360_281x228.jpg,2,train
data\public\pills-detection-dataset\images\train\Various_capsule(1).png,1,train
data\public\pills-detection-dataset\images\train\Various_close-up-of-man-s-hand-holding-pills-with-copy-space-photo.jpg,4,train
data\public\pills-detection-dataset\images\train\Various_drugs-hand_44527-267.jpg,6,train
data\public\pills-detection-dataset\images\train\Various_e7f3ac.jpg,2,train
data\public\pills-detection-dataset\images\train\Various_hand-holding-medicinal-tablet-blink-images.jpg,1,train
data\public\pills-detection-dataset\images\train\Various_hand-holding-white-pills-isolated-white-background_43284-1256.jpg,2,train
data\public\pills-detection-dataset\images\train\Various_medication.jpg,3,train
data\public\pills-detection-dataset\images\train\Various_medicine(1).jpg,4,train
data\public\pills-detection-dataset\images\train\Various_medicine(10).jpg,3,train
data\public\pills-detection-dataset\images\train\Various_medicine(102).jpg,2,train
data\public\pills-detection-dataset\images\train\Various_medicine(103).jpg,2,train
data\public\pills-detection-dataset\images\train\Various_medicine(105).jpg,5,train
data\public\pills-detection-dataset\images\train\Various_medicine(109).jpg,1,train
data\public\pills-detection-dataset\images\train\Various_medicine(11).jpg,5,train
data\public\pills-detection-dataset\images\train\Various_medicine(110).jpg,4,train
data\public\pills-detection-dataset\images\train\Various_medicine(111).jpg,1,train
data\public\pills-detection-dataset\images\train\Various_medicine(112).jpg,2,train
data\public\pills-detection-dataset\images\train\Various_medicine(113).jpg,1,train
data\public\pills-detection-dataset\images\train\Various_medicine(14).jpg,1,train
data\public\pills-detection-dataset\images\train\Various_medicine(18).jpg,6,train
data\public\pills-detection-dataset\images\train\Various_medicine(19).jpg,2,train
data\public\pills-detection-dataset\images\train\Various_medicine(2).jpg,4,train
data\public\pills-detection-dataset\images\train\Various_medicine(21).jpg,3,train
data\public\pills-detection-dataset\images\train\Various_medicine(22).jpg,6,train
data\public\pills-detection-dataset\images\train\Various_medicine(23).jpg,2,train
data\public\pills-detection-dataset\images\train\Various_medicine(28).jpg,2,train
data\public\pills-detection-dataset\images\train\Various_medicine(29).jpg,2,train
data\public\pills-detection-dataset\images\train\Various_medicine(3).jpg,4,train
data\public\pills-detection-dataset\images\train\Various_medicine(32).jpg,1,train
data\public\pills-detection-dataset\images\train\Various_medicine(34).jpg,4,train
data\public\pills-detection-dataset\images\train\Various_medicine(35).jpg,2,train
data\public\pills-detection-dataset\images\train\Various_medicine(4).jpg,4,train
data\public\pills-detection-dataset\images\train\Various_medicine(40).jpg,1,train
data\public\pills-detection-dataset\images\train\Various_medicine(42).jpg,6,train
data\public\pills-detection-dataset\images\train\Various_medicine(45).jpg,1,train
data\public\pills-detection-dataset\images\train\Various_medicine(46).jpg,2,train
data\public\pills-detection-dataset\images\train\Various_medicine(47).jpg,6,train
data\public\pills-detection-dataset\images\train\Various_medicine(48).jpg,5,train
data\public\pills-detection-dataset\images\train\Various_medicine(49).jpg,6,train
data\public\pills-detection-dataset\images\train\Various_medicine(5).jpg,4,train
data\public\pills-detection-dataset\images\train\Various_medicine(50).jpg,1,train
data\public\pills-detection-dataset\images\train\Various_medicine(53).jpg,2,train
data\public\pills-detection-dataset\images\train\Various_medicine(54).jpg,5,train
data\public\pills-detection-dataset\images\train\Various_medicine(55).jpg,6,train
data\public\pills-detection-dataset\images\train\Various_medicine(57).jpg,6,train
data\public\pills-detection-dataset\images\train\Various_medicine(58).jpg,4,train
data\public\pills-detection-dataset\images\train\Various_medicine(59).jpg,5,train
data\public\pills-detection-dataset\images\train\Various_medicine(60).jpg,6,train
data\public\pills-detection-dataset\images\train\Various_medicine(61).jpg,2,train
data\public\pills-detection-dataset\images\train\Various_medicine(62).jpg,3,train
data\public\pills-detection-dataset\images\train\Various_medicine(63).jpg,4,train
data\public\pills-detection-dataset\images\train\Various_medicine(64).jpg,2,train
data\public\pills-detection-dataset\images\train\Various_medicine(65).jpg,2,train
data\public\pills-detection-dataset\images\train\Various_medicine(66).jpg,4,train
data\public\pills-detection-dataset\images\train\Various_medicine(7).jpg,2,train
data\public\pills-detection-dataset\images\train\Various_medicine(70).jpg,6,train
data\public\pills-detection-dataset\images\train\Various_medicine(71).jpg,2,train
data\public\pills-detection-dataset\images\train\Various_medicine(72).jpg,6,train
data\public\pills-detection-dataset\images\train\Various_medicine(73).jpg,5,train
data\public\pills-detection-dataset\images\train\Various_medicine(74).jpg,2,train
data\public\pills-detection-dataset\images\train\Various_medicine(79).jpg,4,train
data\public\pills-detection-dataset\images\train\Various_medicine(8).jpg,6,train
data\public\pills-detection-dataset\images\train\Various_medicine(80).jpg,2,train
data\public\pills-detection-dataset\images\train\Various_medicine(81).jpg,6,train
data\public\pills-detection-dataset\images\train\Various_medicine(82).jpg,3,train
data\public\pills-detection-dataset\images\train\Various_medicine(84).jpg,3,train
data\public\pills-detection-dataset\images\train\Various_medicine(85).jpg,6,train
data\public\pills-detection-dataset\images\train\Various_medicine(87).jpg,2,train
data\public\pills-detection-dataset\images\train\Various_medicine(88).jpg,6,train
data\public\pills-detection-dataset\images\train\Various_medicine(90).jpg,5,train
data\public\pills-detection-dataset\images\train\Various_medicine(91).jpg,4,train
data\public\pills-detection-dataset\images\train\Various_medicine(93).jpg,1,train
data\public\pills-detection-dataset\images\train\Various_medicine(94).jpg,3,train
data\public\pills-detection-dataset\images\train\Various_medicine(95).jpg,2,train
data\public\pills-detection-dataset\images\train\Various_medicine(96).jpg,4,train
data\public\pills-detection-dataset\images\train\Various_medicine(97).jpg,2,train
data\public\pills-detection-dataset\images\train\Various_medicine(99).jpg,3,train
data\public\pills-detection-dataset\images\train\Various_medicine-pills-tablets-and-capsules-in-hand-women-on-white-background_43179-60.jpg,4,train
data\public\pills-detection-dataset\images\train\Various_o-PILL-HAND-facebook-1024x512-300x150.jpg,2,train
data\public\pills-detection-dataset\images\train\Various_old-man-preparing-painkiller-pills-hand-close-up_120378-1018.jpg,4,train
data\public\pills-detection-dataset\images\train\Various_paracetamol_071415111756.jpg,2,train
data\public\pills-detection-dataset\images\train\Various_pill-man-s-hand-white_114963-1058.jpg,1,train
data\public\pills-detection-dataset\images\train\Various_pills-in-hand-1498018.jpg,4,train
data\public\pills-detection-dataset\images\train\Various_preview-185374-aROEDQ4Z3G-high_0009.jpg,2,train
data\public\pills-detection-dataset\images\train\Various_round-white-pills-hand-white-background_23-2147883850.jpg,4,train
data\public\pills-detection-dataset\images\train\Various_tablets(11).jpeg,5,train
data\public\pills-detection-dataset\images\train\Various_tablets(12).jpeg,5,train
data\public\pills-detection-dataset\images\train\Various_tablets(15).jpeg,5,train
data\public\pills-detection-dataset\images\train\Various_tablets(3).jpeg,5,train
data\public\pills-detection-dataset\images\train\Various_tablets(4).jpeg,6,train
data\public\pills-detection-dataset\images\train\Various_viagra-tablet-victor-de-schwanberg.jpg,1,train
data\public\pills-detection-dataset\images\train\Various_white-tablets-pills-hand-blue-medical-protective-mask_157402-1711.jpg,6,train
data\public\pills-detection-dataset\images\val\Negatives_I0006.jpg,0,val
data\public\pills-detection-dataset\images\val\Negatives_I0014.jpg,0,val
data\public\pills-detection-dataset\images\val\Negatives_I0022.jpg,0,val
data\public\pills-detection-dataset\images\val\Negatives_I0030.jpg,0,val
data\public\pills-detection-dataset\images\val\Negatives_I0038.jpg,0,val
data\public\pills-detection-dataset\images\val\Negatives_I0046.jpg,0,val
data\public\pills-detection-dataset\images\val\Negatives_I0054.jpg,0,val
data\public\pills-detection-dataset\images\val\Negatives_I0062.jpg,0,val
data\public\pills-detection-dataset\images\val\Negatives_I0070.jpg,0,val
data\public\pills-detection-dataset\images\val\Negatives_I0078.jpg,0,val
data\public\pills-detection-dataset\images\val\Negatives_I0086.jpg,0,val
data\public\pills-detection-dataset\images\val\Negatives_I0094.jpg,0,val
data\public\pills-detection-dataset\images\val\Negatives_I0102.jpg,0,val
data\public\pills-detection-dataset\images\val\Negatives_I0110.jpg,0,val
data\public\pills-detection-dataset\images\val\Negatives_I0118.jpg,0,val
data\public\pills-detection-dataset\images\val\Negatives_I0126.jpg,0,val
data\public\pills-detection-dataset\images\val\Negatives_I0134.jpg,0,val
data\public\pills-detection-dataset\images\val\Negatives_I0142.jpg,0,val
data\public\pills-detection-dataset\images\val\Negatives_I0150.jpg,0,val
data\public\pills-detection-dataset\images\val\Negatives_I0158.jpg,0,val
data\public\pills-detection-dataset\images\val\Negatives_I0206.jpg,0,val
data\public\pills-detection-dataset\images\val\Negatives_I0214.jpg,0,val
data\public\pills-detection-dataset\images\val\Negatives_I0222.jpg,0,val
data\public\pills-detection-dataset\images\val\Negatives_I0230.jpg,0,val
data\public\pills-detection-dataset\images\val\Negatives_I0238.jpg,0,val
data\public\pills-detection-dataset\images\val\Negatives_I0246.jpg,0,val
data\public\pills-detection-dataset\images\val\Negatives_I0254.jpg,0,val
data\public\pills-detection-dataset\images\val\Negatives_I0262.jpg,0,val
data\public\pills-detection-dataset\images\val\Negatives_I0270.jpg,0,val
data\public\pills-detection-dataset\images\val\Negatives_I0278.jpg,0,val
data\public\pills-detection-dataset\images\val\Negatives_I0286.jpg,0,val
data\public\pills-detection-dataset\images\val\Negatives_IMG_3211.jpg,0,val
data\public\pills-detection-dataset\images\val\Negatives_IMG_3219.jpg,0,val
data\public\pills-detection-dataset\images\val\Negatives_IMG_3227.jpg,0,val
data\public\pills-detection-dataset\images\val\Negatives_IMG_3235.jpg,0,val
data\public\pills-detection-dataset\images\val\Negatives_IMG_3243.jpg,0,val
data\public\pills-detection-dataset\images\val\Negatives_IMG_3251.jpg,0,val
data\public\pills-detection-dataset\images\val\Negatives_IMG_3259.jpg,0,val
data\public\pills-detection-dataset\images\val\Negatives_IMG_3267.jpg,0,val
data\public\pills-detection-dataset\images\val\Negatives_IMG_3275.jpg,0,val
data\public\pills-detection-dataset\images\val\Negatives_IMG_3283.jpg,0,val
data\public\pills-detection-dataset\images\val\Negatives_IMG_3338.jpg,0,val
data\public\pills-detection-dataset\images\val\Negatives_IMG_3346.jpg,0,val
data\public\pills-detection-dataset\images\val\Negatives_IMG_3355.jpg,0,val
data\public\pills-detection-dataset\images\val\Negatives_IMG_3363.jpg,0,val
data\public\pills-detection-dataset\images\val\Negatives_IMG_3371.jpg,0,val
data\public\pills-detection-dataset\images\val\Negatives_IMG_3379.jpg,0,val
data\public\pills-detection-dataset\images\val\Negatives_IMG_3387.jpg,0,val
data\public\pills-detection-dataset\images\val\Negatives_IMG_3432.jpg,0,val
data\public\pills-detection-dataset\images\val\Negatives_IMG_3455.jpg,0,val
data\public\pills-detection-dataset\images\val\Negatives_IMG_3463.jpg,0,val
data\public\pills-detection-dataset\images\val\Negatives_IMG_3471.jpg,0,val
data\public\pills-detection-dataset\images\val\Negatives_IMG_4268.jpg,0,val
data\public\pills-detection-dataset\images\val\Negatives_IMG_4315.jpg,0,val
data\public\pills-detection-dataset\images\val\Personal-251124_I0122.jpg,2,val
data\public\pills-detection-dataset\images\val\Personal-251124_I0146.jpg,2,val
data\public\pills-detection-dataset\images\val\Personal-251124_I0154.jpg,3,val
data\public\pills-detection-dataset\images\val\Personal-251124_I0167.jpg,4,val
data\public\pills-detection-dataset\images\val\Personal-251124_I0175.jpg,2,val
data\public\pills-detection-dataset\images\val\Personal-251124_I0183.jpg,3,val
data\public\pills-detection-dataset\images\val\Personal-251124_I0191.jpg,4,val
data\public\pills-detection-dataset\images\val\Personal-251124_IMG_3038.jpg,4,val
data\public\pills-detection-dataset\images\val\Personal-251124_IMG_3047.jpg,3,val
data\public\pills-detection-dataset\images\val\Personal-251124_IMG_3055.jpg,2,val
data\public\pills-detection-dataset\images\val\Personal-251124_IMG_3155.jpg,2,val
data\public\pills-detection-dataset\images\val\Personal-251124_IMG_3210.jpg,6,val
data\public\pills-detection-dataset\images\val\Personal-251124_IMG_3296.jpg,6,val
data\public\pills-detection-dataset\images\val\Personal-251124_IMG_3304.jpg,6,val
data\public\pills-detection-dataset\images\val\Personal-251124_IMG_3501.jpg,2,val
data\public\pills-detection-dataset\images\val\Personal-251124_IMG_3534.jpg,5,val
data\public\pills-detection-dataset\images\val\Personal-251124_IMG_3550.jpg,6,val
data\public\pills-detection-dataset\images\val\Personal-251124_IMG_3558.jpg,2,val
data\public\pills-detection-dataset\images\val\Personal-251124_IMG_3566.jpg,2,val
data\public\pills-detection-dataset\images\val\Personal-251124_IMG_3574.jpg,2,val
data\public\pills-detection-dataset\images\val\Personal-251127_IMG_3734.jpg,4,val
data\public\pills-detection-dataset\images\val\Personal-251127_IMG_3750.jpg,6,val
data\public\pills-detection-dataset\images\val\Personal-251127_IMG_3776.jpg,1,val
data\public\pills-detection-dataset\images\val\Personal-251127_J0035.jpg,0,val
data\public\pills-detection-dataset\images\val\Personal-251127_J0043.jpg,0,val
data\public\pills-detection-dataset\images\val\Personal-251127_K0002.jpg,4,val
data\public\pills-detection-dataset\images\val\Personal-251127_L0194.jpg,5,val
data\public\pills-detection-dataset\images\val\Personal-251127_L0202.jpg,4,val
data\public\pills-detection-dataset\images\val\Personal-251127_L0434.jpg,6,val
data\public\pills-detection-dataset\images\val\Personal-251127_L0442.jpg,6,val
data\public\pills-detection-dataset\images\val\Personal-251127_L0450.jpg,5,val
data\public\pills-detection-dataset\images\val\Personal-251127_L0458.jpg,5,val
data\public\pills-detection-dataset\images\val\Personal-251127_L0466.jpg,5,val
data\public\pills-detection-dataset\images\val\Personal-251127_L0474.jpg,5,val
data\public\pills-detection-dataset\images\val\Personal-251127_L0482.jpg,5,val
data\public\pills-detection-dataset\images\val\Personal-251127_L0490.jpg,5,val
data\public\pills-detection-dataset\images\val\Personal-251127_L0498.jpg,5,val
data\public\pills-detection-dataset\images\val\Personal-251127_L0506.jpg,5,val
data\public\pills-detection-dataset\images\val\Personal-251127_L0514.jpg,5,val
data\public\pills-detection-dataset\images\val\Personal-251127_L0522.jpg,5,val
data\public\pills-detection-dataset\images\val\Personal-251127_L0530.jpg,5,val
data\public\pills-detection-dataset\images\val\Personal-251127_L0602.jpg,5,val
data\public\pills-detection-dataset\images\val\Personal-251127_L0610.jpg,5,val
data\public\pills-detection-dataset\images\val\Personal-251127_L0626.jpg,6,val
data\public\pills-detection-dataset\images\val\Personal-251127_L0634.jpg,5,val
data\public\pills-detection-dataset\images\val\Personal-251127_L0642.jpg,1,val
data\public\pills-detection-dataset\images\val\Personal-251127_L0650.jpg,1,val
data\public\pills-detection-dataset\images\val\Personal-251127_L0658.jpg,1,val
data\public\pills-detection-dataset\images\val\Personal-251127_L0666.jpg,1,val
data\public\pills-detection-dataset\images\val\Personal-251127_L0674.jpg,1,val
data\public\pills-detection-dataset\images\val\Personal-251127_L0682.jpg,1,val
data\public\pills-detection-dataset\images\val\Personal-251127_L0690.jpg,1,val
data\public\pills-detection-dataset\images\val\Personal-251127_L0698.jpg,1,val
data\public\pills-detection-dataset\images\val\Personal-251127_L0706.jpg,1,val
data\public\pills-detection-dataset\images\val\Personal-251127_L0714.jpg,1,val
data\public\pills-detection-dataset\images\val\Personal-251127_L0722.jpg,1,val
data\public\pills-detection-dataset\images\val\Personal-251127_L0730.jpg,1,val
data\public\pills-detection-dataset\images\val\Personal-251127_L0738.jpg,2,val
data\public\pills-detection-dataset\images\val\Personal-251127_L0746.jpg,2,val
data\public\pills-detection-dataset\images\val\Personal-251127_L0754.jpg,3,val
data\public\pills-detection-dataset\images\val\Personal-251127_L0762.jpg,3,val
data\public\pills-detection-dataset\images\val\Personal-251127_L0770.jpg,3,val
data\public\pills-detection-dataset\images\val\Personal-251127_L0778.jpg,3,val
data\public\pills-detection-dataset\images\val\pills-2602_11_2746338622_8d41c7d37b_o.jpg,3,val
data\public\pills-detection-dataset\images\val\pills-2602_11_4021526797_9e744eef0d_c.jpg,6,val
data\public\pills-detection-dataset\images\val\pills-2602_11_google_0121.jpg,3,val
data\public\pills-detection-dataset\images\val\pills-2602_11_google_0205.jpg,2,val
data\public\pills-detection-dataset\images\val\pills-2602_43_203819069_6f1faa20f7_c.jpg,4,val
data\public\pills-detection-dataset\images\val\pills-2602_ff_google_0035.jpg,5,val
data\public\pills-detection-dataset\images\val\pills-2602_IMG_4209.jpg,6,val
data\public\pills-detection-dataset\images\val\pills-2602_IMG_4225.jpg,5,val
data\public\pills-detection-dataset\images\val\pills-2602_IMG_4233.jpg,6,val
data\public\pills-detection-dataset\images\val\pills-2602_IMG_4258.jpg,4,val
data\public\pills-detection-dataset\images\val\pills-2602_IMG_4271.jpg,2,val
data\public\pills-detection-dataset\images\val\pills-2602_IMG_4279.jpg,5,val
data\public\pills-detection-dataset\images\val\pills-2602_IMG_4304.jpg,4,val
data\public\pills-detection-dataset\images\val\pills-2602_t2r_000012.jpg,2,val
data\public\pills-detection-dataset\images\val\pills-search_ya4_0069.jpg,5,val
data\public\pills-detection-dataset\images\val\pills-search_ya4_0078.jpg,6,val
data\public\pills-detection-dataset\images\val\pills-search_ya4_0096.jpg,6,val
data\public\pills-detection-dataset\images\val\pills-search_ya4_0104.jpg,5,val
data\public\pills-detection-dataset\images\val\VAIPE-mosaic_m_00005.jpg,3,val
data\public\pills-detection-dataset\images\val\VAIPE-mosaic_m_00013.jpg,5,val
data\public\pills-detection-dataset\images\val\VAIPE-mosaic_m_00029.jpg,4,val
data\public\pills-detection-dataset\images\val\VAIPE-mosaic_m_00045.jpg,6,val
data\public\pills-detection-dataset\images\val\VAIPE-mosaic_m_00061.jpg,4,val
data\public\pills-detection-dataset\images\val\VAIPE-mosaic_m_00077.jpg,5,val
data\public\pills-detection-dataset\images\val\VAIPE-mosaic_m_00085.jpg,4,val
data\public\pills-detection-dataset\images\val\VAIPE-mosaic_m_00093.jpg,6,val
data\public\pills-detection-dataset\images\val\VAIPE-mosaic_m_00101.jpg,3,val
data\public\pills-detection-dataset\images\val\VAIPE-mosaic_m_00109.jpg,3,val
data\public\pills-detection-dataset\images\val\VAIPE-mosaic_m_00117.jpg,4,val
data\public\pills-detection-dataset\images\val\VAIPE-mosaic_m_00133.jpg,6,val
data\public\pills-detection-dataset\images\val\VAIPE-mosaic_m_00141.jpg,4,val
data\public\pills-detection-dataset\images\val\VAIPE-mosaic_m_00165.jpg,4,val
data\public\pills-detection-dataset\images\val\VAIPE-mosaic_m_00173.jpg,3,val
data\public\pills-detection-dataset\images\val\VAIPE-mosaic_m_00189.jpg,4,val
data\public\pills-detection-dataset\images\val\VAIPE-mosaic_m_00205.jpg,4,val
data\public\pills-detection-dataset\images\val\VAIPE-mosaic_m_00213.jpg,4,val
data\public\pills-detection-dataset\images\val\VAIPE-mosaic_m_00221.jpg,4,val
data\public\pills-detection-dataset\images\val\VAIPE-mosaic_mosaic_00007.jpg,2,val
data\public\pills-detection-dataset\images\val\VAIPE-mosaic_mosaic_00023.jpg,4,val
data\public\pills-detection-dataset\images\val\VAIPE-mosaic_mosaic_00031.jpg,4,val
data\public\pills-detection-dataset\images\val\VAIPE-mosaic_mosaic_00039.jpg,5,val
data\public\pills-detection-dataset\images\val\VAIPE-mosaic_mosaic_00063.jpg,4,val
data\public\pills-detection-dataset\images\val\VAIPE-mosaic_mosaic_00071.jpg,3,val
data\public\pills-detection-dataset\images\val\VAIPE-mosaic_mosaic_00119.jpg,2,val
data\public\pills-detection-dataset\images\val\VAIPE-mosaic_mosaic_00143.jpg,3,val
data\public\pills-detection-dataset\images\val\VAIPE-mosaic_mosaic_00151.jpg,6,val
data\public\pills-detection-dataset\images\val\VAIPE-mosaic_mosaic_00159.jpg,2,val
data\public\pills-detection-dataset\images\val\VAIPE-mosaic_mosaic_00167.jpg,6,val
data\public\pills-detection-dataset\images\val\VAIPE-mosaic_mosaic_00183.jpg,2,val
data\public\pills-detection-dataset\images\val\VAIPE-mosaic_mosaic_00207.jpg,5,val
data\public\pills-detection-dataset\images\val\VAIPE-mosaic_mosaic_00223.jpg,4,val
data\public\pills-detection-dataset\images\val\VAIPE-mosaic_mosaic_00231.jpg,4,val
data\public\pills-detection-dataset\images\val\VAIPE-mosaic_mosaic_00239.jpg,6,val
data\public\pills-detection-dataset\images\val\VAIPE-mosaic_mosaic_00247.jpg,4,val
data\public\pills-detection-dataset\images\val\VAIPE-mosaic_mosaic_00263.jpg,2,val
data\public\pills-detection-dataset\images\val\VAIPE-mosaic_mosaic_00287.jpg,6,val
data\public\pills-detection-dataset\images\val\VAIPE-mosaic_mosaic_00303.jpg,4,val
data\public\pills-detection-dataset\images\val\VAIPE-mosaic_mosaic_00311.jpg,4,val
data\public\pills-detection-dataset\images\val\VAIPE-mosaic_mosaic_00319.jpg,2,val
data\public\pills-detection-dataset\images\val\VAIPE-mosaic_mosaic_00335.jpg,6,val
data\public\pills-detection-dataset\images\val\VAIPE-mosaic_mosaic_00351.jpg,2,val
data\public\pills-detection-dataset\images\val\VAIPE-mosaic_mosaic_00359.jpg,6,val
data\public\pills-detection-dataset\images\val\VAIPE-mosaic_mosaic_00367.jpg,6,val
data\public\pills-detection-dataset\images\val\VAIPE-mosaic_mosaic_00375.jpg,4,val
data\public\pills-detection-dataset\images\val\VAIPE-mosaic_mosaic_00383.jpg,6,val
data\public\pills-detection-dataset\images\val\VAIPE-mosaic_mosaic_00391.jpg,6,val
data\public\pills-detection-dataset\images\val\VAIPE-mosaic_mosaic_00399.jpg,4,val
data\public\pills-detection-dataset\images\val\VAIPE-mosaic_mosaic_00407.jpg,6,val
data\public\pills-detection-dataset\images\val\VAIPE-mosaic_mosaic_00415.jpg,6,val
data\public\pills-detection-dataset\images\val\VAIPE-mosaic_mosaic_00423.jpg,6,val
data\public\pills-detection-dataset\images\val\VAIPE-mosaic_mosaic_00431.jpg,6,val
data\public\pills-detection-dataset\images\val\VAIPE-mosaic_mosaic_00447.jpg,4,val
data\public\pills-detection-dataset\images\val\VAIPE-mosaic_mosaic_00479.jpg,6,val
data\public\pills-detection-dataset\images\val\VAIPE-mosaic_mosaic_00495.jpg,2,val
data\public\pills-detection-dataset\images\val\VAIPE-mosaic_mosaic_00503.jpg,5,val
data\public\pills-detection-dataset\images\val\VAIPE-mosaic_mosaic_00511.jpg,6,val
data\public\pills-detection-dataset\images\val\VAIPE-mosaic_mosaic_00519.jpg,2,val
data\public\pills-detection-dataset\images\val\VAIPE-mosaic_mosaic_00527.jpg,5,val
data\public\pills-detection-dataset\images\val\VAIPE-mosaic_mosaic_00543.jpg,6,val
data\public\pills-detection-dataset\images\val\VAIPE-mosaic_mosaic_00575.jpg,6,val
data\public\pills-detection-dataset\images\val\VAIPE-mosaic_mosaic_00583.jpg,5,val
data\public\pills-detection-dataset\images\val\VAIPE-mosaic_mosaic_00591.jpg,3,val
data\public\pills-detection-dataset\images\val\VAIPE-mosaic_mosaic_00599.jpg,3,val
data\public\pills-detection-dataset\images\val\VAIPE-mosaic_mosaic_00623.jpg,5,val
data\public\pills-detection-dataset\images\val\VAIPE-mosaic_mosaic_00631.jpg,4,val
data\public\pills-detection-dataset\images\val\VAIPE-mosaic_mosaic_00639.jpg,2,val
data\public\pills-detection-dataset\images\val\VAIPE-mosaic_mosaic_00655.jpg,6,val
data\public\pills-detection-dataset\images\val\VAIPE-mosaic_mosaic_00671.jpg,5,val
data\public\pills-detection-dataset\images\val\VAIPE-mosaic_mosaic_00703.jpg,2,val
data\public\pills-detection-dataset\images\val\VAIPE-mosaic_mosaic_00711.jpg,4,val
data\public\pills-detection-dataset\images\val\VAIPE-mosaic_mosaic_00727.jpg,4,val
data\public\pills-detection-dataset\images\val\VAIPE-mosaic_mosaic_00743.jpg,6,val
data\public\pills-detection-dataset\images\val\VAIPE-mosaic_mosaic_00751.jpg,6,val
data\public\pills-detection-dataset\images\val\VAIPE-mosaic_mosaic_00759.jpg,4,val
data\public\pills-detection-dataset\images\val\VAIPE-mosaic_mosaic_00807.jpg,5,val
data\public\pills-detection-dataset\images\val\VAIPE-mosaic_mosaic_00815.jpg,4,val
data\public\pills-detection-dataset\images\val\VAIPE-mosaic_mosaic_00823.jpg,4,val
data\public\pills-detection-dataset\images\val\VAIPE-mosaic_mosaic_00855.jpg,3,val
data\public\pills-detection-dataset\images\val\VAIPE-mosaic_mosaic_00887.jpg,3,val
data\public\pills-detection-dataset\images\val\VAIPE-mosaic_mosaic_00895.jpg,5,val
data\public\pills-detection-dataset\images\val\VAIPE-mosaic_mosaic_00927.jpg,4,val
data\public\pills-detection-dataset\images\val\VAIPE-mosaic_mosaic_00935.jpg,6,val
data\public\pills-detection-dataset\images\val\VAIPE-mosaic_mosaic_00951.jpg,2,val
data\public\pills-detection-dataset\images\val\VAIPE-mosaic_mosaic_00959.jpg,5,val
data\public\pills-detection-dataset\images\val\VAIPE-mosaic_mosaic_00983.jpg,6,val
data\public\pills-detection-dataset\images\val\VAIPE-mosaic_mosaic_00991.jpg,6,val
data\public\pills-detection-dataset\images\val\VAIPE-mosaic_mosaic_00999.jpg,5,val
data\public\pills-detection-dataset\images\val\VAIPE-mosaic_mosaic_01055.jpg,2,val
data\public\pills-detection-dataset\images\val\VAIPE-mosaic_mosaic_01063.jpg,2,val
data\public\pills-detection-dataset\images\val\VAIPE-mosaic_mosaic_01071.jpg,6,val
data\public\pills-detection-dataset\images\val\VAIPE-mosaic_mosaic_01087.jpg,4,val
data\public\pills-detection-dataset\images\val\VAIPE-mosaic_mosaic_01111.jpg,3,val
data\public\pills-detection-dataset\images\val\VAIPE-mosaic_mosaic_01119.jpg,2,val
data\public\pills-detection-dataset\images\val\VAIPE-mosaic_mosaic_01143.jpg,6,val
data\public\pills-detection-dataset\images\val\VAIPE-mosaic_mosaic_01151.jpg,6,val
data\public\pills-detection-dataset\images\val\VAIPE-mosaic_mosaic_01191.jpg,4,val
data\public\pills-detection-dataset\images\val\VAIPE-mosaic_mosaic_01199.jpg,6,val
data\public\pills-detection-dataset\images\val\VAIPE-mosaic_mosaic_01239.jpg,6,val
data\public\pills-detection-dataset\images\val\VAIPE-mosaic_mosaic_01247.jpg,6,val
data\public\pills-detection-dataset\images\val\VAIPE-mosaic_mosaic_01255.jpg,6,val
data\public\pills-detection-dataset\images\val\VAIPE-mosaic_mosaic_01263.jpg,4,val
data\public\pills-detection-dataset\images\val\VAIPE-mosaic_mosaic_01271.jpg,2,val
data\public\pills-detection-dataset\images\val\VAIPE-mosaic_mosaic_01279.jpg,5,val
data\public\pills-detection-dataset\images\val\VAIPE-mosaic_mosaic_01303.jpg,5,val
data\public\pills-detection-dataset\images\val\VAIPE-mosaic_mosaic_01311.jpg,3,val
data\public\pills-detection-dataset\images\val\VAIPE-mosaic_mosaic_01327.jpg,6,val
data\public\pills-detection-dataset\images\val\VAIPE-mosaic_mosaic_01343.jpg,2,val
data\public\pills-detection-dataset\images\val\VAIPE-mosaic_mosaic_01359.jpg,2,val
data\public\pills-detection-dataset\images\val\VAIPE-mosaic_mosaic_01383.jpg,5,val
data\public\pills-detection-dataset\images\val\VAIPE-mosaic_mosaic_01399.jpg,2,val
data\public\pills-detection-dataset\images\val\VAIPE-mosaic_mosaic_01415.jpg,5,val
data\public\pills-detection-dataset\images\val\VAIPE-mosaic_mosaic_01423.jpg,5,val
data\public\pills-detection-dataset\images\val\VAIPE-mosaic_mosaic_01431.jpg,6,val
data\public\pills-detection-dataset\images\val\VAIPE-mosaic_mosaic_01503.jpg,2,val
data\public\pills-detection-dataset\images\val\VAIPE-mosaic_mosaic_01511.jpg,2,val
data\public\pills-detection-dataset\images\val\VAIPE-mosaic_mosaic_01543.jpg,6,val
data\public\pills-detection-dataset\images\val\VAIPE-mosaic_mosaic_01559.jpg,2,val
data\public\pills-detection-dataset\images\val\VAIPE-mosaic_mosaic_01567.jpg,4,val
data\public\pills-detection-dataset\images\val\VAIPE-mosaic_mosaic_01583.jpg,4,val
data\public\pills-detection-dataset\images\val\VAIPE-mosaic_mosaic_01591.jpg,3,val
data\public\pills-detection-dataset\images\val\VAIPE-mosaic_mosaic_01631.jpg,6,val
data\public\pills-detection-dataset\images\val\VAIPE-mosaic_mosaic_01639.jpg,2,val
data\public\pills-detection-dataset\images\val\VAIPE-mosaic_mosaic_01647.jpg,2,val
data\public\pills-detection-dataset\images\val\VAIPE-mosaic_mosaic_01679.jpg,2,val
data\public\pills-detection-dataset\images\val\VAIPE-mosaic_mosaic_01687.jpg,2,val
data\public\pills-detection-dataset\images\val\VAIPE-mosaic_mosaic_01695.jpg,2,val
data\public\pills-detection-dataset\images\val\VAIPE-mosaic_mosaic_01703.jpg,2,val
data\public\pills-detection-dataset\images\val\VAIPE-mosaic_mosaic_01711.jpg,2,val
data\public\pills-detection-dataset\images\val\VAIPE-mosaic_mosaic_01719.jpg,2,val
data\public\pills-detection-dataset\images\val\VAIPE-mosaic_mosaic_01727.jpg,2,val
data\public\pills-detection-dataset\images\val\VAIPE-mosaic_mosaic_01735.jpg,2,val
data\public\pills-detection-dataset\images\val\VAIPE-mosaic_mosaic_01743.jpg,6,val
data\public\pills-detection-dataset\images\val\VAIPE-mosaic_mosaic_01767.jpg,4,val
data\public\pills-detection-dataset\images\val\VAIPE-mosaic_mosaic_01823.jpg,3,val
data\public\pills-detection-dataset\images\val\VAIPE-mosaic_mosaic_01847.jpg,6,val
data\public\pills-detection-dataset\images\val\VAIPE-mosaic_mosaic_01903.jpg,5,val
data\public\pills-detection-dataset\images\val\VAIPE-mosaic_mosaic_01911.jpg,4,val
data\public\pills-detection-dataset\images\val\VAIPE-mosaic_mosaic_01935.jpg,6,val
data\public\pills-detection-dataset\images\val\VAIPE-mosaic_mosaic_01943.jpg,6,val
data\public\pills-detection-dataset\images\val\VAIPE-mosaic_mosaic_01951.jpg,6,val
data\public\pills-detection-dataset\images\val\VAIPE-mosaic_mosaic_01967.jpg,6,val
data\public\pills-detection-dataset\images\val\VAIPE-mosaic_mosaic_01991.jpg,4,val
data\public\pills-detection-dataset\images\val\VAIPE-mosaic_mosaic_01999.jpg,4,val
data\public\pills-detection-dataset\images\val\VAIPE-mosaic_mosaic_02007.jpg,4,val
data\public\pills-detection-dataset\images\val\VAIPE-mosaic_mosaic_02015.jpg,5,val
data\public\pills-detection-dataset\images\val\VAIPE-mosaic_mosaic_02023.jpg,6,val
data\public\pills-detection-dataset\images\val\VAIPE-mosaic_mosaic_02031.jpg,2,val
data\public\pills-detection-dataset\images\val\VAIPE-mosaic_mosaic_02047.jpg,6,val
data\public\pills-detection-dataset\images\val\VAIPE-mosaic_mosaic_02055.jpg,4,val
data\public\pills-detection-dataset\images\val\VAIPE-mosaic_mosaic_02063.jpg,6,val
data\public\pills-detection-dataset\images\val\VAIPE-mosaic_mosaic_02071.jpg,6,val
data\public\pills-detection-dataset\images\val\VAIPE-mosaic_mosaic_02079.jpg,4,val
data\public\pills-detection-dataset\images\val\VAIPE-mosaic_mosaic_02111.jpg,4,val
data\public\pills-detection-dataset\images\val\VAIPE-mosaic_mosaic_02127.jpg,5,val
data\public\pills-detection-dataset\images\val\VAIPE-mosaic_mosaic_02135.jpg,6,val
data\public\pills-detection-dataset\images\val\VAIPE-mosaic_mosaic_02143.jpg,5,val
data\public\pills-detection-dataset\images\val\VAIPE-mosaic_mosaic_02151.jpg,2,val
data\public\pills-detection-dataset\images\val\VAIPE-mosaic_mosaic_02159.jpg,2,val
data\public\pills-detection-dataset\images\val\VAIPE-mosaic_mosaic_02167.jpg,2,val
data\public\pills-detection-dataset\images\val\VAIPE-mosaic_mosaic_02175.jpg,2,val
data\public\pills-detection-dataset\images\val\VAIPE-mosaic_mosaic_02199.jpg,4,val
data\public\pills-detection-dataset\images\val\VAIPE-mosaic_mosaic_02207.jpg,6,val
data\public\pills-detection-dataset\images\val\VAIPE-mosaic_mosaic_02215.jpg,2,val
data\public\pills-detection-dataset\images\val\VAIPE-mosaic_mosaic_02223.jpg,4,val
data\public\pills-detection-dataset\images\val\VAIPE-mosaic_mosaic_02231.jpg,5,val
data\public\pills-detection-dataset\images\val\VAIPE-mosaic_VAIPE_P_1007_0__VAIPE_P_1008_0.jpg,6,val
data\public\pills-detection-dataset\images\val\VAIPE-mosaic_VAIPE_P_1012_7__VAIPE_P_1012_8.jpg,3,val
data\public\pills-detection-dataset\images\val\VAIPE-mosaic_VAIPE_P_1033_1__VAIPE_P_1034_0.jpg,5,val
data\public\pills-detection-dataset\images\val\VAIPE-mosaic_VAIPE_P_1036_5__VAIPE_P_1036_6.jpg,2,val
data\public\pills-detection-dataset\images\val\VAIPE-mosaic_VAIPE_P_1039_0__VAIPE_P_1039_1.jpg,3,val
data\public\pills-detection-dataset\images\val\VAIPE-mosaic_VAIPE_P_1046_0__VAIPE_P_1047_0.jpg,4,val
data\public\pills-detection-dataset\images\val\VAIPE-mosaic_VAIPE_P_1055_0__VAIPE_P_1055_1.jpg,3,val
data\public\pills-detection-dataset\images\val\VAIPE-mosaic_VAIPE_P_1071_0__VAIPE_P_1071_1.jpg,4,val
data\public\pills-detection-dataset\images\val\VAIPE-mosaic_VAIPE_P_1078_0__VAIPE_P_1079_0.jpg,2,val
data\public\pills-detection-dataset\images\val\VAIPE-mosaic_VAIPE_P_1099_0__VAIPE_P_1099_1.jpg,6,val
data\public\pills-detection-dataset\images\val\VAIPE-mosaic_VAIPE_P_1128_0__VAIPE_P_1129_0.jpg,4,val
data\public\pills-detection-dataset\images\val\VAIPE-mosaic_VAIPE_P_1139_0__VAIPE_P_1140_0.jpg,6,val
data\public\pills-detection-dataset\images\val\VAIPE-mosaic_VAIPE_P_1150_1__VAIPE_P_1151_0.jpg,5,val
data\public\pills-detection-dataset\images\val\VAIPE-mosaic_VAIPE_P_1159_18__VAIPE_P_1159_2.jpg,3,val
data\public\pills-detection-dataset\images\val\VAIPE-mosaic_VAIPE_P_1163_0__VAIPE_P_1163_13.jpg,3,val
data\public\pills-detection-dataset\images\val\VAIPE-mosaic_VAIPE_P_1164_15__VAIPE_P_1164_16.jpg,6,val
data\public\pills-detection-dataset\images\val\VAIPE-mosaic_VAIPE_P_1168_17__VAIPE_P_1168_2.jpg,6,val
data\public\pills-detection-dataset\images\val\VAIPE-mosaic_VAIPE_P_613_0__VAIPE_P_613_1.jpg,5,val
data\public\pills-detection-dataset\images\val\VAIPE-mosaic_VAIPE_P_624_8__VAIPE_P_624_9.jpg,6,val
data\public\pills-detection-dataset\images\val\VAIPE-mosaic_VAIPE_P_631_7__VAIPE_P_632_0.jpg,5,val
data\public\pills-detection-dataset\images\val\VAIPE-mosaic_VAIPE_P_634_6__VAIPE_P_634_7.jpg,6,val
data\public\pills-detection-dataset\images\val\VAIPE-mosaic_VAIPE_P_637_1__VAIPE_P_638_0.jpg,4,val
data\public\pills-detection-dataset\images\val\VAIPE-mosaic_VAIPE_P_642_3__VAIPE_P_643_4.jpg,6,val
data\public\pills-detection-dataset\images\val\VAIPE-mosaic_VAIPE_P_647_4__VAIPE_P_647_6.jpg,2,val
data\public\pills-detection-dataset\images\val\VAIPE-mosaic_VAIPE_P_652_0__VAIPE_P_652_1.jpg,6,val
data\public\pills-detection-dataset\images\val\VAIPE-mosaic_VAIPE_P_654_18__VAIPE_P_654_19.jpg,4,val
data\public\pills-detection-dataset\images\val\VAIPE-mosaic_VAIPE_P_655_10__VAIPE_P_655_12.jpg,6,val
data\public\pills-detection-dataset\images\val\VAIPE-mosaic_VAIPE_P_655_5__VAIPE_P_655_7.jpg,6,val
data\public\pills-detection-dataset\images\val\VAIPE-mosaic_VAIPE_P_662_0__VAIPE_P_663_0.jpg,6,val
data\public\pills-detection-dataset\images\val\VAIPE-mosaic_VAIPE_P_683_11__VAIPE_P_683_12.jpg,4,val
data\public\pills-detection-dataset\images\val\VAIPE-mosaic_VAIPE_P_683_7__VAIPE_P_683_8.jpg,4,val
data\public\pills-detection-dataset\images\val\VAIPE-mosaic_VAIPE_P_703_12__VAIPE_P_703_16.jpg,2,val
data\public\pills-detection-dataset\images\val\VAIPE-mosaic_VAIPE_P_709_7__VAIPE_P_710_0.jpg,3,val
data\public\pills-detection-dataset\images\val\VAIPE-mosaic_VAIPE_P_713_9__VAIPE_P_714_0.jpg,6,val
data\public\pills-detection-dataset\images\val\VAIPE-mosaic_VAIPE_P_716_10__VAIPE_P_716_11.jpg,3,val
data\public\pills-detection-dataset\images\val\VAIPE-mosaic_VAIPE_P_718_13__VAIPE_P_718_14.jpg,3,val
data\public\pills-detection-dataset\images\val\VAIPE-mosaic_VAIPE_P_720_1__VAIPE_P_720_10.jpg,5,val
data\public\pills-detection-dataset\images\val\VAIPE-mosaic_VAIPE_P_725_10__VAIPE_P_725_11.jpg,6,val
data\public\pills-detection-dataset\images\val\VAIPE-mosaic_VAIPE_P_725_26__VAIPE_P_725_27.jpg,2,val
data\public\pills-detection-dataset\images\val\VAIPE-mosaic_VAIPE_P_727_13__VAIPE_P_727_14.jpg,4,val
data\public\pills-detection-dataset\images\val\VAIPE-mosaic_VAIPE_P_740_16__VAIPE_P_740_17.jpg,2,val
data\public\pills-detection-dataset\images\val\VAIPE-mosaic_VAIPE_P_741_9__VAIPE_P_742_2.jpg,4,val
data\public\pills-detection-dataset\images\val\VAIPE-mosaic_VAIPE_P_748_1__VAIPE_P_748_2.jpg,6,val
data\public\pills-detection-dataset\images\val\VAIPE-mosaic_VAIPE_P_752_4__VAIPE_P_752_6.jpg,4,val
data\public\pills-detection-dataset\images\val\VAIPE-mosaic_VAIPE_P_759_7__VAIPE_P_759_8.jpg,5,val
data\public\pills-detection-dataset\images\val\VAIPE-mosaic_VAIPE_P_763_0__VAIPE_P_763_1.jpg,2,val
data\public\pills-detection-dataset\images\val\VAIPE-mosaic_VAIPE_P_767_0__VAIPE_P_767_1.jpg,4,val
data\public\pills-detection-dataset\images\val\VAIPE-mosaic_VAIPE_P_771_3__VAIPE_P_772_0.jpg,2,val
data\public\pills-detection-dataset\images\val\VAIPE-mosaic_VAIPE_P_781_0__VAIPE_P_782_0.jpg,3,val
data\public\pills-detection-dataset\images\val\VAIPE-mosaic_VAIPE_P_799_0__VAIPE_P_804_0.jpg,5,val
data\public\pills-detection-dataset\images\val\VAIPE-mosaic_VAIPE_P_829_3__VAIPE_P_829_4.jpg,6,val
data\public\pills-detection-dataset\images\val\VAIPE-mosaic_VAIPE_P_841_1__VAIPE_P_841_2.jpg,3,val
data\public\pills-detection-dataset\images\val\VAIPE-mosaic_VAIPE_P_846_0__VAIPE_P_846_1.jpg,5,val
data\public\pills-detection-dataset\images\val\VAIPE-mosaic_VAIPE_P_850_4__VAIPE_P_850_5.jpg,4,val
data\public\pills-detection-dataset\images\val\VAIPE-mosaic_VAIPE_P_856_3__VAIPE_P_857_0.jpg,3,val
data\public\pills-detection-dataset\images\val\VAIPE-mosaic_VAIPE_P_865_7__VAIPE_P_866_0.jpg,6,val
data\public\pills-detection-dataset\images\val\VAIPE-mosaic_VAIPE_P_867_5__VAIPE_P_868_0.jpg,5,val
data\public\pills-detection-dataset\images\val\VAIPE-mosaic_VAIPE_P_870_11__VAIPE_P_870_2.jpg,4,val
data\public\pills-detection-dataset\images\val\VAIPE-mosaic_VAIPE_P_875_3__VAIPE_P_875_4.jpg,4,val
data\public\pills-detection-dataset\images\val\VAIPE-mosaic_VAIPE_P_881_2__VAIPE_P_881_3.jpg,6,val
data\public\pills-detection-dataset\images\val\VAIPE-mosaic_VAIPE_P_889_2__VAIPE_P_889_3.jpg,3,val
data\public\pills-detection-dataset\images\val\VAIPE-mosaic_VAIPE_P_899_1__VAIPE_P_899_2.jpg,2,val
data\public\pills-detection-dataset\images\val\VAIPE-mosaic_VAIPE_P_919_0__VAIPE_P_920_0.jpg,3,val
data\public\pills-detection-dataset\images\val\VAIPE-mosaic_VAIPE_P_930_12__VAIPE_P_930_13.jpg,5,val
data\public\pills-detection-dataset\images\val\VAIPE-mosaic_VAIPE_P_931_2__VAIPE_P_931_3.jpg,4,val
data\public\pills-detection-dataset\images\val\VAIPE-mosaic_VAIPE_P_936_8__VAIPE_P_939_0.jpg,5,val
data\public\pills-detection-dataset\images\val\VAIPE-mosaic_VAIPE_P_941_3__VAIPE_P_942_0.jpg,6,val
data\public\pills-detection-dataset\images\val\VAIPE-mosaic_VAIPE_P_944_5__VAIPE_P_944_6.jpg,6,val
data\public\pills-detection-dataset\images\val\VAIPE-mosaic_VAIPE_P_946_6__VAIPE_P_946_8.jpg,4,val
data\public\pills-detection-dataset\images\val\VAIPE-mosaic_VAIPE_P_953_2__VAIPE_P_953_3.jpg,4,val
data\public\pills-detection-dataset\images\val\VAIPE-mosaic_VAIPE_P_954_3__VAIPE_P_954_4.jpg,4,val
data\public\pills-detection-dataset\images\val\VAIPE-mosaic_VAIPE_P_968_0__VAIPE_P_968_1.jpg,4,val
data\public\pills-detection-dataset\images\val\VAIPE-mosaic_VAIPE_P_971_2__VAIPE_P_971_3.jpg,2,val
data\public\pills-detection-dataset\images\val\VAIPE-mosaic_VAIPE_P_979_3__VAIPE_P_980_0.jpg,6,val
data\public\pills-detection-dataset\images\val\VAIPE-mosaic_VAIPE_P_985_1__VAIPE_P_985_2.jpg,6,val
data\public\pills-detection-dataset\images\val\VAIPE-mosaic_VAIPE_P_993_0__VAIPE_P_994_0.jpg,2,val
data\public\pills-detection-dataset\images\val\VAIPE-mosaic_VAIPE_PI_198__VAIPE_PI_2078.jpg,6,val
data\public\pills-detection-dataset\images\val\VAIPE-mosaic_VAIPE_PI_6506__VAIPE_PI_6593.jpg,3,val
data\public\pills-detection-dataset\images\val\VAIPE-reannotated_VAIPE_P_0_12.jpg,3,val
data\public\pills-detection-dataset\images\val\VAIPE-reannotated_VAIPE_P_0_21.jpg,3,val
data\public\pills-detection-dataset\images\val\VAIPE-reannotated_VAIPE_P_0_4.jpg,3,val
data\public\pills-detection-dataset\images\val\VAIPE-reannotated_VAIPE_P_1012_10.jpg,3,val
data\public\pills-detection-dataset\images\val\VAIPE-reannotated_VAIPE_P_1020_0.jpg,6,val
data\public\pills-detection-dataset\images\val\VAIPE-reannotated_VAIPE_P_102_12.jpg,2,val
data\public\pills-detection-dataset\images\val\VAIPE-reannotated_VAIPE_P_1034_1.jpg,4,val
data\public\pills-detection-dataset\images\val\VAIPE-reannotated_VAIPE_P_1035_5.jpg,4,val
data\public\pills-detection-dataset\images\val\VAIPE-reannotated_VAIPE_P_103_10.jpg,1,val
data\public\pills-detection-dataset\images\val\VAIPE-reannotated_VAIPE_P_104_13.jpg,6,val
data\public\pills-detection-dataset\images\val\VAIPE-reannotated_VAIPE_P_104_3.jpg,6,val
data\public\pills-detection-dataset\images\val\VAIPE-reannotated_VAIPE_P_1051_2.jpg,6,val
data\public\pills-detection-dataset\images\val\VAIPE-reannotated_VAIPE_P_1059_0.jpg,6,val
data\public\pills-detection-dataset\images\val\VAIPE-reannotated_VAIPE_P_1064_3.jpg,5,val
data\public\pills-detection-dataset\images\val\VAIPE-reannotated_VAIPE_P_106_18.jpg,3,val
data\public\pills-detection-dataset\images\val\VAIPE-reannotated_VAIPE_P_1090_1.jpg,4,val
data\public\pills-detection-dataset\images\val\VAIPE-reannotated_VAIPE_P_1098_5.jpg,4,val
data\public\pills-detection-dataset\images\val\VAIPE-reannotated_VAIPE_P_1115_3.jpg,2,val
data\public\pills-detection-dataset\images\val\VAIPE-reannotated_VAIPE_P_1123_3.jpg,3,val
data\public\pills-detection-dataset\images\val\VAIPE-reannotated_VAIPE_P_1138_0.jpg,2,val
data\public\pills-detection-dataset\images\val\VAIPE-reannotated_VAIPE_P_113_7.jpg,3,val
data\public\pills-detection-dataset\images\val\VAIPE-reannotated_VAIPE_P_1157_2.jpg,4,val
data\public\pills-detection-dataset\images\val\VAIPE-reannotated_VAIPE_P_1158_18.jpg,5,val
data\public\pills-detection-dataset\images\val\VAIPE-reannotated_VAIPE_P_1158_26.jpg,5,val
data\public\pills-detection-dataset\images\val\VAIPE-reannotated_VAIPE_P_1158_33.jpg,5,val
data\public\pills-detection-dataset\images\val\VAIPE-reannotated_VAIPE_P_1159_19.jpg,1,val
data\public\pills-detection-dataset\images\val\VAIPE-reannotated_VAIPE_P_1159_45.jpg,4,val
data\public\pills-detection-dataset\images\val\VAIPE-reannotated_VAIPE_P_115_6.jpg,3,val
data\public\pills-detection-dataset\images\val\VAIPE-reannotated_VAIPE_P_1160_22.jpg,5,val
data\public\pills-detection-dataset\images\val\VAIPE-reannotated_VAIPE_P_1160_9.jpg,5,val
data\public\pills-detection-dataset\images\val\VAIPE-reannotated_VAIPE_P_1161_3.jpg,4,val
data\public\pills-detection-dataset\images\val\VAIPE-reannotated_VAIPE_P_1162_19.jpg,6,val
data\public\pills-detection-dataset\images\val\VAIPE-reannotated_VAIPE_P_1163_18.jpg,2,val
data\public\pills-detection-dataset\images\val\VAIPE-reannotated_VAIPE_P_1164_22.jpg,3,val
data\public\pills-detection-dataset\images\val\VAIPE-reannotated_VAIPE_P_1166_13.jpg,6,val
data\public\pills-detection-dataset\images\val\VAIPE-reannotated_VAIPE_P_1167_15.jpg,6,val
data\public\pills-detection-dataset\images\val\VAIPE-reannotated_VAIPE_P_1167_4.jpg,6,val
data\public\pills-detection-dataset\images\val\VAIPE-reannotated_VAIPE_P_1168_4.jpg,3,val
data\public\pills-detection-dataset\images\val\VAIPE-reannotated_VAIPE_P_1169_19.jpg,5,val
data\public\pills-detection-dataset\images\val\VAIPE-reannotated_VAIPE_P_1170_19.jpg,4,val
data\public\pills-detection-dataset\images\val\VAIPE-reannotated_VAIPE_P_118_29.jpg,2,val
data\public\pills-detection-dataset\images\val\VAIPE-reannotated_VAIPE_P_122_1.jpg,2,val
data\public\pills-detection-dataset\images\val\VAIPE-reannotated_VAIPE_P_123_8.jpg,4,val
data\public\pills-detection-dataset\images\val\VAIPE-reannotated_VAIPE_P_124_3.jpg,5,val
data\public\pills-detection-dataset\images\val\VAIPE-reannotated_VAIPE_P_126_12.jpg,5,val
data\public\pills-detection-dataset\images\val\VAIPE-reannotated_VAIPE_P_12_1.jpg,4,val
data\public\pills-detection-dataset\images\val\VAIPE-reannotated_VAIPE_P_137_13.jpg,6,val
data\public\pills-detection-dataset\images\val\VAIPE-reannotated_VAIPE_P_141_7.jpg,6,val
data\public\pills-detection-dataset\images\val\VAIPE-reannotated_VAIPE_P_144_61.jpg,6,val
data\public\pills-detection-dataset\images\val\VAIPE-reannotated_VAIPE_P_145_4.jpg,2,val
data\public\pills-detection-dataset\images\val\VAIPE-reannotated_VAIPE_P_146_24.jpg,6,val
data\public\pills-detection-dataset\images\val\VAIPE-reannotated_VAIPE_P_152_0.jpg,4,val
data\public\pills-detection-dataset\images\val\VAIPE-reannotated_VAIPE_P_155_1.jpg,2,val
data\public\pills-detection-dataset\images\val\VAIPE-reannotated_VAIPE_P_156_2.jpg,6,val
data\public\pills-detection-dataset\images\val\VAIPE-reannotated_VAIPE_P_164_5.jpg,5,val
data\public\pills-detection-dataset\images\val\VAIPE-reannotated_VAIPE_P_167_13.jpg,4,val
data\public\pills-detection-dataset\images\val\VAIPE-reannotated_VAIPE_P_167_7.jpg,4,val
data\public\pills-detection-dataset\images\val\VAIPE-reannotated_VAIPE_P_168_23.jpg,3,val
data\public\pills-detection-dataset\images\val\VAIPE-reannotated_VAIPE_P_168_43.jpg,1,val
data\public\pills-detection-dataset\images\val\VAIPE-reannotated_VAIPE_P_176_1.jpg,2,val
data\public\pills-detection-dataset\images\val\VAIPE-reannotated_VAIPE_P_181_14.jpg,1,val
data\public\pills-detection-dataset\images\val\VAIPE-reannotated_VAIPE_P_186_0.jpg,6,val
data\public\pills-detection-dataset\images\val\VAIPE-reannotated_VAIPE_P_187_9.jpg,6,val
data\public\pills-detection-dataset\images\val\VAIPE-reannotated_VAIPE_P_188_15.jpg,2,val
data\public\pills-detection-dataset\images\val\VAIPE-reannotated_VAIPE_P_188_6.jpg,2,val
data\public\pills-detection-dataset\images\val\VAIPE-reannotated_VAIPE_P_1_11.jpg,2,val
data\public\pills-detection-dataset\images\val\VAIPE-reannotated_VAIPE_P_1_23.jpg,3,val
data\public\pills-detection-dataset\images\val\VAIPE-reannotated_VAIPE_P_1_36.jpg,3,val
data\public\pills-detection-dataset\images\val\VAIPE-reannotated_VAIPE_P_205_0.jpg,3,val
data\public\pills-detection-dataset\images\val\VAIPE-reannotated_VAIPE_P_208_3.jpg,1,val
data\public\pills-detection-dataset\images\val\VAIPE-reannotated_VAIPE_P_218_16.jpg,4,val
data\public\pills-detection-dataset\images\val\VAIPE-reannotated_VAIPE_P_219_5.jpg,2,val
data\public\pills-detection-dataset\images\val\VAIPE-reannotated_VAIPE_P_221_22.jpg,3,val
data\public\pills-detection-dataset\images\val\VAIPE-reannotated_VAIPE_P_229_0.jpg,4,val
data\public\pills-detection-dataset\images\val\VAIPE-reannotated_VAIPE_P_230_12.jpg,5,val
data\public\pills-detection-dataset\images\val\VAIPE-reannotated_VAIPE_P_234_1.jpg,4,val
data\public\pills-detection-dataset\images\val\VAIPE-reannotated_VAIPE_P_236_9.jpg,4,val
data\public\pills-detection-dataset\images\val\VAIPE-reannotated_VAIPE_P_23_8.jpg,5,val
data\public\pills-detection-dataset\images\val\VAIPE-reannotated_VAIPE_P_241_2.jpg,3,val
data\public\pills-detection-dataset\images\val\VAIPE-reannotated_VAIPE_P_247_4.jpg,2,val
data\public\pills-detection-dataset\images\val\VAIPE-reannotated_VAIPE_P_24_6.jpg,3,val
data\public\pills-detection-dataset\images\val\VAIPE-reannotated_VAIPE_P_252_5.jpg,4,val
data\public\pills-detection-dataset\images\val\VAIPE-reannotated_VAIPE_P_25_16.jpg,3,val
data\public\pills-detection-dataset\images\val\VAIPE-reannotated_VAIPE_P_269_1.jpg,4,val
data\public\pills-detection-dataset\images\val\VAIPE-reannotated_VAIPE_P_277_0.jpg,4,val
data\public\pills-detection-dataset\images\val\VAIPE-reannotated_VAIPE_P_27_9.jpg,2,val
data\public\pills-detection-dataset\images\val\VAIPE-reannotated_VAIPE_P_290_6.jpg,6,val
data\public\pills-detection-dataset\images\val\VAIPE-reannotated_VAIPE_P_297_5.jpg,5,val
data\public\pills-detection-dataset\images\val\VAIPE-reannotated_VAIPE_P_300_1.jpg,5,val
data\public\pills-detection-dataset\images\val\VAIPE-reannotated_VAIPE_P_303_1.jpg,3,val
data\public\pills-detection-dataset\images\val\VAIPE-reannotated_VAIPE_P_304_13.jpg,5,val
data\public\pills-detection-dataset\images\val\VAIPE-reannotated_VAIPE_P_304_6.jpg,3,val
data\public\pills-detection-dataset\images\val\VAIPE-reannotated_VAIPE_P_305_25.jpg,4,val
data\public\pills-detection-dataset\images\val\VAIPE-reannotated_VAIPE_P_306_23.jpg,3,val
data\public\pills-detection-dataset\images\val\VAIPE-reannotated_VAIPE_P_306_4.jpg,3,val
data\public\pills-detection-dataset\images\val\VAIPE-reannotated_VAIPE_P_30_8.jpg,2,val
data\public\pills-detection-dataset\images\val\VAIPE-reannotated_VAIPE_P_313_11.jpg,3,val
data\public\pills-detection-dataset\images\val\VAIPE-reannotated_VAIPE_P_313_19.jpg,2,val
data\public\pills-detection-dataset\images\val\VAIPE-reannotated_VAIPE_P_313_26.jpg,3,val
data\public\pills-detection-dataset\images\val\VAIPE-reannotated_VAIPE_P_314_1.jpg,1,val
data\public\pills-detection-dataset\images\val\VAIPE-reannotated_VAIPE_P_314_7.jpg,3,val
data\public\pills-detection-dataset\images\val\VAIPE-reannotated_VAIPE_P_327_4.jpg,6,val
data\public\pills-detection-dataset\images\val\VAIPE-reannotated_VAIPE_P_337_5.jpg,4,val
data\public\pills-detection-dataset\images\val\VAIPE-reannotated_VAIPE_P_339_13.jpg,2,val
data\public\pills-detection-dataset\images\val\VAIPE-reannotated_VAIPE_P_339_3.jpg,2,val
data\public\pills-detection-dataset\images\val\VAIPE-reannotated_VAIPE_P_33_1.jpg,3,val
data\public\pills-detection-dataset\images\val\VAIPE-reannotated_VAIPE_P_343_3.jpg,6,val
data\public\pills-detection-dataset\images\val\VAIPE-reannotated_VAIPE_P_350_4.jpg,2,val
data\public\pills-detection-dataset\images\val\VAIPE-reannotated_VAIPE_P_353_14.jpg,4,val
data\public\pills-detection-dataset\images\val\VAIPE-reannotated_VAIPE_P_353_29.jpg,4,val
data\public\pills-detection-dataset\images\val\VAIPE-reannotated_VAIPE_P_354_19.jpg,6,val
data\public\pills-detection-dataset\images\val\VAIPE-reannotated_VAIPE_P_358_0.jpg,2,val
data\public\pills-detection-dataset\images\val\VAIPE-reannotated_VAIPE_P_359_1.jpg,2,val
data\public\pills-detection-dataset\images\val\VAIPE-reannotated_VAIPE_P_365_1.jpg,2,val
data\public\pills-detection-dataset\images\val\VAIPE-reannotated_VAIPE_P_366_4.jpg,2,val
data\public\pills-detection-dataset\images\val\VAIPE-reannotated_VAIPE_P_367_9.jpg,5,val
data\public\pills-detection-dataset\images\val\VAIPE-reannotated_VAIPE_P_369_7.jpg,3,val
data\public\pills-detection-dataset\images\val\VAIPE-reannotated_VAIPE_P_371_1.jpg,5,val
data\public\pills-detection-dataset\images\val\VAIPE-reannotated_VAIPE_P_373_46.jpg,4,val
data\public\pills-detection-dataset\images\val\VAIPE-reannotated_VAIPE_P_375_8.jpg,2,val
data\public\pills-detection-dataset\images\val\VAIPE-reannotated_VAIPE_P_379_18.jpg,5,val
data\public\pills-detection-dataset\images\val\VAIPE-reannotated_VAIPE_P_379_6.jpg,5,val
data\public\pills-detection-dataset\images\val\VAIPE-reannotated_VAIPE_P_381_1.jpg,2,val
data\public\pills-detection-dataset\images\val\VAIPE-reannotated_VAIPE_P_381_18.jpg,1,val
data\public\pills-detection-dataset\images\val\VAIPE-reannotated_VAIPE_P_381_9.jpg,2,val
data\public\pills-detection-dataset\images\val\VAIPE-reannotated_VAIPE_P_385_4.jpg,4,val
data\public\pills-detection-dataset\images\val\VAIPE-reannotated_VAIPE_P_386_7.jpg,4,val
data\public\pills-detection-dataset\images\val\VAIPE-reannotated_VAIPE_P_392_1.jpg,5,val
data\public\pills-detection-dataset\images\val\VAIPE-reannotated_VAIPE_P_396_1.jpg,4,val
data\public\pills-detection-dataset\images\val\VAIPE-reannotated_VAIPE_P_398_0.jpg,1,val
data\public\pills-detection-dataset\images\val\VAIPE-reannotated_VAIPE_P_399_6.jpg,1,val
data\public\pills-detection-dataset\images\val\VAIPE-reannotated_VAIPE_P_3_9.jpg,3,val
data\public\pills-detection-dataset\images\val\VAIPE-reannotated_VAIPE_P_402_4.jpg,2,val
data\public\pills-detection-dataset\images\val\VAIPE-reannotated_VAIPE_P_404_4.jpg,3,val
data\public\pills-detection-dataset\images\val\VAIPE-reannotated_VAIPE_P_405_4.jpg,3,val
data\public\pills-detection-dataset\images\val\VAIPE-reannotated_VAIPE_P_406_4.jpg,1,val
data\public\pills-detection-dataset\images\val\VAIPE-reannotated_VAIPE_P_409_10.jpg,1,val
data\public\pills-detection-dataset\images\val\VAIPE-reannotated_VAIPE_P_409_22.jpg,6,val
data\public\pills-detection-dataset\images\val\VAIPE-reannotated_VAIPE_P_40_10.jpg,4,val
data\public\pills-detection-dataset\images\val\VAIPE-reannotated_VAIPE_P_40_2.jpg,4,val
data\public\pills-detection-dataset\images\val\VAIPE-reannotated_VAIPE_P_40_28.jpg,2,val
data\public\pills-detection-dataset\images\val\VAIPE-reannotated_VAIPE_P_40_38.jpg,4,val
data\public\pills-detection-dataset\images\val\VAIPE-reannotated_VAIPE_P_40_45.jpg,4,val
data\public\pills-detection-dataset\images\val\VAIPE-reannotated_VAIPE_P_40_56.jpg,6,val
data\public\pills-detection-dataset\images\val\VAIPE-reannotated_VAIPE_P_410_14.jpg,1,val
data\public\pills-detection-dataset\images\val\VAIPE-reannotated_VAIPE_P_410_6.jpg,3,val
data\public\pills-detection-dataset\images\val\VAIPE-reannotated_VAIPE_P_411_25.jpg,2,val
data\public\pills-detection-dataset\images\val\VAIPE-reannotated_VAIPE_P_413_1.jpg,5,val
data\public\pills-detection-dataset\images\val\VAIPE-reannotated_VAIPE_P_41_10.jpg,5,val
data\public\pills-detection-dataset\images\val\VAIPE-reannotated_VAIPE_P_425_2.jpg,5,val
data\public\pills-detection-dataset\images\val\VAIPE-reannotated_VAIPE_P_426_14.jpg,4,val
data\public\pills-detection-dataset\images\val\VAIPE-reannotated_VAIPE_P_426_9.jpg,3,val
data\public\pills-detection-dataset\images\val\VAIPE-reannotated_VAIPE_P_428_2.jpg,5,val
data\public\pills-detection-dataset\images\val\VAIPE-reannotated_VAIPE_P_428_38.jpg,5,val
data\public\pills-detection-dataset\images\val\VAIPE-reannotated_VAIPE_P_440_2.jpg,4,val
data\public\pills-detection-dataset\images\val\VAIPE-reannotated_VAIPE_P_447_0.jpg,2,val
data\public\pills-detection-dataset\images\val\VAIPE-reannotated_VAIPE_P_448_4.jpg,3,val
data\public\pills-detection-dataset\images\val\VAIPE-reannotated_VAIPE_P_450_10.jpg,6,val
data\public\pills-detection-dataset\images\val\VAIPE-reannotated_VAIPE_P_454_0.jpg,5,val
data\public\pills-detection-dataset\images\val\VAIPE-reannotated_VAIPE_P_45_12.jpg,5,val
data\public\pills-detection-dataset\images\val\VAIPE-reannotated_VAIPE_P_45_24.jpg,5,val
data\public\pills-detection-dataset\images\val\VAIPE-reannotated_VAIPE_P_45_33.jpg,5,val
data\public\pills-detection-dataset\images\val\VAIPE-reannotated_VAIPE_P_460_2.jpg,1,val
data\public\pills-detection-dataset\images\val\VAIPE-reannotated_VAIPE_P_462_6.jpg,6,val
data\public\pills-detection-dataset\images\val\VAIPE-reannotated_VAIPE_P_464_9.jpg,5,val
data\public\pills-detection-dataset\images\val\VAIPE-reannotated_VAIPE_P_467_3.jpg,4,val
data\public\pills-detection-dataset\images\val\VAIPE-reannotated_VAIPE_P_469_7.jpg,1,val
data\public\pills-detection-dataset\images\val\VAIPE-reannotated_VAIPE_P_46_9.jpg,4,val
data\public\pills-detection-dataset\images\val\VAIPE-reannotated_VAIPE_P_470_6.jpg,2,val
data\public\pills-detection-dataset\images\val\VAIPE-reannotated_VAIPE_P_471_16.jpg,5,val
data\public\pills-detection-dataset\images\val\VAIPE-reannotated_VAIPE_P_471_9.jpg,3,val
data\public\pills-detection-dataset\images\val\VAIPE-reannotated_VAIPE_P_472_2.jpg,3,val
data\public\pills-detection-dataset\images\val\VAIPE-reannotated_VAIPE_P_473_0.jpg,5,val
data\public\pills-detection-dataset\images\val\VAIPE-reannotated_VAIPE_P_473_6.jpg,5,val
data\public\pills-detection-dataset\images\val\VAIPE-reannotated_VAIPE_P_475_15.jpg,1,val
data\public\pills-detection-dataset\images\val\VAIPE-reannotated_VAIPE_P_477_11.jpg,1,val
data\public\pills-detection-dataset\images\val\VAIPE-reannotated_VAIPE_P_477_9.jpg,1,val
data\public\pills-detection-dataset\images\val\VAIPE-reannotated_VAIPE_P_482_7.jpg,3,val
data\public\pills-detection-dataset\images\val\VAIPE-reannotated_VAIPE_P_48_11.jpg,6,val
data\public\pills-detection-dataset\images\val\VAIPE-reannotated_VAIPE_P_494_15.jpg,1,val
data\public\pills-detection-dataset\images\val\VAIPE-reannotated_VAIPE_P_498_1.jpg,1,val
data\public\pills-detection-dataset\images\val\VAIPE-reannotated_VAIPE_P_4_31.jpg,1,val
data\public\pills-detection-dataset\images\val\VAIPE-reannotated_VAIPE_P_503_4.jpg,1,val
data\public\pills-detection-dataset\images\val\VAIPE-reannotated_VAIPE_P_504_22.jpg,3,val
data\public\pills-detection-dataset\images\val\VAIPE-reannotated_VAIPE_P_505_3.jpg,4,val
data\public\pills-detection-dataset\images\val\VAIPE-reannotated_VAIPE_P_508_8.jpg,3,val
data\public\pills-detection-dataset\images\val\VAIPE-reannotated_VAIPE_P_511_0.jpg,4,val
data\public\pills-detection-dataset\images\val\VAIPE-reannotated_VAIPE_P_513_11.jpg,6,val
data\public\pills-detection-dataset\images\val\VAIPE-reannotated_VAIPE_P_513_2.jpg,6,val
data\public\pills-detection-dataset\images\val\VAIPE-reannotated_VAIPE_P_513_6.jpg,6,val
data\public\pills-detection-dataset\images\val\VAIPE-reannotated_VAIPE_P_519_1.jpg,1,val
data\public\pills-detection-dataset\images\val\VAIPE-reannotated_VAIPE_P_523_10.jpg,4,val
data\public\pills-detection-dataset\images\val\VAIPE-reannotated_VAIPE_P_535_3.jpg,3,val
data\public\pills-detection-dataset\images\val\VAIPE-reannotated_VAIPE_P_538_5.jpg,5,val
data\public\pills-detection-dataset\images\val\VAIPE-reannotated_VAIPE_P_540_13.jpg,3,val
data\public\pills-detection-dataset\images\val\VAIPE-reannotated_VAIPE_P_541_6.jpg,5,val
data\public\pills-detection-dataset\images\val\VAIPE-reannotated_VAIPE_P_544_2.jpg,3,val
data\public\pills-detection-dataset\images\val\VAIPE-reannotated_VAIPE_P_546_1.jpg,3,val
data\public\pills-detection-dataset\images\val\VAIPE-reannotated_VAIPE_P_551_2.jpg,4,val
data\public\pills-detection-dataset\images\val\VAIPE-reannotated_VAIPE_P_559_4.jpg,3,val
data\public\pills-detection-dataset\images\val\VAIPE-reannotated_VAIPE_P_561_3.jpg,3,val
data\public\pills-detection-dataset\images\val\VAIPE-reannotated_VAIPE_P_571_17.jpg,5,val
data\public\pills-detection-dataset\images\val\VAIPE-reannotated_VAIPE_P_571_6.jpg,5,val
data\public\pills-detection-dataset\images\val\VAIPE-reannotated_VAIPE_P_578_2.jpg,4,val
data\public\pills-detection-dataset\images\val\VAIPE-reannotated_VAIPE_P_586_0.jpg,1,val
data\public\pills-detection-dataset\images\val\VAIPE-reannotated_VAIPE_P_591_5.jpg,3,val
data\public\pills-detection-dataset\images\val\VAIPE-reannotated_VAIPE_P_594_9.jpg,3,val
data\public\pills-detection-dataset\images\val\VAIPE-reannotated_VAIPE_P_598_3.jpg,2,val
data\public\pills-detection-dataset\images\val\VAIPE-reannotated_VAIPE_P_5_19.jpg,4,val
data\public\pills-detection-dataset\images\val\VAIPE-reannotated_VAIPE_P_615_0.jpg,3,val
data\public\pills-detection-dataset\images\val\VAIPE-reannotated_VAIPE_P_621_6.jpg,3,val
data\public\pills-detection-dataset\images\val\VAIPE-reannotated_VAIPE_P_62_7.jpg,3,val
data\public\pills-detection-dataset\images\val\VAIPE-reannotated_VAIPE_P_631_4.jpg,3,val
data\public\pills-detection-dataset\images\val\VAIPE-reannotated_VAIPE_P_634_2.jpg,4,val
data\public\pills-detection-dataset\images\val\VAIPE-reannotated_VAIPE_P_63_1.jpg,3,val
data\public\pills-detection-dataset\images\val\VAIPE-reannotated_VAIPE_P_63_17.jpg,3,val
data\public\pills-detection-dataset\images\val\VAIPE-reannotated_VAIPE_P_63_26.jpg,6,val
data\public\pills-detection-dataset\images\val\VAIPE-reannotated_VAIPE_P_641_11.jpg,4,val
data\public\pills-detection-dataset\images\val\VAIPE-reannotated_VAIPE_P_643_7.jpg,4,val
data\public\pills-detection-dataset\images\val\VAIPE-reannotated_VAIPE_P_647_5.jpg,1,val
data\public\pills-detection-dataset\images\val\VAIPE-reannotated_VAIPE_P_654_20.jpg,4,val
data\public\pills-detection-dataset\images\val\VAIPE-reannotated_VAIPE_P_655_11.jpg,4,val
data\public\pills-detection-dataset\images\val\VAIPE-reannotated_VAIPE_P_655_6.jpg,4,val
data\public\pills-detection-dataset\images\val\VAIPE-reannotated_VAIPE_P_666_2.jpg,4,val
data\public\pills-detection-dataset\images\val\VAIPE-reannotated_VAIPE_P_669_7.jpg,5,val
data\public\pills-detection-dataset\images\val\VAIPE-reannotated_VAIPE_P_675_7.jpg,6,val
data\public\pills-detection-dataset\images\val\VAIPE-reannotated_VAIPE_P_682_1.jpg,1,val
data\public\pills-detection-dataset\images\val\VAIPE-reannotated_VAIPE_P_684_14.jpg,5,val
data\public\pills-detection-dataset\images\val\VAIPE-reannotated_VAIPE_P_684_8.jpg,5,val
data\public\pills-detection-dataset\images\val\VAIPE-reannotated_VAIPE_P_692_3.jpg,6,val
data\public\pills-detection-dataset\images\val\VAIPE-reannotated_VAIPE_P_703_15.jpg,2,val
data\public\pills-detection-dataset\images\val\VAIPE-reannotated_VAIPE_P_705_2.jpg,3,val
data\public\pills-detection-dataset\images\val\VAIPE-reannotated_VAIPE_P_710_5.jpg,2,val
data\public\pills-detection-dataset\images\val\VAIPE-reannotated_VAIPE_P_716_4.jpg,1,val
data\public\pills-detection-dataset\images\val\VAIPE-reannotated_VAIPE_P_720_6.jpg,4,val
data\public\pills-detection-dataset\images\val\VAIPE-reannotated_VAIPE_P_725_2.jpg,1,val
data\public\pills-detection-dataset\images\val\VAIPE-reannotated_VAIPE_P_728_11.jpg,4,val
data\public\pills-detection-dataset\images\val\VAIPE-reannotated_VAIPE_P_731_0.jpg,4,val
data\public\pills-detection-dataset\images\val\VAIPE-reannotated_VAIPE_P_739_2.jpg,3,val
data\public\pills-detection-dataset\images\val\VAIPE-reannotated_VAIPE_P_741_14.jpg,3,val
data\public\pills-detection-dataset\images\val\VAIPE-reannotated_VAIPE_P_742_1.jpg,4,val
data\public\pills-detection-dataset\images\val\VAIPE-reannotated_VAIPE_P_744_2.jpg,4,val
data\public\pills-detection-dataset\images\val\VAIPE-reannotated_VAIPE_P_762_1.jpg,3,val
data\public\pills-detection-dataset\images\val\VAIPE-reannotated_VAIPE_P_769_0.jpg,6,val
data\public\pills-detection-dataset\images\val\VAIPE-reannotated_VAIPE_P_772_2.jpg,3,val
data\public\pills-detection-dataset\images\val\VAIPE-reannotated_VAIPE_P_77_38.jpg,4,val
data\public\pills-detection-dataset\images\val\VAIPE-reannotated_VAIPE_P_795_4.jpg,6,val
data\public\pills-detection-dataset\images\val\VAIPE-reannotated_VAIPE_P_796_26.jpg,5,val
data\public\pills-detection-dataset\images\val\VAIPE-reannotated_VAIPE_P_798_1.jpg,2,val
data\public\pills-detection-dataset\images\val\VAIPE-reannotated_VAIPE_P_79_7.jpg,3,val
data\public\pills-detection-dataset\images\val\VAIPE-reannotated_VAIPE_P_805_2.jpg,6,val
data\public\pills-detection-dataset\images\val\VAIPE-reannotated_VAIPE_P_808_0.jpg,3,val
data\public\pills-detection-dataset\images\val\VAIPE-reannotated_VAIPE_P_814_0.jpg,3,val
data\public\pills-detection-dataset\images\val\VAIPE-reannotated_VAIPE_P_818_7.jpg,3,val
data\public\pills-detection-dataset\images\val\VAIPE-reannotated_VAIPE_P_822_11.jpg,5,val
data\public\pills-detection-dataset\images\val\VAIPE-reannotated_VAIPE_P_822_4.jpg,5,val
data\public\pills-detection-dataset\images\val\VAIPE-reannotated_VAIPE_P_824_0.jpg,1,val
data\public\pills-detection-dataset\images\val\VAIPE-reannotated_VAIPE_P_825_5.jpg,1,val
data\public\pills-detection-dataset\images\val\VAIPE-reannotated_VAIPE_P_844_10.jpg,1,val
data\public\pills-detection-dataset\images\val\VAIPE-reannotated_VAIPE_P_844_3.jpg,1,val
data\public\pills-detection-dataset\images\val\VAIPE-reannotated_VAIPE_P_849_0.jpg,4,val
data\public\pills-detection-dataset\images\val\VAIPE-reannotated_VAIPE_P_866_3.jpg,6,val
data\public\pills-detection-dataset\images\val\VAIPE-reannotated_VAIPE_P_872_4.jpg,5,val
data\public\pills-detection-dataset\images\val\VAIPE-reannotated_VAIPE_P_873_13.jpg,6,val
data\public\pills-detection-dataset\images\val\VAIPE-reannotated_VAIPE_P_873_7.jpg,6,val
data\public\pills-detection-dataset\images\val\VAIPE-reannotated_VAIPE_P_874_6.jpg,2,val
data\public\pills-detection-dataset\images\val\VAIPE-reannotated_VAIPE_P_87_9.jpg,6,val
data\public\pills-detection-dataset\images\val\VAIPE-reannotated_VAIPE_P_892_1.jpg,5,val
data\public\pills-detection-dataset\images\val\VAIPE-reannotated_VAIPE_P_898_7.jpg,5,val
data\public\pills-detection-dataset\images\val\VAIPE-reannotated_VAIPE_P_903_0.jpg,4,val
data\public\pills-detection-dataset\images\val\VAIPE-reannotated_VAIPE_P_908_5.jpg,5,val
data\public\pills-detection-dataset\images\val\VAIPE-reannotated_VAIPE_P_911_2.jpg,2,val
data\public\pills-detection-dataset\images\val\VAIPE-reannotated_VAIPE_P_91_4.jpg,6,val
data\public\pills-detection-dataset\images\val\VAIPE-reannotated_VAIPE_P_923_16.jpg,6,val
data\public\pills-detection-dataset\images\val\VAIPE-reannotated_VAIPE_P_936_2.jpg,1,val
data\public\pills-detection-dataset\images\val\VAIPE-reannotated_VAIPE_P_938_1.jpg,2,val
data\public\pills-detection-dataset\images\val\VAIPE-reannotated_VAIPE_P_942_3.jpg,2,val
data\public\pills-detection-dataset\images\val\VAIPE-reannotated_VAIPE_P_946_7.jpg,2,val
data\public\pills-detection-dataset\images\val\VAIPE-reannotated_VAIPE_P_963_0.jpg,5,val
data\public\pills-detection-dataset\images\val\VAIPE-reannotated_VAIPE_P_973_0.jpg,2,val
data\public\pills-detection-dataset\images\val\VAIPE-reannotated_VAIPE_P_977_4.jpg,3,val
data\public\pills-detection-dataset\images\val\VAIPE-reannotated_VAIPE_P_988_1.jpg,4,val
data\public\pills-detection-dataset\images\val\VAIPE-reannotated_VAIPE_P_998_5.jpg,2,val
data\public\pills-detection-dataset\images\val\VAIPE-reannotated_VAIPE_P_9_6.jpg,5,val
data\public\pills-detection-dataset\images\val\VAIPE-reannotated_VAIPE_PI_3537.jpg,2,val
data\public\pills-detection-dataset\images\val\VAIPE-reannotated_VAIPE_PI_4347.jpg,6,val
data\public\pills-detection-dataset\images\val\VAIPE-reannotated_VAIPE_PI_7214.jpg,4,val
data\public\pills-detection-dataset\images\val\VAIPE-reannotated_VAIPE_PI_958.jpg,3,val
data\public\pills-detection-dataset\images\val\VAIPE-test_TEST_VAIPE_P_0_5.jpg,6,val
data\public\pills-detection-dataset\images\val\VAIPE-test_TEST_VAIPE_P_103_0.jpg,3,val
data\public\pills-detection-dataset\images\val\VAIPE-test_TEST_VAIPE_P_103_8.jpg,4,val
data\public\pills-detection-dataset\images\val\VAIPE-test_TEST_VAIPE_P_106_7.jpg,2,val
data\public\pills-detection-dataset\images\val\VAIPE-test_TEST_VAIPE_P_108_0.jpg,1,val
data\public\pills-detection-dataset\images\val\VAIPE-test_TEST_VAIPE_P_109_4.jpg,2,val
data\public\pills-detection-dataset\images\val\VAIPE-test_TEST_VAIPE_P_110_0.jpg,2,val
data\public\pills-detection-dataset\images\val\VAIPE-test_TEST_VAIPE_P_110_3.jpg,2,val
data\public\pills-detection-dataset\images\val\VAIPE-test_TEST_VAIPE_P_111_1.jpg,2,val
data\public\pills-detection-dataset\images\val\VAIPE-test_TEST_VAIPE_P_113_11.jpg,5,val
data\public\pills-detection-dataset\images\val\VAIPE-test_TEST_VAIPE_P_113_9.jpg,4,val
data\public\pills-detection-dataset\images\val\VAIPE-test_TEST_VAIPE_P_115_1.jpg,2,val
data\public\pills-detection-dataset\images\val\VAIPE-test_TEST_VAIPE_P_117_1.jpg,3,val
data\public\pills-detection-dataset\images\val\VAIPE-test_TEST_VAIPE_P_118_3.jpg,6,val
data\public\pills-detection-dataset\images\val\VAIPE-test_TEST_VAIPE_P_120_0.jpg,2,val
data\public\pills-detection-dataset\images\val\VAIPE-test_TEST_VAIPE_P_120_5.jpg,2,val
data\public\pills-detection-dataset\images\val\VAIPE-test_TEST_VAIPE_P_122_1.jpg,1,val
data\public\pills-detection-dataset\images\val\VAIPE-test_TEST_VAIPE_P_124_0.jpg,2,val
data\public\pills-detection-dataset\images\val\VAIPE-test_TEST_VAIPE_P_126_2.jpg,2,val
data\public\pills-detection-dataset\images\val\VAIPE-test_TEST_VAIPE_P_129_4.jpg,2,val
data\public\pills-detection-dataset\images\val\VAIPE-test_TEST_VAIPE_P_130_2.jpg,1,val
data\public\pills-detection-dataset\images\val\VAIPE-test_TEST_VAIPE_P_132_3.jpg,3,val
data\public\pills-detection-dataset\images\val\VAIPE-test_TEST_VAIPE_P_136_1.jpg,2,val
data\public\pills-detection-dataset\images\val\VAIPE-test_TEST_VAIPE_P_137_0.jpg,1,val
data\public\pills-detection-dataset\images\val\VAIPE-test_TEST_VAIPE_P_140_0.jpg,2,val
data\public\pills-detection-dataset\images\val\VAIPE-test_TEST_VAIPE_P_142_2.jpg,5,val
data\public\pills-detection-dataset\images\val\VAIPE-test_TEST_VAIPE_P_145_0.jpg,6,val
data\public\pills-detection-dataset\images\val\VAIPE-test_TEST_VAIPE_P_147_1.jpg,2,val
data\public\pills-detection-dataset\images\val\VAIPE-test_TEST_VAIPE_P_149_3.jpg,3,val
data\public\pills-detection-dataset\images\val\VAIPE-test_TEST_VAIPE_P_152_0.jpg,2,val
data\public\pills-detection-dataset\images\val\VAIPE-test_TEST_VAIPE_P_154_1.jpg,5,val
data\public\pills-detection-dataset\images\val\VAIPE-test_TEST_VAIPE_P_154_17.jpg,5,val
data\public\pills-detection-dataset\images\val\VAIPE-test_TEST_VAIPE_P_154_3.jpg,5,val
data\public\pills-detection-dataset\images\val\VAIPE-test_TEST_VAIPE_P_155_1.jpg,4,val
data\public\pills-detection-dataset\images\val\VAIPE-test_TEST_VAIPE_P_155_17.jpg,4,val
data\public\pills-detection-dataset\images\val\VAIPE-test_TEST_VAIPE_P_155_24.jpg,4,val
data\public\pills-detection-dataset\images\val\VAIPE-test_TEST_VAIPE_P_155_31.jpg,4,val
data\public\pills-detection-dataset\images\val\VAIPE-test_TEST_VAIPE_P_156_1.jpg,3,val
data\public\pills-detection-dataset\images\val\VAIPE-test_TEST_VAIPE_P_156_17.jpg,3,val
data\public\pills-detection-dataset\images\val\VAIPE-test_TEST_VAIPE_P_156_9.jpg,3,val
data\public\pills-detection-dataset\images\val\VAIPE-test_TEST_VAIPE_P_157_5.jpg,3,val
data\public\pills-detection-dataset\images\val\VAIPE-test_TEST_VAIPE_P_159_11.jpg,4,val
data\public\pills-detection-dataset\images\val\VAIPE-test_TEST_VAIPE_P_159_19.jpg,4,val
data\public\pills-detection-dataset\images\val\VAIPE-test_TEST_VAIPE_P_159_26.jpg,4,val
data\public\pills-detection-dataset\images\val\VAIPE-test_TEST_VAIPE_P_159_33.jpg,4,val
data\public\pills-detection-dataset\images\val\VAIPE-test_TEST_VAIPE_P_15_0.jpg,1,val
data\public\pills-detection-dataset\images\val\VAIPE-test_TEST_VAIPE_P_15_16.jpg,2,val
data\public\pills-detection-dataset\images\val\VAIPE-test_TEST_VAIPE_P_15_4.jpg,2,val
data\public\pills-detection-dataset\images\val\VAIPE-test_TEST_VAIPE_P_160_10.jpg,2,val
data\public\pills-detection-dataset\images\val\VAIPE-test_TEST_VAIPE_P_160_18.jpg,2,val
data\public\pills-detection-dataset\images\val\VAIPE-test_TEST_VAIPE_P_160_9.jpg,2,val
data\public\pills-detection-dataset\images\val\VAIPE-test_TEST_VAIPE_P_161_15.jpg,3,val
data\public\pills-detection-dataset\images\val\VAIPE-test_TEST_VAIPE_P_161_22.jpg,3,val
data\public\pills-detection-dataset\images\val\VAIPE-test_TEST_VAIPE_P_161_3.jpg,3,val
data\public\pills-detection-dataset\images\val\VAIPE-test_TEST_VAIPE_P_161_5.jpg,3,val
data\public\pills-detection-dataset\images\val\VAIPE-test_TEST_VAIPE_P_163_0.jpg,5,val
data\public\pills-detection-dataset\images\val\VAIPE-test_TEST_VAIPE_P_164_1.jpg,4,val
data\public\pills-detection-dataset\images\val\VAIPE-test_TEST_VAIPE_P_164_17.jpg,6,val
data\public\pills-detection-dataset\images\val\VAIPE-test_TEST_VAIPE_P_164_3.jpg,4,val
data\public\pills-detection-dataset\images\val\VAIPE-test_TEST_VAIPE_P_165_1.jpg,2,val
data\public\pills-detection-dataset\images\val\VAIPE-test_TEST_VAIPE_P_165_17.jpg,4,val
data\public\pills-detection-dataset\images\val\VAIPE-test_TEST_VAIPE_P_165_4.jpg,2,val
data\public\pills-detection-dataset\images\val\VAIPE-test_TEST_VAIPE_P_166_10.jpg,3,val
data\public\pills-detection-dataset\images\val\VAIPE-test_TEST_VAIPE_P_166_6.jpg,3,val
data\public\pills-detection-dataset\images\val\VAIPE-test_TEST_VAIPE_P_167_12.jpg,1,val
data\public\pills-detection-dataset\images\val\VAIPE-test_TEST_VAIPE_P_167_2.jpg,1,val
data\public\pills-detection-dataset\images\val\VAIPE-test_TEST_VAIPE_P_167_27.jpg,3,val
data\public\pills-detection-dataset\images\val\VAIPE-test_TEST_VAIPE_P_167_5.jpg,3,val
data\public\pills-detection-dataset\images\val\VAIPE-test_TEST_VAIPE_P_168_11.jpg,3,val
data\public\pills-detection-dataset\images\val\VAIPE-test_TEST_VAIPE_P_168_19.jpg,3,val
data\public\pills-detection-dataset\images\val\VAIPE-test_TEST_VAIPE_P_168_9.jpg,3,val
data\public\pills-detection-dataset\images\val\VAIPE-test_TEST_VAIPE_P_169_15.jpg,3,val
data\public\pills-detection-dataset\images\val\VAIPE-test_TEST_VAIPE_P_169_22.jpg,3,val
data\public\pills-detection-dataset\images\val\VAIPE-test_TEST_VAIPE_P_16_0.jpg,3,val
data\public\pills-detection-dataset\images\val\VAIPE-test_TEST_VAIPE_P_16_8.jpg,6,val
data\public\pills-detection-dataset\images\val\VAIPE-test_TEST_VAIPE_P_170_15.jpg,2,val
data\public\pills-detection-dataset\images\val\VAIPE-test_TEST_VAIPE_P_170_4.jpg,2,val
data\public\pills-detection-dataset\images\val\VAIPE-test_TEST_VAIPE_P_171_10.jpg,1,val
data\public\pills-detection-dataset\images\val\VAIPE-test_TEST_VAIPE_P_171_18.jpg,1,val
data\public\pills-detection-dataset\images\val\VAIPE-test_TEST_VAIPE_P_171_4.jpg,1,val
data\public\pills-detection-dataset\images\val\VAIPE-test_TEST_VAIPE_P_17_2.jpg,4,val
data\public\pills-detection-dataset\images\val\VAIPE-test_TEST_VAIPE_P_18_0.jpg,3,val
data\public\pills-detection-dataset\images\val\VAIPE-test_TEST_VAIPE_P_18_8.jpg,3,val
data\public\pills-detection-dataset\images\val\VAIPE-test_TEST_VAIPE_P_19_5.jpg,1,val
data\public\pills-detection-dataset\images\val\VAIPE-test_TEST_VAIPE_P_20_1.jpg,4,val
data\public\pills-detection-dataset\images\val\VAIPE-test_TEST_VAIPE_P_21_5.jpg,3,val
data\public\pills-detection-dataset\images\val\VAIPE-test_TEST_VAIPE_P_22_13.jpg,5,val
data\public\pills-detection-dataset\images\val\VAIPE-test_TEST_VAIPE_P_23_10.jpg,4,val
data\public\pills-detection-dataset\images\val\VAIPE-test_TEST_VAIPE_P_23_18.jpg,5,val
data\public\pills-detection-dataset\images\val\VAIPE-test_TEST_VAIPE_P_23_7.jpg,4,val
data\public\pills-detection-dataset\images\val\VAIPE-test_TEST_VAIPE_P_26_1.jpg,4,val
data\public\pills-detection-dataset\images\val\VAIPE-test_TEST_VAIPE_P_29_1.jpg,1,val
data\public\pills-detection-dataset\images\val\VAIPE-test_TEST_VAIPE_P_2_2.jpg,6,val
data\public\pills-detection-dataset\images\val\VAIPE-test_TEST_VAIPE_P_30_7.jpg,3,val
data\public\pills-detection-dataset\images\val\VAIPE-test_TEST_VAIPE_P_32_10.jpg,1,val
data\public\pills-detection-dataset\images\val\VAIPE-test_TEST_VAIPE_P_32_18.jpg,1,val
data\public\pills-detection-dataset\images\val\VAIPE-test_TEST_VAIPE_P_32_25.jpg,1,val
data\public\pills-detection-dataset\images\val\VAIPE-test_TEST_VAIPE_P_32_32.jpg,1,val
data\public\pills-detection-dataset\images\val\VAIPE-test_TEST_VAIPE_P_32_4.jpg,1,val
data\public\pills-detection-dataset\images\val\VAIPE-test_TEST_VAIPE_P_33_2.jpg,3,val
data\public\pills-detection-dataset\images\val\VAIPE-test_TEST_VAIPE_P_34_5.jpg,6,val
data\public\pills-detection-dataset\images\val\VAIPE-test_TEST_VAIPE_P_36_12.jpg,1,val
data\public\pills-detection-dataset\images\val\VAIPE-test_TEST_VAIPE_P_36_2.jpg,1,val
data\public\pills-detection-dataset\images\val\VAIPE-test_TEST_VAIPE_P_36_8.jpg,1,val
data\public\pills-detection-dataset\images\val\VAIPE-test_TEST_VAIPE_P_38_0.jpg,5,val
data\public\pills-detection-dataset\images\val\VAIPE-test_TEST_VAIPE_P_38_8.jpg,4,val
data\public\pills-detection-dataset\images\val\VAIPE-test_TEST_VAIPE_P_3_5.jpg,3,val
data\public\pills-detection-dataset\images\val\VAIPE-test_TEST_VAIPE_P_40_3.jpg,4,val
data\public\pills-detection-dataset\images\val\VAIPE-test_TEST_VAIPE_P_41_3.jpg,4,val
data\public\pills-detection-dataset\images\val\VAIPE-test_TEST_VAIPE_P_42_1.jpg,4,val
data\public\pills-detection-dataset\images\val\VAIPE-test_TEST_VAIPE_P_45_1.jpg,3,val
data\public\pills-detection-dataset\images\val\VAIPE-test_TEST_VAIPE_P_47_10.jpg,3,val
data\public\pills-detection-dataset\images\val\VAIPE-test_TEST_VAIPE_P_47_18.jpg,6,val
data\public\pills-detection-dataset\images\val\VAIPE-test_TEST_VAIPE_P_47_8.jpg,3,val
data\public\pills-detection-dataset\images\val\VAIPE-test_TEST_VAIPE_P_49_12.jpg,4,val
data\public\pills-detection-dataset\images\val\VAIPE-test_TEST_VAIPE_P_49_2.jpg,4,val
data\public\pills-detection-dataset\images\val\VAIPE-test_TEST_VAIPE_P_4_0.jpg,3,val
data\public\pills-detection-dataset\images\val\VAIPE-test_TEST_VAIPE_P_51_4.jpg,1,val
data\public\pills-detection-dataset\images\val\VAIPE-test_TEST_VAIPE_P_52_2.jpg,5,val
data\public\pills-detection-dataset\images\val\VAIPE-test_TEST_VAIPE_P_54_2.jpg,2,val
data\public\pills-detection-dataset\images\val\VAIPE-test_TEST_VAIPE_P_55_0.jpg,1,val
data\public\pills-detection-dataset\images\val\VAIPE-test_TEST_VAIPE_P_56_10.jpg,3,val
data\public\pills-detection-dataset\images\val\VAIPE-test_TEST_VAIPE_P_56_8.jpg,3,val
data\public\pills-detection-dataset\images\val\VAIPE-test_TEST_VAIPE_P_57_14.jpg,3,val
data\public\pills-detection-dataset\images\val\VAIPE-test_TEST_VAIPE_P_57_5.jpg,3,val
data\public\pills-detection-dataset\images\val\VAIPE-test_TEST_VAIPE_P_59_10.jpg,1,val
data\public\pills-detection-dataset\images\val\VAIPE-test_TEST_VAIPE_P_59_18.jpg,1,val
data\public\pills-detection-dataset\images\val\VAIPE-test_TEST_VAIPE_P_59_25.jpg,1,val
data\public\pills-detection-dataset\images\val\VAIPE-test_TEST_VAIPE_P_59_32.jpg,1,val
data\public\pills-detection-dataset\images\val\VAIPE-test_TEST_VAIPE_P_59_4.jpg,1,val
data\public\pills-detection-dataset\images\val\VAIPE-test_TEST_VAIPE_P_59_47.jpg,1,val
data\public\pills-detection-dataset\images\val\VAIPE-test_TEST_VAIPE_P_59_54.jpg,1,val
data\public\pills-detection-dataset\images\val\VAIPE-test_TEST_VAIPE_P_59_7.jpg,1,val
data\public\pills-detection-dataset\images\val\VAIPE-test_TEST_VAIPE_P_5_3.jpg,1,val
data\public\pills-detection-dataset\images\val\VAIPE-test_TEST_VAIPE_P_60_1.jpg,5,val
data\public\pills-detection-dataset\images\val\VAIPE-test_TEST_VAIPE_P_61_12.jpg,1,val
data\public\pills-detection-dataset\images\val\VAIPE-test_TEST_VAIPE_P_61_2.jpg,1,val
data\public\pills-detection-dataset\images\val\VAIPE-test_TEST_VAIPE_P_61_7.jpg,1,val
data\public\pills-detection-dataset\images\val\VAIPE-test_TEST_VAIPE_P_64_0.jpg,1,val
data\public\pills-detection-dataset\images\val\VAIPE-test_TEST_VAIPE_P_64_6.jpg,1,val
data\public\pills-detection-dataset\images\val\VAIPE-test_TEST_VAIPE_P_65_4.jpg,4,val
data\public\pills-detection-dataset\images\val\VAIPE-test_TEST_VAIPE_P_66_4.jpg,2,val
data\public\pills-detection-dataset\images\val\VAIPE-test_TEST_VAIPE_P_67_10.jpg,5,val
data\public\pills-detection-dataset\images\val\VAIPE-test_TEST_VAIPE_P_67_7.jpg,5,val
data\public\pills-detection-dataset\images\val\VAIPE-test_TEST_VAIPE_P_69_1.jpg,3,val
data\public\pills-detection-dataset\images\val\VAIPE-test_TEST_VAIPE_P_6_0.jpg,4,val
data\public\pills-detection-dataset\images\val\VAIPE-test_TEST_VAIPE_P_71_1.jpg,1,val
data\public\pills-detection-dataset\images\val\VAIPE-test_TEST_VAIPE_P_72_6.jpg,6,val
data\public\pills-detection-dataset\images\val\VAIPE-test_TEST_VAIPE_P_73_15.jpg,2,val
data\public\pills-detection-dataset\images\val\VAIPE-test_TEST_VAIPE_P_73_22.jpg,6,val
data\public\pills-detection-dataset\images\val\VAIPE-test_TEST_VAIPE_P_74_0.jpg,4,val
data\public\pills-detection-dataset\images\val\VAIPE-test_TEST_VAIPE_P_76_1.jpg,4,val
data\public\pills-detection-dataset\images\val\VAIPE-test_TEST_VAIPE_P_77_0.jpg,1,val
data\public\pills-detection-dataset\images\val\VAIPE-test_TEST_VAIPE_P_79_0.jpg,2,val
data\public\pills-detection-dataset\images\val\VAIPE-test_TEST_VAIPE_P_7_2.jpg,1,val
data\public\pills-detection-dataset\images\val\VAIPE-test_TEST_VAIPE_P_80_0.jpg,4,val
data\public\pills-detection-dataset\images\val\VAIPE-test_TEST_VAIPE_P_82_1.jpg,5,val
data\public\pills-detection-dataset\images\val\VAIPE-test_TEST_VAIPE_P_85_0.jpg,3,val
data\public\pills-detection-dataset\images\val\VAIPE-test_TEST_VAIPE_P_85_3.jpg,3,val
data\public\pills-detection-dataset\images\val\VAIPE-test_TEST_VAIPE_P_86_1.jpg,6,val
data\public\pills-detection-dataset\images\val\VAIPE-test_TEST_VAIPE_P_87_0.jpg,4,val
data\public\pills-detection-dataset\images\val\VAIPE-test_TEST_VAIPE_P_89_1.jpg,3,val
data\public\pills-detection-dataset\images\val\VAIPE-test_TEST_VAIPE_P_89_4.jpg,2,val
data\public\pills-detection-dataset\images\val\VAIPE-test_TEST_VAIPE_P_8_10.jpg,4,val
data\public\pills-detection-dataset\images\val\VAIPE-test_TEST_VAIPE_P_8_9.jpg,1,val
data\public\pills-detection-dataset\images\val\VAIPE-test_TEST_VAIPE_P_91_4.jpg,3,val
data\public\pills-detection-dataset\images\val\VAIPE-test_TEST_VAIPE_P_93_6.jpg,4,val
data\public\pills-detection-dataset\images\val\VAIPE-test_TEST_VAIPE_P_95_2.jpg,1,val
data\public\pills-detection-dataset\images\val\VAIPE-test_TEST_VAIPE_P_96_1.jpg,3,val
data\public\pills-detection-dataset\images\val\VAIPE-test_TEST_VAIPE_P_96_17.jpg,3,val
data\public\pills-detection-dataset\images\val\VAIPE-test_TEST_VAIPE_P_96_8.jpg,3,val
data\public\pills-detection-dataset\images\val\VAIPE-test_TEST_VAIPE_P_97_6.jpg,5,val
data\public\pills-detection-dataset\images\val\VAIPE-test_TEST_VAIPE_P_98_13.jpg,1,val
data\public\pills-detection-dataset\images\val\VAIPE-test_TEST_VAIPE_P_98_20.jpg,1,val
data\public\pills-detection-dataset\images\val\VAIPE-test_TEST_VAIPE_P_98_4.jpg,1,val
data\public\pills-detection-dataset\images\val\VAIPE-test_TEST_VAIPE_P_99_2.jpg,4,val
data\public\pills-detection-dataset\images\val\VAIPE-test_TEST_VAIPE_P_9_3.jpg,1,val
data\public\pills-detection-dataset\images\val\Various_5b9bd9351f00002c002100a3.jpeg,2,val
data\public\pills-detection-dataset\images\val\Various_comprimidos-na-mao-da-mulher_93675-5612.jpg,2,val
data\public\pills-detection-dataset\images\val\Various_medicine(100).jpg,5,val
data\public\pills-detection-dataset\images\val\Various_medicine(108).jpg,2,val
data\public\pills-detection-dataset\images\val\Various_medicine(20).jpg,1,val
data\public\pills-detection-dataset\images\val\Various_medicine(44).jpg,6,val
data\public\pills-detection-dataset\images\val\Various_medicine(51).jpg,2,val
data\public\pills-detection-dataset\images\val\Various_medicine(6).jpg,4,val
data\public\pills-detection-dataset\images\val\Various_medicine(67).jpg,2,val
data\public\pills-detection-dataset\images\val\Various_medicine(76).jpg,2,val
data\public\pills-detection-dataset\images\val\Various_medicine(83).jpg,1,val
data\public\pills-detection-dataset\images\val\Various_medicine-pills-capsules-hand_20693-98.jpg,3,val
data\public\pills-detection-dataset\images\val\Various_pills-in-woman-hand_93675-19997.jpg,2,val
data\public\pills-detection-dataset\images\val\Various_tablets(14).jpeg,6,val
data\public\pills-detection-dataset\images\val\Various_tablets(8).jpeg,5,val
