0 verbose cli C:\Program Files\nodejs\node.exe C:\Program Files\nodejs\node_modules\npm\bin\npm-cli.js
1 info using npm@10.8.2
2 info using node@v20.19.5
3 silly config load:file:C:\Program Files\nodejs\node_modules\npm\npmrc
4 silly config load:file:F:\Research\Research-ElderMeds\ElderMeds\frontend\.npmrc
5 silly config load:file:C:\Users\HP\.npmrc
6 silly config load:file:C:\Users\HP\AppData\Roaming\npm\etc\npmrc
7 verbose title npm ci
8 verbose argv "ci" "--legacy-peer-deps" "--cache" ".\\.npm-cache" "--no-audit"
9 verbose logfile logs-max:10 dir:F:\Research\Research-ElderMeds\ElderMeds\frontend\.npm-cache\_logs\2026-07-02T04_44_12_888Z-
10 verbose logfile F:\Research\Research-ElderMeds\ElderMeds\frontend\.npm-cache\_logs\2026-07-02T04_44_12_888Z-debug-0.log
11 silly packumentCache heap:2197815296 maxSize:549453824 maxEntrySize:274726912
12 silly logfile done cleaning log files
13 silly idealTree buildDeps
14 silly reify moves {}
15 verbose reify failed optional dependency F:\Research\Research-ElderMeds\ElderMeds\frontend\node_modules\fsevents
16 silly reify mark deleted [
16 silly reify   'F:\\Research\\Research-ElderMeds\\ElderMeds\\frontend\\node_modules\\fsevents'
16 silly reify ]
17 silly packumentCache corgi:https://registry.npmjs.org/yocto-queue cache-miss
18 silly packumentCache corgi:https://registry.npmjs.org/yargs cache-miss
19 silly packumentCache corgi:https://registry.npmjs.org/yargs-parser cache-miss
20 silly packumentCache corgi:https://registry.npmjs.org/y18n cache-miss
21 silly packumentCache corgi:https://registry.npmjs.org/xmlbuilder cache-miss
22 silly packumentCache corgi:https://registry.npmjs.org/xcode cache-miss
23 silly packumentCache corgi:https://registry.npmjs.org/ws cache-miss
24 silly packumentCache corgi:https://registry.npmjs.org/xml2js cache-miss
25 silly packumentCache corgi:https://registry.npmjs.org/wrappy cache-miss
26 silly packumentCache corgi:https://registry.npmjs.org/wonka cache-miss
27 silly packumentCache corgi:https://registry.npmjs.org/wrap-ansi cache-miss
28 silly packumentCache corgi:https://registry.npmjs.org/write-file-atomic cache-miss
29 silly packumentCache corgi:https://registry.npmjs.org/which-typed-array cache-miss
30 silly packumentCache corgi:https://registry.npmjs.org/which-builtin-type cache-miss
31 silly packumentCache corgi:https://registry.npmjs.org/which-boxed-primitive cache-miss
32 silly packumentCache corgi:https://registry.npmjs.org/which cache-miss
33 silly packumentCache corgi:https://registry.npmjs.org/whatwg-url cache-miss
34 silly packumentCache corgi:https://registry.npmjs.org/yallist cache-miss
35 silly packumentCache corgi:https://registry.npmjs.org/which-collection cache-miss
36 silly packumentCache corgi:https://registry.npmjs.org/whatwg-url-without-unicode cache-miss
37 silly packumentCache corgi:https://registry.npmjs.org/whatwg-fetch cache-miss
38 silly packumentCache corgi:https://registry.npmjs.org/walker cache-miss
39 silly packumentCache corgi:https://registry.npmjs.org/warn-once cache-miss
40 silly packumentCache corgi:https://registry.npmjs.org/wcwidth cache-miss
41 silly packumentCache corgi:https://registry.npmjs.org/webidl-conversions cache-miss
42 silly packumentCache corgi:https://registry.npmjs.org/validate-npm-package-name cache-miss
43 silly packumentCache corgi:https://registry.npmjs.org/valid-url cache-miss
44 silly packumentCache corgi:https://registry.npmjs.org/v8-to-istanbul cache-miss
45 silly packumentCache corgi:https://registry.npmjs.org/utils-merge cache-miss
46 silly packumentCache corgi:https://registry.npmjs.org/uuid cache-miss
47 silly packumentCache corgi:https://registry.npmjs.org/use-latest-callback cache-miss
48 silly packumentCache corgi:https://registry.npmjs.org/url-join cache-miss
49 silly packumentCache corgi:https://registry.npmjs.org/update-browserslist-db cache-miss
50 silly packumentCache corgi:https://registry.npmjs.org/unpipe cache-miss
51 silly packumentCache corgi:https://registry.npmjs.org/unique-string cache-miss
52 silly packumentCache corgi:https://registry.npmjs.org/universalify cache-miss
53 silly packumentCache corgi:https://registry.npmjs.org/unique-filename cache-miss
54 silly packumentCache corgi:https://registry.npmjs.org/unicode-property-aliases-ecmascript cache-miss
55 silly packumentCache corgi:https://registry.npmjs.org/unicode-match-property-ecmascript cache-miss
56 silly packumentCache corgi:https://registry.npmjs.org/unique-slug cache-miss
57 silly packumentCache corgi:https://registry.npmjs.org/unicode-match-property-value-ecmascript cache-miss
58 silly packumentCache corgi:https://registry.npmjs.org/unicode-canonical-property-names-ecmascript cache-miss
59 silly packumentCache corgi:https://registry.npmjs.org/undici-types cache-miss
60 silly packumentCache corgi:https://registry.npmjs.org/ua-parser-js cache-miss
61 silly packumentCache corgi:https://registry.npmjs.org/typedarray.prototype.slice cache-miss
62 silly packumentCache corgi:https://registry.npmjs.org/typed-array-byte-offset cache-miss
63 silly packumentCache corgi:https://registry.npmjs.org/type-detect cache-miss
64 silly packumentCache corgi:https://registry.npmjs.org/type-fest cache-miss
65 silly packumentCache corgi:https://registry.npmjs.org/typed-array-buffer cache-miss
66 silly packumentCache corgi:https://registry.npmjs.org/tslib cache-miss
67 silly packumentCache corgi:https://registry.npmjs.org/traverse cache-miss
68 silly packumentCache corgi:https://registry.npmjs.org/ts-interface-checker cache-miss
69 silly packumentCache corgi:https://registry.npmjs.org/toidentifier cache-miss
70 silly packumentCache corgi:https://registry.npmjs.org/tr46 cache-miss
71 silly packumentCache corgi:https://registry.npmjs.org/to-regex-range cache-miss
72 silly packumentCache corgi:https://registry.npmjs.org/tinyglobby cache-miss
73 silly packumentCache corgi:https://registry.npmjs.org/text-table cache-miss
74 silly packumentCache corgi:https://registry.npmjs.org/terminal-link cache-miss
75 silly packumentCache corgi:https://registry.npmjs.org/tempy cache-miss
76 silly packumentCache corgi:https://registry.npmjs.org/test-exclude cache-miss
77 silly packumentCache corgi:https://registry.npmjs.org/temp-dir cache-miss
78 silly packumentCache corgi:https://registry.npmjs.org/tar cache-miss
79 silly packumentCache corgi:https://registry.npmjs.org/supports-preserve-symlinks-flag cache-miss
80 silly packumentCache corgi:https://registry.npmjs.org/temp cache-miss
81 silly packumentCache corgi:https://registry.npmjs.org/supports-hyperlinks cache-miss
82 silly packumentCache corgi:https://registry.npmjs.org/supports-color cache-miss
83 silly packumentCache corgi:https://registry.npmjs.org/structured-headers cache-miss
84 silly packumentCache corgi:https://registry.npmjs.org/sucrase cache-miss
85 silly packumentCache corgi:https://registry.npmjs.org/strip-json-comments cache-miss
86 silly packumentCache corgi:https://registry.npmjs.org/strip-eof cache-miss
87 silly packumentCache corgi:https://registry.npmjs.org/strip-bom cache-miss
88 silly packumentCache corgi:https://registry.npmjs.org/strip-final-newline cache-miss
89 silly packumentCache corgi:https://registry.npmjs.org/strip-ansi cache-miss
90 silly packumentCache corgi:https://registry.npmjs.org/string-width cache-miss
91 silly packumentCache corgi:https://registry.npmjs.org/string-length cache-miss
92 silly packumentCache corgi:https://registry.npmjs.org/strict-uri-encode cache-miss
93 silly packumentCache corgi:https://registry.npmjs.org/statuses cache-miss
94 silly packumentCache corgi:https://registry.npmjs.org/stacktrace-parser cache-miss
95 silly packumentCache corgi:https://registry.npmjs.org/stack-utils cache-miss
96 silly packumentCache corgi:https://registry.npmjs.org/ssri cache-miss
97 silly packumentCache corgi:https://registry.npmjs.org/sprintf-js cache-miss
98 silly packumentCache corgi:https://registry.npmjs.org/source-map-support cache-miss
99 silly packumentCache corgi:https://registry.npmjs.org/source-map-js cache-miss
100 silly packumentCache corgi:https://registry.npmjs.org/slugify cache-miss
101 silly packumentCache corgi:https://registry.npmjs.org/source-map cache-miss
102 silly packumentCache corgi:https://registry.npmjs.org/split-on-first cache-miss
103 silly packumentCache corgi:https://registry.npmjs.org/slash cache-miss
104 silly packumentCache corgi:https://registry.npmjs.org/simple-swizzle cache-miss
105 silly packumentCache corgi:https://registry.npmjs.org/sisteransi cache-miss
106 silly packumentCache corgi:https://registry.npmjs.org/signal-exit cache-miss
107 silly packumentCache corgi:https://registry.npmjs.org/shell-quote cache-miss
108 silly packumentCache corgi:https://registry.npmjs.org/shebang-command cache-miss
109 silly packumentCache corgi:https://registry.npmjs.org/shebang-regex cache-miss
110 silly packumentCache corgi:https://registry.npmjs.org/shallow-clone cache-miss
111 silly packumentCache corgi:https://registry.npmjs.org/setimmediate cache-miss
112 silly packumentCache corgi:https://registry.npmjs.org/setprototypeof cache-miss
113 silly packumentCache corgi:https://registry.npmjs.org/serve-static cache-miss
114 silly packumentCache corgi:https://registry.npmjs.org/simple-plist cache-miss
115 silly packumentCache corgi:https://registry.npmjs.org/send cache-miss
116 silly packumentCache corgi:https://registry.npmjs.org/semver cache-miss
117 silly packumentCache corgi:https://registry.npmjs.org/scheduler cache-miss
118 silly packumentCache corgi:https://registry.npmjs.org/sax cache-miss
119 silly packumentCache corgi:https://registry.npmjs.org/run-parallel cache-miss
120 silly packumentCache corgi:https://registry.npmjs.org/rimraf cache-miss
121 silly packumentCache corgi:https://registry.npmjs.org/reusify cache-miss
122 silly packumentCache corgi:https://registry.npmjs.org/restore-cursor cache-miss
123 silly packumentCache corgi:https://registry.npmjs.org/resolve-workspace-root cache-miss
124 silly packumentCache corgi:https://registry.npmjs.org/resolve-cwd cache-miss
125 silly packumentCache corgi:https://registry.npmjs.org/resolve.exports cache-miss
126 silly packumentCache corgi:https://registry.npmjs.org/resolve-from cache-miss
127 silly packumentCache corgi:https://registry.npmjs.org/resolve cache-miss
128 silly packumentCache corgi:https://registry.npmjs.org/require-directory cache-miss
129 silly packumentCache corgi:https://registry.npmjs.org/remove-trailing-slash cache-miss
130 silly packumentCache corgi:https://registry.npmjs.org/requireg cache-miss
131 silly packumentCache corgi:https://registry.npmjs.org/regjsparser cache-miss
132 silly packumentCache corgi:https://registry.npmjs.org/regexpu-core cache-miss
133 silly packumentCache corgi:https://registry.npmjs.org/regjsgen cache-miss
134 silly packumentCache corgi:https://registry.npmjs.org/regenerate-unicode-properties cache-miss
135 silly packumentCache corgi:https://registry.npmjs.org/regenerator-runtime cache-miss
136 silly packumentCache corgi:https://registry.npmjs.org/require-from-string cache-miss
137 silly packumentCache corgi:https://registry.npmjs.org/regenerate cache-miss
138 silly packumentCache corgi:https://registry.npmjs.org/reflect.getprototypeof cache-miss
139 silly packumentCache corgi:https://registry.npmjs.org/recast cache-miss
140 silly packumentCache corgi:https://registry.npmjs.org/react-shallow-renderer cache-miss
141 silly packumentCache corgi:https://registry.npmjs.org/react-refresh cache-miss
142 silly packumentCache corgi:https://registry.npmjs.org/react-native-gesture-handler cache-miss
143 silly packumentCache corgi:https://registry.npmjs.org/webidl-conversions cache-miss
144 silly packumentCache corgi:https://registry.npmjs.org/uuid cache-miss
145 silly packumentCache corgi:https://registry.npmjs.org/xmlbuilder cache-miss
146 silly packumentCache corgi:https://registry.npmjs.org/picomatch cache-miss
147 silly packumentCache corgi:https://registry.npmjs.org/type-fest cache-miss
148 silly packumentCache corgi:https://registry.npmjs.org/is-stream cache-miss
149 silly packumentCache corgi:https://registry.npmjs.org/minipass cache-miss
150 silly packumentCache corgi:https://registry.npmjs.org/is-fullwidth-code-point cache-miss
151 silly packumentCache corgi:https://registry.npmjs.org/yallist cache-miss
152 silly packumentCache corgi:https://registry.npmjs.org/rimraf cache-miss
153 silly packumentCache corgi:https://registry.npmjs.org/glob cache-miss
154 silly packumentCache corgi:https://registry.npmjs.org/type-fest cache-miss
155 silly packumentCache corgi:https://registry.npmjs.org/escape-string-regexp cache-miss
156 silly packumentCache corgi:https://registry.npmjs.org/commander cache-miss
157 silly packumentCache corgi:https://registry.npmjs.org/is-arrayish cache-miss
158 silly packumentCache corgi:https://registry.npmjs.org/bplist-parser cache-miss
159 silly packumentCache corgi:https://registry.npmjs.org/statuses cache-miss
160 silly packumentCache corgi:https://registry.npmjs.org/send cache-miss
161 silly packumentCache corgi:https://registry.npmjs.org/on-finished cache-miss
162 silly packumentCache corgi:https://registry.npmjs.org/mime cache-miss
163 silly packumentCache corgi:https://registry.npmjs.org/statuses cache-miss
164 silly packumentCache corgi:https://registry.npmjs.org/encodeurl cache-miss
165 silly packumentCache corgi:https://registry.npmjs.org/http-errors cache-miss
166 silly packumentCache corgi:https://registry.npmjs.org/ms cache-miss
167 silly packumentCache corgi:https://registry.npmjs.org/debug cache-miss
168 silly packumentCache corgi:https://registry.npmjs.org/on-finished cache-miss
169 silly packumentCache corgi:https://registry.npmjs.org/ms cache-miss
170 silly packumentCache corgi:https://registry.npmjs.org/mime cache-miss
171 silly packumentCache corgi:https://registry.npmjs.org/debug cache-miss
172 silly packumentCache corgi:https://registry.npmjs.org/resolve cache-miss
173 silly packumentCache corgi:https://registry.npmjs.org/@react-native%2fcodegen cache-miss
174 silly packumentCache corgi:https://registry.npmjs.org/pretty-format cache-miss
175 silly packumentCache corgi:https://registry.npmjs.org/ws cache-miss
176 silly packumentCache corgi:https://registry.npmjs.org/@types%2fyargs cache-miss
177 silly packumentCache corgi:https://registry.npmjs.org/@jest%2ftypes cache-miss
178 silly packumentCache corgi:https://registry.npmjs.org/react-is cache-miss
179 silly packumentCache corgi:https://registry.npmjs.org/promise cache-miss
180 silly packumentCache corgi:https://registry.npmjs.org/mkdirp cache-miss
181 silly tarball no local data for xtend@https://registry.npmjs.org/xtend/-/xtend-4.0.2.tgz. Extracting by manifest.
182 silly tarball no local data for xmlchars@https://registry.npmjs.org/xmlchars/-/xmlchars-2.2.0.tgz. Extracting by manifest.
183 silly tarball no local data for xml-name-validator@https://registry.npmjs.org/xml-name-validator/-/xml-name-validator-4.0.0.tgz. Extracting by manifest.
184 silly tarball no local data for yaml@https://registry.npmjs.org/yaml/-/yaml-2.8.3.tgz. Extracting by manifest.
185 silly tarball no local data for which-module@https://registry.npmjs.org/which-module/-/which-module-2.0.1.tgz. Extracting by manifest.
186 silly tarball no local data for whatwg-mimetype@https://registry.npmjs.org/whatwg-mimetype/-/whatwg-mimetype-3.0.0.tgz. Extracting by manifest.
187 silly tarball no local data for whatwg-encoding@https://registry.npmjs.org/whatwg-encoding/-/whatwg-encoding-2.0.0.tgz. Extracting by manifest.
188 silly tarball no local data for word-wrap@https://registry.npmjs.org/word-wrap/-/word-wrap-1.2.5.tgz. Extracting by manifest.
189 silly tarball no local data for vlq@https://registry.npmjs.org/vlq/-/vlq-1.0.1.tgz. Extracting by manifest.
190 silly tarball no local data for vary@https://registry.npmjs.org/vary/-/vary-1.1.2.tgz. Extracting by manifest.
191 silly tarball no local data for void-elements@https://registry.npmjs.org/void-elements/-/void-elements-3.1.0.tgz. Extracting by manifest.
192 silly tarball no local data for w3c-xmlserializer@https://registry.npmjs.org/w3c-xmlserializer/-/w3c-xmlserializer-4.0.0.tgz. Extracting by manifest.
193 silly tarball no local data for util-deprecate@https://registry.npmjs.org/util-deprecate/-/util-deprecate-1.0.2.tgz. Extracting by manifest.
194 silly tarball no local data for util@https://registry.npmjs.org/util/-/util-0.12.5.tgz. Extracting by manifest.
195 silly tarball no local data for uri-js@https://registry.npmjs.org/uri-js/-/uri-js-4.4.1.tgz. Extracting by manifest.
196 silly tarball no local data for url-parse@https://registry.npmjs.org/url-parse/-/url-parse-1.5.10.tgz. Extracting by manifest.
197 silly tarball no local data for typescript@https://registry.npmjs.org/typescript/-/typescript-5.9.3.tgz. Extracting by manifest.
198 silly tarball no local data for unbox-primitive@https://registry.npmjs.org/unbox-primitive/-/unbox-primitive-1.1.0.tgz. Extracting by manifest.
199 silly tarball no local data for typed-array-length@https://registry.npmjs.org/typed-array-length/-/typed-array-length-1.0.7.tgz. Extracting by manifest.
200 silly tarball no local data for typed-array-byte-length@https://registry.npmjs.org/typed-array-byte-length/-/typed-array-byte-length-1.0.3.tgz. Extracting by manifest.
201 silly tarball no local data for type-check@https://registry.npmjs.org/type-check/-/type-check-0.4.0.tgz. Extracting by manifest.
202 silly tarball no local data for ts-api-utils@https://registry.npmjs.org/ts-api-utils/-/ts-api-utils-2.5.0.tgz. Extracting by manifest.
203 silly tarball no local data for tsconfig-paths@https://registry.npmjs.org/tsconfig-paths/-/tsconfig-paths-3.15.0.tgz. Extracting by manifest.
204 silly tarball no local data for ts-jest@https://registry.npmjs.org/ts-jest/-/ts-jest-29.0.5.tgz. Extracting by manifest.
205 silly tarball no local data for ts-declaration-location@https://registry.npmjs.org/ts-declaration-location/-/ts-declaration-location-1.0.7.tgz. Extracting by manifest.
206 silly tarball no local data for tmpl@https://registry.npmjs.org/tmpl/-/tmpl-1.0.5.tgz. Extracting by manifest.
207 silly tarball no local data for through2@https://registry.npmjs.org/through2/-/through2-2.0.5.tgz. Extracting by manifest.
208 silly tarball no local data for throat@https://registry.npmjs.org/throat/-/throat-5.0.0.tgz. Extracting by manifest.
209 silly tarball no local data for tough-cookie@https://registry.npmjs.org/tough-cookie/-/tough-cookie-4.1.4.tgz. Extracting by manifest.
210 silly tarball no local data for thenify-all@https://registry.npmjs.org/thenify-all/-/thenify-all-1.6.0.tgz. Extracting by manifest.
211 silly tarball no local data for thenify@https://registry.npmjs.org/thenify/-/thenify-3.3.1.tgz. Extracting by manifest.
212 silly tarball no local data for terser@https://registry.npmjs.org/terser/-/terser-5.46.1.tgz. Extracting by manifest.
213 silly tarball no local data for tapable@https://registry.npmjs.org/tapable/-/tapable-2.3.2.tgz. Extracting by manifest.
214 silly tarball no local data for symbol-tree@https://registry.npmjs.org/symbol-tree/-/symbol-tree-3.2.4.tgz. Extracting by manifest.
215 silly tarball no local data for synckit@https://registry.npmjs.org/synckit/-/synckit-0.11.12.tgz. Extracting by manifest.
216 silly tarball no local data for sudo-prompt@https://registry.npmjs.org/sudo-prompt/-/sudo-prompt-9.2.1.tgz. Extracting by manifest.
217 silly tarball no local data for strnum@https://registry.npmjs.org/strnum/-/strnum-1.1.2.tgz. Extracting by manifest.
218 silly tarball no local data for strip-indent@https://registry.npmjs.org/strip-indent/-/strip-indent-3.0.0.tgz. Extracting by manifest.
219 silly tarball no local data for string.prototype.trimstart@https://registry.npmjs.org/string.prototype.trimstart/-/string.prototype.trimstart-1.0.8.tgz. Extracting by manifest.
220 silly tarball no local data for string.prototype.trimend@https://registry.npmjs.org/string.prototype.trimend/-/string.prototype.trimend-1.0.9.tgz. Extracting by manifest.
221 silly tarball no local data for string.prototype.repeat@https://registry.npmjs.org/string.prototype.repeat/-/string.prototype.repeat-1.0.0.tgz. Extracting by manifest.
222 silly tarball no local data for string.prototype.matchall@https://registry.npmjs.org/string.prototype.matchall/-/string.prototype.matchall-4.0.12.tgz. Extracting by manifest.
223 silly tarball no local data for string.prototype.trim@https://registry.npmjs.org/string.prototype.trim/-/string.prototype.trim-1.2.10.tgz. Extracting by manifest.
224 silly tarball no local data for stream-buffers@https://registry.npmjs.org/stream-buffers/-/stream-buffers-2.2.0.tgz. Extracting by manifest.
225 silly tarball no local data for string_decoder@https://registry.npmjs.org/string_decoder/-/string_decoder-1.1.1.tgz. Extracting by manifest.
226 silly tarball no local data for stop-iteration-iterator@https://registry.npmjs.org/stop-iteration-iterator/-/stop-iteration-iterator-1.1.0.tgz. Extracting by manifest.
227 silly tarball no local data for stackframe@https://registry.npmjs.org/stackframe/-/stackframe-1.3.4.tgz. Extracting by manifest.
228 silly tarball no local data for stacktrace-js@https://registry.npmjs.org/stacktrace-js/-/stacktrace-js-2.0.2.tgz. Extracting by manifest.
229 silly tarball no local data for stack-generator@https://registry.npmjs.org/stack-generator/-/stack-generator-2.0.10.tgz. Extracting by manifest.
230 silly tarball no local data for slice-ansi@https://registry.npmjs.org/slice-ansi/-/slice-ansi-2.1.0.tgz. Extracting by manifest.
231 silly tarball no local data for side-channel-map@https://registry.npmjs.org/side-channel-map/-/side-channel-map-1.0.1.tgz. Extracting by manifest.
232 silly tarball no local data for side-channel-weakmap@https://registry.npmjs.org/side-channel-weakmap/-/side-channel-weakmap-1.0.2.tgz. Extracting by manifest.
233 silly tarball no local data for side-channel-list@https://registry.npmjs.org/side-channel-list/-/side-channel-list-1.0.0.tgz. Extracting by manifest.
234 silly tarball no local data for side-channel@https://registry.npmjs.org/side-channel/-/side-channel-1.1.0.tgz. Extracting by manifest.
235 silly tarball no local data for set-proto@https://registry.npmjs.org/set-proto/-/set-proto-1.0.0.tgz. Extracting by manifest.
236 silly tarball no local data for set-function-name@https://registry.npmjs.org/set-function-name/-/set-function-name-2.0.2.tgz. Extracting by manifest.
237 silly tarball no local data for set-blocking@https://registry.npmjs.org/set-blocking/-/set-blocking-2.0.0.tgz. Extracting by manifest.
238 silly tarball no local data for set-function-length@https://registry.npmjs.org/set-function-length/-/set-function-length-1.2.2.tgz. Extracting by manifest.
239 silly tarball no local data for server-only@https://registry.npmjs.org/server-only/-/server-only-0.0.1.tgz. Extracting by manifest.
240 silly tarball no local data for serialize-error@https://registry.npmjs.org/serialize-error/-/serialize-error-2.1.0.tgz. Extracting by manifest.
241 silly tarball no local data for saxes@https://registry.npmjs.org/saxes/-/saxes-6.0.0.tgz. Extracting by manifest.
242 silly tarball no local data for safer-buffer@https://registry.npmjs.org/safer-buffer/-/safer-buffer-2.1.2.tgz. Extracting by manifest.
243 silly tarball no local data for safe-regex-test@https://registry.npmjs.org/safe-regex-test/-/safe-regex-test-1.1.0.tgz. Extracting by manifest.
244 silly tarball no local data for safe-buffer@https://registry.npmjs.org/safe-buffer/-/safe-buffer-5.2.1.tgz. Extracting by manifest.
245 silly tarball no local data for safe-push-apply@https://registry.npmjs.org/safe-push-apply/-/safe-push-apply-1.0.0.tgz. Extracting by manifest.
246 silly tarball no local data for safe-array-concat@https://registry.npmjs.org/safe-array-concat/-/safe-array-concat-1.1.3.tgz. Extracting by manifest.
247 silly tarball no local data for rtl-detect@https://registry.npmjs.org/rtl-detect/-/rtl-detect-1.1.2.tgz. Extracting by manifest.
248 silly tarball no local data for requires-port@https://registry.npmjs.org/requires-port/-/requires-port-1.0.0.tgz. Extracting by manifest.
249 silly tarball no local data for require-main-filename@https://registry.npmjs.org/require-main-filename/-/require-main-filename-2.0.0.tgz. Extracting by manifest.
250 silly tarball no local data for regexpp@https://registry.npmjs.org/regexpp/-/regexpp-3.2.0.tgz. Extracting by manifest.
251 silly tarball no local data for regexp.prototype.flags@https://registry.npmjs.org/regexp.prototype.flags/-/regexp.prototype.flags-1.5.4.tgz. Extracting by manifest.
252 silly tarball no local data for redent@https://registry.npmjs.org/redent/-/redent-3.0.0.tgz. Extracting by manifest.
253 silly tarball no local data for readline@https://registry.npmjs.org/readline/-/readline-1.3.0.tgz. Extracting by manifest.
254 silly tarball no local data for readable-stream@https://registry.npmjs.org/readable-stream/-/readable-stream-2.3.8.tgz. Extracting by manifest.
255 silly tarball no local data for readdirp@https://registry.npmjs.org/readdirp/-/readdirp-3.6.0.tgz. Extracting by manifest.
256 silly tarball no local data for react-native-screens@https://registry.npmjs.org/react-native-screens/-/react-native-screens-3.29.0.tgz. Extracting by manifest.
257 silly tarball no local data for react-native-safe-area-context@https://registry.npmjs.org/react-native-safe-area-context/-/react-native-safe-area-context-4.8.2.tgz. Extracting by manifest.
258 silly tarball no local data for react-native@https://registry.npmjs.org/react-native/-/react-native-0.73.6.tgz. Extracting by manifest.
259 silly tarball no local data for react-i18next@https://registry.npmjs.org/react-i18next/-/react-i18next-13.5.0.tgz. Extracting by manifest.
260 silly tarball no local data for react-freeze@https://registry.npmjs.org/react-freeze/-/react-freeze-1.0.4.tgz. Extracting by manifest.
261 silly tarball no local data for react-is@https://registry.npmjs.org/react-is/-/react-is-16.13.1.tgz. Extracting by manifest.
262 silly tarball no local data for rc@https://registry.npmjs.org/rc/-/rc-1.2.8.tgz. Extracting by manifest.
263 silly tarball no local data for react-devtools-core@https://registry.npmjs.org/react-devtools-core/-/react-devtools-core-4.28.5.tgz. Extracting by manifest.
264 silly tarball no local data for react@https://registry.npmjs.org/react/-/react-18.2.0.tgz. Extracting by manifest.
265 silly tarball no local data for range-parser@https://registry.npmjs.org/range-parser/-/range-parser-1.2.1.tgz. Extracting by manifest.
266 silly tarball no local data for querystringify@https://registry.npmjs.org/querystringify/-/querystringify-2.2.0.tgz. Extracting by manifest.
267 silly tarball no local data for queue@https://registry.npmjs.org/queue/-/queue-6.0.2.tgz. Extracting by manifest.
268 silly tarball no local data for queue-microtask@https://registry.npmjs.org/queue-microtask/-/queue-microtask-1.2.3.tgz. Extracting by manifest.
269 silly tarball no local data for stacktrace-gps@https://registry.npmjs.org/stacktrace-gps/-/stacktrace-gps-3.1.2.tgz. Extracting by manifest.
270 silly tarball no local data for pure-rand@https://registry.npmjs.org/pure-rand/-/pure-rand-6.1.0.tgz. Extracting by manifest.
271 silly tarball no local data for query-string@https://registry.npmjs.org/query-string/-/query-string-7.1.3.tgz. Extracting by manifest.
272 silly tarball no local data for pump@https://registry.npmjs.org/pump/-/pump-3.0.4.tgz. Extracting by manifest.
273 silly tarball no local data for qrcode-terminal@https://registry.npmjs.org/qrcode-terminal/-/qrcode-terminal-0.11.0.tgz. Extracting by manifest.
274 silly tarball no local data for psl@https://registry.npmjs.org/psl/-/psl-1.15.0.tgz. Extracting by manifest.
275 silly tarball no local data for prop-types@https://registry.npmjs.org/prop-types/-/prop-types-15.8.1.tgz. Extracting by manifest.
276 silly tarball no local data for punycode@https://registry.npmjs.org/punycode/-/punycode-2.3.1.tgz. Extracting by manifest.
277 silly tarball no local data for prompts@https://registry.npmjs.org/prompts/-/prompts-2.4.2.tgz. Extracting by manifest.
278 silly tarball no local data for proxy-from-env@https://registry.npmjs.org/proxy-from-env/-/proxy-from-env-2.1.0.tgz. Extracting by manifest.
279 silly tarball no local data for promise@https://registry.npmjs.org/promise/-/promise-7.3.1.tgz. Extracting by manifest.
280 silly tarball no local data for promise-inflight@https://registry.npmjs.org/promise-inflight/-/promise-inflight-1.0.1.tgz. Extracting by manifest.
281 silly tarball no local data for progress@https://registry.npmjs.org/progress/-/progress-2.0.3.tgz. Extracting by manifest.
282 silly tarball no local data for process-nextick-args@https://registry.npmjs.org/process-nextick-args/-/process-nextick-args-2.0.1.tgz. Extracting by manifest.
283 silly tarball no local data for pretty-format@https://registry.npmjs.org/pretty-format/-/pretty-format-29.7.0.tgz. Extracting by manifest.
284 silly tarball no local data for prettier-linter-helpers@https://registry.npmjs.org/prettier-linter-helpers/-/prettier-linter-helpers-1.0.1.tgz. Extracting by manifest.
285 silly tarball no local data for proc-log@https://registry.npmjs.org/proc-log/-/proc-log-4.2.0.tgz. Extracting by manifest.
286 silly tarball no local data for pretty-bytes@https://registry.npmjs.org/pretty-bytes/-/pretty-bytes-5.6.0.tgz. Extracting by manifest.
287 silly tarball no local data for prelude-ls@https://registry.npmjs.org/prelude-ls/-/prelude-ls-1.2.1.tgz. Extracting by manifest.
288 silly tarball no local data for possible-typed-array-names@https://registry.npmjs.org/possible-typed-array-names/-/possible-typed-array-names-1.1.0.tgz. Extracting by manifest.
289 silly tarball no local data for pngjs@https://registry.npmjs.org/pngjs/-/pngjs-3.4.0.tgz. Extracting by manifest.
290 silly tarball no local data for postcss@https://registry.npmjs.org/postcss/-/postcss-8.4.49.tgz. Extracting by manifest.
291 silly tarball no local data for plist@https://registry.npmjs.org/plist/-/plist-3.1.0.tgz. Extracting by manifest.
292 silly tarball no local data for pkg-dir@https://registry.npmjs.org/pkg-dir/-/pkg-dir-4.2.0.tgz. Extracting by manifest.
293 silly tarball no local data for pirates@https://registry.npmjs.org/pirates/-/pirates-4.0.7.tgz. Extracting by manifest.
294 silly tarball no local data for pify@https://registry.npmjs.org/pify/-/pify-4.0.1.tgz. Extracting by manifest.
295 silly tarball no local data for picocolors@https://registry.npmjs.org/picocolors/-/picocolors-1.1.1.tgz. Extracting by manifest.
296 silly tarball no local data for picomatch@https://registry.npmjs.org/picomatch/-/picomatch-3.0.2.tgz. Extracting by manifest.
297 silly tarball no local data for path-type@https://registry.npmjs.org/path-type/-/path-type-4.0.0.tgz. Extracting by manifest.
298 silly tarball no local data for path-parse@https://registry.npmjs.org/path-parse/-/path-parse-1.0.7.tgz. Extracting by manifest.
299 silly tarball no local data for path-scurry@https://registry.npmjs.org/path-scurry/-/path-scurry-2.0.2.tgz. Extracting by manifest.
300 silly tarball no local data for path-is-absolute@https://registry.npmjs.org/path-is-absolute/-/path-is-absolute-1.0.1.tgz. Extracting by manifest.
301 silly tarball no local data for path-exists@https://registry.npmjs.org/path-exists/-/path-exists-4.0.0.tgz. Extracting by manifest.
302 silly tarball no local data for prettier@https://registry.npmjs.org/prettier/-/prettier-3.8.1.tgz. Extracting by manifest.
303 silly tarball no local data for parse5@https://registry.npmjs.org/parse5/-/parse5-7.3.0.tgz. Extracting by manifest.
304 silly tarball no local data for parse-png@https://registry.npmjs.org/parse-png/-/parse-png-2.1.0.tgz. Extracting by manifest.
305 silly tarball no local data for parseurl@https://registry.npmjs.org/parseurl/-/parseurl-1.3.3.tgz. Extracting by manifest.
306 silly tarball no local data for resolve-pkg-maps@https://registry.npmjs.org/resolve-pkg-maps/-/resolve-pkg-maps-1.0.0.tgz. Extracting by manifest.
307 silly tarball no local data for parse-json@https://registry.npmjs.org/parse-json/-/parse-json-5.2.0.tgz. Extracting by manifest.
308 silly tarball no local data for parent-module@https://registry.npmjs.org/parent-module/-/parent-module-1.0.1.tgz. Extracting by manifest.
309 silly tarball no local data for path-key@https://registry.npmjs.org/path-key/-/path-key-2.0.1.tgz. Extracting by manifest.
310 silly tarball no local data for p-locate@https://registry.npmjs.org/p-locate/-/p-locate-5.0.0.tgz. Extracting by manifest.
311 silly tarball no local data for p-map@https://registry.npmjs.org/p-map/-/p-map-4.0.0.tgz. Extracting by manifest.
312 silly tarball no local data for p-limit@https://registry.npmjs.org/p-limit/-/p-limit-3.1.0.tgz. Extracting by manifest.
313 silly tarball no local data for p-finally@https://registry.npmjs.org/p-finally/-/p-finally-1.0.0.tgz. Extracting by manifest.
314 silly tarball no local data for p-try@https://registry.npmjs.org/p-try/-/p-try-2.2.0.tgz. Extracting by manifest.
315 silly tarball no local data for osenv@https://registry.npmjs.org/osenv/-/osenv-0.1.5.tgz. Extracting by manifest.
316 silly tarball no local data for own-keys@https://registry.npmjs.org/own-keys/-/own-keys-1.0.1.tgz. Extracting by manifest.
317 silly tarball no local data for os-homedir@https://registry.npmjs.org/os-homedir/-/os-homedir-1.0.2.tgz. Extracting by manifest.
318 silly tarball no local data for os-tmpdir@https://registry.npmjs.org/os-tmpdir/-/os-tmpdir-1.0.2.tgz. Extracting by manifest.
319 silly tarball no local data for open@https://registry.npmjs.org/open/-/open-8.4.2.tgz. Extracting by manifest.
320 silly tarball no local data for optionator@https://registry.npmjs.org/optionator/-/optionator-0.9.4.tgz. Extracting by manifest.
321 silly tarball no local data for ora@https://registry.npmjs.org/ora/-/ora-3.4.0.tgz. Extracting by manifest.
322 silly tarball no local data for onetime@https://registry.npmjs.org/onetime/-/onetime-5.1.2.tgz. Extracting by manifest.
323 silly tarball no local data for once@https://registry.npmjs.org/once/-/once-1.4.0.tgz. Extracting by manifest.
324 silly tarball no local data for object.values@https://registry.npmjs.org/object.values/-/object.values-1.2.1.tgz. Extracting by manifest.
325 silly tarball no local data for on-headers@https://registry.npmjs.org/on-headers/-/on-headers-1.1.0.tgz. Extracting by manifest.
326 silly tarball no local data for object.groupby@https://registry.npmjs.org/object.groupby/-/object.groupby-1.0.3.tgz. Extracting by manifest.
327 silly tarball no local data for object.assign@https://registry.npmjs.org/object.assign/-/object.assign-4.1.7.tgz. Extracting by manifest.
328 silly tarball no local data for object.entries@https://registry.npmjs.org/object.entries/-/object.entries-1.1.9.tgz. Extracting by manifest.
329 silly tarball no local data for object.fromentries@https://registry.npmjs.org/object.fromentries/-/object.fromentries-2.0.8.tgz. Extracting by manifest.
330 silly tarball no local data for object-keys@https://registry.npmjs.org/object-keys/-/object-keys-1.1.1.tgz. Extracting by manifest.
331 silly tarball no local data for object-inspect@https://registry.npmjs.org/object-inspect/-/object-inspect-1.13.4.tgz. Extracting by manifest.
332 silly tarball no local data for ob1@https://registry.npmjs.org/ob1/-/ob1-0.80.12.tgz. Extracting by manifest.
333 silly tarball no local data for object-is@https://registry.npmjs.org/object-is/-/object-is-1.1.6.tgz. Extracting by manifest.
334 silly tarball no local data for object-assign@https://registry.npmjs.org/object-assign/-/object-assign-4.1.1.tgz. Extracting by manifest.
335 silly tarball no local data for nwsapi@https://registry.npmjs.org/nwsapi/-/nwsapi-2.2.23.tgz. Extracting by manifest.
336 silly tarball no local data for normalize-path@https://registry.npmjs.org/normalize-path/-/normalize-path-3.0.0.tgz. Extracting by manifest.
337 silly tarball no local data for nullthrows@https://registry.npmjs.org/nullthrows/-/nullthrows-1.1.1.tgz. Extracting by manifest.
338 silly tarball no local data for npm-package-arg@https://registry.npmjs.org/npm-package-arg/-/npm-package-arg-7.0.0.tgz. Extracting by manifest.
339 silly tarball no local data for node-int64@https://registry.npmjs.org/node-int64/-/node-int64-0.4.0.tgz. Extracting by manifest.
340 silly tarball no local data for node-forge@https://registry.npmjs.org/node-forge/-/node-forge-1.4.0.tgz. Extracting by manifest.
341 silly tarball no local data for node-releases@https://registry.npmjs.org/node-releases/-/node-releases-2.0.37.tgz. Extracting by manifest.
342 silly tarball no local data for on-finished@https://registry.npmjs.org/on-finished/-/on-finished-2.3.0.tgz. Extracting by manifest.
343 silly tarball no local data for node-stream-zip@https://registry.npmjs.org/node-stream-zip/-/node-stream-zip-1.15.0.tgz. Extracting by manifest.
344 silly tarball no local data for node-exports-info@https://registry.npmjs.org/node-exports-info/-/node-exports-info-1.6.0.tgz. Extracting by manifest.
345 silly tarball no local data for nocache@https://registry.npmjs.org/nocache/-/nocache-3.0.4.tgz. Extracting by manifest.
346 silly tarball no local data for node-fetch@https://registry.npmjs.org/node-fetch/-/node-fetch-2.7.0.tgz. Extracting by manifest.
347 silly tarball no local data for node-dir@https://registry.npmjs.org/node-dir/-/node-dir-0.1.17.tgz. Extracting by manifest.
348 silly tarball no local data for node-abort-controller@https://registry.npmjs.org/node-abort-controller/-/node-abort-controller-3.1.1.tgz. Extracting by manifest.
349 silly tarball no local data for nice-try@https://registry.npmjs.org/nice-try/-/nice-try-1.0.5.tgz. Extracting by manifest.
350 silly tarball no local data for neo-async@https://registry.npmjs.org/neo-async/-/neo-async-2.6.2.tgz. Extracting by manifest.
351 silly tarball no local data for nested-error-stacks@https://registry.npmjs.org/nested-error-stacks/-/nested-error-stacks-2.0.1.tgz. Extracting by manifest.
352 silly tarball no local data for nanoid@https://registry.npmjs.org/nanoid/-/nanoid-3.3.11.tgz. Extracting by manifest.
353 silly tarball no local data for negotiator@https://registry.npmjs.org/negotiator/-/negotiator-0.6.3.tgz. Extracting by manifest.
354 silly tarball no local data for natural-compare@https://registry.npmjs.org/natural-compare/-/natural-compare-1.4.0.tgz. Extracting by manifest.
355 silly tarball no local data for ms@https://registry.npmjs.org/ms/-/ms-2.1.3.tgz. Extracting by manifest.
356 silly tarball no local data for mkdirp@https://registry.npmjs.org/mkdirp/-/mkdirp-1.0.4.tgz. Extracting by manifest.
357 silly tarball no local data for mz@https://registry.npmjs.org/mz/-/mz-2.7.0.tgz. Extracting by manifest.
358 silly tarball no local data for npm-run-path@https://registry.npmjs.org/npm-run-path/-/npm-run-path-2.0.2.tgz. Extracting by manifest.
359 silly tarball no local data for minizlib@https://registry.npmjs.org/minizlib/-/minizlib-2.1.2.tgz. Extracting by manifest.
360 silly tarball no local data for minipass-flush@https://registry.npmjs.org/minipass-flush/-/minipass-flush-1.0.7.tgz. Extracting by manifest.
361 silly tarball no local data for minipass-pipeline@https://registry.npmjs.org/minipass-pipeline/-/minipass-pipeline-1.2.4.tgz. Extracting by manifest.
362 silly tarball no local data for minipass@https://registry.npmjs.org/minipass/-/minipass-3.3.6.tgz. Extracting by manifest.
363 silly tarball no local data for minimatch@https://registry.npmjs.org/minimatch/-/minimatch-3.1.5.tgz. Extracting by manifest.
364 silly tarball no local data for minimist@https://registry.npmjs.org/minimist/-/minimist-1.2.8.tgz. Extracting by manifest.
365 silly tarball no local data for minipass-collect@https://registry.npmjs.org/minipass-collect/-/minipass-collect-1.0.2.tgz. Extracting by manifest.
366 silly tarball no local data for min-indent@https://registry.npmjs.org/min-indent/-/min-indent-1.0.1.tgz. Extracting by manifest.
367 silly tarball no local data for mimic-fn@https://registry.npmjs.org/mimic-fn/-/mimic-fn-2.1.0.tgz. Extracting by manifest.
368 silly tarball no local data for mime-types@https://registry.npmjs.org/mime-types/-/mime-types-2.1.35.tgz. Extracting by manifest.
369 silly tarball no local data for mime@https://registry.npmjs.org/mime/-/mime-2.6.0.tgz. Extracting by manifest.
370 silly tarball no local data for mime-db@https://registry.npmjs.org/mime-db/-/mime-db-1.52.0.tgz. Extracting by manifest.
371 silly tarball no local data for micromatch@https://registry.npmjs.org/micromatch/-/micromatch-4.0.8.tgz. Extracting by manifest.
372 silly tarball no local data for metro-transform-worker@https://registry.npmjs.org/metro-transform-worker/-/metro-transform-worker-0.80.12.tgz. Extracting by manifest.
373 silly tarball no local data for metro-transform-plugins@https://registry.npmjs.org/metro-transform-plugins/-/metro-transform-plugins-0.80.12.tgz. Extracting by manifest.
374 silly tarball no local data for metro-source-map@https://registry.npmjs.org/metro-source-map/-/metro-source-map-0.80.12.tgz. Extracting by manifest.
375 silly tarball no local data for metro-runtime@https://registry.npmjs.org/metro-runtime/-/metro-runtime-0.80.12.tgz. Extracting by manifest.
376 silly tarball no local data for metro-symbolicate@https://registry.npmjs.org/metro-symbolicate/-/metro-symbolicate-0.80.12.tgz. Extracting by manifest.
377 silly tarball no local data for metro-resolver@https://registry.npmjs.org/metro-resolver/-/metro-resolver-0.80.12.tgz. Extracting by manifest.
378 silly tarball no local data for metro-minify-terser@https://registry.npmjs.org/metro-minify-terser/-/metro-minify-terser-0.80.12.tgz. Extracting by manifest.
379 silly tarball no local data for metro-file-map@https://registry.npmjs.org/metro-file-map/-/metro-file-map-0.80.12.tgz. Extracting by manifest.
380 silly tarball no local data for metro-config@https://registry.npmjs.org/metro-config/-/metro-config-0.80.12.tgz. Extracting by manifest.
381 silly tarball no local data for metro-cache-key@https://registry.npmjs.org/metro-cache-key/-/metro-cache-key-0.80.12.tgz. Extracting by manifest.
382 silly tarball no local data for metro-cache@https://registry.npmjs.org/metro-cache/-/metro-cache-0.80.12.tgz. Extracting by manifest.
383 silly tarball no local data for metro-core@https://registry.npmjs.org/metro-core/-/metro-core-0.80.12.tgz. Extracting by manifest.
384 silly tarball no local data for metro-babel-transformer@https://registry.npmjs.org/metro-babel-transformer/-/metro-babel-transformer-0.80.12.tgz. Extracting by manifest.
385 silly tarball no local data for merge2@https://registry.npmjs.org/merge2/-/merge2-1.4.1.tgz. Extracting by manifest.
386 silly tarball no local data for metro@https://registry.npmjs.org/metro/-/metro-0.80.12.tgz. Extracting by manifest.
387 silly tarball no local data for merge-options@https://registry.npmjs.org/merge-options/-/merge-options-3.0.4.tgz. Extracting by manifest.
388 silly tarball no local data for merge-stream@https://registry.npmjs.org/merge-stream/-/merge-stream-2.0.0.tgz. Extracting by manifest.
389 silly tarball no local data for memoize-one@https://registry.npmjs.org/memoize-one/-/memoize-one-5.2.1.tgz. Extracting by manifest.
390 silly tarball no local data for memory-cache@https://registry.npmjs.org/memory-cache/-/memory-cache-0.2.0.tgz. Extracting by manifest.
391 silly tarball no local data for md5hex@https://registry.npmjs.org/md5hex/-/md5hex-1.0.0.tgz. Extracting by manifest.
392 silly tarball no local data for math-intrinsics@https://registry.npmjs.org/math-intrinsics/-/math-intrinsics-1.1.0.tgz. Extracting by manifest.
393 silly tarball no local data for md5@https://registry.npmjs.org/md5/-/md5-2.3.0.tgz. Extracting by manifest.
394 silly tarball no local data for md5-file@https://registry.npmjs.org/md5-file/-/md5-file-3.2.3.tgz. Extracting by manifest.
395 silly tarball no local data for marky@https://registry.npmjs.org/marky/-/marky-1.3.0.tgz. Extracting by manifest.
396 silly tarball no local data for make-error@https://registry.npmjs.org/make-error/-/make-error-1.3.6.tgz. Extracting by manifest.
397 silly tarball no local data for makeerror@https://registry.npmjs.org/makeerror/-/makeerror-1.0.12.tgz. Extracting by manifest.
398 silly tarball no local data for lru-cache@https://registry.npmjs.org/lru-cache/-/lru-cache-5.1.1.tgz. Extracting by manifest.
399 silly tarball no local data for loose-envify@https://registry.npmjs.org/loose-envify/-/loose-envify-1.4.0.tgz. Extracting by manifest.
400 silly tarball no local data for make-dir@https://registry.npmjs.org/make-dir/-/make-dir-4.0.0.tgz. Extracting by manifest.
401 silly tarball no local data for logkitty@https://registry.npmjs.org/logkitty/-/logkitty-0.7.1.tgz. Extracting by manifest.
402 silly tarball no local data for lodash.memoize@https://registry.npmjs.org/lodash.memoize/-/lodash.memoize-4.1.2.tgz. Extracting by manifest.
403 silly tarball no local data for log-symbols@https://registry.npmjs.org/log-symbols/-/log-symbols-2.2.0.tgz. Extracting by manifest.
404 silly tarball no local data for lodash.merge@https://registry.npmjs.org/lodash.merge/-/lodash.merge-4.6.2.tgz. Extracting by manifest.
405 silly tarball no local data for lodash.debounce@https://registry.npmjs.org/lodash.debounce/-/lodash.debounce-4.0.8.tgz. Extracting by manifest.
406 silly tarball no local data for locate-path@https://registry.npmjs.org/locate-path/-/locate-path-6.0.0.tgz. Extracting by manifest.
407 silly tarball no local data for lightningcss-win32-x64-msvc@https://registry.npmjs.org/lightningcss-win32-x64-msvc/-/lightningcss-win32-x64-msvc-1.19.0.tgz. Extracting by manifest.
408 silly tarball no local data for lodash@https://registry.npmjs.org/lodash/-/lodash-4.18.1.tgz. Extracting by manifest.
409 silly tarball no local data for lightningcss@https://registry.npmjs.org/lightningcss/-/lightningcss-1.19.0.tgz. Extracting by manifest.
410 silly tarball no local data for lines-and-columns@https://registry.npmjs.org/lines-and-columns/-/lines-and-columns-1.2.4.tgz. Extracting by manifest.
411 silly tarball no local data for levn@https://registry.npmjs.org/levn/-/levn-0.4.1.tgz. Extracting by manifest.
412 silly tarball no local data for leven@https://registry.npmjs.org/leven/-/leven-3.1.0.tgz. Extracting by manifest.
413 silly tarball no local data for lighthouse-logger@https://registry.npmjs.org/lighthouse-logger/-/lighthouse-logger-1.4.2.tgz. Extracting by manifest.
414 silly tarball no local data for kind-of@https://registry.npmjs.org/kind-of/-/kind-of-6.0.3.tgz. Extracting by manifest.
415 silly tarball no local data for kleur@https://registry.npmjs.org/kleur/-/kleur-3.0.3.tgz. Extracting by manifest.
416 silly tarball no local data for keyv@https://registry.npmjs.org/keyv/-/keyv-4.5.4.tgz. Extracting by manifest.
417 silly tarball no local data for jsx-ast-utils@https://registry.npmjs.org/jsx-ast-utils/-/jsx-ast-utils-3.3.5.tgz. Extracting by manifest.
418 silly tarball no local data for jsonfile@https://registry.npmjs.org/jsonfile/-/jsonfile-4.0.0.tgz. Extracting by manifest.
419 silly tarball no local data for json5@https://registry.npmjs.org/json5/-/json5-2.2.3.tgz. Extracting by manifest.
420 silly tarball no local data for json-schema-traverse@https://registry.npmjs.org/json-schema-traverse/-/json-schema-traverse-1.0.0.tgz. Extracting by manifest.
421 silly tarball no local data for json-schema-deref-sync@https://registry.npmjs.org/json-schema-deref-sync/-/json-schema-deref-sync-0.13.0.tgz. Extracting by manifest.
422 silly tarball no local data for json-parse-even-better-errors@https://registry.npmjs.org/json-parse-even-better-errors/-/json-parse-even-better-errors-2.3.1.tgz. Extracting by manifest.
423 silly tarball no local data for json-buffer@https://registry.npmjs.org/json-buffer/-/json-buffer-3.0.1.tgz. Extracting by manifest.
424 silly tarball no local data for json-parse-better-errors@https://registry.npmjs.org/json-parse-better-errors/-/json-parse-better-errors-1.0.2.tgz. Extracting by manifest.
425 silly tarball no local data for jsdom@https://registry.npmjs.org/jsdom/-/jsdom-20.0.3.tgz. Extracting by manifest.
426 silly tarball no local data for jsesc@https://registry.npmjs.org/jsesc/-/jsesc-3.1.0.tgz. Extracting by manifest.
427 silly tarball no local data for jscodeshift@https://registry.npmjs.org/jscodeshift/-/jscodeshift-0.14.0.tgz. Extracting by manifest.
428 silly tarball no local data for jsc-safe-url@https://registry.npmjs.org/jsc-safe-url/-/jsc-safe-url-0.2.4.tgz. Extracting by manifest.
429 silly tarball no local data for js-yaml@https://registry.npmjs.org/js-yaml/-/js-yaml-3.14.2.tgz. Extracting by manifest.
430 silly tarball no local data for js-tokens@https://registry.npmjs.org/js-tokens/-/js-tokens-4.0.0.tgz. Extracting by manifest.
431 silly tarball no local data for join-component@https://registry.npmjs.org/join-component/-/join-component-1.1.0.tgz. Extracting by manifest.
432 silly tarball no local data for joi@https://registry.npmjs.org/joi/-/joi-17.13.3.tgz. Extracting by manifest.
433 silly tarball no local data for jest-worker@https://registry.npmjs.org/jest-worker/-/jest-worker-29.7.0.tgz. Extracting by manifest.
434 silly tarball no local data for jimp-compact@https://registry.npmjs.org/jimp-compact/-/jimp-compact-0.16.1.tgz. Extracting by manifest.
435 silly tarball no local data for jsc-android@https://registry.npmjs.org/jsc-android/-/jsc-android-250231.0.0.tgz. Extracting by manifest.
436 silly tarball no local data for jest-watch-typeahead@https://registry.npmjs.org/jest-watch-typeahead/-/jest-watch-typeahead-2.2.1.tgz. Extracting by manifest.
437 silly tarball no local data for jest-watcher@https://registry.npmjs.org/jest-watcher/-/jest-watcher-29.7.0.tgz. Extracting by manifest.
438 silly tarball no local data for jest-validate@https://registry.npmjs.org/jest-validate/-/jest-validate-29.7.0.tgz. Extracting by manifest.
439 silly tarball no local data for jest-watch-select-projects@https://registry.npmjs.org/jest-watch-select-projects/-/jest-watch-select-projects-2.0.0.tgz. Extracting by manifest.
440 silly tarball no local data for jest-util@https://registry.npmjs.org/jest-util/-/jest-util-29.7.0.tgz. Extracting by manifest.
441 silly tarball no local data for jest-snapshot@https://registry.npmjs.org/jest-snapshot/-/jest-snapshot-29.7.0.tgz. Extracting by manifest.
442 silly tarball no local data for jest-snapshot-prettier@https://registry.npmjs.org/prettier/-/prettier-2.8.8.tgz. Extracting by manifest.
443 silly tarball no local data for jest-runner@https://registry.npmjs.org/jest-runner/-/jest-runner-29.7.0.tgz. Extracting by manifest.
444 silly tarball no local data for jest-resolve-dependencies@https://registry.npmjs.org/jest-resolve-dependencies/-/jest-resolve-dependencies-29.7.0.tgz. Extracting by manifest.
445 silly tarball no local data for jest-regex-util@https://registry.npmjs.org/jest-regex-util/-/jest-regex-util-29.6.3.tgz. Extracting by manifest.
446 silly tarball no local data for jest-runtime@https://registry.npmjs.org/jest-runtime/-/jest-runtime-29.7.0.tgz. Extracting by manifest.
447 silly tarball no local data for jest-resolve@https://registry.npmjs.org/jest-resolve/-/jest-resolve-29.7.0.tgz. Extracting by manifest.
448 silly tarball no local data for jest-pnp-resolver@https://registry.npmjs.org/jest-pnp-resolver/-/jest-pnp-resolver-1.2.3.tgz. Extracting by manifest.
449 silly tarball no local data for jest-mock@https://registry.npmjs.org/jest-mock/-/jest-mock-29.7.0.tgz. Extracting by manifest.
450 silly tarball no local data for jest-message-util@https://registry.npmjs.org/jest-message-util/-/jest-message-util-29.7.0.tgz. Extracting by manifest.
451 silly tarball no local data for jest-matcher-utils@https://registry.npmjs.org/jest-matcher-utils/-/jest-matcher-utils-29.7.0.tgz. Extracting by manifest.
452 silly tarball no local data for jest-haste-map@https://registry.npmjs.org/jest-haste-map/-/jest-haste-map-29.7.0.tgz. Extracting by manifest.
453 silly tarball no local data for jest-environment-jsdom@https://registry.npmjs.org/jest-environment-jsdom/-/jest-environment-jsdom-29.7.0.tgz. Extracting by manifest.
454 silly tarball no local data for jest-get-type@https://registry.npmjs.org/jest-get-type/-/jest-get-type-29.6.3.tgz. Extracting by manifest.
455 silly tarball no local data for jest-environment-node@https://registry.npmjs.org/jest-environment-node/-/jest-environment-node-29.7.0.tgz. Extracting by manifest.
456 silly tarball no local data for jest-each@https://registry.npmjs.org/jest-each/-/jest-each-29.7.0.tgz. Extracting by manifest.
457 silly tarball no local data for jest-docblock@https://registry.npmjs.org/jest-docblock/-/jest-docblock-29.7.0.tgz. Extracting by manifest.
458 silly tarball no local data for jest-diff@https://registry.npmjs.org/jest-diff/-/jest-diff-29.7.0.tgz. Extracting by manifest.
459 silly tarball no local data for jest-config@https://registry.npmjs.org/jest-config/-/jest-config-29.7.0.tgz. Extracting by manifest.
460 silly tarball no local data for jest-cli@https://registry.npmjs.org/jest-cli/-/jest-cli-29.7.0.tgz. Extracting by manifest.
461 silly tarball no local data for jest-circus@https://registry.npmjs.org/jest-circus/-/jest-circus-29.7.0.tgz. Extracting by manifest.
462 silly tarball no local data for jest@https://registry.npmjs.org/jest/-/jest-29.7.0.tgz. Extracting by manifest.
463 silly tarball no local data for istanbul-reports@https://registry.npmjs.org/istanbul-reports/-/istanbul-reports-3.2.0.tgz. Extracting by manifest.
464 silly tarball no local data for iterator.prototype@https://registry.npmjs.org/iterator.prototype/-/iterator.prototype-1.1.5.tgz. Extracting by manifest.
465 silly tarball no local data for istanbul-lib-report@https://registry.npmjs.org/istanbul-lib-report/-/istanbul-lib-report-3.0.1.tgz. Extracting by manifest.
466 silly tarball no local data for istanbul-lib-source-maps@https://registry.npmjs.org/istanbul-lib-source-maps/-/istanbul-lib-source-maps-4.0.1.tgz. Extracting by manifest.
467 silly tarball no local data for jest-changed-files@https://registry.npmjs.org/jest-changed-files/-/jest-changed-files-29.7.0.tgz. Extracting by manifest.
468 silly tarball no local data for istanbul-lib-instrument@https://registry.npmjs.org/istanbul-lib-instrument/-/istanbul-lib-instrument-6.0.3.tgz. Extracting by manifest.
469 silly tarball no local data for isobject@https://registry.npmjs.org/isobject/-/isobject-3.0.1.tgz. Extracting by manifest.
470 silly tarball no local data for isexe@https://registry.npmjs.org/isexe/-/isexe-2.0.0.tgz. Extracting by manifest.
471 silly tarball no local data for isarray@https://registry.npmjs.org/isarray/-/isarray-2.0.5.tgz. Extracting by manifest.
472 silly tarball no local data for is-wsl@https://registry.npmjs.org/is-wsl/-/is-wsl-2.2.0.tgz. Extracting by manifest.
473 silly tarball no local data for is-weakset@https://registry.npmjs.org/is-weakset/-/is-weakset-2.0.4.tgz. Extracting by manifest.
474 silly tarball no local data for istanbul-lib-coverage@https://registry.npmjs.org/istanbul-lib-coverage/-/istanbul-lib-coverage-3.2.2.tgz. Extracting by manifest.
475 silly tarball no local data for is-valid-path@https://registry.npmjs.org/is-valid-path/-/is-valid-path-0.1.1.tgz. Extracting by manifest.
476 silly tarball no local data for is-weakref@https://registry.npmjs.org/is-weakref/-/is-weakref-1.1.1.tgz. Extracting by manifest.
477 silly tarball no local data for is-unicode-supported@https://registry.npmjs.org/is-unicode-supported/-/is-unicode-supported-0.1.0.tgz. Extracting by manifest.
478 silly tarball no local data for is-weakmap@https://registry.npmjs.org/is-weakmap/-/is-weakmap-2.0.2.tgz. Extracting by manifest.
479 silly tarball no local data for is-typed-array@https://registry.npmjs.org/is-typed-array/-/is-typed-array-1.1.15.tgz. Extracting by manifest.
480 silly tarball no local data for is-string@https://registry.npmjs.org/is-string/-/is-string-1.1.1.tgz. Extracting by manifest.
481 silly tarball no local data for is-symbol@https://registry.npmjs.org/is-symbol/-/is-symbol-1.1.1.tgz. Extracting by manifest.
482 silly tarball no local data for is-stream@https://registry.npmjs.org/is-stream/-/is-stream-1.1.0.tgz. Extracting by manifest.
483 silly tarball no local data for is-shared-array-buffer@https://registry.npmjs.org/is-shared-array-buffer/-/is-shared-array-buffer-1.0.4.tgz. Extracting by manifest.
484 silly tarball no local data for jest-leak-detector@https://registry.npmjs.org/jest-leak-detector/-/jest-leak-detector-29.7.0.tgz. Extracting by manifest.
485 silly tarball no local data for json-stable-stringify-without-jsonify@https://registry.npmjs.org/json-stable-stringify-without-jsonify/-/json-stable-stringify-without-jsonify-1.0.1.tgz. Extracting by manifest.
486 silly tarball no local data for lodash.throttle@https://registry.npmjs.org/lodash.throttle/-/lodash.throttle-4.1.1.tgz. Extracting by manifest.
487 silly tarball no local data for is-regex@https://registry.npmjs.org/is-regex/-/is-regex-1.2.1.tgz. Extracting by manifest.
488 silly tarball no local data for is-set@https://registry.npmjs.org/is-set/-/is-set-2.0.3.tgz. Extracting by manifest.
489 silly tarball no local data for is-potential-custom-element-name@https://registry.npmjs.org/is-potential-custom-element-name/-/is-potential-custom-element-name-1.0.1.tgz. Extracting by manifest.
490 silly tarball no local data for is-plain-obj@https://registry.npmjs.org/is-plain-obj/-/is-plain-obj-2.1.0.tgz. Extracting by manifest.
491 silly tarball no local data for is-path-inside@https://registry.npmjs.org/is-path-inside/-/is-path-inside-3.0.3.tgz. Extracting by manifest.
492 silly tarball no local data for is-number@https://registry.npmjs.org/is-number/-/is-number-7.0.0.tgz. Extracting by manifest.
493 silly tarball no local data for is-number-object@https://registry.npmjs.org/is-number-object/-/is-number-object-1.1.1.tgz. Extracting by manifest.
494 silly tarball no local data for is-plain-object@https://registry.npmjs.org/is-plain-object/-/is-plain-object-2.0.4.tgz. Extracting by manifest.
495 silly tarball no local data for is-path-cwd@https://registry.npmjs.org/is-path-cwd/-/is-path-cwd-2.2.0.tgz. Extracting by manifest.
496 silly tarball no local data for is-negative-zero@https://registry.npmjs.org/is-negative-zero/-/is-negative-zero-2.0.3.tgz. Extracting by manifest.
497 silly tarball no local data for is-nan@https://registry.npmjs.org/is-nan/-/is-nan-1.3.2.tgz. Extracting by manifest.
498 silly tarball no local data for is-generator-fn@https://registry.npmjs.org/is-generator-fn/-/is-generator-fn-2.1.0.tgz. Extracting by manifest.
499 silly tarball no local data for is-glob@https://registry.npmjs.org/is-glob/-/is-glob-4.0.3.tgz. Extracting by manifest.
500 silly tarball no local data for is-invalid-path@https://registry.npmjs.org/is-invalid-path/-/is-invalid-path-0.1.0.tgz. Extracting by manifest.
501 silly tarball no local data for is-map@https://registry.npmjs.org/is-map/-/is-map-2.0.3.tgz. Extracting by manifest.
502 silly tarball no local data for is-interactive@https://registry.npmjs.org/is-interactive/-/is-interactive-1.0.0.tgz. Extracting by manifest.
503 silly tarball no local data for is-generator-function@https://registry.npmjs.org/is-generator-function/-/is-generator-function-1.1.2.tgz. Extracting by manifest.
504 silly tarball no local data for is-docker@https://registry.npmjs.org/is-docker/-/is-docker-2.2.1.tgz. Extracting by manifest.
505 silly tarball no local data for is-extglob@https://registry.npmjs.org/is-extglob/-/is-extglob-2.1.1.tgz. Extracting by manifest.
506 silly tarball no local data for is-fullwidth-code-point@https://registry.npmjs.org/is-fullwidth-code-point/-/is-fullwidth-code-point-2.0.0.tgz. Extracting by manifest.
507 silly tarball no local data for is-finalizationregistry@https://registry.npmjs.org/is-finalizationregistry/-/is-finalizationregistry-1.1.1.tgz. Extracting by manifest.
508 silly tarball no local data for is-directory@https://registry.npmjs.org/is-directory/-/is-directory-0.3.1.tgz. Extracting by manifest.
509 silly tarball no local data for is-date-object@https://registry.npmjs.org/is-date-object/-/is-date-object-1.1.0.tgz. Extracting by manifest.
510 silly tarball no local data for is-boolean-object@https://registry.npmjs.org/is-boolean-object/-/is-boolean-object-1.2.2.tgz. Extracting by manifest.
511 silly tarball no local data for is-binary-path@https://registry.npmjs.org/is-binary-path/-/is-binary-path-2.1.0.tgz. Extracting by manifest.
512 silly tarball no local data for is-callable@https://registry.npmjs.org/is-callable/-/is-callable-1.2.7.tgz. Extracting by manifest.
513 silly tarball no local data for is-data-view@https://registry.npmjs.org/is-data-view/-/is-data-view-1.0.2.tgz. Extracting by manifest.
514 silly tarball no local data for is-buffer@https://registry.npmjs.org/is-buffer/-/is-buffer-1.1.6.tgz. Extracting by manifest.
515 silly tarball no local data for is-bigint@https://registry.npmjs.org/is-bigint/-/is-bigint-1.1.0.tgz. Extracting by manifest.
516 silly tarball no local data for is-arrayish@https://registry.npmjs.org/is-arrayish/-/is-arrayish-0.2.1.tgz. Extracting by manifest.
517 silly tarball no local data for is-array-buffer@https://registry.npmjs.org/is-array-buffer/-/is-array-buffer-3.0.5.tgz. Extracting by manifest.
518 silly tarball no local data for is-async-function@https://registry.npmjs.org/is-async-function/-/is-async-function-2.1.1.tgz. Extracting by manifest.
519 silly tarball no local data for is-core-module@https://registry.npmjs.org/is-core-module/-/is-core-module-2.16.1.tgz. Extracting by manifest.
520 silly tarball no local data for ipaddr.js@https://registry.npmjs.org/ipaddr.js/-/ipaddr.js-1.9.1.tgz. Extracting by manifest.
521 silly tarball no local data for is-arguments@https://registry.npmjs.org/is-arguments/-/is-arguments-1.2.0.tgz. Extracting by manifest.
522 silly tarball no local data for internal-slot@https://registry.npmjs.org/internal-slot/-/internal-slot-1.1.0.tgz. Extracting by manifest.
523 silly tarball no local data for internal-ip@https://registry.npmjs.org/internal-ip/-/internal-ip-4.3.0.tgz. Extracting by manifest.
524 silly tarball no local data for ip-regex@https://registry.npmjs.org/ip-regex/-/ip-regex-2.1.0.tgz. Extracting by manifest.
525 silly tarball no local data for invariant@https://registry.npmjs.org/invariant/-/invariant-2.2.4.tgz. Extracting by manifest.
526 silly tarball no local data for inflight@https://registry.npmjs.org/inflight/-/inflight-1.0.6.tgz. Extracting by manifest.
527 silly tarball no local data for ini@https://registry.npmjs.org/ini/-/ini-1.3.8.tgz. Extracting by manifest.
528 silly tarball no local data for indent-string@https://registry.npmjs.org/indent-string/-/indent-string-4.0.0.tgz. Extracting by manifest.
529 silly tarball no local data for import-local@https://registry.npmjs.org/import-local/-/import-local-3.2.0.tgz. Extracting by manifest.
530 silly tarball no local data for inherits@https://registry.npmjs.org/inherits/-/inherits-2.0.4.tgz. Extracting by manifest.
531 silly tarball no local data for infer-owner@https://registry.npmjs.org/infer-owner/-/infer-owner-1.0.4.tgz. Extracting by manifest.
532 silly tarball no local data for import-fresh@https://registry.npmjs.org/import-fresh/-/import-fresh-3.3.1.tgz. Extracting by manifest.
533 silly tarball no local data for imurmurhash@https://registry.npmjs.org/imurmurhash/-/imurmurhash-0.1.4.tgz. Extracting by manifest.
534 silly tarball no local data for iconv-lite@https://registry.npmjs.org/iconv-lite/-/iconv-lite-0.6.3.tgz. Extracting by manifest.
535 silly tarball no local data for ieee754@https://registry.npmjs.org/ieee754/-/ieee754-1.2.1.tgz. Extracting by manifest.
536 silly tarball no local data for ignore@https://registry.npmjs.org/ignore/-/ignore-5.3.2.tgz. Extracting by manifest.
537 silly tarball no local data for image-size@https://registry.npmjs.org/image-size/-/image-size-1.2.1.tgz. Extracting by manifest.
538 silly tarball no local data for i18next@https://registry.npmjs.org/i18next/-/i18next-23.16.8.tgz. Extracting by manifest.
539 silly tarball no local data for i18next-http-backend@https://registry.npmjs.org/i18next-http-backend/-/i18next-http-backend-2.7.3.tgz. Extracting by manifest.
540 silly tarball no local data for http-proxy-agent@https://registry.npmjs.org/http-proxy-agent/-/http-proxy-agent-5.0.0.tgz. Extracting by manifest.
541 silly tarball no local data for human-signals@https://registry.npmjs.org/human-signals/-/human-signals-2.1.0.tgz. Extracting by manifest.
542 silly tarball no local data for http-errors@https://registry.npmjs.org/http-errors/-/http-errors-2.0.0.tgz. Extracting by manifest.
543 silly tarball no local data for https-proxy-agent@https://registry.npmjs.org/https-proxy-agent/-/https-proxy-agent-5.0.1.tgz. Extracting by manifest.
544 silly tarball no local data for html-parse-stringify@https://registry.npmjs.org/html-parse-stringify/-/html-parse-stringify-3.0.1.tgz. Extracting by manifest.
545 silly tarball no local data for hermes-profile-transformer@https://registry.npmjs.org/hermes-profile-transformer/-/hermes-profile-transformer-0.0.6.tgz. Extracting by manifest.
546 silly tarball no local data for html-escaper@https://registry.npmjs.org/html-escaper/-/html-escaper-2.0.2.tgz. Extracting by manifest.
547 silly tarball no local data for html-encoding-sniffer@https://registry.npmjs.org/html-encoding-sniffer/-/html-encoding-sniffer-3.0.0.tgz. Extracting by manifest.
548 silly tarball no local data for hosted-git-info@https://registry.npmjs.org/hosted-git-info/-/hosted-git-info-3.0.8.tgz. Extracting by manifest.
549 silly tarball no local data for hoist-non-react-statics@https://registry.npmjs.org/hoist-non-react-statics/-/hoist-non-react-statics-3.3.2.tgz. Extracting by manifest.
550 silly tarball no local data for hermes-estree@https://registry.npmjs.org/hermes-estree/-/hermes-estree-0.33.3.tgz. Extracting by manifest.
551 silly tarball no local data for has-tostringtag@https://registry.npmjs.org/has-tostringtag/-/has-tostringtag-1.0.2.tgz. Extracting by manifest.
552 silly tarball no local data for has-symbols@https://registry.npmjs.org/has-symbols/-/has-symbols-1.1.0.tgz. Extracting by manifest.
553 silly tarball no local data for hermes-parser@https://registry.npmjs.org/hermes-parser/-/hermes-parser-0.33.3.tgz. Extracting by manifest.
554 silly tarball no local data for hasown@https://registry.npmjs.org/hasown/-/hasown-2.0.2.tgz. Extracting by manifest.
555 silly tarball no local data for has-proto@https://registry.npmjs.org/has-proto/-/has-proto-1.2.0.tgz. Extracting by manifest.
556 silly tarball no local data for has-property-descriptors@https://registry.npmjs.org/has-property-descriptors/-/has-property-descriptors-1.0.2.tgz. Extracting by manifest.
557 silly tarball no local data for has-flag@https://registry.npmjs.org/has-flag/-/has-flag-3.0.0.tgz. Extracting by manifest.
558 silly tarball no local data for has-bigints@https://registry.npmjs.org/has-bigints/-/has-bigints-1.1.0.tgz. Extracting by manifest.
559 silly tarball no local data for graphql-tag@https://registry.npmjs.org/graphql-tag/-/graphql-tag-2.12.6.tgz. Extracting by manifest.
560 silly tarball no local data for graphql@https://registry.npmjs.org/graphql/-/graphql-15.8.0.tgz. Extracting by manifest.
561 silly tarball no local data for globrex@https://registry.npmjs.org/globrex/-/globrex-0.1.2.tgz. Extracting by manifest.
562 silly tarball no local data for graceful-fs@https://registry.npmjs.org/graceful-fs/-/graceful-fs-4.2.11.tgz. Extracting by manifest.
563 silly tarball no local data for globalthis@https://registry.npmjs.org/globalthis/-/globalthis-1.0.4.tgz. Extracting by manifest.
564 silly tarball no local data for gopd@https://registry.npmjs.org/gopd/-/gopd-1.2.0.tgz. Extracting by manifest.
565 silly tarball no local data for glob-parent@https://registry.npmjs.org/glob-parent/-/glob-parent-5.1.2.tgz. Extracting by manifest.
566 silly tarball no local data for getenv@https://registry.npmjs.org/getenv/-/getenv-1.0.0.tgz. Extracting by manifest.
567 silly tarball no local data for globals@https://registry.npmjs.org/globals/-/globals-16.5.0.tgz. Extracting by manifest.
568 silly tarball no local data for glob@https://registry.npmjs.org/glob/-/glob-7.2.3.tgz. Extracting by manifest.
569 silly tarball no local data for get-tsconfig@https://registry.npmjs.org/get-tsconfig/-/get-tsconfig-4.13.7.tgz. Extracting by manifest.
570 silly tarball no local data for globby@https://registry.npmjs.org/globby/-/globby-11.1.0.tgz. Extracting by manifest.
571 silly tarball no local data for get-proto@https://registry.npmjs.org/get-proto/-/get-proto-1.0.1.tgz. Extracting by manifest.
572 silly tarball no local data for get-stream@https://registry.npmjs.org/get-stream/-/get-stream-4.1.0.tgz. Extracting by manifest.
573 silly tarball no local data for get-intrinsic@https://registry.npmjs.org/get-intrinsic/-/get-intrinsic-1.3.0.tgz. Extracting by manifest.
574 silly tarball no local data for get-symbol-description@https://registry.npmjs.org/get-symbol-description/-/get-symbol-description-1.1.0.tgz. Extracting by manifest.
575 silly tarball no local data for gensync@https://registry.npmjs.org/gensync/-/gensync-1.0.0-beta.2.tgz. Extracting by manifest.
576 silly tarball no local data for get-package-type@https://registry.npmjs.org/get-package-type/-/get-package-type-0.1.0.tgz. Extracting by manifest.
577 silly tarball no local data for functions-have-names@https://registry.npmjs.org/functions-have-names/-/functions-have-names-1.2.3.tgz. Extracting by manifest.
578 silly tarball no local data for function-bind@https://registry.npmjs.org/function-bind/-/function-bind-1.1.2.tgz. Extracting by manifest.
579 silly tarball no local data for function.prototype.name@https://registry.npmjs.org/function.prototype.name/-/function.prototype.name-1.1.8.tgz. Extracting by manifest.
580 silly tarball no local data for generator-function@https://registry.npmjs.org/generator-function/-/generator-function-2.0.1.tgz. Extracting by manifest.
581 silly tarball no local data for fs-extra@https://registry.npmjs.org/fs-extra/-/fs-extra-8.1.0.tgz. Extracting by manifest.
582 silly tarball no local data for fs.realpath@https://registry.npmjs.org/fs.realpath/-/fs.realpath-1.0.0.tgz. Extracting by manifest.
583 silly tarball no local data for fs-minipass@https://registry.npmjs.org/fs-minipass/-/fs-minipass-2.1.0.tgz. Extracting by manifest.
584 silly tarball no local data for fs-readdir-recursive@https://registry.npmjs.org/fs-readdir-recursive/-/fs-readdir-recursive-1.1.0.tgz. Extracting by manifest.
585 silly tarball no local data for form-data@https://registry.npmjs.org/form-data/-/form-data-4.0.5.tgz. Extracting by manifest.
586 silly tarball no local data for fresh@https://registry.npmjs.org/fresh/-/fresh-0.5.2.tgz. Extracting by manifest.
587 silly tarball no local data for for-each@https://registry.npmjs.org/for-each/-/for-each-0.3.5.tgz. Extracting by manifest.
588 silly tarball no local data for flow-parser@https://registry.npmjs.org/flow-parser/-/flow-parser-0.206.0.tgz. Extracting by manifest.
589 silly tarball no local data for freeport-async@https://registry.npmjs.org/freeport-async/-/freeport-async-2.0.0.tgz. Extracting by manifest.
590 silly tarball no local data for follow-redirects@https://registry.npmjs.org/follow-redirects/-/follow-redirects-1.15.11.tgz. Extracting by manifest.
591 silly tarball no local data for flat-cache@https://registry.npmjs.org/flat-cache/-/flat-cache-4.0.1.tgz. Extracting by manifest.
592 silly tarball no local data for flatted@https://registry.npmjs.org/flatted/-/flatted-3.4.2.tgz. Extracting by manifest.
593 silly tarball no local data for fontfaceobserver@https://registry.npmjs.org/fontfaceobserver/-/fontfaceobserver-2.3.0.tgz. Extracting by manifest.
594 silly tarball no local data for flow-enums-runtime@https://registry.npmjs.org/flow-enums-runtime/-/flow-enums-runtime-0.0.6.tgz. Extracting by manifest.
595 silly tarball no local data for find-up@https://registry.npmjs.org/find-up/-/find-up-5.0.0.tgz. Extracting by manifest.
596 silly tarball no local data for find-cache-dir@https://registry.npmjs.org/find-cache-dir/-/find-cache-dir-2.1.0.tgz. Extracting by manifest.
597 silly tarball no local data for finalhandler@https://registry.npmjs.org/finalhandler/-/finalhandler-1.1.2.tgz. Extracting by manifest.
598 silly tarball no local data for fill-range@https://registry.npmjs.org/fill-range/-/fill-range-7.1.1.tgz. Extracting by manifest.
599 silly tarball no local data for filter-obj@https://registry.npmjs.org/filter-obj/-/filter-obj-1.1.0.tgz. Extracting by manifest.
600 silly tarball no local data for fetch-retry@https://registry.npmjs.org/fetch-retry/-/fetch-retry-4.1.1.tgz. Extracting by manifest.
601 silly tarball no local data for file-entry-cache@https://registry.npmjs.org/file-entry-cache/-/file-entry-cache-8.0.0.tgz. Extracting by manifest.
602 silly tarball no local data for fdir@https://registry.npmjs.org/fdir/-/fdir-6.5.0.tgz. Extracting by manifest.
603 silly tarball no local data for fbjs@https://registry.npmjs.org/fbjs/-/fbjs-3.0.5.tgz. Extracting by manifest.
604 silly tarball no local data for fbjs-css-vars@https://registry.npmjs.org/fbjs-css-vars/-/fbjs-css-vars-1.0.2.tgz. Extracting by manifest.
605 silly tarball no local data for fbemitter@https://registry.npmjs.org/fbemitter/-/fbemitter-3.0.0.tgz. Extracting by manifest.
606 silly tarball no local data for fast-xml-parser@https://registry.npmjs.org/fast-xml-parser/-/fast-xml-parser-4.5.6.tgz. Extracting by manifest.
607 silly tarball no local data for fb-watchman@https://registry.npmjs.org/fb-watchman/-/fb-watchman-2.0.2.tgz. Extracting by manifest.
608 silly tarball no local data for fastq@https://registry.npmjs.org/fastq/-/fastq-1.20.1.tgz. Extracting by manifest.
609 silly tarball no local data for fast-levenshtein@https://registry.npmjs.org/fast-levenshtein/-/fast-levenshtein-2.0.6.tgz. Extracting by manifest.
610 silly tarball no local data for fast-json-stable-stringify@https://registry.npmjs.org/fast-json-stable-stringify/-/fast-json-stable-stringify-2.1.0.tgz. Extracting by manifest.
611 silly tarball no local data for fast-glob@https://registry.npmjs.org/fast-glob/-/fast-glob-3.3.3.tgz. Extracting by manifest.
612 silly tarball no local data for fast-deep-equal@https://registry.npmjs.org/fast-deep-equal/-/fast-deep-equal-3.1.3.tgz. Extracting by manifest.
613 silly tarball no local data for fast-diff@https://registry.npmjs.org/fast-diff/-/fast-diff-1.3.0.tgz. Extracting by manifest.
614 silly tarball no local data for expo-updates-interface@https://registry.npmjs.org/expo-updates-interface/-/expo-updates-interface-0.15.3.tgz. Extracting by manifest.
615 silly tarball no local data for exponential-backoff@https://registry.npmjs.org/exponential-backoff/-/exponential-backoff-3.1.3.tgz. Extracting by manifest.
616 silly tarball no local data for expo-speech-recognition@https://registry.npmjs.org/expo-speech-recognition/-/expo-speech-recognition-3.1.2.tgz. Extracting by manifest.
617 silly tarball no local data for expo-notifications@https://registry.npmjs.org/expo-notifications/-/expo-notifications-0.27.8.tgz. Extracting by manifest.
618 silly tarball no local data for expo-speech@https://registry.npmjs.org/expo-speech/-/expo-speech-11.7.0.tgz. Extracting by manifest.
619 silly tarball no local data for expo-modules-core@https://registry.npmjs.org/expo-modules-core/-/expo-modules-core-1.11.14.tgz. Extracting by manifest.
620 silly tarball no local data for expo-modules-autolinking@https://registry.npmjs.org/expo-modules-autolinking/-/expo-modules-autolinking-1.10.3.tgz. Extracting by manifest.
621 silly tarball no local data for expo-module-scripts@https://registry.npmjs.org/expo-module-scripts/-/expo-module-scripts-55.0.2.tgz. Extracting by manifest.
622 silly tarball no local data for expo-keep-awake@https://registry.npmjs.org/expo-keep-awake/-/expo-keep-awake-12.8.2.tgz. Extracting by manifest.
623 silly tarball no local data for expo-json-utils@https://registry.npmjs.org/expo-json-utils/-/expo-json-utils-0.12.3.tgz. Extracting by manifest.
624 silly tarball no local data for expo-manifests@https://registry.npmjs.org/expo-manifests/-/expo-manifests-0.13.2.tgz. Extracting by manifest.
625 silly tarball no local data for expo-localization@https://registry.npmjs.org/expo-localization/-/expo-localization-14.8.4.tgz. Extracting by manifest.
626 silly tarball no local data for expo-image-picker@https://registry.npmjs.org/expo-image-picker/-/expo-image-picker-14.7.1.tgz. Extracting by manifest.
627 silly tarball no local data for expo-image-loader@https://registry.npmjs.org/expo-image-loader/-/expo-image-loader-4.6.0.tgz. Extracting by manifest.
628 silly tarball no local data for expo-font@https://registry.npmjs.org/expo-font/-/expo-font-11.10.3.tgz. Extracting by manifest.
629 silly tarball no local data for expo-file-system@https://registry.npmjs.org/expo-file-system/-/expo-file-system-16.0.9.tgz. Extracting by manifest.
630 silly tarball no local data for expo-dev-menu-interface@https://registry.npmjs.org/expo-dev-menu-interface/-/expo-dev-menu-interface-1.7.2.tgz. Extracting by manifest.
631 silly tarball no local data for expo-dev-menu@https://registry.npmjs.org/expo-dev-menu/-/expo-dev-menu-4.5.8.tgz. Extracting by manifest.
632 silly tarball no local data for expo-dev-client@https://registry.npmjs.org/expo-dev-client/-/expo-dev-client-3.3.12.tgz. Extracting by manifest.
633 silly tarball no local data for expo-dev-launcher@https://registry.npmjs.org/expo-dev-launcher/-/expo-dev-launcher-3.6.10.tgz. Extracting by manifest.
634 silly tarball no local data for expo-constants@https://registry.npmjs.org/expo-constants/-/expo-constants-15.4.6.tgz. Extracting by manifest.
635 silly tarball no local data for expo-asset@https://registry.npmjs.org/expo-asset/-/expo-asset-9.0.2.tgz. Extracting by manifest.
636 silly tarball no local data for expo-application@https://registry.npmjs.org/expo-application/-/expo-application-5.8.4.tgz. Extracting by manifest.
637 silly tarball no local data for expo@https://registry.npmjs.org/expo/-/expo-50.0.21.tgz. Extracting by manifest.
638 silly tarball no local data for expect@https://registry.npmjs.org/expect/-/expect-29.7.0.tgz. Extracting by manifest.
639 silly tarball no local data for execa@https://registry.npmjs.org/execa/-/execa-1.0.0.tgz. Extracting by manifest.
640 silly tarball no local data for event-target-shim@https://registry.npmjs.org/event-target-shim/-/event-target-shim-5.0.1.tgz. Extracting by manifest.
641 silly tarball no local data for exit@https://registry.npmjs.org/exit/-/exit-0.1.2.tgz. Extracting by manifest.
642 silly tarball no local data for esutils@https://registry.npmjs.org/esutils/-/esutils-2.0.3.tgz. Extracting by manifest.
643 silly tarball no local data for estraverse@https://registry.npmjs.org/estraverse/-/estraverse-5.3.0.tgz. Extracting by manifest.
644 silly tarball no local data for esquery@https://registry.npmjs.org/esquery/-/esquery-1.7.0.tgz. Extracting by manifest.
645 silly tarball no local data for esprima@https://registry.npmjs.org/esprima/-/esprima-4.0.1.tgz. Extracting by manifest.
646 silly tarball no local data for etag@https://registry.npmjs.org/etag/-/etag-1.8.1.tgz. Extracting by manifest.
647 silly tarball no local data for espree@https://registry.npmjs.org/espree/-/espree-10.4.0.tgz. Extracting by manifest.
648 silly tarball no local data for esrecurse@https://registry.npmjs.org/esrecurse/-/esrecurse-4.3.0.tgz. Extracting by manifest.
649 silly tarball no local data for eslint-visitor-keys@https://registry.npmjs.org/eslint-visitor-keys/-/eslint-visitor-keys-5.0.1.tgz. Extracting by manifest.
650 silly tarball no local data for eslint-utils@https://registry.npmjs.org/eslint-utils/-/eslint-utils-2.1.0.tgz. Extracting by manifest.
651 silly tarball no local data for eslint-plugin-react-hooks@https://registry.npmjs.org/eslint-plugin-react-hooks/-/eslint-plugin-react-hooks-5.2.0.tgz. Extracting by manifest.
652 silly tarball no local data for eslint-plugin-react@https://registry.npmjs.org/eslint-plugin-react/-/eslint-plugin-react-7.37.5.tgz. Extracting by manifest.
653 silly tarball no local data for eslint-plugin-prettier@https://registry.npmjs.org/eslint-plugin-prettier/-/eslint-plugin-prettier-5.5.5.tgz. Extracting by manifest.
654 silly tarball no local data for eslint-scope@https://registry.npmjs.org/eslint-scope/-/eslint-scope-8.4.0.tgz. Extracting by manifest.
655 silly tarball no local data for eslint-plugin-n@https://registry.npmjs.org/eslint-plugin-n/-/eslint-plugin-n-17.24.0.tgz. Extracting by manifest.
656 silly tarball no local data for eslint-plugin-node@https://registry.npmjs.org/eslint-plugin-node/-/eslint-plugin-node-11.1.0.tgz. Extracting by manifest.
657 silly tarball no local data for eslint-plugin-es-x@https://registry.npmjs.org/eslint-plugin-es-x/-/eslint-plugin-es-x-7.8.0.tgz. Extracting by manifest.
658 silly tarball no local data for eslint-plugin-es@https://registry.npmjs.org/eslint-plugin-es/-/eslint-plugin-es-3.0.1.tgz. Extracting by manifest.
659 silly tarball no local data for get-caller-file@https://registry.npmjs.org/get-caller-file/-/get-caller-file-2.0.5.tgz. Extracting by manifest.
660 silly tarball no local data for eslint-module-utils@https://registry.npmjs.org/eslint-module-utils/-/eslint-module-utils-2.12.1.tgz. Extracting by manifest.
661 silly tarball no local data for eslint-import-resolver-node@https://registry.npmjs.org/eslint-import-resolver-node/-/eslint-import-resolver-node-0.3.10.tgz. Extracting by manifest.
662 silly tarball no local data for eslint-config-universe@https://registry.npmjs.org/eslint-config-universe/-/eslint-config-universe-15.0.3.tgz. Extracting by manifest.
663 silly tarball no local data for eslint-plugin-import@https://registry.npmjs.org/eslint-plugin-import/-/eslint-plugin-import-2.32.0.tgz. Extracting by manifest.
664 silly tarball no local data for find-yarn-workspace-root@https://registry.npmjs.org/find-yarn-workspace-root/-/find-yarn-workspace-root-2.0.0.tgz. Extracting by manifest.
665 silly tarball no local data for eslint-config-prettier@https://registry.npmjs.org/eslint-config-prettier/-/eslint-config-prettier-9.1.2.tgz. Extracting by manifest.
666 silly tarball no local data for eslint@https://registry.npmjs.org/eslint/-/eslint-9.39.4.tgz. Extracting by manifest.
667 silly tarball no local data for escape-string-regexp@https://registry.npmjs.org/escape-string-regexp/-/escape-string-regexp-4.0.0.tgz. Extracting by manifest.
668 silly tarball no local data for eslint-compat-utils@https://registry.npmjs.org/eslint-compat-utils/-/eslint-compat-utils-0.5.1.tgz. Extracting by manifest.
669 silly tarball no local data for escape-html@https://registry.npmjs.org/escape-html/-/escape-html-1.0.3.tgz. Extracting by manifest.
670 silly tarball no local data for escodegen@https://registry.npmjs.org/escodegen/-/escodegen-2.1.0.tgz. Extracting by manifest.
671 silly tarball no local data for es-shim-unscopables@https://registry.npmjs.org/es-shim-unscopables/-/es-shim-unscopables-1.1.0.tgz. Extracting by manifest.
672 silly tarball no local data for es-set-tostringtag@https://registry.npmjs.org/es-set-tostringtag/-/es-set-tostringtag-2.1.0.tgz. Extracting by manifest.
673 silly tarball no local data for es-to-primitive@https://registry.npmjs.org/es-to-primitive/-/es-to-primitive-1.3.0.tgz. Extracting by manifest.
674 silly tarball no local data for es-iterator-helpers@https://registry.npmjs.org/es-iterator-helpers/-/es-iterator-helpers-1.3.1.tgz. Extracting by manifest.
675 silly tarball no local data for escalade@https://registry.npmjs.org/escalade/-/escalade-3.2.0.tgz. Extracting by manifest.
676 silly tarball no local data for es-object-atoms@https://registry.npmjs.org/es-object-atoms/-/es-object-atoms-1.1.1.tgz. Extracting by manifest.
677 silly tarball no local data for es-errors@https://registry.npmjs.org/es-errors/-/es-errors-1.3.0.tgz. Extracting by manifest.
678 silly tarball no local data for errorhandler@https://registry.npmjs.org/errorhandler/-/errorhandler-1.5.2.tgz. Extracting by manifest.
679 silly tarball no local data for es-abstract@https://registry.npmjs.org/es-abstract/-/es-abstract-1.24.2.tgz. Extracting by manifest.
680 silly tarball no local data for es-define-property@https://registry.npmjs.org/es-define-property/-/es-define-property-1.0.1.tgz. Extracting by manifest.
681 silly tarball no local data for error-stack-parser@https://registry.npmjs.org/error-stack-parser/-/error-stack-parser-2.1.4.tgz. Extracting by manifest.
682 silly tarball no local data for envinfo@https://registry.npmjs.org/envinfo/-/envinfo-7.21.0.tgz. Extracting by manifest.
683 silly tarball no local data for entities@https://registry.npmjs.org/entities/-/entities-6.0.1.tgz. Extracting by manifest.
684 silly tarball no local data for error-ex@https://registry.npmjs.org/error-ex/-/error-ex-1.3.4.tgz. Extracting by manifest.
685 silly tarball no local data for env-editor@https://registry.npmjs.org/env-editor/-/env-editor-0.4.2.tgz. Extracting by manifest.
686 silly tarball no local data for enhanced-resolve@https://registry.npmjs.org/enhanced-resolve/-/enhanced-resolve-5.20.1.tgz. Extracting by manifest.
687 silly tarball no local data for end-of-stream@https://registry.npmjs.org/end-of-stream/-/end-of-stream-1.4.5.tgz. Extracting by manifest.
688 silly tarball no local data for emoji-regex@https://registry.npmjs.org/emoji-regex/-/emoji-regex-8.0.0.tgz. Extracting by manifest.
689 silly tarball no local data for emittery@https://registry.npmjs.org/emittery/-/emittery-0.13.1.tgz. Extracting by manifest.
690 silly tarball no local data for electron-to-chromium@https://registry.npmjs.org/electron-to-chromium/-/electron-to-chromium-1.5.333.tgz. Extracting by manifest.
691 silly tarball no local data for encodeurl@https://registry.npmjs.org/encodeurl/-/encodeurl-1.0.2.tgz. Extracting by manifest.
692 silly tarball no local data for dotenv-expand@https://registry.npmjs.org/dotenv-expand/-/dotenv-expand-11.0.7.tgz. Extracting by manifest.
693 silly tarball no local data for ee-first@https://registry.npmjs.org/ee-first/-/ee-first-1.1.1.tgz. Extracting by manifest.
694 silly tarball no local data for dunder-proto@https://registry.npmjs.org/dunder-proto/-/dunder-proto-1.0.1.tgz. Extracting by manifest.
695 silly tarball no local data for dotenv@https://registry.npmjs.org/dotenv/-/dotenv-16.4.7.tgz. Extracting by manifest.
696 silly tarball no local data for doctrine@https://registry.npmjs.org/doctrine/-/doctrine-2.1.0.tgz. Extracting by manifest.
697 silly tarball no local data for diff-sequences@https://registry.npmjs.org/diff-sequences/-/diff-sequences-29.6.3.tgz. Extracting by manifest.
698 silly tarball no local data for domexception@https://registry.npmjs.org/domexception/-/domexception-4.0.0.tgz. Extracting by manifest.
699 silly tarball no local data for detect-newline@https://registry.npmjs.org/detect-newline/-/detect-newline-3.1.0.tgz. Extracting by manifest.
700 silly tarball no local data for deprecated-react-native-prop-types@https://registry.npmjs.org/deprecated-react-native-prop-types/-/deprecated-react-native-prop-types-5.0.0.tgz. Extracting by manifest.
701 silly tarball no local data for destroy@https://registry.npmjs.org/destroy/-/destroy-1.2.0.tgz. Extracting by manifest.
702 silly tarball no local data for detect-libc@https://registry.npmjs.org/detect-libc/-/detect-libc-1.0.3.tgz. Extracting by manifest.
703 silly tarball no local data for dir-glob@https://registry.npmjs.org/dir-glob/-/dir-glob-3.0.1.tgz. Extracting by manifest.
704 silly tarball no local data for depd@https://registry.npmjs.org/depd/-/depd-2.0.0.tgz. Extracting by manifest.
705 silly tarball no local data for delayed-stream@https://registry.npmjs.org/delayed-stream/-/delayed-stream-1.0.0.tgz. Extracting by manifest.
706 silly tarball no local data for denodeify@https://registry.npmjs.org/denodeify/-/denodeify-1.2.1.tgz. Extracting by manifest.
707 silly tarball no local data for define-lazy-prop@https://registry.npmjs.org/define-lazy-prop/-/define-lazy-prop-2.0.0.tgz. Extracting by manifest.
708 silly tarball no local data for del@https://registry.npmjs.org/del/-/del-6.1.1.tgz. Extracting by manifest.
709 silly tarball no local data for define-data-property@https://registry.npmjs.org/define-data-property/-/define-data-property-1.1.4.tgz. Extracting by manifest.
710 silly tarball no local data for define-properties@https://registry.npmjs.org/define-properties/-/define-properties-1.2.1.tgz. Extracting by manifest.
711 silly tarball no local data for default-gateway@https://registry.npmjs.org/default-gateway/-/default-gateway-4.2.0.tgz. Extracting by manifest.
712 silly tarball no local data for deepmerge@https://registry.npmjs.org/deepmerge/-/deepmerge-4.3.1.tgz. Extracting by manifest.
713 silly tarball no local data for defaults@https://registry.npmjs.org/defaults/-/defaults-1.0.4.tgz. Extracting by manifest.
714 silly tarball no local data for deep-extend@https://registry.npmjs.org/deep-extend/-/deep-extend-0.6.0.tgz. Extracting by manifest.
715 silly tarball no local data for deep-is@https://registry.npmjs.org/deep-is/-/deep-is-0.1.4.tgz. Extracting by manifest.
716 silly tarball no local data for dedent@https://registry.npmjs.org/dedent/-/dedent-1.7.2.tgz. Extracting by manifest.
717 silly tarball no local data for decode-uri-component@https://registry.npmjs.org/decode-uri-component/-/decode-uri-component-0.2.2.tgz. Extracting by manifest.
718 silly tarball no local data for decimal.js@https://registry.npmjs.org/decimal.js/-/decimal.js-10.6.0.tgz. Extracting by manifest.
719 silly tarball no local data for debug@https://registry.npmjs.org/debug/-/debug-4.4.3.tgz. Extracting by manifest.
720 silly tarball no local data for dayjs@https://registry.npmjs.org/dayjs/-/dayjs-1.11.20.tgz. Extracting by manifest.
721 silly tarball no local data for decamelize@https://registry.npmjs.org/decamelize/-/decamelize-1.2.0.tgz. Extracting by manifest.
722 silly tarball no local data for data-view-byte-length@https://registry.npmjs.org/data-view-byte-length/-/data-view-byte-length-1.0.2.tgz. Extracting by manifest.
723 silly tarball no local data for data-view-buffer@https://registry.npmjs.org/data-view-buffer/-/data-view-buffer-1.0.2.tgz. Extracting by manifest.
724 silly tarball no local data for data-view-byte-offset@https://registry.npmjs.org/data-view-byte-offset/-/data-view-byte-offset-1.0.1.tgz. Extracting by manifest.
725 silly tarball no local data for csstype@https://registry.npmjs.org/csstype/-/csstype-3.2.3.tgz. Extracting by manifest.
726 silly tarball no local data for cssstyle@https://registry.npmjs.org/cssstyle/-/cssstyle-2.3.0.tgz. Extracting by manifest.
727 silly tarball no local data for data-urls@https://registry.npmjs.org/data-urls/-/data-urls-3.0.2.tgz. Extracting by manifest.
728 silly tarball no local data for cssom@https://registry.npmjs.org/cssom/-/cssom-0.5.0.tgz. Extracting by manifest.
729 silly tarball no local data for crypt@https://registry.npmjs.org/crypt/-/crypt-0.0.2.tgz. Extracting by manifest.
730 silly tarball no local data for crypto-random-string@https://registry.npmjs.org/crypto-random-string/-/crypto-random-string-1.0.0.tgz. Extracting by manifest.
731 silly tarball no local data for create-jest@https://registry.npmjs.org/create-jest/-/create-jest-29.7.0.tgz. Extracting by manifest.
732 silly tarball no local data for cosmiconfig@https://registry.npmjs.org/cosmiconfig/-/cosmiconfig-5.2.1.tgz. Extracting by manifest.
733 silly tarball no local data for core-util-is@https://registry.npmjs.org/core-util-is/-/core-util-is-1.0.3.tgz. Extracting by manifest.
734 silly tarball no local data for core-js-compat@https://registry.npmjs.org/core-js-compat/-/core-js-compat-3.49.0.tgz. Extracting by manifest.
735 silly tarball no local data for dag-map@https://registry.npmjs.org/dag-map/-/dag-map-1.0.2.tgz. Extracting by manifest.
736 silly tarball no local data for convert-source-map@https://registry.npmjs.org/convert-source-map/-/convert-source-map-2.0.0.tgz. Extracting by manifest.
737 silly tarball no local data for connect@https://registry.npmjs.org/connect/-/connect-3.7.0.tgz. Extracting by manifest.
738 silly tarball no local data for compression@https://registry.npmjs.org/compression/-/compression-1.8.1.tgz. Extracting by manifest.
739 silly tarball no local data for compressible@https://registry.npmjs.org/compressible/-/compressible-2.0.18.tgz. Extracting by manifest.
740 silly tarball no local data for commondir@https://registry.npmjs.org/commondir/-/commondir-1.0.1.tgz. Extracting by manifest.
741 silly tarball no local data for cross-spawn@https://registry.npmjs.org/cross-spawn/-/cross-spawn-6.0.6.tgz. Extracting by manifest.
742 silly tarball no local data for cross-fetch@https://registry.npmjs.org/cross-fetch/-/cross-fetch-3.2.0.tgz. Extracting by manifest.
743 silly tarball no local data for component-type@https://registry.npmjs.org/component-type/-/component-type-1.2.2.tgz. Extracting by manifest.
744 silly tarball no local data for commander@https://registry.npmjs.org/commander/-/commander-7.2.0.tgz. Extracting by manifest.
745 silly tarball no local data for colorette@https://registry.npmjs.org/colorette/-/colorette-1.4.0.tgz. Extracting by manifest.
746 silly tarball no local data for combined-stream@https://registry.npmjs.org/combined-stream/-/combined-stream-1.0.8.tgz. Extracting by manifest.
747 silly tarball no local data for color-string@https://registry.npmjs.org/color-string/-/color-string-1.9.1.tgz. Extracting by manifest.
748 silly tarball no local data for command-exists@https://registry.npmjs.org/command-exists/-/command-exists-1.2.9.tgz. Extracting by manifest.
749 silly tarball no local data for collect-v8-coverage@https://registry.npmjs.org/collect-v8-coverage/-/collect-v8-coverage-1.0.3.tgz. Extracting by manifest.
750 silly tarball no local data for color-name@https://registry.npmjs.org/color-name/-/color-name-1.1.4.tgz. Extracting by manifest.
751 silly tarball no local data for color@https://registry.npmjs.org/color/-/color-4.2.3.tgz. Extracting by manifest.
752 silly tarball no local data for color-convert@https://registry.npmjs.org/color-convert/-/color-convert-2.0.1.tgz. Extracting by manifest.
753 silly tarball no local data for clone-deep@https://registry.npmjs.org/clone-deep/-/clone-deep-4.0.1.tgz. Extracting by manifest.
754 silly tarball no local data for cliui@https://registry.npmjs.org/cliui/-/cliui-8.0.1.tgz. Extracting by manifest.
755 silly tarball no local data for clone@https://registry.npmjs.org/clone/-/clone-2.1.2.tgz. Extracting by manifest.
756 silly tarball no local data for cli-spinners@https://registry.npmjs.org/cli-spinners/-/cli-spinners-2.9.2.tgz. Extracting by manifest.
757 silly tarball no local data for cjs-module-lexer@https://registry.npmjs.org/cjs-module-lexer/-/cjs-module-lexer-1.4.3.tgz. Extracting by manifest.
758 silly tarball no local data for clean-stack@https://registry.npmjs.org/clean-stack/-/clean-stack-2.2.0.tgz. Extracting by manifest.
759 silly tarball no local data for cli-cursor@https://registry.npmjs.org/cli-cursor/-/cli-cursor-2.1.0.tgz. Extracting by manifest.
760 silly tarball no local data for chromium-edge-launcher@https://registry.npmjs.org/chromium-edge-launcher/-/chromium-edge-launcher-1.0.0.tgz. Extracting by manifest.
761 silly tarball no local data for ci-info@https://registry.npmjs.org/ci-info/-/ci-info-3.9.0.tgz. Extracting by manifest.
762 silly tarball no local data for chrome-launcher@https://registry.npmjs.org/chrome-launcher/-/chrome-launcher-0.15.2.tgz. Extracting by manifest.
763 silly tarball no local data for chownr@https://registry.npmjs.org/chownr/-/chownr-2.0.0.tgz. Extracting by manifest.
764 silly tarball no local data for chokidar@https://registry.npmjs.org/chokidar/-/chokidar-3.6.0.tgz. Extracting by manifest.
765 silly tarball no local data for chalk@https://registry.npmjs.org/chalk/-/chalk-4.1.2.tgz. Extracting by manifest.
766 silly tarball no local data for charenc@https://registry.npmjs.org/charenc/-/charenc-0.0.2.tgz. Extracting by manifest.
767 silly tarball no local data for caniuse-lite@https://registry.npmjs.org/caniuse-lite/-/caniuse-lite-1.0.30001787.tgz. Extracting by manifest.
768 silly tarball no local data for char-regex@https://registry.npmjs.org/char-regex/-/char-regex-1.0.2.tgz. Extracting by manifest.
769 silly tarball no local data for camelcase@https://registry.npmjs.org/camelcase/-/camelcase-5.3.1.tgz. Extracting by manifest.
770 silly tarball no local data for caller-path@https://registry.npmjs.org/caller-path/-/caller-path-2.0.0.tgz. Extracting by manifest.
771 silly tarball no local data for callsites@https://registry.npmjs.org/callsites/-/callsites-3.1.0.tgz. Extracting by manifest.
772 silly tarball no local data for caller-callsite@https://registry.npmjs.org/caller-callsite/-/caller-callsite-2.0.0.tgz. Extracting by manifest.
773 silly tarball no local data for call-bound@https://registry.npmjs.org/call-bound/-/call-bound-1.0.4.tgz. Extracting by manifest.
774 silly tarball no local data for call-bind-apply-helpers@https://registry.npmjs.org/call-bind-apply-helpers/-/call-bind-apply-helpers-1.0.2.tgz. Extracting by manifest.
775 silly tarball no local data for cacache@https://registry.npmjs.org/cacache/-/cacache-15.3.0.tgz. Extracting by manifest.
776 silly tarball no local data for bytes@https://registry.npmjs.org/bytes/-/bytes-3.1.2.tgz. Extracting by manifest.
777 silly tarball no local data for call-bind@https://registry.npmjs.org/call-bind/-/call-bind-1.0.8.tgz. Extracting by manifest.
778 silly tarball no local data for buffer-from@https://registry.npmjs.org/buffer-from/-/buffer-from-1.1.2.tgz. Extracting by manifest.
779 silly tarball no local data for buffer-fill@https://registry.npmjs.org/buffer-fill/-/buffer-fill-1.0.0.tgz. Extracting by manifest.
780 silly tarball no local data for builtins@https://registry.npmjs.org/builtins/-/builtins-1.0.3.tgz. Extracting by manifest.
781 silly tarball no local data for buffer@https://registry.npmjs.org/buffer/-/buffer-5.7.1.tgz. Extracting by manifest.
782 silly tarball no local data for buffer-alloc@https://registry.npmjs.org/buffer-alloc/-/buffer-alloc-1.2.0.tgz. Extracting by manifest.
783 silly tarball no local data for bs-logger@https://registry.npmjs.org/bs-logger/-/bs-logger-0.2.6.tgz. Extracting by manifest.
784 silly tarball no local data for bser@https://registry.npmjs.org/bser/-/bser-2.1.1.tgz. Extracting by manifest.
785 silly tarball no local data for browserslist@https://registry.npmjs.org/browserslist/-/browserslist-4.28.2.tgz. Extracting by manifest.
786 silly tarball no local data for buffer-alloc-unsafe@https://registry.npmjs.org/buffer-alloc-unsafe/-/buffer-alloc-unsafe-1.1.0.tgz. Extracting by manifest.
787 silly tarball no local data for braces@https://registry.npmjs.org/braces/-/braces-3.0.3.tgz. Extracting by manifest.
788 silly tarball no local data for brace-expansion@https://registry.npmjs.org/brace-expansion/-/brace-expansion-1.1.13.tgz. Extracting by manifest.
789 silly tarball no local data for bplist-parser@https://registry.npmjs.org/bplist-parser/-/bplist-parser-0.3.2.tgz. Extracting by manifest.
790 silly tarball no local data for bplist-creator@https://registry.npmjs.org/bplist-creator/-/bplist-creator-0.1.0.tgz. Extracting by manifest.
791 silly tarball no local data for blueimp-md5@https://registry.npmjs.org/blueimp-md5/-/blueimp-md5-2.19.0.tgz. Extracting by manifest.
792 silly tarball no local data for big-integer@https://registry.npmjs.org/big-integer/-/big-integer-1.6.52.tgz. Extracting by manifest.
793 silly tarball no local data for better-opn@https://registry.npmjs.org/better-opn/-/better-opn-3.0.2.tgz. Extracting by manifest.
794 silly tarball no local data for binary-extensions@https://registry.npmjs.org/binary-extensions/-/binary-extensions-2.3.0.tgz. Extracting by manifest.
795 silly tarball no local data for concat-map@https://registry.npmjs.org/concat-map/-/concat-map-0.0.1.tgz. Extracting by manifest.
796 silly tarball no local data for base64-js@https://registry.npmjs.org/base64-js/-/base64-js-1.5.1.tgz. Extracting by manifest.
797 silly tarball no local data for balanced-match@https://registry.npmjs.org/balanced-match/-/balanced-match-1.0.2.tgz. Extracting by manifest.
798 silly tarball no local data for badgin@https://registry.npmjs.org/badgin/-/badgin-1.2.3.tgz. Extracting by manifest.
799 silly tarball no local data for babel-preset-jest@https://registry.npmjs.org/babel-preset-jest/-/babel-preset-jest-29.6.3.tgz. Extracting by manifest.
800 silly tarball no local data for babel-preset-expo@https://registry.npmjs.org/babel-preset-expo/-/babel-preset-expo-10.0.2.tgz. Extracting by manifest.
801 silly tarball no local data for bl@https://registry.npmjs.org/bl/-/bl-4.1.0.tgz. Extracting by manifest.
802 silly tarball no local data for co@https://registry.npmjs.org/co/-/co-4.6.0.tgz. Extracting by manifest.
803 silly tarball no local data for babel-preset-fbjs@https://registry.npmjs.org/babel-preset-fbjs/-/babel-preset-fbjs-3.4.0.tgz. Extracting by manifest.
804 silly tarball no local data for babel-preset-current-node-syntax@https://registry.npmjs.org/babel-preset-current-node-syntax/-/babel-preset-current-node-syntax-1.2.0.tgz. Extracting by manifest.
805 silly tarball no local data for babel-plugin-transform-flow-enums@https://registry.npmjs.org/babel-plugin-transform-flow-enums/-/babel-plugin-transform-flow-enums-0.0.2.tgz. Extracting by manifest.
806 silly tarball no local data for babel-plugin-react-native-web@https://registry.npmjs.org/babel-plugin-react-native-web/-/babel-plugin-react-native-web-0.18.12.tgz. Extracting by manifest.
807 silly tarball no local data for babel-plugin-syntax-trailing-function-commas@https://registry.npmjs.org/babel-plugin-syntax-trailing-function-commas/-/babel-plugin-syntax-trailing-function-commas-7.0.0-beta.0.tgz. Extracting by manifest.
808 silly tarball no local data for babel-plugin-syntax-hermes-parser@https://registry.npmjs.org/babel-plugin-syntax-hermes-parser/-/babel-plugin-syntax-hermes-parser-0.33.3.tgz. Extracting by manifest.
809 silly tarball no local data for babel-plugin-react-compiler@https://registry.npmjs.org/babel-plugin-react-compiler/-/babel-plugin-react-compiler-1.0.0.tgz. Extracting by manifest.
810 silly tarball no local data for babel-plugin-polyfill-regenerator@https://registry.npmjs.org/babel-plugin-polyfill-regenerator/-/babel-plugin-polyfill-regenerator-0.6.8.tgz. Extracting by manifest.
811 silly tarball no local data for baseline-browser-mapping@https://registry.npmjs.org/baseline-browser-mapping/-/baseline-browser-mapping-2.10.16.tgz. Extracting by manifest.
812 silly tarball no local data for babel-plugin-polyfill-corejs3@https://registry.npmjs.org/babel-plugin-polyfill-corejs3/-/babel-plugin-polyfill-corejs3-0.13.0.tgz. Extracting by manifest.
813 silly tarball no local data for babel-plugin-polyfill-corejs2@https://registry.npmjs.org/babel-plugin-polyfill-corejs2/-/babel-plugin-polyfill-corejs2-0.4.17.tgz. Extracting by manifest.
814 silly tarball no local data for babel-plugin-jest-hoist@https://registry.npmjs.org/babel-plugin-jest-hoist/-/babel-plugin-jest-hoist-29.6.3.tgz. Extracting by manifest.
815 silly tarball no local data for babel-plugin-istanbul@https://registry.npmjs.org/babel-plugin-istanbul/-/babel-plugin-istanbul-6.1.1.tgz. Extracting by manifest.
816 silly tarball no local data for babel-plugin-dynamic-import-node@https://registry.npmjs.org/babel-plugin-dynamic-import-node/-/babel-plugin-dynamic-import-node-2.3.3.tgz. Extracting by manifest.
817 silly tarball no local data for axios@https://registry.npmjs.org/axios/-/axios-1.14.0.tgz. Extracting by manifest.
818 silly tarball no local data for babel-jest@https://registry.npmjs.org/babel-jest/-/babel-jest-29.7.0.tgz. Extracting by manifest.
819 silly tarball no local data for babel-core@https://registry.npmjs.org/babel-core/-/babel-core-7.0.0-bridge.0.tgz. Extracting by manifest.
820 silly tarball no local data for at-least-node@https://registry.npmjs.org/at-least-node/-/at-least-node-1.0.0.tgz. Extracting by manifest.
821 silly tarball no local data for available-typed-arrays@https://registry.npmjs.org/available-typed-arrays/-/available-typed-arrays-1.0.7.tgz. Extracting by manifest.
822 silly tarball no local data for async-function@https://registry.npmjs.org/async-function/-/async-function-1.0.0.tgz. Extracting by manifest.
823 silly tarball no local data for async-limiter@https://registry.npmjs.org/async-limiter/-/async-limiter-1.0.1.tgz. Extracting by manifest.
824 silly tarball no local data for ast-types@https://registry.npmjs.org/ast-types/-/ast-types-0.15.2.tgz. Extracting by manifest.
825 silly tarball no local data for asynckit@https://registry.npmjs.org/asynckit/-/asynckit-0.4.0.tgz. Extracting by manifest.
826 silly tarball no local data for astral-regex@https://registry.npmjs.org/astral-regex/-/astral-regex-1.0.0.tgz. Extracting by manifest.
827 silly tarball no local data for asap@https://registry.npmjs.org/asap/-/asap-2.0.6.tgz. Extracting by manifest.
828 silly tarball no local data for assert@https://registry.npmjs.org/assert/-/assert-2.1.0.tgz. Extracting by manifest.
829 silly tarball no local data for arraybuffer.prototype.slice@https://registry.npmjs.org/arraybuffer.prototype.slice/-/arraybuffer.prototype.slice-1.0.4.tgz. Extracting by manifest.
830 silly tarball no local data for array.prototype.flatmap@https://registry.npmjs.org/array.prototype.flatmap/-/array.prototype.flatmap-1.3.3.tgz. Extracting by manifest.
831 silly tarball no local data for array.prototype.tosorted@https://registry.npmjs.org/array.prototype.tosorted/-/array.prototype.tosorted-1.1.4.tgz. Extracting by manifest.
832 silly tarball no local data for array.prototype.flat@https://registry.npmjs.org/array.prototype.flat/-/array.prototype.flat-1.3.3.tgz. Extracting by manifest.
833 silly tarball no local data for array.prototype.findlastindex@https://registry.npmjs.org/array.prototype.findlastindex/-/array.prototype.findlastindex-1.2.6.tgz. Extracting by manifest.
834 silly tarball no local data for array-includes@https://registry.npmjs.org/array-includes/-/array-includes-3.1.9.tgz. Extracting by manifest.
835 silly tarball no local data for array.prototype.findlast@https://registry.npmjs.org/array.prototype.findlast/-/array.prototype.findlast-1.2.5.tgz. Extracting by manifest.
836 silly tarball no local data for array-union@https://registry.npmjs.org/array-union/-/array-union-2.1.0.tgz. Extracting by manifest.
837 silly tarball no local data for array-buffer-byte-length@https://registry.npmjs.org/array-buffer-byte-length/-/array-buffer-byte-length-1.0.2.tgz. Extracting by manifest.
838 silly tarball no local data for argparse@https://registry.npmjs.org/argparse/-/argparse-1.0.10.tgz. Extracting by manifest.
839 silly tarball no local data for arg@https://registry.npmjs.org/arg/-/arg-5.0.2.tgz. Extracting by manifest.
840 silly tarball no local data for any-promise@https://registry.npmjs.org/any-promise/-/any-promise-1.3.0.tgz. Extracting by manifest.
841 silly tarball no local data for anymatch@https://registry.npmjs.org/anymatch/-/anymatch-3.1.3.tgz. Extracting by manifest.
842 silly tarball no local data for appdirsjs@https://registry.npmjs.org/appdirsjs/-/appdirsjs-1.2.7.tgz. Extracting by manifest.
843 silly tarball no local data for ansi-fragments@https://registry.npmjs.org/ansi-fragments/-/ansi-fragments-0.2.1.tgz. Extracting by manifest.
844 silly tarball no local data for ansi-styles@https://registry.npmjs.org/ansi-styles/-/ansi-styles-4.3.0.tgz. Extracting by manifest.
845 silly tarball no local data for ansi-regex@https://registry.npmjs.org/ansi-regex/-/ansi-regex-5.0.1.tgz. Extracting by manifest.
846 silly tarball no local data for ajv@https://registry.npmjs.org/ajv/-/ajv-8.11.0.tgz. Extracting by manifest.
847 silly tarball no local data for anser@https://registry.npmjs.org/anser/-/anser-1.4.10.tgz. Extracting by manifest.
848 silly tarball no local data for aggregate-error@https://registry.npmjs.org/aggregate-error/-/aggregate-error-3.1.0.tgz. Extracting by manifest.
849 silly tarball no local data for ansi-escapes@https://registry.npmjs.org/ansi-escapes/-/ansi-escapes-4.3.2.tgz. Extracting by manifest.
850 silly tarball no local data for acorn-walk@https://registry.npmjs.org/acorn-walk/-/acorn-walk-8.3.5.tgz. Extracting by manifest.
851 silly tarball no local data for agent-base@https://registry.npmjs.org/agent-base/-/agent-base-6.0.2.tgz. Extracting by manifest.
852 silly tarball no local data for acorn-jsx@https://registry.npmjs.org/acorn-jsx/-/acorn-jsx-5.3.2.tgz. Extracting by manifest.
853 silly tarball no local data for acorn-globals@https://registry.npmjs.org/acorn-globals/-/acorn-globals-7.0.1.tgz. Extracting by manifest.
854 silly tarball no local data for acorn@https://registry.npmjs.org/acorn/-/acorn-8.16.0.tgz. Extracting by manifest.
855 silly tarball no local data for accepts@https://registry.npmjs.org/accepts/-/accepts-1.3.8.tgz. Extracting by manifest.
856 silly tarball no local data for abort-controller@https://registry.npmjs.org/abort-controller/-/abort-controller-3.0.0.tgz. Extracting by manifest.
857 silly tarball no local data for @xmldom/xmldom@https://registry.npmjs.org/@xmldom/xmldom/-/xmldom-0.7.13.tgz. Extracting by manifest.
858 silly tarball no local data for abab@https://registry.npmjs.org/abab/-/abab-2.0.6.tgz. Extracting by manifest.
859 silly tarball no local data for @urql/core@https://registry.npmjs.org/@urql/core/-/core-2.3.6.tgz. Extracting by manifest.
860 silly tarball no local data for @urql/exchange-retry@https://registry.npmjs.org/@urql/exchange-retry/-/exchange-retry-0.3.0.tgz. Extracting by manifest.
861 silly tarball no local data for @typescript-eslint/utils@https://registry.npmjs.org/@typescript-eslint/utils/-/utils-8.58.1.tgz. Extracting by manifest.
862 silly tarball no local data for @typescript-eslint/visitor-keys@https://registry.npmjs.org/@typescript-eslint/visitor-keys/-/visitor-keys-8.58.1.tgz. Extracting by manifest.
863 silly tarball no local data for @typescript-eslint/types@https://registry.npmjs.org/@typescript-eslint/types/-/types-8.58.1.tgz. Extracting by manifest.
864 silly tarball no local data for @typescript-eslint/typescript-estree@https://registry.npmjs.org/@typescript-eslint/typescript-estree/-/typescript-estree-8.58.1.tgz. Extracting by manifest.
865 silly tarball no local data for @typescript-eslint/tsconfig-utils@https://registry.npmjs.org/@typescript-eslint/tsconfig-utils/-/tsconfig-utils-8.58.1.tgz. Extracting by manifest.
866 silly tarball no local data for @typescript-eslint/scope-manager@https://registry.npmjs.org/@typescript-eslint/scope-manager/-/scope-manager-8.58.1.tgz. Extracting by manifest.
867 silly tarball no local data for @typescript-eslint/parser@https://registry.npmjs.org/@typescript-eslint/parser/-/parser-8.58.1.tgz. Extracting by manifest.
868 silly tarball no local data for @typescript-eslint/eslint-plugin@https://registry.npmjs.org/@typescript-eslint/eslint-plugin/-/eslint-plugin-8.58.1.tgz. Extracting by manifest.
869 silly tarball no local data for @types/yargs-parser@https://registry.npmjs.org/@types/yargs-parser/-/yargs-parser-21.0.3.tgz. Extracting by manifest.
870 silly tarball no local data for @types/tough-cookie@https://registry.npmjs.org/@types/tough-cookie/-/tough-cookie-4.0.5.tgz. Extracting by manifest.
871 silly tarball no local data for @types/yargs@https://registry.npmjs.org/@types/yargs/-/yargs-17.0.35.tgz. Extracting by manifest.
872 silly tarball no local data for @types/stack-utils@https://registry.npmjs.org/@types/stack-utils/-/stack-utils-2.0.3.tgz. Extracting by manifest.
873 silly tarball no local data for @types/react@https://registry.npmjs.org/@types/react/-/react-18.2.79.tgz. Extracting by manifest.
874 silly tarball no local data for @typescript-eslint/type-utils@https://registry.npmjs.org/@typescript-eslint/type-utils/-/type-utils-8.58.1.tgz. Extracting by manifest.
875 silly tarball no local data for @types/prop-types@https://registry.npmjs.org/@types/prop-types/-/prop-types-15.7.15.tgz. Extracting by manifest.
876 silly tarball no local data for @types/json-schema@https://registry.npmjs.org/@types/json-schema/-/json-schema-7.0.15.tgz. Extracting by manifest.
877 silly tarball no local data for @types/json5@https://registry.npmjs.org/@types/json5/-/json5-0.0.29.tgz. Extracting by manifest.
878 silly tarball no local data for @types/jest@https://registry.npmjs.org/@types/jest/-/jest-29.5.14.tgz. Extracting by manifest.
879 silly tarball no local data for @types/jsdom@https://registry.npmjs.org/@types/jsdom/-/jsdom-20.0.1.tgz. Extracting by manifest.
880 silly tarball no local data for @types/istanbul-lib-report@https://registry.npmjs.org/@types/istanbul-lib-report/-/istanbul-lib-report-3.0.3.tgz. Extracting by manifest.
881 silly tarball no local data for @types/istanbul-reports@https://registry.npmjs.org/@types/istanbul-reports/-/istanbul-reports-3.0.4.tgz. Extracting by manifest.
882 silly tarball no local data for @types/hammerjs@https://registry.npmjs.org/@types/hammerjs/-/hammerjs-2.0.46.tgz. Extracting by manifest.
883 silly tarball no local data for @types/istanbul-lib-coverage@https://registry.npmjs.org/@types/istanbul-lib-coverage/-/istanbul-lib-coverage-2.0.6.tgz. Extracting by manifest.
884 silly tarball no local data for @types/graceful-fs@https://registry.npmjs.org/@types/graceful-fs/-/graceful-fs-4.1.9.tgz. Extracting by manifest.
885 silly tarball no local data for @types/estree@https://registry.npmjs.org/@types/estree/-/estree-1.0.8.tgz. Extracting by manifest.
886 silly tarball no local data for @types/babel__traverse@https://registry.npmjs.org/@types/babel__traverse/-/babel__traverse-7.28.0.tgz. Extracting by manifest.
887 silly tarball no local data for @types/babel__template@https://registry.npmjs.org/@types/babel__template/-/babel__template-7.4.4.tgz. Extracting by manifest.
888 silly tarball no local data for @types/babel__generator@https://registry.npmjs.org/@types/babel__generator/-/babel__generator-7.27.0.tgz. Extracting by manifest.
889 silly tarball no local data for @tsconfig/node18@https://registry.npmjs.org/@tsconfig/node18/-/node18-18.2.6.tgz. Extracting by manifest.
890 silly tarball no local data for @tootallnate/once@https://registry.npmjs.org/@tootallnate/once/-/once-2.0.0.tgz. Extracting by manifest.
891 silly tarball no local data for @types/babel__core@https://registry.npmjs.org/@types/babel__core/-/babel__core-7.20.5.tgz. Extracting by manifest.
892 silly tarball no local data for @sinonjs/fake-timers@https://registry.npmjs.org/@sinonjs/fake-timers/-/fake-timers-10.3.0.tgz. Extracting by manifest.
893 silly tarball no local data for @sinclair/typebox@https://registry.npmjs.org/@sinclair/typebox/-/typebox-0.27.10.tgz. Extracting by manifest.
894 silly tarball no local data for @sinonjs/commons@https://registry.npmjs.org/@sinonjs/commons/-/commons-3.0.1.tgz. Extracting by manifest.
895 silly tarball no local data for @segment/loosely-validate-event@https://registry.npmjs.org/@segment/loosely-validate-event/-/loosely-validate-event-2.0.0.tgz. Extracting by manifest.
896 silly tarball no local data for @sideway/pinpoint@https://registry.npmjs.org/@sideway/pinpoint/-/pinpoint-2.0.0.tgz. Extracting by manifest.
897 silly tarball no local data for @sideway/formula@https://registry.npmjs.org/@sideway/formula/-/formula-3.0.1.tgz. Extracting by manifest.
898 silly tarball no local data for @sideway/address@https://registry.npmjs.org/@sideway/address/-/address-4.1.5.tgz. Extracting by manifest.
899 silly tarball no local data for @rtsao/scc@https://registry.npmjs.org/@rtsao/scc/-/scc-1.1.0.tgz. Extracting by manifest.
900 silly tarball no local data for @react-navigation/routers@https://registry.npmjs.org/@react-navigation/routers/-/routers-6.1.9.tgz. Extracting by manifest.
901 silly tarball no local data for @react-navigation/stack@https://registry.npmjs.org/@react-navigation/stack/-/stack-6.4.1.tgz. Extracting by manifest.
902 silly tarball no local data for @react-navigation/elements@https://registry.npmjs.org/@react-navigation/elements/-/elements-1.3.31.tgz. Extracting by manifest.
903 silly tarball no local data for @react-navigation/native@https://registry.npmjs.org/@react-navigation/native/-/native-6.1.18.tgz. Extracting by manifest.
904 silly tarball no local data for @react-navigation/core@https://registry.npmjs.org/@react-navigation/core/-/core-6.4.17.tgz. Extracting by manifest.
905 silly tarball no local data for @react-native/virtualized-lists@https://registry.npmjs.org/@react-native/virtualized-lists/-/virtualized-lists-0.73.4.tgz. Extracting by manifest.
906 silly tarball no local data for @react-native/normalize-colors@https://registry.npmjs.org/@react-native/normalize-colors/-/normalize-colors-0.73.2.tgz. Extracting by manifest.
907 silly tarball no local data for @react-native/normalize-color@https://registry.npmjs.org/@react-native/normalize-color/-/normalize-color-2.1.0.tgz. Extracting by manifest.
908 silly tarball no local data for @react-native/metro-babel-transformer@https://registry.npmjs.org/@react-native/metro-babel-transformer/-/metro-babel-transformer-0.73.15.tgz. Extracting by manifest.
909 silly tarball no local data for @react-native/js-polyfills@https://registry.npmjs.org/@react-native/js-polyfills/-/js-polyfills-0.73.1.tgz. Extracting by manifest.
910 silly tarball no local data for @react-native/gradle-plugin@https://registry.npmjs.org/@react-native/gradle-plugin/-/gradle-plugin-0.73.4.tgz. Extracting by manifest.
911 silly tarball no local data for @react-native/debugger-frontend@https://registry.npmjs.org/@react-native/debugger-frontend/-/debugger-frontend-0.73.3.tgz. Extracting by manifest.
912 silly tarball no local data for @react-native/dev-middleware@https://registry.npmjs.org/@react-native/dev-middleware/-/dev-middleware-0.73.8.tgz. Extracting by manifest.
913 silly tarball no local data for @react-native/codegen@https://registry.npmjs.org/@react-native/codegen/-/codegen-0.85.0.tgz. Extracting by manifest.
914 silly tarball no local data for @react-native/community-cli-plugin@https://registry.npmjs.org/@react-native/community-cli-plugin/-/community-cli-plugin-0.73.17.tgz. Extracting by manifest.
915 silly tarball no local data for @react-native/babel-plugin-codegen@https://registry.npmjs.org/@react-native/babel-plugin-codegen/-/babel-plugin-codegen-0.85.0.tgz. Extracting by manifest.
916 silly tarball no local data for @react-native/assets-registry@https://registry.npmjs.org/@react-native/assets-registry/-/assets-registry-0.73.1.tgz. Extracting by manifest.
917 silly tarball no local data for @react-native/babel-preset@https://registry.npmjs.org/@react-native/babel-preset/-/babel-preset-0.85.0.tgz. Extracting by manifest.
918 silly tarball no local data for @react-native-community/cli-types@https://registry.npmjs.org/@react-native-community/cli-types/-/cli-types-12.3.6.tgz. Extracting by manifest.
919 silly tarball no local data for @react-native-community/cli-tools@https://registry.npmjs.org/@react-native-community/cli-tools/-/cli-tools-12.3.6.tgz. Extracting by manifest.
920 silly tarball no local data for @react-native-community/cli-plugin-metro@https://registry.npmjs.org/@react-native-community/cli-plugin-metro/-/cli-plugin-metro-12.3.6.tgz. Extracting by manifest.
921 silly tarball no local data for @react-native-community/cli-platform-ios@https://registry.npmjs.org/@react-native-community/cli-platform-ios/-/cli-platform-ios-12.3.6.tgz. Extracting by manifest.
922 silly tarball no local data for @react-native-community/cli-server-api@https://registry.npmjs.org/@react-native-community/cli-server-api/-/cli-server-api-12.3.6.tgz. Extracting by manifest.
923 silly tarball no local data for @react-native-community/cli-platform-android@https://registry.npmjs.org/@react-native-community/cli-platform-android/-/cli-platform-android-12.3.6.tgz. Extracting by manifest.
924 silly tarball no local data for @react-native-community/cli-hermes@https://registry.npmjs.org/@react-native-community/cli-hermes/-/cli-hermes-12.3.6.tgz. Extracting by manifest.
925 silly tarball no local data for @react-native-community/cli-debugger-ui@https://registry.npmjs.org/@react-native-community/cli-debugger-ui/-/cli-debugger-ui-12.3.6.tgz. Extracting by manifest.
926 silly tarball no local data for @react-native-community/cli-doctor@https://registry.npmjs.org/@react-native-community/cli-doctor/-/cli-doctor-12.3.6.tgz. Extracting by manifest.
927 silly tarball no local data for @react-native-async-storage/async-storage@https://registry.npmjs.org/@react-native-async-storage/async-storage/-/async-storage-1.21.0.tgz. Extracting by manifest.
928 silly tarball no local data for @react-native-community/cli@https://registry.npmjs.org/@react-native-community/cli/-/cli-12.3.6.tgz. Extracting by manifest.
929 silly tarball no local data for @pkgr/core@https://registry.npmjs.org/@pkgr/core/-/core-0.2.9.tgz. Extracting by manifest.
930 silly tarball no local data for @react-native-community/cli-config@https://registry.npmjs.org/@react-native-community/cli-config/-/cli-config-12.3.6.tgz. Extracting by manifest.
931 silly tarball no local data for @npmcli/move-file@https://registry.npmjs.org/@npmcli/move-file/-/move-file-1.1.2.tgz. Extracting by manifest.
932 silly tarball no local data for @npmcli/fs@https://registry.npmjs.org/@npmcli/fs/-/fs-1.1.1.tgz. Extracting by manifest.
933 silly tarball no local data for @nodelib/fs.stat@https://registry.npmjs.org/@nodelib/fs.stat/-/fs.stat-2.0.5.tgz. Extracting by manifest.
934 silly tarball no local data for @react-native-community/cli-clean@https://registry.npmjs.org/@react-native-community/cli-clean/-/cli-clean-12.3.6.tgz. Extracting by manifest.
935 silly tarball no local data for @nodelib/fs.walk@https://registry.npmjs.org/@nodelib/fs.walk/-/fs.walk-1.2.8.tgz. Extracting by manifest.
936 silly tarball no local data for @jridgewell/sourcemap-codec@https://registry.npmjs.org/@jridgewell/sourcemap-codec/-/sourcemap-codec-1.5.5.tgz. Extracting by manifest.
937 silly tarball no local data for @nodelib/fs.scandir@https://registry.npmjs.org/@nodelib/fs.scandir/-/fs.scandir-2.1.5.tgz. Extracting by manifest.
938 silly tarball no local data for @jridgewell/trace-mapping@https://registry.npmjs.org/@jridgewell/trace-mapping/-/trace-mapping-0.3.31.tgz. Extracting by manifest.
939 silly tarball no local data for @jridgewell/resolve-uri@https://registry.npmjs.org/@jridgewell/resolve-uri/-/resolve-uri-3.1.2.tgz. Extracting by manifest.
940 silly tarball no local data for @jridgewell/remapping@https://registry.npmjs.org/@jridgewell/remapping/-/remapping-2.3.5.tgz. Extracting by manifest.
941 silly tarball no local data for @nicolo-ribaudo/chokidar-2@https://registry.npmjs.org/@nicolo-ribaudo/chokidar-2/-/chokidar-2-2.1.8-no-fsevents.3.tgz. Extracting by manifest.
942 silly tarball no local data for @jest/types@https://registry.npmjs.org/@jest/types/-/types-29.6.3.tgz. Extracting by manifest.
943 silly tarball no local data for @jridgewell/gen-mapping@https://registry.npmjs.org/@jridgewell/gen-mapping/-/gen-mapping-0.3.13.tgz. Extracting by manifest.
944 silly tarball no local data for @jridgewell/source-map@https://registry.npmjs.org/@jridgewell/source-map/-/source-map-0.3.11.tgz. Extracting by manifest.
945 silly tarball no local data for @jest/transform@https://registry.npmjs.org/@jest/transform/-/transform-29.7.0.tgz. Extracting by manifest.
946 silly tarball no local data for @jest/source-map@https://registry.npmjs.org/@jest/source-map/-/source-map-29.6.3.tgz. Extracting by manifest.
947 silly tarball no local data for @jest/test-result@https://registry.npmjs.org/@jest/test-result/-/test-result-29.7.0.tgz. Extracting by manifest.
948 silly tarball no local data for @jest/test-sequencer@https://registry.npmjs.org/@jest/test-sequencer/-/test-sequencer-29.7.0.tgz. Extracting by manifest.
949 silly tarball no local data for @jest/reporters@https://registry.npmjs.org/@jest/reporters/-/reporters-29.7.0.tgz. Extracting by manifest.
950 silly tarball no local data for @jest/globals@https://registry.npmjs.org/@jest/globals/-/globals-29.7.0.tgz. Extracting by manifest.
951 silly tarball no local data for @jest/get-type@https://registry.npmjs.org/@jest/get-type/-/get-type-30.1.0.tgz. Extracting by manifest.
952 silly tarball no local data for @jest/schemas@https://registry.npmjs.org/@jest/schemas/-/schemas-29.6.3.tgz. Extracting by manifest.
953 silly tarball no local data for @jest/expect-utils@https://registry.npmjs.org/@jest/expect-utils/-/expect-utils-29.7.0.tgz. Extracting by manifest.
954 silly tarball no local data for @jest/expect@https://registry.npmjs.org/@jest/expect/-/expect-29.7.0.tgz. Extracting by manifest.
955 silly tarball no local data for @jest/environment@https://registry.npmjs.org/@jest/environment/-/environment-29.7.0.tgz. Extracting by manifest.
956 silly tarball no local data for @jest/fake-timers@https://registry.npmjs.org/@jest/fake-timers/-/fake-timers-29.7.0.tgz. Extracting by manifest.
957 silly tarball no local data for @jest/diff-sequences@https://registry.npmjs.org/@jest/diff-sequences/-/diff-sequences-30.3.0.tgz. Extracting by manifest.
958 silly tarball no local data for @istanbuljs/load-nyc-config@https://registry.npmjs.org/@istanbuljs/load-nyc-config/-/load-nyc-config-1.1.0.tgz. Extracting by manifest.
959 silly tarball no local data for @jest/create-cache-key-function@https://registry.npmjs.org/@jest/create-cache-key-function/-/create-cache-key-function-29.7.0.tgz. Extracting by manifest.
960 silly tarball no local data for @istanbuljs/schema@https://registry.npmjs.org/@istanbuljs/schema/-/schema-0.1.3.tgz. Extracting by manifest.
961 silly tarball no local data for @jest/core@https://registry.npmjs.org/@jest/core/-/core-29.7.0.tgz. Extracting by manifest.
962 silly tarball no local data for @jest/console@https://registry.npmjs.org/@jest/console/-/console-29.7.0.tgz. Extracting by manifest.
963 silly tarball no local data for @isaacs/ttlcache@https://registry.npmjs.org/@isaacs/ttlcache/-/ttlcache-1.4.1.tgz. Extracting by manifest.
964 silly tarball no local data for @humanwhocodes/module-importer@https://registry.npmjs.org/@humanwhocodes/module-importer/-/module-importer-1.0.1.tgz. Extracting by manifest.
965 silly tarball no local data for @ide/backoff@https://registry.npmjs.org/@ide/backoff/-/backoff-1.0.0.tgz. Extracting by manifest.
966 silly tarball no local data for @typescript-eslint/project-service@https://registry.npmjs.org/@typescript-eslint/project-service/-/project-service-8.58.1.tgz. Extracting by manifest.
967 silly tarball no local data for @humanwhocodes/retry@https://registry.npmjs.org/@humanwhocodes/retry/-/retry-0.4.3.tgz. Extracting by manifest.
968 silly tarball no local data for @humanfs/node@https://registry.npmjs.org/@humanfs/node/-/node-0.16.7.tgz. Extracting by manifest.
969 silly tarball no local data for @graphql-typed-document-node/core@https://registry.npmjs.org/@graphql-typed-document-node/core/-/core-3.2.0.tgz. Extracting by manifest.
970 silly tarball no local data for @humanfs/core@https://registry.npmjs.org/@humanfs/core/-/core-0.19.1.tgz. Extracting by manifest.
971 silly tarball no local data for @expo/xcpretty@https://registry.npmjs.org/@expo/xcpretty/-/xcpretty-4.4.1.tgz. Extracting by manifest.
972 silly tarball no local data for @hapi/hoek@https://registry.npmjs.org/@hapi/hoek/-/hoek-9.3.0.tgz. Extracting by manifest.
973 silly tarball no local data for @gar/promisify@https://registry.npmjs.org/@gar/promisify/-/promisify-1.1.3.tgz. Extracting by manifest.
974 silly tarball no local data for @expo/sudo-prompt@https://registry.npmjs.org/@expo/sudo-prompt/-/sudo-prompt-9.3.2.tgz. Extracting by manifest.
975 silly tarball no local data for @expo/spawn-async@https://registry.npmjs.org/@expo/spawn-async/-/spawn-async-1.5.0.tgz. Extracting by manifest.
976 silly tarball no local data for @expo/sdk-runtime-versions@https://registry.npmjs.org/@expo/sdk-runtime-versions/-/sdk-runtime-versions-1.0.0.tgz. Extracting by manifest.
977 silly tarball no local data for @types/node@https://registry.npmjs.org/@types/node/-/node-25.5.2.tgz. Extracting by manifest.
978 silly tarball no local data for @expo/rudder-sdk-node@https://registry.npmjs.org/@expo/rudder-sdk-node/-/rudder-sdk-node-1.1.1.tgz. Extracting by manifest.
979 silly tarball no local data for @expo/require-utils@https://registry.npmjs.org/@expo/require-utils/-/require-utils-55.0.3.tgz. Extracting by manifest.
980 silly tarball no local data for @expo/vector-icons@https://registry.npmjs.org/@expo/vector-icons/-/vector-icons-14.1.0.tgz. Extracting by manifest.
981 silly tarball no local data for @expo/prebuild-config@https://registry.npmjs.org/@expo/prebuild-config/-/prebuild-config-6.8.1.tgz. Extracting by manifest.
982 silly tarball no local data for @expo/plist@https://registry.npmjs.org/@expo/plist/-/plist-0.1.3.tgz. Extracting by manifest.
983 silly tarball no local data for @expo/metro-config@https://registry.npmjs.org/@expo/metro-config/-/metro-config-0.17.8.tgz. Extracting by manifest.
984 silly tarball no local data for @expo/osascript@https://registry.npmjs.org/@expo/osascript/-/osascript-2.4.2.tgz. Extracting by manifest.
985 silly tarball no local data for @expo/npm-proofread@https://registry.npmjs.org/@expo/npm-proofread/-/npm-proofread-1.0.1.tgz. Extracting by manifest.
986 silly tarball no local data for @expo/package-manager@https://registry.npmjs.org/@expo/package-manager/-/package-manager-1.10.4.tgz. Extracting by manifest.
987 silly tarball no local data for @expo/image-utils@https://registry.npmjs.org/@expo/image-utils/-/image-utils-0.4.2.tgz. Extracting by manifest.
988 silly tarball no local data for @expo/fingerprint@https://registry.npmjs.org/@expo/fingerprint/-/fingerprint-0.6.1.tgz. Extracting by manifest.
989 silly tarball no local data for @hapi/topo@https://registry.npmjs.org/@hapi/topo/-/topo-5.1.0.tgz. Extracting by manifest.
990 silly tarball no local data for @expo/devcert@https://registry.npmjs.org/@expo/devcert/-/devcert-1.2.1.tgz. Extracting by manifest.
991 silly tarball no local data for @expo/env@https://registry.npmjs.org/@expo/env/-/env-0.2.3.tgz. Extracting by manifest.
992 silly tarball no local data for @expo/config-plugins@https://registry.npmjs.org/@expo/config-plugins/-/config-plugins-7.9.2.tgz. Extracting by manifest.
993 silly tarball no local data for @expo/config-types@https://registry.npmjs.org/@expo/config-types/-/config-types-50.0.1.tgz. Extracting by manifest.
994 silly tarball no local data for @expo/json-file@https://registry.npmjs.org/@expo/json-file/-/json-file-8.3.3.tgz. Extracting by manifest.
995 silly tarball no local data for @expo/cli@https://registry.npmjs.org/@expo/cli/-/cli-0.17.13.tgz. Extracting by manifest.
996 silly tarball no local data for @expo/config@https://registry.npmjs.org/@expo/config/-/config-8.5.6.tgz. Extracting by manifest.
997 silly tarball no local data for @eslint/plugin-kit@https://registry.npmjs.org/@eslint/plugin-kit/-/plugin-kit-0.4.1.tgz. Extracting by manifest.
998 silly tarball no local data for @expo/bunyan@https://registry.npmjs.org/@expo/bunyan/-/bunyan-4.0.1.tgz. Extracting by manifest.
999 silly tarball no local data for @eslint/object-schema@https://registry.npmjs.org/@eslint/object-schema/-/object-schema-2.1.7.tgz. Extracting by manifest.
1000 silly tarball no local data for @eslint/js@https://registry.npmjs.org/@eslint/js/-/js-9.39.4.tgz. Extracting by manifest.
1001 silly tarball no local data for @expo/code-signing-certificates@https://registry.npmjs.org/@expo/code-signing-certificates/-/code-signing-certificates-0.0.5.tgz. Extracting by manifest.
1002 silly tarball no local data for @eslint/core@https://registry.npmjs.org/@eslint/core/-/core-0.17.0.tgz. Extracting by manifest.
1003 silly tarball no local data for @eslint/eslintrc@https://registry.npmjs.org/@eslint/eslintrc/-/eslintrc-3.3.5.tgz. Extracting by manifest.
1004 silly tarball no local data for @eslint/config-helpers@https://registry.npmjs.org/@eslint/config-helpers/-/config-helpers-0.4.2.tgz. Extracting by manifest.
1005 silly tarball no local data for @eslint-community/regexpp@https://registry.npmjs.org/@eslint-community/regexpp/-/regexpp-4.12.2.tgz. Extracting by manifest.
1006 silly tarball no local data for @eslint-community/eslint-utils@https://registry.npmjs.org/@eslint-community/eslint-utils/-/eslint-utils-4.9.1.tgz. Extracting by manifest.
1007 silly tarball no local data for @eslint/config-array@https://registry.npmjs.org/@eslint/config-array/-/config-array-0.21.2.tgz. Extracting by manifest.
1008 silly tarball no local data for @bcoe/v8-coverage@https://registry.npmjs.org/@bcoe/v8-coverage/-/v8-coverage-0.2.3.tgz. Extracting by manifest.
1009 silly tarball no local data for @babel/types@https://registry.npmjs.org/@babel/types/-/types-7.29.0.tgz. Extracting by manifest.
1010 silly tarball no local data for @babel/traverse@https://registry.npmjs.org/@babel/traverse/-/traverse-7.29.0.tgz. Extracting by manifest.
1011 silly tarball no local data for @babel/register@https://registry.npmjs.org/@babel/register/-/register-7.28.6.tgz. Extracting by manifest.
1012 silly tarball no local data for @babel/template@https://registry.npmjs.org/@babel/template/-/template-7.28.6.tgz. Extracting by manifest.
1013 silly tarball no local data for @babel/runtime@https://registry.npmjs.org/@babel/runtime/-/runtime-7.29.2.tgz. Extracting by manifest.
1014 silly tarball no local data for @babel/preset-typescript@https://registry.npmjs.org/@babel/preset-typescript/-/preset-typescript-7.28.5.tgz. Extracting by manifest.
1015 silly tarball no local data for @egjs/hammerjs@https://registry.npmjs.org/@egjs/hammerjs/-/hammerjs-2.0.17.tgz. Extracting by manifest.
1016 silly tarball no local data for @babel/preset-modules@https://registry.npmjs.org/@babel/preset-modules/-/preset-modules-0.1.6-no-external-plugins.tgz. Extracting by manifest.
1017 silly tarball no local data for @babel/preset-flow@https://registry.npmjs.org/@babel/preset-flow/-/preset-flow-7.27.1.tgz. Extracting by manifest.
1018 silly tarball no local data for @babel/preset-env@https://registry.npmjs.org/@babel/preset-env/-/preset-env-7.29.2.tgz. Extracting by manifest.
1019 silly tarball no local data for @babel/preset-react@https://registry.npmjs.org/@babel/preset-react/-/preset-react-7.28.5.tgz. Extracting by manifest.
1020 silly tarball no local data for @babel/plugin-transform-unicode-sets-regex@https://registry.npmjs.org/@babel/plugin-transform-unicode-sets-regex/-/plugin-transform-unicode-sets-regex-7.28.6.tgz. Extracting by manifest.
1021 silly tarball no local data for @babel/plugin-transform-unicode-regex@https://registry.npmjs.org/@babel/plugin-transform-unicode-regex/-/plugin-transform-unicode-regex-7.27.1.tgz. Extracting by manifest.
1022 silly tarball no local data for @babel/plugin-transform-typeof-symbol@https://registry.npmjs.org/@babel/plugin-transform-typeof-symbol/-/plugin-transform-typeof-symbol-7.27.1.tgz. Extracting by manifest.
1023 silly tarball no local data for @babel/plugin-transform-unicode-property-regex@https://registry.npmjs.org/@babel/plugin-transform-unicode-property-regex/-/plugin-transform-unicode-property-regex-7.28.6.tgz. Extracting by manifest.
1024 silly tarball no local data for @babel/plugin-transform-template-literals@https://registry.npmjs.org/@babel/plugin-transform-template-literals/-/plugin-transform-template-literals-7.27.1.tgz. Extracting by manifest.
1025 silly tarball no local data for @babel/plugin-transform-unicode-escapes@https://registry.npmjs.org/@babel/plugin-transform-unicode-escapes/-/plugin-transform-unicode-escapes-7.27.1.tgz. Extracting by manifest.
1026 silly tarball no local data for @babel/plugin-transform-typescript@https://registry.npmjs.org/@babel/plugin-transform-typescript/-/plugin-transform-typescript-7.28.6.tgz. Extracting by manifest.
1027 silly tarball no local data for @babel/plugin-transform-spread@https://registry.npmjs.org/@babel/plugin-transform-spread/-/plugin-transform-spread-7.28.6.tgz. Extracting by manifest.
1028 silly tarball no local data for @babel/plugin-transform-sticky-regex@https://registry.npmjs.org/@babel/plugin-transform-sticky-regex/-/plugin-transform-sticky-regex-7.27.1.tgz. Extracting by manifest.
1029 silly tarball no local data for @babel/plugin-transform-shorthand-properties@https://registry.npmjs.org/@babel/plugin-transform-shorthand-properties/-/plugin-transform-shorthand-properties-7.27.1.tgz. Extracting by manifest.
1030 silly tarball no local data for @babel/plugin-transform-reserved-words@https://registry.npmjs.org/@babel/plugin-transform-reserved-words/-/plugin-transform-reserved-words-7.27.1.tgz. Extracting by manifest.
1031 silly tarball no local data for @babel/plugin-transform-regexp-modifiers@https://registry.npmjs.org/@babel/plugin-transform-regexp-modifiers/-/plugin-transform-regexp-modifiers-7.28.6.tgz. Extracting by manifest.
1032 silly tarball no local data for @babel/plugin-transform-runtime@https://registry.npmjs.org/@babel/plugin-transform-runtime/-/plugin-transform-runtime-7.29.0.tgz. Extracting by manifest.
1033 silly tarball no local data for @babel/plugin-transform-react-jsx-source@https://registry.npmjs.org/@babel/plugin-transform-react-jsx-source/-/plugin-transform-react-jsx-source-7.27.1.tgz. Extracting by manifest.
1034 silly tarball no local data for @babel/plugin-transform-regenerator@https://registry.npmjs.org/@babel/plugin-transform-regenerator/-/plugin-transform-regenerator-7.29.0.tgz. Extracting by manifest.
1035 silly tarball no local data for @babel/plugin-transform-react-jsx-development@https://registry.npmjs.org/@babel/plugin-transform-react-jsx-development/-/plugin-transform-react-jsx-development-7.27.1.tgz. Extracting by manifest.
1036 silly tarball no local data for @babel/plugin-transform-react-jsx@https://registry.npmjs.org/@babel/plugin-transform-react-jsx/-/plugin-transform-react-jsx-7.28.6.tgz. Extracting by manifest.
1037 silly tarball no local data for @babel/plugin-transform-react-display-name@https://registry.npmjs.org/@babel/plugin-transform-react-display-name/-/plugin-transform-react-display-name-7.28.0.tgz. Extracting by manifest.
1038 silly tarball no local data for @babel/plugin-transform-react-jsx-self@https://registry.npmjs.org/@babel/plugin-transform-react-jsx-self/-/plugin-transform-react-jsx-self-7.27.1.tgz. Extracting by manifest.
1039 silly tarball no local data for @babel/plugin-transform-property-literals@https://registry.npmjs.org/@babel/plugin-transform-property-literals/-/plugin-transform-property-literals-7.27.1.tgz. Extracting by manifest.
1040 silly tarball no local data for @babel/plugin-transform-private-property-in-object@https://registry.npmjs.org/@babel/plugin-transform-private-property-in-object/-/plugin-transform-private-property-in-object-7.28.6.tgz. Extracting by manifest.
1041 silly tarball no local data for @babel/plugin-transform-parameters@https://registry.npmjs.org/@babel/plugin-transform-parameters/-/plugin-transform-parameters-7.27.7.tgz. Extracting by manifest.
1042 silly tarball no local data for @babel/plugin-transform-react-pure-annotations@https://registry.npmjs.org/@babel/plugin-transform-react-pure-annotations/-/plugin-transform-react-pure-annotations-7.27.1.tgz. Extracting by manifest.
1043 silly tarball no local data for @babel/plugin-transform-private-methods@https://registry.npmjs.org/@babel/plugin-transform-private-methods/-/plugin-transform-private-methods-7.28.6.tgz. Extracting by manifest.
1044 silly tarball no local data for @babel/plugin-transform-optional-chaining@https://registry.npmjs.org/@babel/plugin-transform-optional-chaining/-/plugin-transform-optional-chaining-7.28.6.tgz. Extracting by manifest.
1045 silly tarball no local data for @babel/plugin-transform-optional-catch-binding@https://registry.npmjs.org/@babel/plugin-transform-optional-catch-binding/-/plugin-transform-optional-catch-binding-7.28.6.tgz. Extracting by manifest.
1046 silly tarball no local data for @babel/plugin-transform-object-super@https://registry.npmjs.org/@babel/plugin-transform-object-super/-/plugin-transform-object-super-7.27.1.tgz. Extracting by manifest.
1047 silly tarball no local data for @babel/plugin-transform-object-rest-spread@https://registry.npmjs.org/@babel/plugin-transform-object-rest-spread/-/plugin-transform-object-rest-spread-7.28.6.tgz. Extracting by manifest.
1048 silly tarball no local data for @babel/plugin-transform-new-target@https://registry.npmjs.org/@babel/plugin-transform-new-target/-/plugin-transform-new-target-7.27.1.tgz. Extracting by manifest.
1049 silly tarball no local data for @babel/plugin-transform-numeric-separator@https://registry.npmjs.org/@babel/plugin-transform-numeric-separator/-/plugin-transform-numeric-separator-7.28.6.tgz. Extracting by manifest.
1050 silly tarball no local data for @babel/plugin-transform-nullish-coalescing-operator@https://registry.npmjs.org/@babel/plugin-transform-nullish-coalescing-operator/-/plugin-transform-nullish-coalescing-operator-7.28.6.tgz. Extracting by manifest.
1051 silly tarball no local data for @babel/plugin-transform-modules-umd@https://registry.npmjs.org/@babel/plugin-transform-modules-umd/-/plugin-transform-modules-umd-7.27.1.tgz. Extracting by manifest.
1052 silly tarball no local data for @babel/plugin-transform-modules-commonjs@https://registry.npmjs.org/@babel/plugin-transform-modules-commonjs/-/plugin-transform-modules-commonjs-7.28.6.tgz. Extracting by manifest.
1053 silly tarball no local data for @babel/plugin-transform-modules-systemjs@https://registry.npmjs.org/@babel/plugin-transform-modules-systemjs/-/plugin-transform-modules-systemjs-7.29.0.tgz. Extracting by manifest.
1054 silly tarball no local data for @babel/plugin-transform-logical-assignment-operators@https://registry.npmjs.org/@babel/plugin-transform-logical-assignment-operators/-/plugin-transform-logical-assignment-operators-7.28.6.tgz. Extracting by manifest.
1055 silly tarball no local data for @babel/plugin-transform-named-capturing-groups-regex@https://registry.npmjs.org/@babel/plugin-transform-named-capturing-groups-regex/-/plugin-transform-named-capturing-groups-regex-7.29.0.tgz. Extracting by manifest.
1056 silly tarball no local data for @babel/plugin-transform-member-expression-literals@https://registry.npmjs.org/@babel/plugin-transform-member-expression-literals/-/plugin-transform-member-expression-literals-7.27.1.tgz. Extracting by manifest.
1057 silly tarball no local data for @babel/plugin-transform-modules-amd@https://registry.npmjs.org/@babel/plugin-transform-modules-amd/-/plugin-transform-modules-amd-7.27.1.tgz. Extracting by manifest.
1058 silly tarball no local data for @babel/plugin-transform-literals@https://registry.npmjs.org/@babel/plugin-transform-literals/-/plugin-transform-literals-7.27.1.tgz. Extracting by manifest.
1059 silly tarball no local data for @babel/plugin-transform-function-name@https://registry.npmjs.org/@babel/plugin-transform-function-name/-/plugin-transform-function-name-7.27.1.tgz. Extracting by manifest.
1060 silly tarball no local data for @babel/plugin-transform-json-strings@https://registry.npmjs.org/@babel/plugin-transform-json-strings/-/plugin-transform-json-strings-7.28.6.tgz. Extracting by manifest.
1061 silly tarball no local data for @babel/plugin-transform-export-namespace-from@https://registry.npmjs.org/@babel/plugin-transform-export-namespace-from/-/plugin-transform-export-namespace-from-7.27.1.tgz. Extracting by manifest.
1062 silly tarball no local data for @babel/plugin-transform-flow-strip-types@https://registry.npmjs.org/@babel/plugin-transform-flow-strip-types/-/plugin-transform-flow-strip-types-7.27.1.tgz. Extracting by manifest.
1063 silly tarball no local data for @babel/plugin-transform-dynamic-import@https://registry.npmjs.org/@babel/plugin-transform-dynamic-import/-/plugin-transform-dynamic-import-7.27.1.tgz. Extracting by manifest.
1064 silly tarball no local data for @babel/plugin-transform-exponentiation-operator@https://registry.npmjs.org/@babel/plugin-transform-exponentiation-operator/-/plugin-transform-exponentiation-operator-7.28.6.tgz. Extracting by manifest.
1065 silly tarball no local data for @babel/plugin-transform-explicit-resource-management@https://registry.npmjs.org/@babel/plugin-transform-explicit-resource-management/-/plugin-transform-explicit-resource-management-7.28.6.tgz. Extracting by manifest.
1066 silly tarball no local data for @babel/plugin-transform-duplicate-named-capturing-groups-regex@https://registry.npmjs.org/@babel/plugin-transform-duplicate-named-capturing-groups-regex/-/plugin-transform-duplicate-named-capturing-groups-regex-7.29.0.tgz. Extracting by manifest.
1067 silly tarball no local data for @babel/plugin-transform-destructuring@https://registry.npmjs.org/@babel/plugin-transform-destructuring/-/plugin-transform-destructuring-7.28.5.tgz. Extracting by manifest.
1068 silly tarball no local data for @babel/plugin-transform-duplicate-keys@https://registry.npmjs.org/@babel/plugin-transform-duplicate-keys/-/plugin-transform-duplicate-keys-7.27.1.tgz. Extracting by manifest.
1069 silly tarball no local data for @babel/plugin-transform-dotall-regex@https://registry.npmjs.org/@babel/plugin-transform-dotall-regex/-/plugin-transform-dotall-regex-7.28.6.tgz. Extracting by manifest.
1070 silly tarball no local data for @babel/plugin-transform-computed-properties@https://registry.npmjs.org/@babel/plugin-transform-computed-properties/-/plugin-transform-computed-properties-7.28.6.tgz. Extracting by manifest.
1071 silly tarball no local data for @babel/plugin-transform-class-properties@https://registry.npmjs.org/@babel/plugin-transform-class-properties/-/plugin-transform-class-properties-7.28.6.tgz. Extracting by manifest.
1072 silly tarball no local data for @babel/plugin-transform-class-static-block@https://registry.npmjs.org/@babel/plugin-transform-class-static-block/-/plugin-transform-class-static-block-7.28.6.tgz. Extracting by manifest.
1073 silly tarball no local data for @babel/plugin-transform-block-scoped-functions@https://registry.npmjs.org/@babel/plugin-transform-block-scoped-functions/-/plugin-transform-block-scoped-functions-7.27.1.tgz. Extracting by manifest.
1074 silly tarball no local data for @babel/plugin-transform-block-scoping@https://registry.npmjs.org/@babel/plugin-transform-block-scoping/-/plugin-transform-block-scoping-7.28.6.tgz. Extracting by manifest.
1075 silly tarball no local data for @babel/plugin-transform-async-to-generator@https://registry.npmjs.org/@babel/plugin-transform-async-to-generator/-/plugin-transform-async-to-generator-7.28.6.tgz. Extracting by manifest.
1076 silly tarball no local data for @babel/plugin-transform-arrow-functions@https://registry.npmjs.org/@babel/plugin-transform-arrow-functions/-/plugin-transform-arrow-functions-7.27.1.tgz. Extracting by manifest.
1077 silly tarball no local data for @babel/plugin-transform-async-generator-functions@https://registry.npmjs.org/@babel/plugin-transform-async-generator-functions/-/plugin-transform-async-generator-functions-7.29.0.tgz. Extracting by manifest.
1078 silly tarball no local data for @babel/plugin-syntax-unicode-sets-regex@https://registry.npmjs.org/@babel/plugin-syntax-unicode-sets-regex/-/plugin-syntax-unicode-sets-regex-7.18.6.tgz. Extracting by manifest.
1079 silly tarball no local data for @babel/plugin-syntax-top-level-await@https://registry.npmjs.org/@babel/plugin-syntax-top-level-await/-/plugin-syntax-top-level-await-7.14.5.tgz. Extracting by manifest.
1080 silly tarball no local data for @babel/plugin-syntax-typescript@https://registry.npmjs.org/@babel/plugin-syntax-typescript/-/plugin-syntax-typescript-7.28.6.tgz. Extracting by manifest.
1081 silly tarball no local data for @babel/plugin-syntax-private-property-in-object@https://registry.npmjs.org/@babel/plugin-syntax-private-property-in-object/-/plugin-syntax-private-property-in-object-7.14.5.tgz. Extracting by manifest.
1082 silly tarball no local data for @babel/plugin-transform-classes@https://registry.npmjs.org/@babel/plugin-transform-classes/-/plugin-transform-classes-7.28.6.tgz. Extracting by manifest.
1083 silly tarball no local data for @babel/plugin-syntax-optional-chaining@https://registry.npmjs.org/@babel/plugin-syntax-optional-chaining/-/plugin-syntax-optional-chaining-7.8.3.tgz. Extracting by manifest.
1084 silly tarball no local data for @babel/plugin-syntax-object-rest-spread@https://registry.npmjs.org/@babel/plugin-syntax-object-rest-spread/-/plugin-syntax-object-rest-spread-7.8.3.tgz. Extracting by manifest.
1085 silly tarball no local data for @babel/plugin-syntax-nullish-coalescing-operator@https://registry.npmjs.org/@babel/plugin-syntax-nullish-coalescing-operator/-/plugin-syntax-nullish-coalescing-operator-7.8.3.tgz. Extracting by manifest.
1086 silly tarball no local data for @babel/plugin-syntax-optional-catch-binding@https://registry.npmjs.org/@babel/plugin-syntax-optional-catch-binding/-/plugin-syntax-optional-catch-binding-7.8.3.tgz. Extracting by manifest.
1087 silly tarball no local data for @babel/plugin-syntax-numeric-separator@https://registry.npmjs.org/@babel/plugin-syntax-numeric-separator/-/plugin-syntax-numeric-separator-7.10.4.tgz. Extracting by manifest.
1088 silly tarball no local data for @babel/plugin-syntax-logical-assignment-operators@https://registry.npmjs.org/@babel/plugin-syntax-logical-assignment-operators/-/plugin-syntax-logical-assignment-operators-7.10.4.tgz. Extracting by manifest.
1089 silly tarball no local data for @babel/plugin-syntax-import-meta@https://registry.npmjs.org/@babel/plugin-syntax-import-meta/-/plugin-syntax-import-meta-7.10.4.tgz. Extracting by manifest.
1090 silly tarball no local data for @babel/plugin-syntax-json-strings@https://registry.npmjs.org/@babel/plugin-syntax-json-strings/-/plugin-syntax-json-strings-7.8.3.tgz. Extracting by manifest.
1091 silly tarball no local data for @babel/plugin-syntax-jsx@https://registry.npmjs.org/@babel/plugin-syntax-jsx/-/plugin-syntax-jsx-7.28.6.tgz. Extracting by manifest.
1092 silly tarball no local data for @babel/plugin-syntax-import-attributes@https://registry.npmjs.org/@babel/plugin-syntax-import-attributes/-/plugin-syntax-import-attributes-7.28.6.tgz. Extracting by manifest.
1093 silly tarball no local data for @babel/plugin-syntax-import-assertions@https://registry.npmjs.org/@babel/plugin-syntax-import-assertions/-/plugin-syntax-import-assertions-7.28.6.tgz. Extracting by manifest.
1094 silly tarball no local data for @babel/plugin-syntax-export-default-from@https://registry.npmjs.org/@babel/plugin-syntax-export-default-from/-/plugin-syntax-export-default-from-7.28.6.tgz. Extracting by manifest.
1095 silly tarball no local data for @babel/plugin-syntax-flow@https://registry.npmjs.org/@babel/plugin-syntax-flow/-/plugin-syntax-flow-7.28.6.tgz. Extracting by manifest.
1096 silly tarball no local data for @babel/plugin-syntax-decorators@https://registry.npmjs.org/@babel/plugin-syntax-decorators/-/plugin-syntax-decorators-7.28.6.tgz. Extracting by manifest.
1097 silly tarball no local data for @babel/plugin-syntax-class-static-block@https://registry.npmjs.org/@babel/plugin-syntax-class-static-block/-/plugin-syntax-class-static-block-7.14.5.tgz. Extracting by manifest.
1098 silly tarball no local data for @babel/plugin-syntax-bigint@https://registry.npmjs.org/@babel/plugin-syntax-bigint/-/plugin-syntax-bigint-7.8.3.tgz. Extracting by manifest.
1099 silly tarball no local data for @babel/plugin-syntax-async-generators@https://registry.npmjs.org/@babel/plugin-syntax-async-generators/-/plugin-syntax-async-generators-7.8.4.tgz. Extracting by manifest.
1100 silly tarball no local data for @babel/plugin-syntax-class-properties@https://registry.npmjs.org/@babel/plugin-syntax-class-properties/-/plugin-syntax-class-properties-7.12.13.tgz. Extracting by manifest.
1101 silly tarball no local data for @babel/plugin-proposal-private-property-in-object@https://registry.npmjs.org/@babel/plugin-proposal-private-property-in-object/-/plugin-proposal-private-property-in-object-7.21.0-placeholder-for-preset-env.2.tgz. Extracting by manifest.
1102 silly tarball no local data for @babel/plugin-proposal-optional-chaining@https://registry.npmjs.org/@babel/plugin-proposal-optional-chaining/-/plugin-proposal-optional-chaining-7.21.0.tgz. Extracting by manifest.
1103 silly tarball no local data for @babel/plugin-proposal-object-rest-spread@https://registry.npmjs.org/@babel/plugin-proposal-object-rest-spread/-/plugin-proposal-object-rest-spread-7.20.7.tgz. Extracting by manifest.
1104 silly tarball no local data for @babel/plugin-proposal-numeric-separator@https://registry.npmjs.org/@babel/plugin-proposal-numeric-separator/-/plugin-proposal-numeric-separator-7.18.6.tgz. Extracting by manifest.
1105 silly tarball no local data for @babel/plugin-proposal-nullish-coalescing-operator@https://registry.npmjs.org/@babel/plugin-proposal-nullish-coalescing-operator/-/plugin-proposal-nullish-coalescing-operator-7.18.6.tgz. Extracting by manifest.
1106 silly tarball no local data for @babel/plugin-proposal-export-default-from@https://registry.npmjs.org/@babel/plugin-proposal-export-default-from/-/plugin-proposal-export-default-from-7.27.1.tgz. Extracting by manifest.
1107 silly tarball no local data for @babel/plugin-proposal-decorators@https://registry.npmjs.org/@babel/plugin-proposal-decorators/-/plugin-proposal-decorators-7.29.0.tgz. Extracting by manifest.
1108 silly tarball no local data for @babel/plugin-proposal-class-properties@https://registry.npmjs.org/@babel/plugin-proposal-class-properties/-/plugin-proposal-class-properties-7.18.6.tgz. Extracting by manifest.
1109 silly tarball no local data for @babel/plugin-proposal-async-generator-functions@https://registry.npmjs.org/@babel/plugin-proposal-async-generator-functions/-/plugin-proposal-async-generator-functions-7.20.7.tgz. Extracting by manifest.
1110 silly tarball no local data for @babel/plugin-bugfix-v8-static-class-fields-redefine-readonly@https://registry.npmjs.org/@babel/plugin-bugfix-v8-static-class-fields-redefine-readonly/-/plugin-bugfix-v8-static-class-fields-redefine-readonly-7.28.6.tgz. Extracting by manifest.
1111 silly tarball no local data for @babel/plugin-bugfix-v8-spread-parameters-in-optional-chaining@https://registry.npmjs.org/@babel/plugin-bugfix-v8-spread-parameters-in-optional-chaining/-/plugin-bugfix-v8-spread-parameters-in-optional-chaining-7.27.1.tgz. Extracting by manifest.
1112 silly tarball no local data for @babel/plugin-bugfix-safari-id-destructuring-collision-in-function-expression@https://registry.npmjs.org/@babel/plugin-bugfix-safari-id-destructuring-collision-in-function-expression/-/plugin-bugfix-safari-id-destructuring-collision-in-function-expression-7.27.1.tgz. Extracting by manifest.
1113 silly tarball no local data for @babel/plugin-proposal-optional-catch-binding@https://registry.npmjs.org/@babel/plugin-proposal-optional-catch-binding/-/plugin-proposal-optional-catch-binding-7.18.6.tgz. Extracting by manifest.
1114 silly tarball no local data for @babel/plugin-bugfix-safari-class-field-initializer-scope@https://registry.npmjs.org/@babel/plugin-bugfix-safari-class-field-initializer-scope/-/plugin-bugfix-safari-class-field-initializer-scope-7.27.1.tgz. Extracting by manifest.
1115 silly tarball no local data for @babel/plugin-bugfix-firefox-class-in-computed-class-key@https://registry.npmjs.org/@babel/plugin-bugfix-firefox-class-in-computed-class-key/-/plugin-bugfix-firefox-class-in-computed-class-key-7.28.5.tgz. Extracting by manifest.
1116 silly tarball no local data for @babel/helpers@https://registry.npmjs.org/@babel/helpers/-/helpers-7.29.2.tgz. Extracting by manifest.
1117 silly tarball no local data for @babel/plugin-transform-for-of@https://registry.npmjs.org/@babel/plugin-transform-for-of/-/plugin-transform-for-of-7.27.1.tgz. Extracting by manifest.
1118 silly tarball no local data for @babel/highlight@https://registry.npmjs.org/@babel/highlight/-/highlight-7.25.9.tgz. Extracting by manifest.
1119 silly tarball no local data for @babel/helper-wrap-function@https://registry.npmjs.org/@babel/helper-wrap-function/-/helper-wrap-function-7.28.6.tgz. Extracting by manifest.
1120 silly tarball no local data for @babel/helper-string-parser@https://registry.npmjs.org/@babel/helper-string-parser/-/helper-string-parser-7.27.1.tgz. Extracting by manifest.
1121 silly tarball no local data for @babel/parser@https://registry.npmjs.org/@babel/parser/-/parser-7.29.2.tgz. Extracting by manifest.
1122 silly tarball no local data for @babel/helper-validator-identifier@https://registry.npmjs.org/@babel/helper-validator-identifier/-/helper-validator-identifier-7.28.5.tgz. Extracting by manifest.
1123 silly tarball no local data for @babel/helper-validator-option@https://registry.npmjs.org/@babel/helper-validator-option/-/helper-validator-option-7.27.1.tgz. Extracting by manifest.
1124 silly tarball no local data for @babel/helper-replace-supers@https://registry.npmjs.org/@babel/helper-replace-supers/-/helper-replace-supers-7.28.6.tgz. Extracting by manifest.
1125 silly tarball no local data for @babel/helper-skip-transparent-expression-wrappers@https://registry.npmjs.org/@babel/helper-skip-transparent-expression-wrappers/-/helper-skip-transparent-expression-wrappers-7.27.1.tgz. Extracting by manifest.
1126 silly tarball no local data for @babel/helper-plugin-utils@https://registry.npmjs.org/@babel/helper-plugin-utils/-/helper-plugin-utils-7.28.6.tgz. Extracting by manifest.
1127 silly tarball no local data for @babel/helper-remap-async-to-generator@https://registry.npmjs.org/@babel/helper-remap-async-to-generator/-/helper-remap-async-to-generator-7.27.1.tgz. Extracting by manifest.
1128 silly tarball no local data for @babel/helper-module-imports@https://registry.npmjs.org/@babel/helper-module-imports/-/helper-module-imports-7.28.6.tgz. Extracting by manifest.
1129 silly tarball no local data for @babel/helper-member-expression-to-functions@https://registry.npmjs.org/@babel/helper-member-expression-to-functions/-/helper-member-expression-to-functions-7.28.5.tgz. Extracting by manifest.
1130 silly tarball no local data for @babel/helper-globals@https://registry.npmjs.org/@babel/helper-globals/-/helper-globals-7.28.0.tgz. Extracting by manifest.
1131 silly tarball no local data for @babel/helper-module-transforms@https://registry.npmjs.org/@babel/helper-module-transforms/-/helper-module-transforms-7.28.6.tgz. Extracting by manifest.
1132 silly tarball no local data for @babel/helper-environment-visitor@https://registry.npmjs.org/@babel/helper-environment-visitor/-/helper-environment-visitor-7.24.7.tgz. Extracting by manifest.
1133 silly tarball no local data for @babel/helper-create-regexp-features-plugin@https://registry.npmjs.org/@babel/helper-create-regexp-features-plugin/-/helper-create-regexp-features-plugin-7.28.5.tgz. Extracting by manifest.
1134 silly tarball no local data for @babel/helper-optimise-call-expression@https://registry.npmjs.org/@babel/helper-optimise-call-expression/-/helper-optimise-call-expression-7.27.1.tgz. Extracting by manifest.
1135 silly tarball no local data for @babel/helper-create-class-features-plugin@https://registry.npmjs.org/@babel/helper-create-class-features-plugin/-/helper-create-class-features-plugin-7.28.6.tgz. Extracting by manifest.
1136 silly tarball no local data for @babel/helper-annotate-as-pure@https://registry.npmjs.org/@babel/helper-annotate-as-pure/-/helper-annotate-as-pure-7.27.3.tgz. Extracting by manifest.
1137 silly tarball no local data for @babel/generator@https://registry.npmjs.org/@babel/generator/-/generator-7.29.1.tgz. Extracting by manifest.
1138 silly tarball no local data for @babel/core@https://registry.npmjs.org/@babel/core/-/core-7.29.0.tgz. Extracting by manifest.
1139 silly tarball no local data for @babel/compat-data@https://registry.npmjs.org/@babel/compat-data/-/compat-data-7.29.0.tgz. Extracting by manifest.
1140 silly tarball no local data for @babel/helper-compilation-targets@https://registry.npmjs.org/@babel/helper-compilation-targets/-/helper-compilation-targets-7.28.6.tgz. Extracting by manifest.
1141 silly tarball no local data for @babel/helper-define-polyfill-provider@https://registry.npmjs.org/@babel/helper-define-polyfill-provider/-/helper-define-polyfill-provider-0.6.8.tgz. Extracting by manifest.
1142 silly tarball no local data for @babel/plugin-syntax-dynamic-import@https://registry.npmjs.org/@babel/plugin-syntax-dynamic-import/-/plugin-syntax-dynamic-import-7.8.3.tgz. Extracting by manifest.
1143 silly tarball no local data for @babel/code-frame@https://registry.npmjs.org/@babel/code-frame/-/code-frame-7.29.0.tgz. Extracting by manifest.
1144 silly tarball no local data for @babel/cli@https://registry.npmjs.org/@babel/cli/-/cli-7.28.6.tgz. Extracting by manifest.
1145 silly tarball no local data for strip-bom@https://registry.npmjs.org/strip-bom/-/strip-bom-3.0.0.tgz. Extracting by manifest.
1146 silly tarball no local data for json5@https://registry.npmjs.org/json5/-/json5-1.0.2.tgz. Extracting by manifest.
1147 silly tarball no local data for picomatch@https://registry.npmjs.org/picomatch/-/picomatch-4.0.4.tgz. Extracting by manifest.
1148 silly tarball no local data for universalify@https://registry.npmjs.org/universalify/-/universalify-0.2.0.tgz. Extracting by manifest.
1149 silly tarball no local data for commander@https://registry.npmjs.org/commander/-/commander-2.20.3.tgz. Extracting by manifest.
1150 silly tarball no local data for crypto-random-string@https://registry.npmjs.org/crypto-random-string/-/crypto-random-string-2.0.0.tgz. Extracting by manifest.
1151 silly tarball no local data for semver@https://registry.npmjs.org/semver/-/semver-7.7.4.tgz. Extracting by manifest.
1152 silly tarball no local data for has-flag@https://registry.npmjs.org/has-flag/-/has-flag-4.0.0.tgz. Extracting by manifest.
1153 silly tarball no local data for has-flag@https://registry.npmjs.org/has-flag/-/has-flag-4.0.0.tgz. Extracting by manifest.
1154 silly tarball no local data for safe-buffer@https://registry.npmjs.org/safe-buffer/-/safe-buffer-5.1.2.tgz. Extracting by manifest.
1155 silly tarball no local data for source-map@https://registry.npmjs.org/source-map/-/source-map-0.5.6.tgz. Extracting by manifest.
1156 silly tarball no local data for color-name@https://registry.npmjs.org/color-name/-/color-name-1.1.3.tgz. Extracting by manifest.
1157 silly tarball no local data for color-convert@https://registry.npmjs.org/color-convert/-/color-convert-1.9.3.tgz. Extracting by manifest.
1158 silly tarball no local data for ansi-styles@https://registry.npmjs.org/ansi-styles/-/ansi-styles-3.2.1.tgz. Extracting by manifest.
1159 silly tarball no local data for onetime@https://registry.npmjs.org/onetime/-/onetime-2.0.1.tgz. Extracting by manifest.
1160 silly tarball no local data for mimic-fn@https://registry.npmjs.org/mimic-fn/-/mimic-fn-1.2.0.tgz. Extracting by manifest.
1161 silly tarball no local data for isarray@https://registry.npmjs.org/isarray/-/isarray-1.0.0.tgz. Extracting by manifest.
1162 silly tarball no local data for picomatch@https://registry.npmjs.org/picomatch/-/picomatch-2.3.2.tgz. Extracting by manifest.
1163 silly tarball no local data for safe-buffer@https://registry.npmjs.org/safe-buffer/-/safe-buffer-5.1.2.tgz. Extracting by manifest.
1164 silly tarball no local data for ws@https://registry.npmjs.org/ws/-/ws-7.5.10.tgz. Extracting by manifest.
1165 silly tarball no local data for strip-json-comments@https://registry.npmjs.org/strip-json-comments/-/strip-json-comments-2.0.1.tgz. Extracting by manifest.
1166 silly tarball no local data for react-is@https://registry.npmjs.org/react-is/-/react-is-18.3.1.tgz. Extracting by manifest.
1167 silly tarball no local data for ansi-styles@https://registry.npmjs.org/ansi-styles/-/ansi-styles-5.2.0.tgz. Extracting by manifest.
1168 silly tarball no local data for xmlbuilder@https://registry.npmjs.org/xmlbuilder/-/xmlbuilder-15.1.1.tgz. Extracting by manifest.
1169 silly tarball no local data for p-locate@https://registry.npmjs.org/p-locate/-/p-locate-4.1.0.tgz. Extracting by manifest.
1170 silly tarball no local data for minipass@https://registry.npmjs.org/minipass/-/minipass-7.1.3.tgz. Extracting by manifest.
1171 silly tarball no local data for @xmldom/xmldom@https://registry.npmjs.org/@xmldom/xmldom/-/xmldom-0.8.12.tgz. Extracting by manifest.
1172 silly tarball no local data for p-limit@https://registry.npmjs.org/p-limit/-/p-limit-2.3.0.tgz. Extracting by manifest.
1173 silly tarball no local data for supports-color@https://registry.npmjs.org/supports-color/-/supports-color-5.5.0.tgz. Extracting by manifest.
1174 silly tarball no local data for lru-cache@https://registry.npmjs.org/lru-cache/-/lru-cache-11.3.3.tgz. Extracting by manifest.
1175 silly tarball no local data for find-up@https://registry.npmjs.org/find-up/-/find-up-4.1.0.tgz. Extracting by manifest.
1176 silly tarball no local data for strip-ansi@https://registry.npmjs.org/strip-ansi/-/strip-ansi-5.2.0.tgz. Extracting by manifest.
1177 silly tarball no local data for color-name@https://registry.npmjs.org/color-name/-/color-name-1.1.3.tgz. Extracting by manifest.
1178 silly tarball no local data for color-convert@https://registry.npmjs.org/color-convert/-/color-convert-1.9.3.tgz. Extracting by manifest.
1179 silly tarball no local data for escape-string-regexp@https://registry.npmjs.org/escape-string-regexp/-/escape-string-regexp-1.0.5.tgz. Extracting by manifest.
1180 silly tarball no local data for chalk@https://registry.npmjs.org/chalk/-/chalk-2.4.2.tgz. Extracting by manifest.
1181 silly tarball no local data for semver@https://registry.npmjs.org/semver/-/semver-5.7.2.tgz. Extracting by manifest.
1182 silly tarball no local data for locate-path@https://registry.npmjs.org/locate-path/-/locate-path-5.0.0.tgz. Extracting by manifest.
1183 silly tarball no local data for yallist@https://registry.npmjs.org/yallist/-/yallist-4.0.0.tgz. Extracting by manifest.
1184 silly tarball no local data for yallist@https://registry.npmjs.org/yallist/-/yallist-4.0.0.tgz. Extracting by manifest.
1185 silly tarball no local data for source-map@https://registry.npmjs.org/source-map/-/source-map-0.5.7.tgz. Extracting by manifest.
1186 silly tarball no local data for ansi-regex@https://registry.npmjs.org/ansi-regex/-/ansi-regex-4.1.1.tgz. Extracting by manifest.
1187 silly tarball no local data for source-map@https://registry.npmjs.org/source-map/-/source-map-0.5.7.tgz. Extracting by manifest.
1188 silly tarball no local data for ansi-styles@https://registry.npmjs.org/ansi-styles/-/ansi-styles-3.2.1.tgz. Extracting by manifest.
1189 silly tarball no local data for hermes-parser@https://registry.npmjs.org/hermes-parser/-/hermes-parser-0.23.1.tgz. Extracting by manifest.
1190 silly tarball no local data for ms@https://registry.npmjs.org/ms/-/ms-2.0.0.tgz. Extracting by manifest.
1191 silly tarball no local data for hermes-estree@https://registry.npmjs.org/hermes-estree/-/hermes-estree-0.23.1.tgz. Extracting by manifest.
1192 silly tarball no local data for ws@https://registry.npmjs.org/ws/-/ws-7.5.10.tgz. Extracting by manifest.
1193 silly tarball no local data for debug@https://registry.npmjs.org/debug/-/debug-2.6.9.tgz. Extracting by manifest.
1194 silly tarball no local data for picomatch@https://registry.npmjs.org/picomatch/-/picomatch-2.3.2.tgz. Extracting by manifest.
1195 silly tarball no local data for ms@https://registry.npmjs.org/ms/-/ms-2.0.0.tgz. Extracting by manifest.
1196 silly tarball no local data for source-map@https://registry.npmjs.org/source-map/-/source-map-0.5.7.tgz. Extracting by manifest.
1197 silly tarball no local data for hermes-parser@https://registry.npmjs.org/hermes-parser/-/hermes-parser-0.23.1.tgz. Extracting by manifest.
1198 silly tarball no local data for debug@https://registry.npmjs.org/debug/-/debug-2.6.9.tgz. Extracting by manifest.
1199 silly tarball no local data for yargs-parser@https://registry.npmjs.org/yargs-parser/-/yargs-parser-18.1.3.tgz. Extracting by manifest.
1200 silly tarball no local data for hermes-estree@https://registry.npmjs.org/hermes-estree/-/hermes-estree-0.23.1.tgz. Extracting by manifest.
1201 silly tarball no local data for semver@https://registry.npmjs.org/semver/-/semver-7.7.4.tgz. Extracting by manifest.
1202 silly tarball no local data for ci-info@https://registry.npmjs.org/ci-info/-/ci-info-2.0.0.tgz. Extracting by manifest.
1203 silly tarball no local data for y18n@https://registry.npmjs.org/y18n/-/y18n-4.0.3.tgz. Extracting by manifest.
1204 silly tarball no local data for p-limit@https://registry.npmjs.org/p-limit/-/p-limit-2.3.0.tgz. Extracting by manifest.
1205 silly tarball no local data for yargs@https://registry.npmjs.org/yargs/-/yargs-15.4.1.tgz. Extracting by manifest.
1206 silly tarball no local data for wrap-ansi@https://registry.npmjs.org/wrap-ansi/-/wrap-ansi-6.2.0.tgz. Extracting by manifest.
1207 silly tarball no local data for locate-path@https://registry.npmjs.org/locate-path/-/locate-path-5.0.0.tgz. Extracting by manifest.
1208 silly tarball no local data for cliui@https://registry.npmjs.org/cliui/-/cliui-6.0.0.tgz. Extracting by manifest.
1209 silly tarball no local data for supports-color@https://registry.npmjs.org/supports-color/-/supports-color-5.5.0.tgz. Extracting by manifest.
1210 silly tarball no local data for p-locate@https://registry.npmjs.org/p-locate/-/p-locate-4.1.0.tgz. Extracting by manifest.
1211 silly tarball no local data for escape-string-regexp@https://registry.npmjs.org/escape-string-regexp/-/escape-string-regexp-1.0.5.tgz. Extracting by manifest.
1212 silly tarball no local data for find-up@https://registry.npmjs.org/find-up/-/find-up-4.1.0.tgz. Extracting by manifest.
1213 silly tarball no local data for color-convert@https://registry.npmjs.org/color-convert/-/color-convert-1.9.3.tgz. Extracting by manifest.
1214 silly tarball no local data for md5@https://registry.npmjs.org/md5/-/md5-2.2.1.tgz. Extracting by manifest.
1215 silly tarball no local data for color-name@https://registry.npmjs.org/color-name/-/color-name-1.1.3.tgz. Extracting by manifest.
1216 silly tarball no local data for chalk@https://registry.npmjs.org/chalk/-/chalk-2.4.2.tgz. Extracting by manifest.
1217 silly tarball no local data for ansi-styles@https://registry.npmjs.org/ansi-styles/-/ansi-styles-3.2.1.tgz. Extracting by manifest.
1218 silly tarball no local data for webidl-conversions@https://registry.npmjs.org/webidl-conversions/-/webidl-conversions-7.0.0.tgz. Extracting by manifest.
1219 silly tarball no local data for supports-color@https://registry.npmjs.org/supports-color/-/supports-color-8.1.1.tgz. Extracting by manifest.
1220 silly tarball no local data for strip-ansi@https://registry.npmjs.org/strip-ansi/-/strip-ansi-7.2.0.tgz. Extracting by manifest.
1221 silly tarball no local data for ms@https://registry.npmjs.org/ms/-/ms-2.0.0.tgz. Extracting by manifest.
1222 silly tarball no local data for tr46@https://registry.npmjs.org/tr46/-/tr46-3.0.0.tgz. Extracting by manifest.
1223 silly tarball no local data for debug@https://registry.npmjs.org/debug/-/debug-2.6.9.tgz. Extracting by manifest.
1224 silly tarball no local data for slash@https://registry.npmjs.org/slash/-/slash-5.1.0.tgz. Extracting by manifest.
1225 silly tarball no local data for string-length@https://registry.npmjs.org/string-length/-/string-length-5.0.1.tgz. Extracting by manifest.
1226 silly tarball no local data for whatwg-url@https://registry.npmjs.org/whatwg-url/-/whatwg-url-11.0.0.tgz. Extracting by manifest.
1227 silly tarball no local data for camelcase@https://registry.npmjs.org/camelcase/-/camelcase-6.3.0.tgz. Extracting by manifest.
1228 silly tarball no local data for char-regex@https://registry.npmjs.org/char-regex/-/char-regex-2.0.2.tgz. Extracting by manifest.
1229 silly tarball no local data for ansi-regex@https://registry.npmjs.org/ansi-regex/-/ansi-regex-6.2.2.tgz. Extracting by manifest.
1230 silly tarball no local data for semver@https://registry.npmjs.org/semver/-/semver-7.7.4.tgz. Extracting by manifest.
1231 silly tarball no local data for has-flag@https://registry.npmjs.org/has-flag/-/has-flag-4.0.0.tgz. Extracting by manifest.
1232 silly tarball no local data for source-map-support@https://registry.npmjs.org/source-map-support/-/source-map-support-0.5.13.tgz. Extracting by manifest.
1233 silly tarball no local data for which@https://registry.npmjs.org/which/-/which-2.0.2.tgz. Extracting by manifest.
1234 silly tarball no local data for path-key@https://registry.npmjs.org/path-key/-/path-key-3.1.1.tgz. Extracting by manifest.
1235 silly tarball no local data for chalk@https://registry.npmjs.org/chalk/-/chalk-3.0.0.tgz. Extracting by manifest.
1236 silly tarball no local data for picomatch@https://registry.npmjs.org/picomatch/-/picomatch-2.3.2.tgz. Extracting by manifest.
1237 silly tarball no local data for shebang-regex@https://registry.npmjs.org/shebang-regex/-/shebang-regex-3.0.0.tgz. Extracting by manifest.
1238 silly tarball no local data for npm-run-path@https://registry.npmjs.org/npm-run-path/-/npm-run-path-4.0.1.tgz. Extracting by manifest.
1239 silly tarball no local data for cross-spawn@https://registry.npmjs.org/cross-spawn/-/cross-spawn-7.0.6.tgz. Extracting by manifest.
1240 silly tarball no local data for get-stream@https://registry.npmjs.org/get-stream/-/get-stream-6.0.1.tgz. Extracting by manifest.
1241 silly tarball no local data for execa@https://registry.npmjs.org/execa/-/execa-5.1.1.tgz. Extracting by manifest.
1242 silly tarball no local data for is-stream@https://registry.npmjs.org/is-stream/-/is-stream-2.0.1.tgz. Extracting by manifest.
1243 silly tarball no local data for resolve-from@https://registry.npmjs.org/resolve-from/-/resolve-from-4.0.0.tgz. Extracting by manifest.
1244 silly tarball no local data for semver@https://registry.npmjs.org/semver/-/semver-7.7.4.tgz. Extracting by manifest.
1245 silly tarball no local data for is-extglob@https://registry.npmjs.org/is-extglob/-/is-extglob-1.0.0.tgz. Extracting by manifest.
1246 silly tarball no local data for is-glob@https://registry.npmjs.org/is-glob/-/is-glob-2.0.1.tgz. Extracting by manifest.
1247 silly tarball no local data for statuses@https://registry.npmjs.org/statuses/-/statuses-2.0.1.tgz. Extracting by manifest.
1248 silly tarball no local data for yallist@https://registry.npmjs.org/yallist/-/yallist-4.0.0.tgz. Extracting by manifest.
1249 silly tarball no local data for lru-cache@https://registry.npmjs.org/lru-cache/-/lru-cache-6.0.0.tgz. Extracting by manifest.
1250 silly tarball no local data for cross-fetch@https://registry.npmjs.org/cross-fetch/-/cross-fetch-4.0.0.tgz. Extracting by manifest.
1251 silly tarball no local data for source-map@https://registry.npmjs.org/source-map/-/source-map-0.7.6.tgz. Extracting by manifest.
1252 silly tarball no local data for pkg-dir@https://registry.npmjs.org/pkg-dir/-/pkg-dir-3.0.0.tgz. Extracting by manifest.
1253 silly tarball no local data for path-exists@https://registry.npmjs.org/path-exists/-/path-exists-3.0.0.tgz. Extracting by manifest.
1254 silly tarball no local data for semver@https://registry.npmjs.org/semver/-/semver-5.7.2.tgz. Extracting by manifest.
1255 silly tarball no local data for p-locate@https://registry.npmjs.org/p-locate/-/p-locate-3.0.0.tgz. Extracting by manifest.
1256 silly tarball no local data for p-limit@https://registry.npmjs.org/p-limit/-/p-limit-2.3.0.tgz. Extracting by manifest.
1257 silly tarball no local data for ms@https://registry.npmjs.org/ms/-/ms-2.0.0.tgz. Extracting by manifest.
1258 silly tarball no local data for debug@https://registry.npmjs.org/debug/-/debug-2.6.9.tgz. Extracting by manifest.
1259 silly tarball no local data for make-dir@https://registry.npmjs.org/make-dir/-/make-dir-2.1.0.tgz. Extracting by manifest.
1260 silly tarball no local data for locate-path@https://registry.npmjs.org/locate-path/-/locate-path-3.0.0.tgz. Extracting by manifest.
1261 silly tarball no local data for find-up@https://registry.npmjs.org/find-up/-/find-up-3.0.0.tgz. Extracting by manifest.
1262 silly tarball no local data for universalify@https://registry.npmjs.org/universalify/-/universalify-2.0.1.tgz. Extracting by manifest.
1263 silly tarball no local data for jsonfile@https://registry.npmjs.org/jsonfile/-/jsonfile-6.2.0.tgz. Extracting by manifest.
1264 silly tarball no local data for universalify@https://registry.npmjs.org/universalify/-/universalify-2.0.1.tgz. Extracting by manifest.
1265 silly tarball no local data for fs-extra@https://registry.npmjs.org/fs-extra/-/fs-extra-9.1.0.tgz. Extracting by manifest.
1266 silly tarball no local data for fs-extra@https://registry.npmjs.org/fs-extra/-/fs-extra-9.1.0.tgz. Extracting by manifest.
1267 silly tarball no local data for jsonfile@https://registry.npmjs.org/jsonfile/-/jsonfile-6.2.0.tgz. Extracting by manifest.
1268 silly tarball no local data for xmlbuilder@https://registry.npmjs.org/xmlbuilder/-/xmlbuilder-15.1.1.tgz. Extracting by manifest.
1269 silly tarball no local data for shebang-regex@https://registry.npmjs.org/shebang-regex/-/shebang-regex-3.0.0.tgz. Extracting by manifest.
1270 silly tarball no local data for which@https://registry.npmjs.org/which/-/which-2.0.2.tgz. Extracting by manifest.
1271 silly tarball no local data for semver@https://registry.npmjs.org/semver/-/semver-7.7.4.tgz. Extracting by manifest.
1272 silly tarball no local data for shebang-command@https://registry.npmjs.org/shebang-command/-/shebang-command-2.0.0.tgz. Extracting by manifest.
1273 silly tarball no local data for react-is@https://registry.npmjs.org/react-is/-/react-is-19.2.4.tgz. Extracting by manifest.
1274 silly tarball no local data for scheduler@https://registry.npmjs.org/scheduler/-/scheduler-0.27.0.tgz. Extracting by manifest.
1275 silly tarball no local data for react-test-renderer@https://registry.npmjs.org/react-test-renderer/-/react-test-renderer-19.2.4.tgz. Extracting by manifest.
1276 silly tarball no local data for pretty-format@https://registry.npmjs.org/pretty-format/-/pretty-format-30.3.0.tgz. Extracting by manifest.
1277 silly tarball no local data for path-key@https://registry.npmjs.org/path-key/-/path-key-3.1.1.tgz. Extracting by manifest.
1278 silly tarball no local data for react@https://registry.npmjs.org/react/-/react-19.2.4.tgz. Extracting by manifest.
1279 silly tarball no local data for minipass@https://registry.npmjs.org/minipass/-/minipass-7.1.3.tgz. Extracting by manifest.
1280 silly tarball no local data for jest-expo@https://registry.npmjs.org/jest-expo/-/jest-expo-55.0.14.tgz. Extracting by manifest.
1281 silly tarball no local data for jest-matcher-utils@https://registry.npmjs.org/jest-matcher-utils/-/jest-matcher-utils-30.3.0.tgz. Extracting by manifest.
1282 silly tarball no local data for react-test-renderer@https://registry.npmjs.org/react-test-renderer/-/react-test-renderer-19.2.0.tgz. Extracting by manifest.
1283 silly tarball no local data for react-is@https://registry.npmjs.org/react-is/-/react-is-19.2.4.tgz. Extracting by manifest.
1284 silly tarball no local data for hermes-parser@https://registry.npmjs.org/hermes-parser/-/hermes-parser-0.32.0.tgz. Extracting by manifest.
1285 silly tarball no local data for react-is@https://registry.npmjs.org/react-is/-/react-is-18.3.1.tgz. Extracting by manifest.
1286 silly tarball no local data for jest-diff@https://registry.npmjs.org/jest-diff/-/jest-diff-30.3.0.tgz. Extracting by manifest.
1287 silly tarball no local data for glob@https://registry.npmjs.org/glob/-/glob-13.0.6.tgz. Extracting by manifest.
1288 silly tarball no local data for minimatch@https://registry.npmjs.org/minimatch/-/minimatch-10.2.5.tgz. Extracting by manifest.
1289 silly tarball no local data for hermes-estree@https://registry.npmjs.org/hermes-estree/-/hermes-estree-0.32.0.tgz. Extracting by manifest.
1290 silly tarball no local data for getenv@https://registry.npmjs.org/getenv/-/getenv-2.0.0.tgz. Extracting by manifest.
1291 silly tarball no local data for commander@https://registry.npmjs.org/commander/-/commander-12.1.0.tgz. Extracting by manifest.
1292 silly tarball no local data for brace-expansion@https://registry.npmjs.org/brace-expansion/-/brace-expansion-5.0.5.tgz. Extracting by manifest.
1293 silly tarball no local data for cross-spawn@https://registry.npmjs.org/cross-spawn/-/cross-spawn-7.0.6.tgz. Extracting by manifest.
1294 silly tarball no local data for hermes-parser@https://registry.npmjs.org/hermes-parser/-/hermes-parser-0.32.1.tgz. Extracting by manifest.
1295 silly tarball no local data for babel-plugin-syntax-hermes-parser@https://registry.npmjs.org/babel-plugin-syntax-hermes-parser/-/babel-plugin-syntax-hermes-parser-0.32.1.tgz. Extracting by manifest.
1296 silly tarball no local data for balanced-match@https://registry.npmjs.org/balanced-match/-/balanced-match-4.0.4.tgz. Extracting by manifest.
1297 silly tarball no local data for babel-preset-expo@https://registry.npmjs.org/babel-preset-expo/-/babel-preset-expo-55.0.16.tgz. Extracting by manifest.
1298 silly tarball no local data for @xmldom/xmldom@https://registry.npmjs.org/@xmldom/xmldom/-/xmldom-0.8.12.tgz. Extracting by manifest.
1299 silly tarball no local data for babel-plugin-react-native-web@https://registry.npmjs.org/babel-plugin-react-native-web/-/babel-plugin-react-native-web-0.21.2.tgz. Extracting by manifest.
1300 silly tarball no local data for hermes-estree@https://registry.npmjs.org/hermes-estree/-/hermes-estree-0.32.1.tgz. Extracting by manifest.
1301 silly tarball no local data for @testing-library/react-native@https://registry.npmjs.org/@testing-library/react-native/-/react-native-13.3.3.tgz. Extracting by manifest.
1302 silly tarball no local data for ansi-escapes@https://registry.npmjs.org/ansi-escapes/-/ansi-escapes-6.2.1.tgz. Extracting by manifest.
1303 silly tarball no local data for @sinclair/typebox@https://registry.npmjs.org/@sinclair/typebox/-/typebox-0.34.49.tgz. Extracting by manifest.
1304 silly tarball no local data for ansi-styles@https://registry.npmjs.org/ansi-styles/-/ansi-styles-5.2.0.tgz. Extracting by manifest.
1305 silly tarball no local data for babel-plugin-syntax-hermes-parser@https://registry.npmjs.org/babel-plugin-syntax-hermes-parser/-/babel-plugin-syntax-hermes-parser-0.32.0.tgz. Extracting by manifest.
1306 silly tarball no local data for glob@https://registry.npmjs.org/glob/-/glob-7.2.3.tgz. Extracting by manifest.
1307 silly tarball no local data for @react-native/codegen@https://registry.npmjs.org/@react-native/codegen/-/codegen-0.83.4.tgz. Extracting by manifest.
1308 silly tarball no local data for @react-native/babel-preset@https://registry.npmjs.org/@react-native/babel-preset/-/babel-preset-0.83.4.tgz. Extracting by manifest.
1309 silly tarball no local data for @expo/spawn-async@https://registry.npmjs.org/@expo/spawn-async/-/spawn-async-1.7.2.tgz. Extracting by manifest.
1310 silly tarball no local data for @expo/plist@https://registry.npmjs.org/@expo/plist/-/plist-0.5.2.tgz. Extracting by manifest.
1311 silly tarball no local data for @jest/schemas@https://registry.npmjs.org/@jest/schemas/-/schemas-30.0.5.tgz. Extracting by manifest.
1312 silly tarball no local data for @react-native/babel-plugin-codegen@https://registry.npmjs.org/@react-native/babel-plugin-codegen/-/babel-plugin-codegen-0.83.4.tgz. Extracting by manifest.
1313 silly tarball no local data for @expo/json-file@https://registry.npmjs.org/@expo/json-file/-/json-file-10.0.13.tgz. Extracting by manifest.
1314 silly tarball no local data for @expo/config-types@https://registry.npmjs.org/@expo/config-types/-/config-types-55.0.5.tgz. Extracting by manifest.
1315 silly tarball no local data for semver@https://registry.npmjs.org/semver/-/semver-7.7.4.tgz. Extracting by manifest.
1316 silly tarball no local data for semver@https://registry.npmjs.org/semver/-/semver-7.7.4.tgz. Extracting by manifest.
1317 silly tarball no local data for resolve@https://registry.npmjs.org/resolve/-/resolve-2.0.0-next.6.tgz. Extracting by manifest.
1318 silly tarball no local data for @expo/config-plugins@https://registry.npmjs.org/@expo/config-plugins/-/config-plugins-55.0.8.tgz. Extracting by manifest.
1319 silly tarball no local data for eslint-visitor-keys@https://registry.npmjs.org/eslint-visitor-keys/-/eslint-visitor-keys-1.3.0.tgz. Extracting by manifest.
1320 silly tarball no local data for @expo/config@https://registry.npmjs.org/@expo/config/-/config-55.0.13.tgz. Extracting by manifest.
1321 silly tarball no local data for semver@https://registry.npmjs.org/semver/-/semver-7.7.4.tgz. Extracting by manifest.
1322 silly tarball no local data for eslint-visitor-keys@https://registry.npmjs.org/eslint-visitor-keys/-/eslint-visitor-keys-4.2.1.tgz. Extracting by manifest.
1323 silly tarball no local data for debug@https://registry.npmjs.org/debug/-/debug-3.2.7.tgz. Extracting by manifest.
1324 silly tarball no local data for debug@https://registry.npmjs.org/debug/-/debug-3.2.7.tgz. Extracting by manifest.
1325 silly tarball no local data for resolve@https://registry.npmjs.org/resolve/-/resolve-2.0.0-next.6.tgz. Extracting by manifest.
1326 silly tarball no local data for semver@https://registry.npmjs.org/semver/-/semver-7.7.4.tgz. Extracting by manifest.
1327 silly tarball no local data for which@https://registry.npmjs.org/which/-/which-2.0.2.tgz. Extracting by manifest.
1328 silly tarball no local data for globals@https://registry.npmjs.org/globals/-/globals-15.15.0.tgz. Extracting by manifest.
1329 silly tarball no local data for debug@https://registry.npmjs.org/debug/-/debug-3.2.7.tgz. Extracting by manifest.
1330 silly tarball no local data for shebang-command@https://registry.npmjs.org/shebang-command/-/shebang-command-2.0.0.tgz. Extracting by manifest.
1331 silly tarball no local data for shebang-regex@https://registry.npmjs.org/shebang-regex/-/shebang-regex-3.0.0.tgz. Extracting by manifest.
1332 silly tarball no local data for path-key@https://registry.npmjs.org/path-key/-/path-key-3.1.1.tgz. Extracting by manifest.
1333 silly tarball no local data for json-schema-traverse@https://registry.npmjs.org/json-schema-traverse/-/json-schema-traverse-0.4.1.tgz. Extracting by manifest.
1334 silly tarball no local data for glob-parent@https://registry.npmjs.org/glob-parent/-/glob-parent-6.0.2.tgz. Extracting by manifest.
1335 silly tarball no local data for clone@https://registry.npmjs.org/clone/-/clone-1.0.4.tgz. Extracting by manifest.
1336 silly tarball no local data for eslint-visitor-keys@https://registry.npmjs.org/eslint-visitor-keys/-/eslint-visitor-keys-4.2.1.tgz. Extracting by manifest.
1337 silly tarball no local data for webidl-conversions@https://registry.npmjs.org/webidl-conversions/-/webidl-conversions-7.0.0.tgz. Extracting by manifest.
1338 silly tarball no local data for webidl-conversions@https://registry.npmjs.org/webidl-conversions/-/webidl-conversions-7.0.0.tgz. Extracting by manifest.
1339 silly tarball no local data for tr46@https://registry.npmjs.org/tr46/-/tr46-3.0.0.tgz. Extracting by manifest.
1340 silly tarball no local data for cross-spawn@https://registry.npmjs.org/cross-spawn/-/cross-spawn-7.0.6.tgz. Extracting by manifest.
1341 silly tarball no local data for ajv@https://registry.npmjs.org/ajv/-/ajv-6.14.0.tgz. Extracting by manifest.
1342 silly tarball no local data for semver@https://registry.npmjs.org/semver/-/semver-5.7.2.tgz. Extracting by manifest.
1343 silly tarball no local data for cssom@https://registry.npmjs.org/cssom/-/cssom-0.3.8.tgz. Extracting by manifest.
1344 silly tarball no local data for import-fresh@https://registry.npmjs.org/import-fresh/-/import-fresh-2.0.0.tgz. Extracting by manifest.
1345 silly tarball no local data for whatwg-url@https://registry.npmjs.org/whatwg-url/-/whatwg-url-11.0.0.tgz. Extracting by manifest.
1346 silly tarball no local data for ms@https://registry.npmjs.org/ms/-/ms-2.0.0.tgz. Extracting by manifest.
1347 silly tarball no local data for negotiator@https://registry.npmjs.org/negotiator/-/negotiator-0.6.4.tgz. Extracting by manifest.
1348 silly tarball no local data for resolve-from@https://registry.npmjs.org/resolve-from/-/resolve-from-3.0.0.tgz. Extracting by manifest.
1349 silly tarball no local data for debug@https://registry.npmjs.org/debug/-/debug-2.6.9.tgz. Extracting by manifest.
1350 silly tarball no local data for ms@https://registry.npmjs.org/ms/-/ms-2.0.0.tgz. Extracting by manifest.
1351 silly tarball no local data for debug@https://registry.npmjs.org/debug/-/debug-2.6.9.tgz. Extracting by manifest.
1352 silly tarball no local data for callsites@https://registry.npmjs.org/callsites/-/callsites-2.0.0.tgz. Extracting by manifest.
1353 silly tarball no local data for parse-json@https://registry.npmjs.org/parse-json/-/parse-json-4.0.0.tgz. Extracting by manifest.
1354 silly tarball no local data for yallist@https://registry.npmjs.org/yallist/-/yallist-4.0.0.tgz. Extracting by manifest.
1355 silly tarball no local data for lru-cache@https://registry.npmjs.org/lru-cache/-/lru-cache-6.0.0.tgz. Extracting by manifest.
1356 silly tarball no local data for readable-stream@https://registry.npmjs.org/readable-stream/-/readable-stream-3.6.2.tgz. Extracting by manifest.
1357 silly tarball no local data for mkdirp@https://registry.npmjs.org/mkdirp/-/mkdirp-0.5.6.tgz. Extracting by manifest.
1358 silly tarball no local data for react-refresh@https://registry.npmjs.org/react-refresh/-/react-refresh-0.14.0.tgz. Extracting by manifest.
1359 silly tarball no local data for strip-ansi@https://registry.npmjs.org/strip-ansi/-/strip-ansi-5.2.0.tgz. Extracting by manifest.
1360 silly tarball no local data for istanbul-lib-instrument@https://registry.npmjs.org/istanbul-lib-instrument/-/istanbul-lib-instrument-5.2.1.tgz. Extracting by manifest.
1361 silly tarball no local data for @react-native/codegen@https://registry.npmjs.org/@react-native/codegen/-/codegen-0.73.3.tgz. Extracting by manifest.
1362 silly tarball no local data for picomatch@https://registry.npmjs.org/picomatch/-/picomatch-2.3.2.tgz. Extracting by manifest.
1363 silly tarball no local data for @react-native/babel-preset@https://registry.npmjs.org/@react-native/babel-preset/-/babel-preset-0.73.21.tgz. Extracting by manifest.
1364 silly tarball no local data for ansi-regex@https://registry.npmjs.org/ansi-regex/-/ansi-regex-4.1.1.tgz. Extracting by manifest.
1365 silly tarball no local data for @react-native/babel-plugin-codegen@https://registry.npmjs.org/@react-native/babel-plugin-codegen/-/babel-plugin-codegen-0.73.4.tgz. Extracting by manifest.
1366 silly tarball no local data for minimatch@https://registry.npmjs.org/minimatch/-/minimatch-10.2.5.tgz. Extracting by manifest.
1367 silly tarball no local data for ignore@https://registry.npmjs.org/ignore/-/ignore-7.0.5.tgz. Extracting by manifest.
1368 silly tarball no local data for mkdirp@https://registry.npmjs.org/mkdirp/-/mkdirp-0.5.6.tgz. Extracting by manifest.
1369 silly tarball no local data for hermes-parser@https://registry.npmjs.org/hermes-parser/-/hermes-parser-0.15.0.tgz. Extracting by manifest.
1370 silly tarball no local data for hermes-estree@https://registry.npmjs.org/hermes-estree/-/hermes-estree-0.15.0.tgz. Extracting by manifest.
1371 silly tarball no local data for balanced-match@https://registry.npmjs.org/balanced-match/-/balanced-match-4.0.4.tgz. Extracting by manifest.
1372 silly tarball no local data for shebang-command@https://registry.npmjs.org/shebang-command/-/shebang-command-2.0.0.tgz. Extracting by manifest.
1373 silly tarball no local data for @react-native/codegen@https://registry.npmjs.org/@react-native/codegen/-/codegen-0.73.3.tgz. Extracting by manifest.
1374 silly tarball no local data for semver@https://registry.npmjs.org/semver/-/semver-7.7.4.tgz. Extracting by manifest.
1375 silly tarball no local data for ws@https://registry.npmjs.org/ws/-/ws-6.2.3.tgz. Extracting by manifest.
1376 silly tarball no local data for brace-expansion@https://registry.npmjs.org/brace-expansion/-/brace-expansion-5.0.5.tgz. Extracting by manifest.
1377 silly tarball no local data for shebang-regex@https://registry.npmjs.org/shebang-regex/-/shebang-regex-3.0.0.tgz. Extracting by manifest.
1378 silly tarball no local data for which@https://registry.npmjs.org/which/-/which-2.0.2.tgz. Extracting by manifest.
1379 silly tarball no local data for open@https://registry.npmjs.org/open/-/open-7.4.2.tgz. Extracting by manifest.
1380 silly tarball no local data for shebang-command@https://registry.npmjs.org/shebang-command/-/shebang-command-2.0.0.tgz. Extracting by manifest.
1381 silly tarball no local data for ms@https://registry.npmjs.org/ms/-/ms-2.0.0.tgz. Extracting by manifest.
1382 silly tarball no local data for path-key@https://registry.npmjs.org/path-key/-/path-key-3.1.1.tgz. Extracting by manifest.
1383 silly tarball no local data for @react-native/babel-preset@https://registry.npmjs.org/@react-native/babel-preset/-/babel-preset-0.73.21.tgz. Extracting by manifest.
1384 silly tarball no local data for npm-run-path@https://registry.npmjs.org/npm-run-path/-/npm-run-path-4.0.1.tgz. Extracting by manifest.
1385 silly tarball no local data for is-stream@https://registry.npmjs.org/is-stream/-/is-stream-2.0.1.tgz. Extracting by manifest.
1386 silly tarball no local data for get-stream@https://registry.npmjs.org/get-stream/-/get-stream-6.0.1.tgz. Extracting by manifest.
1387 silly tarball no local data for execa@https://registry.npmjs.org/execa/-/execa-5.1.1.tgz. Extracting by manifest.
1388 silly tarball no local data for semver@https://registry.npmjs.org/semver/-/semver-7.7.4.tgz. Extracting by manifest.
1389 silly tarball no local data for cross-spawn@https://registry.npmjs.org/cross-spawn/-/cross-spawn-7.0.6.tgz. Extracting by manifest.
1390 silly tarball no local data for ora@https://registry.npmjs.org/ora/-/ora-5.4.1.tgz. Extracting by manifest.
1391 silly tarball no local data for restore-cursor@https://registry.npmjs.org/restore-cursor/-/restore-cursor-3.1.0.tgz. Extracting by manifest.
1392 silly tarball no local data for log-symbols@https://registry.npmjs.org/log-symbols/-/log-symbols-4.1.0.tgz. Extracting by manifest.
1393 silly tarball no local data for is-wsl@https://registry.npmjs.org/is-wsl/-/is-wsl-1.1.0.tgz. Extracting by manifest.
1394 silly tarball no local data for open@https://registry.npmjs.org/open/-/open-6.4.0.tgz. Extracting by manifest.
1395 silly tarball no local data for cli-cursor@https://registry.npmjs.org/cli-cursor/-/cli-cursor-3.1.0.tgz. Extracting by manifest.
1396 silly tarball no local data for @jest/types@https://registry.npmjs.org/@jest/types/-/types-26.6.2.tgz. Extracting by manifest.
1397 silly tarball no local data for ws@https://registry.npmjs.org/ws/-/ws-7.5.10.tgz. Extracting by manifest.
1398 silly tarball no local data for pretty-format@https://registry.npmjs.org/pretty-format/-/pretty-format-26.6.2.tgz. Extracting by manifest.
1399 silly tarball no local data for @types/yargs@https://registry.npmjs.org/@types/yargs/-/yargs-15.0.20.tgz. Extracting by manifest.
1400 silly tarball no local data for which@https://registry.npmjs.org/which/-/which-2.0.2.tgz. Extracting by manifest.
1401 silly tarball no local data for react-is@https://registry.npmjs.org/react-is/-/react-is-17.0.2.tgz. Extracting by manifest.
1402 silly tarball no local data for shebang-command@https://registry.npmjs.org/shebang-command/-/shebang-command-2.0.0.tgz. Extracting by manifest.
1403 silly tarball no local data for shebang-regex@https://registry.npmjs.org/shebang-regex/-/shebang-regex-3.0.0.tgz. Extracting by manifest.
1404 silly tarball no local data for ora@https://registry.npmjs.org/ora/-/ora-5.4.1.tgz. Extracting by manifest.
1405 silly tarball no local data for path-key@https://registry.npmjs.org/path-key/-/path-key-3.1.1.tgz. Extracting by manifest.
1406 silly tarball no local data for restore-cursor@https://registry.npmjs.org/restore-cursor/-/restore-cursor-3.1.0.tgz. Extracting by manifest.
1407 silly tarball no local data for log-symbols@https://registry.npmjs.org/log-symbols/-/log-symbols-4.1.0.tgz. Extracting by manifest.
1408 silly tarball no local data for npm-run-path@https://registry.npmjs.org/npm-run-path/-/npm-run-path-4.0.1.tgz. Extracting by manifest.
1409 silly tarball no local data for is-stream@https://registry.npmjs.org/is-stream/-/is-stream-2.0.1.tgz. Extracting by manifest.
1410 silly tarball no local data for execa@https://registry.npmjs.org/execa/-/execa-5.1.1.tgz. Extracting by manifest.
1411 silly tarball no local data for cli-cursor@https://registry.npmjs.org/cli-cursor/-/cli-cursor-3.1.0.tgz. Extracting by manifest.
1412 silly tarball no local data for cross-spawn@https://registry.npmjs.org/cross-spawn/-/cross-spawn-7.0.6.tgz. Extracting by manifest.
1413 silly tarball no local data for which@https://registry.npmjs.org/which/-/which-2.0.2.tgz. Extracting by manifest.
1414 silly tarball no local data for shebang-regex@https://registry.npmjs.org/shebang-regex/-/shebang-regex-3.0.0.tgz. Extracting by manifest.
1415 silly tarball no local data for shebang-command@https://registry.npmjs.org/shebang-command/-/shebang-command-2.0.0.tgz. Extracting by manifest.
1416 silly tarball no local data for path-key@https://registry.npmjs.org/path-key/-/path-key-3.1.1.tgz. Extracting by manifest.
1417 silly tarball no local data for debug@https://registry.npmjs.org/debug/-/debug-2.6.9.tgz. Extracting by manifest.
1418 silly tarball no local data for npm-run-path@https://registry.npmjs.org/npm-run-path/-/npm-run-path-4.0.1.tgz. Extracting by manifest.
1419 silly tarball no local data for is-stream@https://registry.npmjs.org/is-stream/-/is-stream-2.0.1.tgz. Extracting by manifest.
1420 silly tarball no local data for cross-spawn@https://registry.npmjs.org/cross-spawn/-/cross-spawn-7.0.6.tgz. Extracting by manifest.
1421 silly tarball no local data for get-stream@https://registry.npmjs.org/get-stream/-/get-stream-6.0.1.tgz. Extracting by manifest.
1422 silly tarball no local data for ansi-regex@https://registry.npmjs.org/ansi-regex/-/ansi-regex-4.1.1.tgz. Extracting by manifest.
1423 silly tarball no local data for @react-native/babel-plugin-codegen@https://registry.npmjs.org/@react-native/babel-plugin-codegen/-/babel-plugin-codegen-0.73.4.tgz. Extracting by manifest.
1424 silly tarball no local data for execa@https://registry.npmjs.org/execa/-/execa-5.1.1.tgz. Extracting by manifest.
1425 silly tarball no local data for shebang-regex@https://registry.npmjs.org/shebang-regex/-/shebang-regex-3.0.0.tgz. Extracting by manifest.
1426 silly tarball no local data for get-stream@https://registry.npmjs.org/get-stream/-/get-stream-6.0.1.tgz. Extracting by manifest.
1427 silly tarball no local data for strip-ansi@https://registry.npmjs.org/strip-ansi/-/strip-ansi-5.2.0.tgz. Extracting by manifest.
1428 silly tarball no local data for which@https://registry.npmjs.org/which/-/which-2.0.2.tgz. Extracting by manifest.
1429 silly tarball no local data for semver@https://registry.npmjs.org/semver/-/semver-7.7.4.tgz. Extracting by manifest.
1430 silly tarball no local data for shebang-command@https://registry.npmjs.org/shebang-command/-/shebang-command-2.0.0.tgz. Extracting by manifest.
1431 silly tarball no local data for path-key@https://registry.npmjs.org/path-key/-/path-key-3.1.1.tgz. Extracting by manifest.
1432 silly tarball no local data for restore-cursor@https://registry.npmjs.org/restore-cursor/-/restore-cursor-3.1.0.tgz. Extracting by manifest.
1433 silly tarball no local data for strip-ansi@https://registry.npmjs.org/strip-ansi/-/strip-ansi-6.0.1.tgz. Extracting by manifest.
1434 silly tarball no local data for is-stream@https://registry.npmjs.org/is-stream/-/is-stream-2.0.1.tgz. Extracting by manifest.
1435 silly tarball no local data for log-symbols@https://registry.npmjs.org/log-symbols/-/log-symbols-4.1.0.tgz. Extracting by manifest.
1436 silly tarball no local data for get-stream@https://registry.npmjs.org/get-stream/-/get-stream-6.0.1.tgz. Extracting by manifest.
1437 silly tarball no local data for execa@https://registry.npmjs.org/execa/-/execa-5.1.1.tgz. Extracting by manifest.
1438 silly tarball no local data for which@https://registry.npmjs.org/which/-/which-2.0.2.tgz. Extracting by manifest.
1439 silly tarball no local data for ora@https://registry.npmjs.org/ora/-/ora-5.4.1.tgz. Extracting by manifest.
1440 silly tarball no local data for cross-spawn@https://registry.npmjs.org/cross-spawn/-/cross-spawn-7.0.6.tgz. Extracting by manifest.
1441 silly tarball no local data for cli-cursor@https://registry.npmjs.org/cli-cursor/-/cli-cursor-3.1.0.tgz. Extracting by manifest.
1442 silly tarball no local data for shebang-regex@https://registry.npmjs.org/shebang-regex/-/shebang-regex-3.0.0.tgz. Extracting by manifest.
1443 silly tarball no local data for shebang-command@https://registry.npmjs.org/shebang-command/-/shebang-command-2.0.0.tgz. Extracting by manifest.
1444 silly tarball no local data for path-key@https://registry.npmjs.org/path-key/-/path-key-3.1.1.tgz. Extracting by manifest.
1445 silly tarball no local data for npm-run-path@https://registry.npmjs.org/npm-run-path/-/npm-run-path-4.0.1.tgz. Extracting by manifest.
1446 silly tarball no local data for is-stream@https://registry.npmjs.org/is-stream/-/is-stream-2.0.1.tgz. Extracting by manifest.
1447 silly tarball no local data for which@https://registry.npmjs.org/which/-/which-2.0.2.tgz. Extracting by manifest.
1448 silly tarball no local data for get-stream@https://registry.npmjs.org/get-stream/-/get-stream-6.0.1.tgz. Extracting by manifest.
1449 silly tarball no local data for cross-spawn@https://registry.npmjs.org/cross-spawn/-/cross-spawn-7.0.6.tgz. Extracting by manifest.
1450 silly tarball no local data for execa@https://registry.npmjs.org/execa/-/execa-5.1.1.tgz. Extracting by manifest.
1451 silly tarball no local data for shebang-regex@https://registry.npmjs.org/shebang-regex/-/shebang-regex-3.0.0.tgz. Extracting by manifest.
1452 silly tarball no local data for shebang-command@https://registry.npmjs.org/shebang-command/-/shebang-command-2.0.0.tgz. Extracting by manifest.
1453 silly tarball no local data for path-key@https://registry.npmjs.org/path-key/-/path-key-3.1.1.tgz. Extracting by manifest.
1454 silly tarball no local data for semver@https://registry.npmjs.org/semver/-/semver-7.7.4.tgz. Extracting by manifest.
1455 silly tarball no local data for p-locate@https://registry.npmjs.org/p-locate/-/p-locate-4.1.0.tgz. Extracting by manifest.
1456 silly tarball no local data for p-limit@https://registry.npmjs.org/p-limit/-/p-limit-2.3.0.tgz. Extracting by manifest.
1457 silly tarball no local data for npm-run-path@https://registry.npmjs.org/npm-run-path/-/npm-run-path-4.0.1.tgz. Extracting by manifest.
1458 silly tarball no local data for is-stream@https://registry.npmjs.org/is-stream/-/is-stream-2.0.1.tgz. Extracting by manifest.
1459 silly tarball no local data for locate-path@https://registry.npmjs.org/locate-path/-/locate-path-5.0.0.tgz. Extracting by manifest.
1460 silly tarball no local data for find-up@https://registry.npmjs.org/find-up/-/find-up-4.1.0.tgz. Extracting by manifest.
1461 silly tarball no local data for get-stream@https://registry.npmjs.org/get-stream/-/get-stream-6.0.1.tgz. Extracting by manifest.
1462 silly tarball no local data for commander@https://registry.npmjs.org/commander/-/commander-9.5.0.tgz. Extracting by manifest.
1463 silly tarball no local data for execa@https://registry.npmjs.org/execa/-/execa-5.1.1.tgz. Extracting by manifest.
1464 silly tarball no local data for cross-spawn@https://registry.npmjs.org/cross-spawn/-/cross-spawn-7.0.6.tgz. Extracting by manifest.
1465 silly tarball no local data for write-file-atomic@https://registry.npmjs.org/write-file-atomic/-/write-file-atomic-4.0.2.tgz. Extracting by manifest.
1466 silly tarball no local data for p-locate@https://registry.npmjs.org/p-locate/-/p-locate-4.1.0.tgz. Extracting by manifest.
1467 silly tarball no local data for js-yaml@https://registry.npmjs.org/js-yaml/-/js-yaml-4.1.1.tgz. Extracting by manifest.
1468 silly tarball no local data for semver@https://registry.npmjs.org/semver/-/semver-7.7.4.tgz. Extracting by manifest.
1469 silly tarball no local data for argparse@https://registry.npmjs.org/argparse/-/argparse-2.0.1.tgz. Extracting by manifest.
1470 silly tarball no local data for locate-path@https://registry.npmjs.org/locate-path/-/locate-path-5.0.0.tgz. Extracting by manifest.
1471 silly tarball no local data for p-limit@https://registry.npmjs.org/p-limit/-/p-limit-2.3.0.tgz. Extracting by manifest.
1472 silly tarball no local data for yallist@https://registry.npmjs.org/yallist/-/yallist-4.0.0.tgz. Extracting by manifest.
1473 silly tarball no local data for find-up@https://registry.npmjs.org/find-up/-/find-up-4.1.0.tgz. Extracting by manifest.
1474 silly tarball no local data for universalify@https://registry.npmjs.org/universalify/-/universalify-2.0.1.tgz. Extracting by manifest.
1475 silly tarball no local data for fs-extra@https://registry.npmjs.org/fs-extra/-/fs-extra-9.1.0.tgz. Extracting by manifest.
1476 silly tarball no local data for semver@https://registry.npmjs.org/semver/-/semver-7.5.3.tgz. Extracting by manifest.
1477 silly tarball no local data for jsonfile@https://registry.npmjs.org/jsonfile/-/jsonfile-6.2.0.tgz. Extracting by manifest.
1478 silly tarball no local data for which@https://registry.npmjs.org/which/-/which-2.0.2.tgz. Extracting by manifest.
1479 silly tarball no local data for shebang-regex@https://registry.npmjs.org/shebang-regex/-/shebang-regex-3.0.0.tgz. Extracting by manifest.
1480 silly tarball no local data for shebang-command@https://registry.npmjs.org/shebang-command/-/shebang-command-2.0.0.tgz. Extracting by manifest.
1481 silly tarball no local data for lru-cache@https://registry.npmjs.org/lru-cache/-/lru-cache-6.0.0.tgz. Extracting by manifest.
1482 silly tarball no local data for validate-npm-package-name@https://registry.npmjs.org/validate-npm-package-name/-/validate-npm-package-name-5.0.1.tgz. Extracting by manifest.
1483 silly tarball no local data for semver@https://registry.npmjs.org/semver/-/semver-7.7.4.tgz. Extracting by manifest.
1484 silly tarball no local data for npm-package-arg@https://registry.npmjs.org/npm-package-arg/-/npm-package-arg-11.0.3.tgz. Extracting by manifest.
1485 silly tarball no local data for lru-cache@https://registry.npmjs.org/lru-cache/-/lru-cache-10.4.3.tgz. Extracting by manifest.
1486 silly tarball no local data for path-key@https://registry.npmjs.org/path-key/-/path-key-3.1.1.tgz. Extracting by manifest.
1487 silly tarball no local data for hosted-git-info@https://registry.npmjs.org/hosted-git-info/-/hosted-git-info-7.0.2.tgz. Extracting by manifest.
1488 silly tarball no local data for cross-spawn@https://registry.npmjs.org/cross-spawn/-/cross-spawn-7.0.6.tgz. Extracting by manifest.
1489 silly tarball no local data for shebang-regex@https://registry.npmjs.org/shebang-regex/-/shebang-regex-3.0.0.tgz. Extracting by manifest.
1490 silly tarball no local data for shebang-command@https://registry.npmjs.org/shebang-command/-/shebang-command-2.0.0.tgz. Extracting by manifest.
1491 silly tarball no local data for which@https://registry.npmjs.org/which/-/which-2.0.2.tgz. Extracting by manifest.
1492 silly tarball no local data for path-key@https://registry.npmjs.org/path-key/-/path-key-3.1.1.tgz. Extracting by manifest.
1493 silly tarball no local data for @expo/spawn-async@https://registry.npmjs.org/@expo/spawn-async/-/spawn-async-1.7.2.tgz. Extracting by manifest.
1494 silly tarball no local data for cross-spawn@https://registry.npmjs.org/cross-spawn/-/cross-spawn-7.0.6.tgz. Extracting by manifest.
1495 silly tarball no local data for semver@https://registry.npmjs.org/semver/-/semver-5.7.2.tgz. Extracting by manifest.
1496 silly tarball no local data for @expo/json-file@https://registry.npmjs.org/@expo/json-file/-/json-file-10.0.13.tgz. Extracting by manifest.
1497 silly tarball no local data for @expo/spawn-async@https://registry.npmjs.org/@expo/spawn-async/-/spawn-async-1.7.2.tgz. Extracting by manifest.
1498 silly tarball no local data for shebang-regex@https://registry.npmjs.org/shebang-regex/-/shebang-regex-3.0.0.tgz. Extracting by manifest.
1499 silly tarball no local data for which@https://registry.npmjs.org/which/-/which-2.0.2.tgz. Extracting by manifest.
1500 silly tarball no local data for shebang-command@https://registry.npmjs.org/shebang-command/-/shebang-command-2.0.0.tgz. Extracting by manifest.
1501 silly tarball no local data for jsonfile@https://registry.npmjs.org/jsonfile/-/jsonfile-6.2.0.tgz. Extracting by manifest.
1502 silly tarball no local data for universalify@https://registry.npmjs.org/universalify/-/universalify-2.0.1.tgz. Extracting by manifest.
1503 silly tarball no local data for fs-extra@https://registry.npmjs.org/fs-extra/-/fs-extra-9.1.0.tgz. Extracting by manifest.
1504 silly tarball no local data for @babel/code-frame@https://registry.npmjs.org/@babel/code-frame/-/code-frame-7.10.4.tgz. Extracting by manifest.
1505 silly tarball no local data for cross-spawn@https://registry.npmjs.org/cross-spawn/-/cross-spawn-7.0.6.tgz. Extracting by manifest.
1506 silly tarball no local data for universalify@https://registry.npmjs.org/universalify/-/universalify-1.0.0.tgz. Extracting by manifest.
1507 silly tarball no local data for path-key@https://registry.npmjs.org/path-key/-/path-key-3.1.1.tgz. Extracting by manifest.
1508 silly tarball no local data for @expo/spawn-async@https://registry.npmjs.org/@expo/spawn-async/-/spawn-async-1.7.2.tgz. Extracting by manifest.
1509 silly tarball no local data for universalify@https://registry.npmjs.org/universalify/-/universalify-2.0.1.tgz. Extracting by manifest.
1510 silly tarball no local data for tempy@https://registry.npmjs.org/tempy/-/tempy-0.3.0.tgz. Extracting by manifest.
1511 silly tarball no local data for type-fest@https://registry.npmjs.org/type-fest/-/type-fest-0.3.1.tgz. Extracting by manifest.
1512 silly tarball no local data for unique-string@https://registry.npmjs.org/unique-string/-/unique-string-1.0.0.tgz. Extracting by manifest.
1513 silly tarball no local data for temp-dir@https://registry.npmjs.org/temp-dir/-/temp-dir-1.0.0.tgz. Extracting by manifest.
1514 silly tarball no local data for semver@https://registry.npmjs.org/semver/-/semver-7.3.2.tgz. Extracting by manifest.
1515 silly tarball no local data for fs-extra@https://registry.npmjs.org/fs-extra/-/fs-extra-9.0.0.tgz. Extracting by manifest.
1516 silly tarball no local data for debug@https://registry.npmjs.org/debug/-/debug-3.2.7.tgz. Extracting by manifest.
1517 silly tarball no local data for yallist@https://registry.npmjs.org/yallist/-/yallist-4.0.0.tgz. Extracting by manifest.
1518 silly tarball no local data for semver@https://registry.npmjs.org/semver/-/semver-7.7.4.tgz. Extracting by manifest.
1519 silly tarball no local data for semver@https://registry.npmjs.org/semver/-/semver-7.5.3.tgz. Extracting by manifest.
1520 silly tarball no local data for jsonfile@https://registry.npmjs.org/jsonfile/-/jsonfile-6.2.0.tgz. Extracting by manifest.
1521 silly tarball no local data for glob@https://registry.npmjs.org/glob/-/glob-7.1.6.tgz. Extracting by manifest.
1522 silly tarball no local data for semver@https://registry.npmjs.org/semver/-/semver-7.7.4.tgz. Extracting by manifest.
1523 silly tarball no local data for glob@https://registry.npmjs.org/glob/-/glob-7.1.6.tgz. Extracting by manifest.
1524 silly tarball no local data for form-data@https://registry.npmjs.org/form-data/-/form-data-3.0.4.tgz. Extracting by manifest.
1525 silly tarball no local data for lru-cache@https://registry.npmjs.org/lru-cache/-/lru-cache-6.0.0.tgz. Extracting by manifest.
1526 silly tarball no local data for @babel/code-frame@https://registry.npmjs.org/@babel/code-frame/-/code-frame-7.10.4.tgz. Extracting by manifest.
1527 silly tarball no local data for json-schema-traverse@https://registry.npmjs.org/json-schema-traverse/-/json-schema-traverse-0.4.1.tgz. Extracting by manifest.
1528 silly tarball no local data for js-yaml@https://registry.npmjs.org/js-yaml/-/js-yaml-4.1.1.tgz. Extracting by manifest.
1529 silly tarball no local data for argparse@https://registry.npmjs.org/argparse/-/argparse-2.0.1.tgz. Extracting by manifest.
1530 silly tarball no local data for globals@https://registry.npmjs.org/globals/-/globals-14.0.0.tgz. Extracting by manifest.
1531 silly tarball no local data for eslint-visitor-keys@https://registry.npmjs.org/eslint-visitor-keys/-/eslint-visitor-keys-3.4.3.tgz. Extracting by manifest.
1532 silly tarball no local data for ajv@https://registry.npmjs.org/ajv/-/ajv-6.14.0.tgz. Extracting by manifest.
1533 silly tarball no local data for supports-color@https://registry.npmjs.org/supports-color/-/supports-color-5.5.0.tgz. Extracting by manifest.
1534 silly tarball no local data for babel-plugin-polyfill-corejs3@https://registry.npmjs.org/babel-plugin-polyfill-corejs3/-/babel-plugin-polyfill-corejs3-0.14.2.tgz. Extracting by manifest.
1535 silly tarball no local data for semver@https://registry.npmjs.org/semver/-/semver-5.7.2.tgz. Extracting by manifest.
1536 silly tarball no local data for make-dir@https://registry.npmjs.org/make-dir/-/make-dir-2.1.0.tgz. Extracting by manifest.
1537 silly tarball no local data for escape-string-regexp@https://registry.npmjs.org/escape-string-regexp/-/escape-string-regexp-1.0.5.tgz. Extracting by manifest.
1538 silly tarball no local data for slash@https://registry.npmjs.org/slash/-/slash-2.0.0.tgz. Extracting by manifest.
1539 silly tarball no local data for color-name@https://registry.npmjs.org/color-name/-/color-name-1.1.3.tgz. Extracting by manifest.
1540 silly tarball no local data for color-convert@https://registry.npmjs.org/color-convert/-/color-convert-1.9.3.tgz. Extracting by manifest.
1541 silly tarball no local data for chalk@https://registry.npmjs.org/chalk/-/chalk-2.4.2.tgz. Extracting by manifest.
1542 silly tarball no local data for ansi-styles@https://registry.npmjs.org/ansi-styles/-/ansi-styles-3.2.1.tgz. Extracting by manifest.
1543 silly tarball no local data for semver@https://registry.npmjs.org/semver/-/semver-5.7.2.tgz. Extracting by manifest.
1544 silly tarball no local data for commander@https://registry.npmjs.org/commander/-/commander-6.2.1.tgz. Extracting by manifest.
1545 silly tarball no local data for make-dir@https://registry.npmjs.org/make-dir/-/make-dir-2.1.0.tgz. Extracting by manifest.
1546 silly tarball no local data for npm-run-path@https://registry.npmjs.org/npm-run-path/-/npm-run-path-4.0.1.tgz. Extracting by manifest.
1547 http fetch GET 200 https://registry.npmjs.org/which-builtin-type 9689ms (cache miss)
1548 silly packumentCache corgi:https://registry.npmjs.org/which-builtin-type set size:undefined disposed:false
1549 http fetch GET 200 https://registry.npmjs.org/which 9694ms (cache miss)
1550 silly packumentCache corgi:https://registry.npmjs.org/which set size:undefined disposed:false
1551 http fetch GET 200 https://registry.npmjs.org/yallist 9701ms (cache miss)
1552 silly packumentCache corgi:https://registry.npmjs.org/yallist set size:undefined disposed:false
1553 http fetch GET 200 https://registry.npmjs.org/which-boxed-primitive 9712ms (cache miss)
1554 silly packumentCache corgi:https://registry.npmjs.org/which-boxed-primitive set size:undefined disposed:false
1555 http fetch GET 200 https://registry.npmjs.org/walker 9723ms (cache miss)
1556 silly packumentCache corgi:https://registry.npmjs.org/walker set size:undefined disposed:false
1557 http fetch GET 200 https://registry.npmjs.org/write-file-atomic 9745ms (cache miss)
1558 silly packumentCache corgi:https://registry.npmjs.org/write-file-atomic set size:undefined disposed:false
1559 http fetch GET 200 https://registry.npmjs.org/yargs-parser 10085ms (cache miss)
1560 silly packumentCache corgi:https://registry.npmjs.org/yargs-parser set size:undefined disposed:false
1561 http fetch GET 200 https://registry.npmjs.org/warn-once 10090ms (cache miss)
1562 silly packumentCache corgi:https://registry.npmjs.org/warn-once set size:undefined disposed:false
1563 http fetch GET 200 https://registry.npmjs.org/wcwidth 10146ms (cache miss)
1564 silly packumentCache corgi:https://registry.npmjs.org/wcwidth set size:undefined disposed:false
1565 http fetch GET 200 https://registry.npmjs.org/yocto-queue 10409ms (cache miss)
1566 silly packumentCache corgi:https://registry.npmjs.org/yocto-queue set size:undefined disposed:false
1567 http fetch GET 200 https://registry.npmjs.org/ws 10353ms (cache miss)
1568 silly packumentCache corgi:https://registry.npmjs.org/ws set size:undefined disposed:false
1569 http fetch GET 200 https://registry.npmjs.org/wrappy 10363ms (cache miss)
1570 silly packumentCache corgi:https://registry.npmjs.org/wrappy set size:undefined disposed:false
1571 http fetch GET 200 https://registry.npmjs.org/utils-merge 10310ms (cache miss)
1572 silly packumentCache corgi:https://registry.npmjs.org/utils-merge set size:undefined disposed:false
1573 http fetch GET 200 https://registry.npmjs.org/webidl-conversions 10395ms (cache miss)
1574 silly packumentCache corgi:https://registry.npmjs.org/webidl-conversions set size:undefined disposed:false
1575 http fetch GET 200 https://registry.npmjs.org/unpipe 10432ms (cache miss)
1576 silly packumentCache corgi:https://registry.npmjs.org/unpipe set size:undefined disposed:false
1577 http fetch GET 200 https://registry.npmjs.org/unicode-match-property-ecmascript 10419ms (cache miss)
1578 silly packumentCache corgi:https://registry.npmjs.org/unicode-match-property-ecmascript set size:undefined disposed:false
1579 http fetch GET 200 https://registry.npmjs.org/wrap-ansi 10534ms (cache miss)
1580 silly packumentCache corgi:https://registry.npmjs.org/wrap-ansi set size:undefined disposed:false
1581 http fetch GET 200 https://registry.npmjs.org/which-collection 10540ms (cache miss)
1582 silly packumentCache corgi:https://registry.npmjs.org/which-collection set size:undefined disposed:false
1583 http fetch GET 200 https://registry.npmjs.org/update-browserslist-db 10537ms (cache miss)
1584 silly packumentCache corgi:https://registry.npmjs.org/update-browserslist-db set size:undefined disposed:false
1585 http fetch GET 200 https://registry.npmjs.org/unicode-property-aliases-ecmascript 10532ms (cache miss)
1586 silly packumentCache corgi:https://registry.npmjs.org/unicode-property-aliases-ecmascript set size:undefined disposed:false
1587 http fetch GET 200 https://registry.npmjs.org/xml2js 10634ms (cache miss)
1588 silly packumentCache corgi:https://registry.npmjs.org/xml2js set size:undefined disposed:false
1589 http fetch GET 200 https://registry.npmjs.org/whatwg-url 10629ms (cache miss)
1590 silly packumentCache corgi:https://registry.npmjs.org/whatwg-url set size:undefined disposed:false
1591 http fetch GET 200 https://registry.npmjs.org/unique-filename 10615ms (cache miss)
1592 silly packumentCache corgi:https://registry.npmjs.org/unique-filename set size:undefined disposed:false
1593 http fetch GET 200 https://registry.npmjs.org/whatwg-fetch 10678ms (cache miss)
1594 silly packumentCache corgi:https://registry.npmjs.org/whatwg-fetch set size:undefined disposed:false
1595 http fetch GET 200 https://registry.npmjs.org/unicode-match-property-value-ecmascript 10609ms (cache miss)
1596 silly packumentCache corgi:https://registry.npmjs.org/unicode-match-property-value-ecmascript set size:undefined disposed:false
1597 http fetch GET 200 https://registry.npmjs.org/valid-url 10689ms (cache miss)
1598 silly packumentCache corgi:https://registry.npmjs.org/valid-url set size:undefined disposed:false
1599 http fetch GET 200 https://registry.npmjs.org/y18n 10832ms (cache miss)
1600 silly packumentCache corgi:https://registry.npmjs.org/y18n set size:undefined disposed:false
1601 http fetch GET 200 https://registry.npmjs.org/which-typed-array 10880ms (cache miss)
1602 silly packumentCache corgi:https://registry.npmjs.org/which-typed-array set size:undefined disposed:false
1603 http fetch GET 200 https://registry.npmjs.org/whatwg-url-without-unicode 10882ms (cache miss)
1604 silly packumentCache corgi:https://registry.npmjs.org/whatwg-url-without-unicode set size:undefined disposed:false
1605 http fetch GET 200 https://registry.npmjs.org/url-join 10949ms (cache miss)
1606 silly packumentCache corgi:https://registry.npmjs.org/url-join set size:undefined disposed:false
1607 http fetch GET 200 https://registry.npmjs.org/use-latest-callback 10987ms (cache miss)
1608 silly packumentCache corgi:https://registry.npmjs.org/use-latest-callback set size:undefined disposed:false
1609 http fetch GET 200 https://registry.npmjs.org/unique-string 10981ms (cache miss)
1610 silly packumentCache corgi:https://registry.npmjs.org/unique-string set size:undefined disposed:false
1611 http fetch GET 200 https://registry.npmjs.org/validate-npm-package-name 11011ms (cache miss)
1612 silly packumentCache corgi:https://registry.npmjs.org/validate-npm-package-name set size:undefined disposed:false
1613 http fetch GET 200 https://registry.npmjs.org/toidentifier 10956ms (cache miss)
1614 silly packumentCache corgi:https://registry.npmjs.org/toidentifier set size:undefined disposed:false
1615 http fetch GET 200 https://registry.npmjs.org/xmlbuilder 11136ms (cache miss)
1616 silly packumentCache corgi:https://registry.npmjs.org/xmlbuilder set size:undefined disposed:false
1617 http fetch GET 200 https://registry.npmjs.org/tslib 11026ms (cache miss)
1618 silly packumentCache corgi:https://registry.npmjs.org/tslib set size:undefined disposed:false
1619 http fetch GET 200 https://registry.npmjs.org/text-table 11009ms (cache miss)
1620 silly packumentCache corgi:https://registry.npmjs.org/text-table set size:undefined disposed:false
1621 http fetch GET 200 https://registry.npmjs.org/tr46 11026ms (cache miss)
1622 silly packumentCache corgi:https://registry.npmjs.org/tr46 set size:undefined disposed:false
1623 http fetch GET 200 https://registry.npmjs.org/to-regex-range 11033ms (cache miss)
1624 silly packumentCache corgi:https://registry.npmjs.org/to-regex-range set size:undefined disposed:false
1625 http fetch GET 200 https://registry.npmjs.org/typed-array-byte-offset 11067ms (cache miss)
1626 silly packumentCache corgi:https://registry.npmjs.org/typed-array-byte-offset set size:undefined disposed:false
1627 http fetch GET 200 https://registry.npmjs.org/tinyglobby 11060ms (cache miss)
1628 silly packumentCache corgi:https://registry.npmjs.org/tinyglobby set size:undefined disposed:false
1629 http fetch GET 200 https://registry.npmjs.org/unicode-canonical-property-names-ecmascript 11118ms (cache miss)
1630 silly packumentCache corgi:https://registry.npmjs.org/unicode-canonical-property-names-ecmascript set size:undefined disposed:false
1631 http fetch GET 200 https://registry.npmjs.org/uuid 11173ms (cache miss)
1632 silly packumentCache corgi:https://registry.npmjs.org/uuid set size:undefined disposed:false
1633 http fetch GET 200 https://registry.npmjs.org/typed-array-buffer 11124ms (cache miss)
1634 silly packumentCache corgi:https://registry.npmjs.org/typed-array-buffer set size:undefined disposed:false
1635 http fetch GET 200 https://registry.npmjs.org/type-detect 11133ms (cache miss)
1636 silly packumentCache corgi:https://registry.npmjs.org/type-detect set size:undefined disposed:false
1637 http fetch GET 200 https://registry.npmjs.org/unique-slug 11173ms (cache miss)
1638 silly packumentCache corgi:https://registry.npmjs.org/unique-slug set size:undefined disposed:false
1639 http fetch GET 200 https://registry.npmjs.org/typedarray.prototype.slice 11147ms (cache miss)
1640 silly packumentCache corgi:https://registry.npmjs.org/typedarray.prototype.slice set size:undefined disposed:false
1641 http fetch GET 200 https://registry.npmjs.org/test-exclude 11167ms (cache miss)
1642 silly packumentCache corgi:https://registry.npmjs.org/test-exclude set size:undefined disposed:false
1643 http fetch GET 200 https://registry.npmjs.org/undici-types 11297ms (cache miss)
1644 silly packumentCache corgi:https://registry.npmjs.org/undici-types set size:undefined disposed:false
1645 http fetch GET 200 https://registry.npmjs.org/universalify 11368ms (cache miss)
1646 silly packumentCache corgi:https://registry.npmjs.org/universalify set size:undefined disposed:false
1647 http fetch GET 200 https://registry.npmjs.org/strip-bom 11293ms (cache miss)
1648 silly packumentCache corgi:https://registry.npmjs.org/strip-bom set size:undefined disposed:false
1649 http fetch GET 200 https://registry.npmjs.org/temp-dir 11326ms (cache miss)
1650 silly packumentCache corgi:https://registry.npmjs.org/temp-dir set size:undefined disposed:false
1651 http fetch GET 200 https://registry.npmjs.org/strict-uri-encode 11312ms (cache miss)
1652 silly packumentCache corgi:https://registry.npmjs.org/strict-uri-encode set size:undefined disposed:false
1653 http fetch GET 200 https://registry.npmjs.org/terminal-link 11378ms (cache miss)
1654 silly packumentCache corgi:https://registry.npmjs.org/terminal-link set size:undefined disposed:false
1655 http fetch GET 200 https://registry.npmjs.org/supports-preserve-symlinks-flag 11382ms (cache miss)
1656 silly packumentCache corgi:https://registry.npmjs.org/supports-preserve-symlinks-flag set size:undefined disposed:false
1657 http fetch GET 200 https://registry.npmjs.org/tempy 11433ms (cache miss)
1658 silly packumentCache corgi:https://registry.npmjs.org/tempy set size:undefined disposed:false
1659 http fetch GET 200 https://registry.npmjs.org/ua-parser-js 11504ms (cache miss)
1660 silly packumentCache corgi:https://registry.npmjs.org/ua-parser-js set size:undefined disposed:false
1661 http fetch GET 200 https://registry.npmjs.org/ts-interface-checker 11493ms (cache miss)
1662 silly packumentCache corgi:https://registry.npmjs.org/ts-interface-checker set size:undefined disposed:false
1663 http fetch GET 200 https://registry.npmjs.org/traverse 11501ms (cache miss)
1664 silly packumentCache corgi:https://registry.npmjs.org/traverse set size:undefined disposed:false
1665 http fetch GET 200 https://registry.npmjs.org/source-map 11383ms (cache miss)
1666 silly packumentCache corgi:https://registry.npmjs.org/source-map set size:undefined disposed:false
1667 http fetch GET 200 https://registry.npmjs.org/strip-ansi 11493ms (cache miss)
1668 silly packumentCache corgi:https://registry.npmjs.org/strip-ansi set size:undefined disposed:false
1669 http fetch GET 200 https://registry.npmjs.org/temp 11531ms (cache miss)
1670 silly packumentCache corgi:https://registry.npmjs.org/temp set size:undefined disposed:false
1671 http fetch GET 200 https://registry.npmjs.org/structured-headers 11540ms (cache miss)
1672 silly packumentCache corgi:https://registry.npmjs.org/structured-headers set size:undefined disposed:false
1673 http fetch GET 200 https://registry.npmjs.org/strip-eof 11549ms (cache miss)
1674 silly packumentCache corgi:https://registry.npmjs.org/strip-eof set size:undefined disposed:false
1675 http fetch GET 200 https://registry.npmjs.org/shebang-command 11447ms (cache miss)
1676 silly packumentCache corgi:https://registry.npmjs.org/shebang-command set size:undefined disposed:false
1677 http fetch GET 200 https://registry.npmjs.org/string-length 11534ms (cache miss)
1678 silly packumentCache corgi:https://registry.npmjs.org/string-length set size:undefined disposed:false
1679 http fetch GET 200 https://registry.npmjs.org/supports-hyperlinks 11582ms (cache miss)
1680 silly packumentCache corgi:https://registry.npmjs.org/supports-hyperlinks set size:undefined disposed:false
1681 http fetch GET 200 https://registry.npmjs.org/simple-swizzle 11533ms (cache miss)
1682 silly packumentCache corgi:https://registry.npmjs.org/simple-swizzle set size:undefined disposed:false
1683 http fetch GET 200 https://registry.npmjs.org/strip-json-comments 11634ms (cache miss)
1684 silly packumentCache corgi:https://registry.npmjs.org/strip-json-comments set size:undefined disposed:false
1685 http fetch GET 200 https://registry.npmjs.org/sisteransi 11574ms (cache miss)
1686 silly packumentCache corgi:https://registry.npmjs.org/sisteransi set size:undefined disposed:false
1687 http fetch GET 200 https://registry.npmjs.org/shell-quote 11556ms (cache miss)
1688 silly packumentCache corgi:https://registry.npmjs.org/shell-quote set size:undefined disposed:false
1689 http fetch GET 200 https://registry.npmjs.org/slash 11588ms (cache miss)
1690 silly packumentCache corgi:https://registry.npmjs.org/slash set size:undefined disposed:false
1691 http fetch GET 200 https://registry.npmjs.org/source-map-js 11625ms (cache miss)
1692 silly packumentCache corgi:https://registry.npmjs.org/source-map-js set size:undefined disposed:false
1693 http fetch GET 200 https://registry.npmjs.org/sprintf-js 11640ms (cache miss)
1694 silly packumentCache corgi:https://registry.npmjs.org/sprintf-js set size:undefined disposed:false
1695 http fetch GET 200 https://registry.npmjs.org/signal-exit 11603ms (cache miss)
1696 silly packumentCache corgi:https://registry.npmjs.org/signal-exit set size:undefined disposed:false
1697 http fetch GET 200 https://registry.npmjs.org/sucrase 11702ms (cache miss)
1698 silly packumentCache corgi:https://registry.npmjs.org/sucrase set size:undefined disposed:false
1699 http fetch GET 200 https://registry.npmjs.org/split-on-first 11685ms (cache miss)
1700 silly packumentCache corgi:https://registry.npmjs.org/split-on-first set size:undefined disposed:false
1701 http fetch GET 200 https://registry.npmjs.org/stack-utils 11745ms (cache miss)
1702 silly packumentCache corgi:https://registry.npmjs.org/stack-utils set size:undefined disposed:false
1703 http fetch GET 200 https://registry.npmjs.org/string-width 11818ms (cache miss)
1704 silly packumentCache corgi:https://registry.npmjs.org/string-width set size:undefined disposed:false
1705 http fetch GET 200 https://registry.npmjs.org/source-map-support 11792ms (cache miss)
1706 silly packumentCache corgi:https://registry.npmjs.org/source-map-support set size:undefined disposed:false
1707 http fetch GET 200 https://registry.npmjs.org/strip-final-newline 11836ms (cache miss)
1708 silly packumentCache corgi:https://registry.npmjs.org/strip-final-newline set size:undefined disposed:false
1709 http fetch GET 200 https://registry.npmjs.org/statuses 11881ms (cache miss)
1710 silly packumentCache corgi:https://registry.npmjs.org/statuses set size:undefined disposed:false
1711 http fetch GET 200 https://registry.npmjs.org/restore-cursor 11725ms (cache miss)
1712 silly packumentCache corgi:https://registry.npmjs.org/restore-cursor set size:undefined disposed:false
1713 http fetch GET 200 https://registry.npmjs.org/simple-plist 11786ms (cache miss)
1714 silly packumentCache corgi:https://registry.npmjs.org/simple-plist set size:undefined disposed:false
1715 http fetch GET 200 https://registry.npmjs.org/slugify 12012ms (cache miss)
1716 silly packumentCache corgi:https://registry.npmjs.org/slugify set size:undefined disposed:false
1717 http fetch GET 200 https://registry.npmjs.org/v8-to-istanbul 12216ms (cache miss)
1718 silly packumentCache corgi:https://registry.npmjs.org/v8-to-istanbul set size:undefined disposed:false
1719 http fetch GET 200 https://registry.npmjs.org/shebang-regex 11988ms (cache miss)
1720 silly packumentCache corgi:https://registry.npmjs.org/shebang-regex set size:undefined disposed:false
1721 http fetch GET 200 https://registry.npmjs.org/shallow-clone 11996ms (cache miss)
1722 silly packumentCache corgi:https://registry.npmjs.org/shallow-clone set size:undefined disposed:false
1723 http fetch GET 200 https://registry.npmjs.org/setimmediate 11995ms (cache miss)
1724 silly packumentCache corgi:https://registry.npmjs.org/setimmediate set size:undefined disposed:false
1725 http fetch GET 200 https://registry.npmjs.org/supports-color 12275ms (cache miss)
1726 silly packumentCache corgi:https://registry.npmjs.org/supports-color set size:undefined disposed:false
1727 http fetch GET 200 https://registry.npmjs.org/setprototypeof 12226ms (cache miss)
1728 silly packumentCache corgi:https://registry.npmjs.org/setprototypeof set size:undefined disposed:false
1729 http fetch GET 200 https://registry.npmjs.org/stacktrace-parser 12390ms (cache miss)
1730 silly packumentCache corgi:https://registry.npmjs.org/stacktrace-parser set size:undefined disposed:false
1731 http fetch GET 200 https://registry.npmjs.org/run-parallel 12261ms (cache miss)
1732 silly packumentCache corgi:https://registry.npmjs.org/run-parallel set size:undefined disposed:false
1733 http fetch GET 200 https://registry.npmjs.org/resolve-workspace-root 12244ms (cache miss)
1734 silly packumentCache corgi:https://registry.npmjs.org/resolve-workspace-root set size:undefined disposed:false
1735 http fetch GET 200 https://registry.npmjs.org/wonka 12803ms (cache miss)
1736 silly packumentCache corgi:https://registry.npmjs.org/wonka set size:undefined disposed:false
1737 http fetch GET 200 https://registry.npmjs.org/sax 12532ms (cache miss)
1738 silly packumentCache corgi:https://registry.npmjs.org/sax set size:undefined disposed:false
1739 http fetch GET 200 https://registry.npmjs.org/resolve-cwd 12496ms (cache miss)
1740 silly packumentCache corgi:https://registry.npmjs.org/resolve-cwd set size:undefined disposed:false
1741 http fetch GET 200 https://registry.npmjs.org/resolve-from 12570ms (cache miss)
1742 silly packumentCache corgi:https://registry.npmjs.org/resolve-from set size:undefined disposed:false
1743 http fetch GET 200 https://registry.npmjs.org/ssri 12847ms (cache miss)
1744 silly packumentCache corgi:https://registry.npmjs.org/ssri set size:undefined disposed:false
1745 http fetch GET 200 https://registry.npmjs.org/semver 12745ms (cache miss)
1746 silly packumentCache corgi:https://registry.npmjs.org/semver set size:undefined disposed:false
1747 http fetch GET 200 https://registry.npmjs.org/regjsparser 12686ms (cache miss)
1748 silly packumentCache corgi:https://registry.npmjs.org/regjsparser set size:undefined disposed:false
1749 http fetch GET 200 https://registry.npmjs.org/send 12875ms (cache miss)
1750 silly packumentCache corgi:https://registry.npmjs.org/send set size:undefined disposed:false
1751 http fetch GET 200 https://registry.npmjs.org/webidl-conversions 12616ms (cache miss)
1752 silly packumentCache corgi:https://registry.npmjs.org/webidl-conversions set size:undefined disposed:false
1753 http fetch GET 200 https://registry.npmjs.org/requireg 12824ms (cache miss)
1754 silly packumentCache corgi:https://registry.npmjs.org/requireg set size:undefined disposed:false
1755 http fetch GET 200 https://registry.npmjs.org/resolve.exports 12934ms (cache miss)
1756 silly packumentCache corgi:https://registry.npmjs.org/resolve.exports set size:undefined disposed:false
1757 http fetch GET 200 https://registry.npmjs.org/require-directory 12933ms (cache miss)
1758 silly packumentCache corgi:https://registry.npmjs.org/require-directory set size:undefined disposed:false
1759 http fetch GET 200 https://registry.npmjs.org/regenerate 13011ms (cache miss)
1760 silly packumentCache corgi:https://registry.npmjs.org/regenerate set size:undefined disposed:false
1761 http fetch GET 200 https://registry.npmjs.org/reflect.getprototypeof 13015ms (cache miss)
1762 silly packumentCache corgi:https://registry.npmjs.org/reflect.getprototypeof set size:undefined disposed:false
1763 http fetch GET 200 https://registry.npmjs.org/tar 13369ms (cache miss)
1764 silly packumentCache corgi:https://registry.npmjs.org/tar set size:undefined disposed:false
1765 http fetch GET 200 https://registry.npmjs.org/regenerator-runtime 13139ms (cache miss)
1766 silly packumentCache corgi:https://registry.npmjs.org/regenerator-runtime set size:undefined disposed:false
1767 http fetch GET 200 https://registry.npmjs.org/regenerate-unicode-properties 13145ms (cache miss)
1768 silly packumentCache corgi:https://registry.npmjs.org/regenerate-unicode-properties set size:undefined disposed:false
1769 http fetch GET 200 https://registry.npmjs.org/yallist 12939ms (cache miss)
1770 silly packumentCache corgi:https://registry.npmjs.org/yallist set size:undefined disposed:false
1771 http fetch GET 200 https://registry.npmjs.org/require-from-string 13155ms (cache miss)
1772 silly packumentCache corgi:https://registry.npmjs.org/require-from-string set size:undefined disposed:false
1773 http fetch GET 200 https://registry.npmjs.org/rimraf 13317ms (cache miss)
1774 silly packumentCache corgi:https://registry.npmjs.org/rimraf set size:undefined disposed:false
1775 http fetch GET 200 https://registry.npmjs.org/xmlbuilder 13073ms (cache miss)
1776 silly packumentCache corgi:https://registry.npmjs.org/xmlbuilder set size:undefined disposed:false
1777 http fetch GET 200 https://registry.npmjs.org/reusify 13319ms (cache miss)
1778 silly packumentCache corgi:https://registry.npmjs.org/reusify set size:undefined disposed:false
1779 http fetch GET 200 https://registry.npmjs.org/is-fullwidth-code-point 13080ms (cache miss)
1780 silly packumentCache corgi:https://registry.npmjs.org/is-fullwidth-code-point set size:undefined disposed:false
1781 http fetch GET 200 https://registry.npmjs.org/regjsgen 13298ms (cache miss)
1782 silly packumentCache corgi:https://registry.npmjs.org/regjsgen set size:undefined disposed:false
1783 http fetch GET 200 https://registry.npmjs.org/yargs 13832ms (cache miss)
1784 silly packumentCache corgi:https://registry.npmjs.org/yargs set size:undefined disposed:false
1785 http fetch GET 200 https://registry.npmjs.org/picomatch 13211ms (cache miss)
1786 silly packumentCache corgi:https://registry.npmjs.org/picomatch set size:undefined disposed:false
1787 http fetch GET 200 https://registry.npmjs.org/statuses 13184ms (cache miss)
1788 silly packumentCache corgi:https://registry.npmjs.org/statuses set size:undefined disposed:false
1789 http fetch GET 200 https://registry.npmjs.org/statuses 13195ms (cache miss)
1790 silly packumentCache corgi:https://registry.npmjs.org/statuses set size:undefined disposed:false
1791 http fetch GET 200 https://registry.npmjs.org/rimraf 13309ms (cache miss)
1792 silly packumentCache corgi:https://registry.npmjs.org/rimraf set size:undefined disposed:false
1793 http fetch GET 200 https://registry.npmjs.org/uuid 13336ms (cache miss)
1794 silly packumentCache corgi:https://registry.npmjs.org/uuid set size:undefined disposed:false
1795 http fetch GET 200 https://registry.npmjs.org/remove-trailing-slash 13581ms (cache miss)
1796 silly packumentCache corgi:https://registry.npmjs.org/remove-trailing-slash set size:undefined disposed:false
1797 http fetch GET 200 https://registry.npmjs.org/bplist-parser 13487ms (cache miss)
1798 silly packumentCache corgi:https://registry.npmjs.org/bplist-parser set size:undefined disposed:false
1799 http fetch GET 200 https://registry.npmjs.org/send 13618ms (cache miss)
1800 silly packumentCache corgi:https://registry.npmjs.org/send set size:undefined disposed:false
1801 http fetch GET 200 https://registry.npmjs.org/react-shallow-renderer 13846ms (cache miss)
1802 silly packumentCache corgi:https://registry.npmjs.org/react-shallow-renderer set size:undefined disposed:false
1803 http fetch GET 200 https://registry.npmjs.org/regexpu-core 14008ms (cache miss)
1804 silly packumentCache corgi:https://registry.npmjs.org/regexpu-core set size:undefined disposed:false
1805 http fetch GET 200 https://registry.npmjs.org/escape-string-regexp 13793ms (cache miss)
1806 silly packumentCache corgi:https://registry.npmjs.org/escape-string-regexp set size:undefined disposed:false
1807 http fetch GET 200 https://registry.npmjs.org/encodeurl 13782ms (cache miss)
1808 silly packumentCache corgi:https://registry.npmjs.org/encodeurl set size:undefined disposed:false
1809 http fetch GET 200 https://registry.npmjs.org/serve-static 14232ms (cache miss)
1810 silly packumentCache corgi:https://registry.npmjs.org/serve-static set size:undefined disposed:false
1811 http fetch GET 200 https://registry.npmjs.org/debug 13897ms (cache miss)
1812 silly packumentCache corgi:https://registry.npmjs.org/debug set size:undefined disposed:false
1813 http fetch GET 200 https://registry.npmjs.org/is-stream 13957ms (cache miss)
1814 silly packumentCache corgi:https://registry.npmjs.org/is-stream set size:undefined disposed:false
1815 http fetch GET 200 https://registry.npmjs.org/which-module/-/which-module-2.0.1.tgz 13450ms (cache miss)
1816 http fetch GET 200 https://registry.npmjs.org/is-arrayish 13948ms (cache miss)
1817 silly packumentCache corgi:https://registry.npmjs.org/is-arrayish set size:undefined disposed:false
1818 http fetch GET 200 https://registry.npmjs.org/xtend/-/xtend-4.0.2.tgz 13540ms (cache miss)
1819 http fetch GET 200 https://registry.npmjs.org/ms 14033ms (cache miss)
1820 silly packumentCache corgi:https://registry.npmjs.org/ms set size:undefined disposed:false
1821 http fetch GET 200 https://registry.npmjs.org/http-errors 14054ms (cache miss)
1822 silly packumentCache corgi:https://registry.npmjs.org/http-errors set size:undefined disposed:false
1823 http fetch GET 200 https://registry.npmjs.org/mime 14066ms (cache miss)
1824 silly packumentCache corgi:https://registry.npmjs.org/mime set size:undefined disposed:false
1825 http fetch GET 200 https://registry.npmjs.org/promise 14020ms (cache miss)
1826 silly packumentCache corgi:https://registry.npmjs.org/promise set size:undefined disposed:false
1827 http fetch GET 200 https://registry.npmjs.org/xml-name-validator/-/xml-name-validator-4.0.0.tgz 13639ms (cache miss)
1828 http fetch GET 200 https://registry.npmjs.org/vlq/-/vlq-1.0.1.tgz 13553ms (cache miss)
1829 http fetch GET 200 https://registry.npmjs.org/resolve 14529ms (cache miss)
1830 silly packumentCache corgi:https://registry.npmjs.org/resolve set size:undefined disposed:false
1831 http fetch GET 200 https://registry.npmjs.org/void-elements/-/void-elements-3.1.0.tgz 13768ms (cache miss)
1832 http fetch GET 200 https://registry.npmjs.org/util-deprecate/-/util-deprecate-1.0.2.tgz 13737ms (cache miss)
1833 http fetch GET 200 https://registry.npmjs.org/vary/-/vary-1.1.2.tgz 13772ms (cache miss)
1834 http fetch GET 200 https://registry.npmjs.org/ms 14441ms (cache miss)
1835 silly packumentCache corgi:https://registry.npmjs.org/ms set size:undefined disposed:false
1836 http fetch GET 200 https://registry.npmjs.org/on-finished 14449ms (cache miss)
1837 silly packumentCache corgi:https://registry.npmjs.org/on-finished set size:undefined disposed:false
1838 http fetch GET 200 https://registry.npmjs.org/word-wrap/-/word-wrap-1.2.5.tgz 13959ms (cache miss)
1839 http fetch GET 200 https://registry.npmjs.org/type-check/-/type-check-0.4.0.tgz 13826ms (cache miss)
1840 http fetch GET 200 https://registry.npmjs.org/typed-array-length/-/typed-array-length-1.0.7.tgz 13840ms (cache miss)
1841 http fetch GET 200 https://registry.npmjs.org/typed-array-byte-length/-/typed-array-byte-length-1.0.3.tgz 13838ms (cache miss)
1842 http fetch GET 200 https://registry.npmjs.org/thenify/-/thenify-3.3.1.tgz 13796ms (cache miss)
1843 http fetch GET 200 https://registry.npmjs.org/resolve 14537ms (cache miss)
1844 silly packumentCache corgi:https://registry.npmjs.org/resolve set size:undefined disposed:false
1845 http fetch GET 200 https://registry.npmjs.org/debug 14548ms (cache miss)
1846 silly packumentCache corgi:https://registry.npmjs.org/debug set size:undefined disposed:false
1847 http fetch GET 200 https://registry.npmjs.org/throat/-/throat-5.0.0.tgz 13905ms (cache miss)
1848 http fetch GET 200 https://registry.npmjs.org/strnum/-/strnum-1.1.2.tgz 13871ms (cache miss)
1849 http fetch GET 200 https://registry.npmjs.org/type-fest 15231ms (cache miss)
1850 silly packumentCache corgi:https://registry.npmjs.org/type-fest set size:undefined disposed:false
1851 http fetch GET 200 https://registry.npmjs.org/mime 14696ms (cache miss)
1852 silly packumentCache corgi:https://registry.npmjs.org/mime set size:undefined disposed:false
1853 http fetch GET 200 https://registry.npmjs.org/on-finished 14743ms (cache miss)
1854 silly packumentCache corgi:https://registry.npmjs.org/on-finished set size:undefined disposed:false
1855 http fetch GET 200 https://registry.npmjs.org/mkdirp 14693ms (cache miss)
1856 silly packumentCache corgi:https://registry.npmjs.org/mkdirp set size:undefined disposed:false
1857 http fetch GET 200 https://registry.npmjs.org/through2/-/through2-2.0.5.tgz 14056ms (cache miss)
1858 http fetch GET 200 https://registry.npmjs.org/thenify-all/-/thenify-all-1.6.0.tgz 14052ms (cache miss)
1859 http fetch GET 200 https://registry.npmjs.org/tmpl/-/tmpl-1.0.5.tgz 14190ms (cache miss)
1860 http fetch GET 200 https://registry.npmjs.org/tapable/-/tapable-2.3.2.tgz 14169ms (cache miss)
1861 http fetch GET 200 https://registry.npmjs.org/symbol-tree/-/symbol-tree-3.2.4.tgz 14167ms (cache miss)
1862 http fetch GET 200 https://registry.npmjs.org/strip-indent/-/strip-indent-3.0.0.tgz 14156ms (cache miss)
1863 http fetch GET 200 https://registry.npmjs.org/string.prototype.repeat/-/string.prototype.repeat-1.0.0.tgz 14146ms (cache miss)
1864 http fetch GET 200 https://registry.npmjs.org/slice-ansi/-/slice-ansi-2.1.0.tgz 14099ms (cache miss)
1865 http fetch GET 200 https://registry.npmjs.org/set-proto/-/set-proto-1.0.0.tgz 14073ms (cache miss)
1866 http fetch GET 200 https://registry.npmjs.org/type-fest 15002ms (cache miss)
1867 silly packumentCache corgi:https://registry.npmjs.org/type-fest set size:undefined disposed:false
1868 http fetch GET 200 https://registry.npmjs.org/commander 15008ms (cache miss)
1869 silly packumentCache corgi:https://registry.npmjs.org/commander set size:undefined disposed:false
1870 http fetch GET 200 https://registry.npmjs.org/whatwg-encoding/-/whatwg-encoding-2.0.0.tgz 14492ms (cache miss)
1871 http fetch GET 200 https://registry.npmjs.org/stackframe/-/stackframe-1.3.4.tgz 14259ms (cache miss)
1872 http fetch GET 200 https://registry.npmjs.org/string_decoder/-/string_decoder-1.1.1.tgz 14267ms (cache miss)
1873 http fetch GET 200 https://registry.npmjs.org/set-blocking/-/set-blocking-2.0.0.tgz 14303ms (cache miss)
1874 http fetch GET 200 https://registry.npmjs.org/requires-port/-/requires-port-1.0.0.tgz 14228ms (cache miss)
1875 http fetch GET 200 https://registry.npmjs.org/minipass 15280ms (cache miss)
1876 silly packumentCache corgi:https://registry.npmjs.org/minipass set size:undefined disposed:false
1877 http fetch GET 200 https://registry.npmjs.org/w3c-xmlserializer/-/w3c-xmlserializer-4.0.0.tgz 14723ms (cache miss)
1878 http fetch GET 200 https://registry.npmjs.org/string.prototype.matchall/-/string.prototype.matchall-4.0.12.tgz 14516ms (cache miss)
1879 http fetch GET 200 https://registry.npmjs.org/stop-iteration-iterator/-/stop-iteration-iterator-1.1.0.tgz 14502ms (cache miss)
1880 http fetch GET 200 https://registry.npmjs.org/stack-generator/-/stack-generator-2.0.10.tgz 14495ms (cache miss)
1881 http fetch GET 200 https://registry.npmjs.org/safe-regex-test/-/safe-regex-test-1.1.0.tgz 14401ms (cache miss)
1882 http fetch GET 200 https://registry.npmjs.org/rc/-/rc-1.2.8.tgz 14272ms (cache miss)
1883 http fetch GET 200 https://registry.npmjs.org/type-fest 15353ms (cache miss)
1884 silly packumentCache corgi:https://registry.npmjs.org/type-fest set size:undefined disposed:false
1885 warn deprecated whatwg-encoding@2.0.0: Use @exodus/bytes instead for a more spec-conformant and faster implementation
1886 http fetch GET 200 https://registry.npmjs.org/set-function-name/-/set-function-name-2.0.2.tgz 14539ms (cache miss)
1887 http fetch GET 200 https://registry.npmjs.org/rtl-detect/-/rtl-detect-1.1.2.tgz 14484ms (cache miss)
1888 http fetch GET 200 https://registry.npmjs.org/require-main-filename/-/require-main-filename-2.0.0.tgz 14456ms (cache miss)
1889 http fetch GET 200 https://registry.npmjs.org/range-parser/-/range-parser-1.2.1.tgz 14372ms (cache miss)
1890 http fetch GET 200 https://registry.npmjs.org/glob 15438ms (cache miss)
1891 silly packumentCache corgi:https://registry.npmjs.org/glob set size:undefined disposed:false
1892 http fetch GET 200 https://registry.npmjs.org/server-only/-/server-only-0.0.1.tgz 14581ms (cache miss)
1893 http fetch GET 200 https://registry.npmjs.org/serialize-error/-/serialize-error-2.1.0.tgz 14574ms (cache miss)
1894 http fetch GET 200 https://registry.npmjs.org/set-function-length/-/set-function-length-1.2.2.tgz 14597ms (cache miss)
1895 http fetch GET 200 https://registry.npmjs.org/querystringify/-/querystringify-2.2.0.tgz 14421ms (cache miss)
1896 http fetch GET 200 https://registry.npmjs.org/safe-buffer/-/safe-buffer-5.2.1.tgz 14651ms (cache miss)
1897 http fetch GET 200 https://registry.npmjs.org/regexp.prototype.flags/-/regexp.prototype.flags-1.5.4.tgz 14588ms (cache miss)
1898 http fetch GET 200 https://registry.npmjs.org/redent/-/redent-3.0.0.tgz 14571ms (cache miss)
1899 http fetch GET 200 https://registry.npmjs.org/ws 15549ms (cache miss)
1900 silly packumentCache corgi:https://registry.npmjs.org/ws set size:undefined disposed:false
1901 http fetch GET 200 https://registry.npmjs.org/readdirp/-/readdirp-3.6.0.tgz 14627ms (cache miss)
1902 http fetch GET 200 https://registry.npmjs.org/queue/-/queue-6.0.2.tgz 14583ms (cache miss)
1903 http fetch GET 200 https://registry.npmjs.org/promise-inflight/-/promise-inflight-1.0.1.tgz 14555ms (cache miss)
1904 http fetch GET 200 https://registry.npmjs.org/recast 15867ms (cache miss)
1905 silly packumentCache corgi:https://registry.npmjs.org/recast set size:undefined disposed:false
1906 http fetch GET 200 https://registry.npmjs.org/react-is/-/react-is-16.13.1.tgz 14647ms (cache miss)
1907 http fetch GET 200 https://registry.npmjs.org/query-string/-/query-string-7.1.3.tgz 14627ms (cache miss)
1908 http fetch GET 200 https://registry.npmjs.org/util/-/util-0.12.5.tgz 15155ms (cache miss)
1909 http fetch GET 200 https://registry.npmjs.org/queue-microtask/-/queue-microtask-1.2.3.tgz 14712ms (cache miss)
1910 http fetch GET 200 https://registry.npmjs.org/proc-log/-/proc-log-4.2.0.tgz 14673ms (cache miss)
1911 http fetch GET 200 https://registry.npmjs.org/prettier-linter-helpers/-/prettier-linter-helpers-1.0.1.tgz 14679ms (cache miss)
1912 http fetch GET 200 https://registry.npmjs.org/pretty-bytes/-/pretty-bytes-5.6.0.tgz 14676ms (cache miss)
1913 http fetch GET 200 https://registry.npmjs.org/process-nextick-args/-/process-nextick-args-2.0.1.tgz 14686ms (cache miss)
1914 http fetch GET 200 https://registry.npmjs.org/pkg-dir/-/pkg-dir-4.2.0.tgz 14668ms (cache miss)
1915 http fetch GET 200 https://registry.npmjs.org/picocolors/-/picocolors-1.1.1.tgz 14654ms (cache miss)
1916 http fetch GET 200 https://registry.npmjs.org/pify/-/pify-4.0.1.tgz 14667ms (cache miss)
1917 http fetch GET 200 https://registry.npmjs.org/path-type/-/path-type-4.0.0.tgz 14654ms (cache miss)
1918 http fetch GET 200 https://registry.npmjs.org/whatwg-mimetype/-/whatwg-mimetype-3.0.0.tgz 15350ms (cache miss)
1919 http fetch GET 200 https://registry.npmjs.org/proxy-from-env/-/proxy-from-env-2.1.0.tgz 14849ms (cache miss)
1920 http fetch GET 200 https://registry.npmjs.org/prelude-ls/-/prelude-ls-1.2.1.tgz 14832ms (cache miss)
1921 http fetch GET 200 https://registry.npmjs.org/progress/-/progress-2.0.3.tgz 14847ms (cache miss)
1922 http fetch GET 200 https://registry.npmjs.org/path-is-absolute/-/path-is-absolute-1.0.1.tgz 14800ms (cache miss)
1923 http fetch GET 200 https://registry.npmjs.org/path-parse/-/path-parse-1.0.7.tgz 14826ms (cache miss)
1924 http fetch GET 200 https://registry.npmjs.org/path-exists/-/path-exists-4.0.0.tgz 14818ms (cache miss)
1925 http fetch GET 200 https://registry.npmjs.org/@types%2fyargs 15941ms (cache miss)
1926 silly packumentCache corgi:https://registry.npmjs.org/@types%2fyargs set size:undefined disposed:false
1927 http fetch GET 200 https://registry.npmjs.org/@jest%2ftypes 15946ms (cache miss)
1928 silly packumentCache corgi:https://registry.npmjs.org/@jest%2ftypes set size:undefined disposed:false
1929 http fetch GET 200 https://registry.npmjs.org/pretty-format/-/pretty-format-29.7.0.tgz 14939ms (cache miss)
1930 http fetch GET 200 https://registry.npmjs.org/punycode/-/punycode-2.3.1.tgz 14952ms (cache miss)
1931 http fetch GET 200 https://registry.npmjs.org/pirates/-/pirates-4.0.7.tgz 14972ms (cache miss)
1932 http fetch GET 200 https://registry.npmjs.org/parent-module/-/parent-module-1.0.1.tgz 14930ms (cache miss)
1933 http fetch GET 200 https://registry.npmjs.org/parseurl/-/parseurl-1.3.3.tgz 14937ms (cache miss)
1934 http fetch GET 200 https://registry.npmjs.org/path-key/-/path-key-2.0.1.tgz 14927ms (cache miss)
1935 http fetch GET 200 https://registry.npmjs.org/possible-typed-array-names/-/possible-typed-array-names-1.1.0.tgz 15201ms (cache miss)
1936 http fetch GET 200 https://registry.npmjs.org/p-map/-/p-map-4.0.0.tgz 15188ms (cache miss)
1937 http fetch GET 200 https://registry.npmjs.org/p-finally/-/p-finally-1.0.0.tgz 15185ms (cache miss)
1938 http fetch GET 200 https://registry.npmjs.org/p-limit/-/p-limit-3.1.0.tgz 15189ms (cache miss)
1939 http fetch GET 200 https://registry.npmjs.org/ts-declaration-location/-/ts-declaration-location-1.0.7.tgz 15764ms (cache miss)
1940 http fetch GET 200 https://registry.npmjs.org/parse-json/-/parse-json-5.2.0.tgz 15401ms (cache miss)
1941 http fetch GET 200 https://registry.npmjs.org/parse-png/-/parse-png-2.1.0.tgz 15459ms (cache miss)
1942 http fetch GET 200 https://registry.npmjs.org/resolve-pkg-maps/-/resolve-pkg-maps-1.0.0.tgz 15459ms (cache miss)
1943 http fetch GET 200 https://registry.npmjs.org/p-try/-/p-try-2.2.0.tgz 15432ms (cache miss)
1944 http fetch GET 200 https://registry.npmjs.org/saxes/-/saxes-6.0.0.tgz 15790ms (cache miss)
1945 http fetch GET 200 https://registry.npmjs.org/pretty-format 16714ms (cache miss)
1946 silly packumentCache corgi:https://registry.npmjs.org/pretty-format set size:undefined disposed:false
1947 http fetch GET 200 https://registry.npmjs.org/sudo-prompt/-/sudo-prompt-9.2.1.tgz 16035ms (cache miss)
1948 http fetch GET 200 https://registry.npmjs.org/own-keys/-/own-keys-1.0.1.tgz 15673ms (cache miss)
1949 http fetch GET 200 https://registry.npmjs.org/os-tmpdir/-/os-tmpdir-1.0.2.tgz 15668ms (cache miss)
1950 http fetch GET 200 https://registry.npmjs.org/optionator/-/optionator-0.9.4.tgz 15664ms (cache miss)
1951 http fetch GET 200 https://registry.npmjs.org/onetime/-/onetime-5.1.2.tgz 15658ms (cache miss)
1952 http fetch GET 200 https://registry.npmjs.org/os-homedir/-/os-homedir-1.0.2.tgz 15672ms (cache miss)
1953 http fetch GET 200 https://registry.npmjs.org/ora/-/ora-3.4.0.tgz 15664ms (cache miss)
1954 http fetch GET 200 https://registry.npmjs.org/once/-/once-1.4.0.tgz 15658ms (cache miss)
1955 http fetch GET 200 https://registry.npmjs.org/object.values/-/object.values-1.2.1.tgz 15656ms (cache miss)
1956 http fetch GET 200 https://registry.npmjs.org/object.entries/-/object.entries-1.1.9.tgz 15648ms (cache miss)
1957 http fetch GET 200 https://registry.npmjs.org/safer-buffer/-/safer-buffer-2.1.2.tgz 15981ms (cache miss)
1958 http fetch GET 200 https://registry.npmjs.org/p-locate/-/p-locate-5.0.0.tgz 15782ms (cache miss)
1959 http fetch GET 200 https://registry.npmjs.org/object-keys/-/object-keys-1.1.1.tgz 15724ms (cache miss)
1960 http fetch GET 200 https://registry.npmjs.org/url-parse/-/url-parse-1.5.10.tgz 16353ms (cache miss)
1961 http fetch GET 200 https://registry.npmjs.org/osenv/-/osenv-0.1.5.tgz 15916ms (cache miss)
1962 warn deprecated osenv@0.1.5: This package is no longer supported.
1963 http fetch GET 200 https://registry.npmjs.org/open/-/open-8.4.2.tgz 15906ms (cache miss)
1964 http fetch GET 200 https://registry.npmjs.org/npm-package-arg/-/npm-package-arg-7.0.0.tgz 15832ms (cache miss)
1965 http fetch GET 200 https://registry.npmjs.org/nullthrows/-/nullthrows-1.1.1.tgz 15842ms (cache miss)
1966 http fetch GET 200 https://registry.npmjs.org/object-is/-/object-is-1.1.6.tgz 15864ms (cache miss)
1967 http fetch GET 200 https://registry.npmjs.org/node-int64/-/node-int64-0.4.0.tgz 15837ms (cache miss)
1968 warn deprecated sudo-prompt@9.2.1: Package no longer supported. Contact Support at https://www.npmjs.com/support for more info.
1969 http fetch GET 200 https://registry.npmjs.org/object.fromentries/-/object.fromentries-2.0.8.tgz 15997ms (cache miss)
1970 http fetch GET 200 https://registry.npmjs.org/object.groupby/-/object.groupby-1.0.3.tgz 16069ms (cache miss)
1971 http fetch GET 200 https://registry.npmjs.org/ob1/-/ob1-0.80.12.tgz 16045ms (cache miss)
1972 http fetch GET 200 https://registry.npmjs.org/object-assign/-/object-assign-4.1.1.tgz 16039ms (cache miss)
1973 http fetch GET 200 https://registry.npmjs.org/normalize-path/-/normalize-path-3.0.0.tgz 16032ms (cache miss)
1974 http fetch GET 200 https://registry.npmjs.org/react-native-gesture-handler 17492ms (cache miss)
1975 silly packumentCache corgi:https://registry.npmjs.org/react-native-gesture-handler set size:undefined disposed:false
1976 http fetch GET 200 https://registry.npmjs.org/on-headers/-/on-headers-1.1.0.tgz 16154ms (cache miss)
1977 http fetch GET 200 https://registry.npmjs.org/node-releases/-/node-releases-2.0.37.tgz 16084ms (cache miss)
1978 http fetch GET 200 https://registry.npmjs.org/on-finished/-/on-finished-2.3.0.tgz 16092ms (cache miss)
1979 http fetch GET 200 https://registry.npmjs.org/nice-try/-/nice-try-1.0.5.tgz 16061ms (cache miss)
1980 http fetch GET 200 https://registry.npmjs.org/nested-error-stacks/-/nested-error-stacks-2.0.1.tgz 16241ms (cache miss)
1981 http fetch GET 200 https://registry.npmjs.org/nanoid/-/nanoid-3.3.11.tgz 16246ms (cache miss)
1982 http fetch GET 200 https://registry.npmjs.org/nocache/-/nocache-3.0.4.tgz 16387ms (cache miss)
1983 http fetch GET 200 https://registry.npmjs.org/node-dir/-/node-dir-0.1.17.tgz 16379ms (cache miss)
1984 http fetch GET 200 https://registry.npmjs.org/negotiator/-/negotiator-0.6.3.tgz 16490ms (cache miss)
1985 http fetch GET 200 https://registry.npmjs.org/ms/-/ms-2.1.3.tgz 16486ms (cache miss)
1986 http fetch GET 200 https://registry.npmjs.org/minizlib/-/minizlib-2.1.2.tgz 16543ms (cache miss)
1987 http fetch GET 200 https://registry.npmjs.org/minipass-pipeline/-/minipass-pipeline-1.2.4.tgz 16541ms (cache miss)
1988 http fetch GET 200 https://registry.npmjs.org/minimatch/-/minimatch-3.1.5.tgz 16540ms (cache miss)
1989 http fetch GET 200 https://registry.npmjs.org/minipass/-/minipass-3.3.6.tgz 16545ms (cache miss)
1990 http fetch GET 200 https://registry.npmjs.org/minimist/-/minimist-1.2.8.tgz 16540ms (cache miss)
1991 http fetch GET 200 https://registry.npmjs.org/mkdirp/-/mkdirp-1.0.4.tgz 16624ms (cache miss)
1992 http fetch GET 200 https://registry.npmjs.org/npm-run-path/-/npm-run-path-2.0.2.tgz 16612ms (cache miss)
1993 http fetch GET 200 https://registry.npmjs.org/natural-compare/-/natural-compare-1.4.0.tgz 16632ms (cache miss)
1994 http fetch GET 200 https://registry.npmjs.org/mz/-/mz-2.7.0.tgz 16616ms (cache miss)
1995 http fetch GET 200 https://registry.npmjs.org/micromatch/-/micromatch-4.0.8.tgz 16598ms (cache miss)
1996 http fetch GET 200 https://registry.npmjs.org/react-freeze/-/react-freeze-1.0.4.tgz 16950ms (cache miss)
1997 http fetch GET 200 https://registry.npmjs.org/metro-cache-key/-/metro-cache-key-0.80.12.tgz 16583ms (cache miss)
1998 http fetch GET 200 https://registry.npmjs.org/metro-cache/-/metro-cache-0.80.12.tgz 16582ms (cache miss)
1999 http fetch GET 200 https://registry.npmjs.org/node-stream-zip/-/node-stream-zip-1.15.0.tgz 16747ms (cache miss)
2000 http fetch GET 200 https://registry.npmjs.org/minipass-flush/-/minipass-flush-1.0.7.tgz 16689ms (cache miss)
2001 http fetch GET 200 https://registry.npmjs.org/metro-core/-/metro-core-0.80.12.tgz 16660ms (cache miss)
2002 http fetch GET 200 https://registry.npmjs.org/metro-babel-transformer/-/metro-babel-transformer-0.80.12.tgz 16655ms (cache miss)
2003 http fetch GET 200 https://registry.npmjs.org/min-indent/-/min-indent-1.0.1.tgz 16773ms (cache miss)
2004 http fetch GET 200 https://registry.npmjs.org/minipass-collect/-/minipass-collect-1.0.2.tgz 16776ms (cache miss)
2005 http fetch GET 200 https://registry.npmjs.org/mime-types/-/mime-types-2.1.35.tgz 16773ms (cache miss)
2006 http fetch GET 200 https://registry.npmjs.org/metro-minify-terser/-/metro-minify-terser-0.80.12.tgz 16759ms (cache miss)
2007 http fetch GET 200 https://registry.npmjs.org/md5hex/-/md5hex-1.0.0.tgz 16717ms (cache miss)
2008 http fetch GET 200 https://registry.npmjs.org/memory-cache/-/memory-cache-0.2.0.tgz 16729ms (cache miss)
2009 http fetch GET 200 https://registry.npmjs.org/unbox-primitive/-/unbox-primitive-1.1.0.tgz 17511ms (cache miss)
2010 http fetch GET 200 https://registry.npmjs.org/merge2/-/merge2-1.4.1.tgz 16786ms (cache miss)
2011 http fetch GET 200 https://registry.npmjs.org/merge-stream/-/merge-stream-2.0.0.tgz 16782ms (cache miss)
2012 http fetch GET 200 https://registry.npmjs.org/makeerror/-/makeerror-1.0.12.tgz 16792ms (cache miss)
2013 http fetch GET 200 https://registry.npmjs.org/lru-cache/-/lru-cache-5.1.1.tgz 16791ms (cache miss)
2014 http fetch GET 200 https://registry.npmjs.org/marky/-/marky-1.3.0.tgz 16800ms (cache miss)
2015 http fetch GET 200 https://registry.npmjs.org/mimic-fn/-/mimic-fn-2.1.0.tgz 16901ms (cache miss)
2016 http fetch GET 200 https://registry.npmjs.org/metro-transform-worker/-/metro-transform-worker-0.80.12.tgz 16902ms (cache miss)
2017 http fetch GET 200 https://registry.npmjs.org/md5-file/-/md5-file-3.2.3.tgz 16837ms (cache miss)
2018 http fetch GET 200 https://registry.npmjs.org/memoize-one/-/memoize-one-5.2.1.tgz 16903ms (cache miss)
2019 http fetch GET 200 https://registry.npmjs.org/log-symbols/-/log-symbols-2.2.0.tgz 16862ms (cache miss)
2020 http fetch GET 200 https://registry.npmjs.org/pump/-/pump-3.0.4.tgz 17282ms (cache miss)
2021 http fetch GET 200 https://registry.npmjs.org/ts-api-utils/-/ts-api-utils-2.5.0.tgz 17648ms (cache miss)
2022 http fetch GET 200 https://registry.npmjs.org/merge-options/-/merge-options-3.0.4.tgz 16933ms (cache miss)
2023 http fetch GET 200 https://registry.npmjs.org/loose-envify/-/loose-envify-1.4.0.tgz 16926ms (cache miss)
2024 http fetch GET 200 https://registry.npmjs.org/locate-path/-/locate-path-6.0.0.tgz 16918ms (cache miss)
2025 http fetch GET 200 https://registry.npmjs.org/safe-push-apply/-/safe-push-apply-1.0.0.tgz 17505ms (cache miss)
2026 http fetch GET 200 https://registry.npmjs.org/safe-array-concat/-/safe-array-concat-1.1.3.tgz 17498ms (cache miss)
2027 http fetch GET 200 https://registry.npmjs.org/make-dir/-/make-dir-4.0.0.tgz 16984ms (cache miss)
2028 http fetch GET 200 https://registry.npmjs.org/md5/-/md5-2.3.0.tgz 17002ms (cache miss)
2029 http fetch GET 200 https://registry.npmjs.org/lodash.merge/-/lodash.merge-4.6.2.tgz 16976ms (cache miss)
2030 http fetch GET 200 https://registry.npmjs.org/lodash.debounce/-/lodash.debounce-4.0.8.tgz 16975ms (cache miss)
2031 http fetch GET 200 https://registry.npmjs.org/lighthouse-logger/-/lighthouse-logger-1.4.2.tgz 16960ms (cache miss)
2032 http fetch GET 200 https://registry.npmjs.org/jsonfile/-/jsonfile-4.0.0.tgz 16950ms (cache miss)
2033 http fetch GET 200 https://registry.npmjs.org/make-error/-/make-error-1.3.6.tgz 17071ms (cache miss)
2034 http fetch GET 200 https://registry.npmjs.org/leven/-/leven-3.1.0.tgz 17039ms (cache miss)
2035 http fetch GET 200 https://registry.npmjs.org/levn/-/levn-0.4.1.tgz 17041ms (cache miss)
2036 http fetch GET 200 https://registry.npmjs.org/lines-and-columns/-/lines-and-columns-1.2.4.tgz 17044ms (cache miss)
2037 http fetch GET 200 https://registry.npmjs.org/json-parse-even-better-errors/-/json-parse-even-better-errors-2.3.1.tgz 17007ms (cache miss)
2038 http fetch GET 200 https://registry.npmjs.org/json-parse-better-errors/-/json-parse-better-errors-1.0.2.tgz 17003ms (cache miss)
2039 http fetch GET 200 https://registry.npmjs.org/side-channel-map/-/side-channel-map-1.0.1.tgz 17694ms (cache miss)
2040 http fetch GET 200 https://registry.npmjs.org/side-channel-weakmap/-/side-channel-weakmap-1.0.2.tgz 17692ms (cache miss)
2041 http fetch GET 200 https://registry.npmjs.org/side-channel/-/side-channel-1.1.0.tgz 17689ms (cache miss)
2042 http fetch GET 200 https://registry.npmjs.org/lodash.memoize/-/lodash.memoize-4.1.2.tgz 17111ms (cache miss)
2043 http fetch GET 200 https://registry.npmjs.org/kleur/-/kleur-3.0.3.tgz 17086ms (cache miss)
2044 http fetch GET 200 https://registry.npmjs.org/kind-of/-/kind-of-6.0.3.tgz 17089ms (cache miss)
2045 http fetch GET 200 https://registry.npmjs.org/jsc-safe-url/-/jsc-safe-url-0.2.4.tgz 17161ms (cache miss)
2046 http fetch GET 200 https://registry.npmjs.org/json-schema-deref-sync/-/json-schema-deref-sync-0.13.0.tgz 17249ms (cache miss)
2047 http fetch GET 200 https://registry.npmjs.org/json-buffer/-/json-buffer-3.0.1.tgz 17245ms (cache miss)
2048 http fetch GET 200 https://registry.npmjs.org/json-schema-traverse/-/json-schema-traverse-1.0.0.tgz 17252ms (cache miss)
2049 http fetch GET 200 https://registry.npmjs.org/keyv/-/keyv-4.5.4.tgz 17276ms (cache miss)
2050 http fetch GET 200 https://registry.npmjs.org/tough-cookie/-/tough-cookie-4.1.4.tgz 18056ms (cache miss)
2051 http fetch GET 200 https://registry.npmjs.org/jest-validate/-/jest-validate-29.7.0.tgz 17247ms (cache miss)
2052 http fetch GET 200 https://registry.npmjs.org/join-component/-/join-component-1.1.0.tgz 17261ms (cache miss)
2053 http fetch GET 200 https://registry.npmjs.org/jest-watch-select-projects/-/jest-watch-select-projects-2.0.0.tgz 17303ms (cache miss)
2054 http fetch GET 200 https://registry.npmjs.org/nwsapi/-/nwsapi-2.2.23.tgz 17635ms (cache miss)
2055 http fetch GET 200 https://registry.npmjs.org/side-channel-list/-/side-channel-list-1.0.0.tgz 18076ms (cache miss)
2056 http fetch GET 200 https://registry.npmjs.org/jest-watcher/-/jest-watcher-29.7.0.tgz 17377ms (cache miss)
2057 http fetch GET 200 https://registry.npmjs.org/js-tokens/-/js-tokens-4.0.0.tgz 17391ms (cache miss)
2058 http fetch GET 200 https://registry.npmjs.org/jest-watch-typeahead/-/jest-watch-typeahead-2.2.1.tgz 17382ms (cache miss)
2059 http fetch GET 200 https://registry.npmjs.org/jest-matcher-utils/-/jest-matcher-utils-29.7.0.tgz 17352ms (cache miss)
2060 http fetch GET 200 https://registry.npmjs.org/jest-regex-util/-/jest-regex-util-29.6.3.tgz 17364ms (cache miss)
2061 http fetch GET 200 https://registry.npmjs.org/picomatch/-/picomatch-3.0.2.tgz 17856ms (cache miss)
2062 http fetch GET 200 https://registry.npmjs.org/jest-util/-/jest-util-29.7.0.tgz 17433ms (cache miss)
2063 http fetch GET 200 https://registry.npmjs.org/jest-environment-jsdom/-/jest-environment-jsdom-29.7.0.tgz 17393ms (cache miss)
2064 http fetch GET 200 https://registry.npmjs.org/jest-resolve-dependencies/-/jest-resolve-dependencies-29.7.0.tgz 17487ms (cache miss)
2065 http fetch GET 200 https://registry.npmjs.org/regexpp/-/regexpp-3.2.0.tgz 18104ms (cache miss)
2066 http fetch GET 200 https://registry.npmjs.org/jest/-/jest-29.7.0.tgz 17463ms (cache miss)
2067 http fetch GET 200 https://registry.npmjs.org/jest-docblock/-/jest-docblock-29.7.0.tgz 17475ms (cache miss)
2068 http fetch GET 200 https://registry.npmjs.org/jest-message-util/-/jest-message-util-29.7.0.tgz 17535ms (cache miss)
2069 http fetch GET 200 https://registry.npmjs.org/jest-pnp-resolver/-/jest-pnp-resolver-1.2.3.tgz 17539ms (cache miss)
2070 http fetch GET 200 https://registry.npmjs.org/jest-get-type/-/jest-get-type-29.6.3.tgz 17512ms (cache miss)
2071 http fetch GET 200 https://registry.npmjs.org/jest-cli/-/jest-cli-29.7.0.tgz 17503ms (cache miss)
2072 http fetch GET 200 https://registry.npmjs.org/jest-environment-node/-/jest-environment-node-29.7.0.tgz 17513ms (cache miss)
2073 http fetch GET 200 https://registry.npmjs.org/node-fetch/-/node-fetch-2.7.0.tgz 17855ms (cache miss)
2074 http fetch GET 200 https://registry.npmjs.org/jest-mock/-/jest-mock-29.7.0.tgz 17595ms (cache miss)
2075 http fetch GET 200 https://registry.npmjs.org/prop-types/-/prop-types-15.8.1.tgz 18191ms (cache miss)
2076 http fetch GET 200 https://registry.npmjs.org/istanbul-lib-source-maps/-/istanbul-lib-source-maps-4.0.1.tgz 17645ms (cache miss)
2077 http fetch GET 200 https://registry.npmjs.org/istanbul-lib-report/-/istanbul-lib-report-3.0.1.tgz 17648ms (cache miss)
2078 http fetch GET 200 https://registry.npmjs.org/iterator.prototype/-/iterator.prototype-1.1.5.tgz 17652ms (cache miss)
2079 http fetch GET 200 https://registry.npmjs.org/jest-changed-files/-/jest-changed-files-29.7.0.tgz 17643ms (cache miss)
2080 http fetch GET 200 https://registry.npmjs.org/isexe/-/isexe-2.0.0.tgz 17636ms (cache miss)
2081 http fetch GET 200 https://registry.npmjs.org/jsesc/-/jsesc-3.1.0.tgz 17756ms (cache miss)
2082 http fetch GET 200 https://registry.npmjs.org/istanbul-lib-coverage/-/istanbul-lib-coverage-3.2.2.tgz 17698ms (cache miss)
2083 http fetch GET 200 https://registry.npmjs.org/mime-db/-/mime-db-1.52.0.tgz 18025ms (cache miss)
2084 http fetch GET 200 https://registry.npmjs.org/stacktrace-gps/-/stacktrace-gps-3.1.2.tgz 18344ms (cache miss)
2085 http fetch GET 200 https://registry.npmjs.org/isarray/-/isarray-2.0.5.tgz 17760ms (cache miss)
2086 http fetch GET 200 https://registry.npmjs.org/string.prototype.trimstart/-/string.prototype.trimstart-1.0.8.tgz 18664ms (cache miss)
2087 http fetch GET 200 https://registry.npmjs.org/string.prototype.trimend/-/string.prototype.trimend-1.0.9.tgz 18665ms (cache miss)
2088 http fetch GET 200 https://registry.npmjs.org/jest-runtime/-/jest-runtime-29.7.0.tgz 17895ms (cache miss)
2089 http fetch GET 200 https://registry.npmjs.org/isobject/-/isobject-3.0.1.tgz 17827ms (cache miss)
2090 http fetch GET 200 https://registry.npmjs.org/is-weakset/-/is-weakset-2.0.4.tgz 17819ms (cache miss)
2091 http fetch GET 200 https://registry.npmjs.org/is-wsl/-/is-wsl-2.2.0.tgz 17821ms (cache miss)
2092 http fetch GET 200 https://registry.npmjs.org/is-valid-path/-/is-valid-path-0.1.1.tgz 17815ms (cache miss)
2093 http fetch GET 200 https://registry.npmjs.org/is-weakref/-/is-weakref-1.1.1.tgz 17874ms (cache miss)
2094 http fetch GET 200 https://registry.npmjs.org/is-weakmap/-/is-weakmap-2.0.2.tgz 17871ms (cache miss)
2095 http fetch GET 200 https://registry.npmjs.org/is-typed-array/-/is-typed-array-1.1.15.tgz 17869ms (cache miss)
2096 http fetch GET 200 https://registry.npmjs.org/is-unicode-supported/-/is-unicode-supported-0.1.0.tgz 17879ms (cache miss)
2097 http fetch GET 200 https://registry.npmjs.org/is-shared-array-buffer/-/is-shared-array-buffer-1.0.4.tgz 17908ms (cache miss)
2098 http fetch GET 200 https://registry.npmjs.org/is-stream/-/is-stream-1.1.0.tgz 17914ms (cache miss)
2099 http fetch GET 200 https://registry.npmjs.org/is-regex/-/is-regex-1.2.1.tgz 17903ms (cache miss)
2100 http fetch GET 200 https://registry.npmjs.org/string.prototype.trim/-/string.prototype.trim-1.2.10.tgz 18890ms (cache miss)
2101 http fetch GET 200 https://registry.npmjs.org/is-potential-custom-element-name/-/is-potential-custom-element-name-1.0.1.tgz 17978ms (cache miss)
2102 http fetch GET 200 https://registry.npmjs.org/is-number/-/is-number-7.0.0.tgz 17969ms (cache miss)
2103 http fetch GET 200 https://registry.npmjs.org/is-plain-obj/-/is-plain-obj-2.1.0.tgz 17976ms (cache miss)
2104 http fetch GET 200 https://registry.npmjs.org/is-symbol/-/is-symbol-1.1.1.tgz 18013ms (cache miss)
2105 http fetch GET 200 https://registry.npmjs.org/jest-runner/-/jest-runner-29.7.0.tgz 18162ms (cache miss)
2106 http fetch GET 200 https://registry.npmjs.org/jest-leak-detector/-/jest-leak-detector-29.7.0.tgz 18040ms (cache miss)
2107 http fetch GET 200 https://registry.npmjs.org/lodash.throttle/-/lodash.throttle-4.1.1.tgz 18036ms (cache miss)
2108 http fetch GET 200 https://registry.npmjs.org/is-set/-/is-set-2.0.3.tgz 18104ms (cache miss)
2109 http fetch GET 200 https://registry.npmjs.org/is-path-cwd/-/is-path-cwd-2.2.0.tgz 18104ms (cache miss)
2110 http fetch GET 200 https://registry.npmjs.org/mime/-/mime-2.6.0.tgz 18530ms (cache miss)
2111 http fetch GET 200 https://registry.npmjs.org/is-path-inside/-/is-path-inside-3.0.3.tgz 18192ms (cache miss)
2112 http fetch GET 200 https://registry.npmjs.org/is-nan/-/is-nan-1.3.2.tgz 18185ms (cache miss)
2113 http fetch GET 200 https://registry.npmjs.org/is-generator-fn/-/is-generator-fn-2.1.0.tgz 18180ms (cache miss)
2114 http fetch GET 200 https://registry.npmjs.org/is-glob/-/is-glob-4.0.3.tgz 18178ms (cache miss)
2115 http fetch GET 200 https://registry.npmjs.org/is-negative-zero/-/is-negative-zero-2.0.3.tgz 18223ms (cache miss)
2116 http fetch GET 200 https://registry.npmjs.org/is-invalid-path/-/is-invalid-path-0.1.0.tgz 18212ms (cache miss)
2117 http fetch GET 200 https://registry.npmjs.org/is-plain-object/-/is-plain-object-2.0.4.tgz 18228ms (cache miss)
2118 http fetch GET 200 https://registry.npmjs.org/is-generator-function/-/is-generator-function-1.1.2.tgz 18204ms (cache miss)
2119 http fetch GET 200 https://registry.npmjs.org/is-interactive/-/is-interactive-1.0.0.tgz 18403ms (cache miss)
2120 http fetch GET 200 https://registry.npmjs.org/is-map/-/is-map-2.0.3.tgz 18407ms (cache miss)
2121 http fetch GET 200 https://registry.npmjs.org/is-fullwidth-code-point/-/is-fullwidth-code-point-2.0.0.tgz 18441ms (cache miss)
2122 http fetch GET 200 https://registry.npmjs.org/is-docker/-/is-docker-2.2.1.tgz 18446ms (cache miss)
2123 http fetch GET 200 https://registry.npmjs.org/is-finalizationregistry/-/is-finalizationregistry-1.1.1.tgz 18440ms (cache miss)
2124 http fetch GET 200 https://registry.npmjs.org/is-data-view/-/is-data-view-1.0.2.tgz 18449ms (cache miss)
2125 http fetch GET 200 https://registry.npmjs.org/is-binary-path/-/is-binary-path-2.1.0.tgz 18482ms (cache miss)
2126 http fetch GET 200 https://registry.npmjs.org/is-buffer/-/is-buffer-1.1.6.tgz 18447ms (cache miss)
2127 http fetch GET 200 https://registry.npmjs.org/is-directory/-/is-directory-0.3.1.tgz 18496ms (cache miss)
2128 http fetch GET 200 https://registry.npmjs.org/xmlchars/-/xmlchars-2.2.0.tgz 19827ms (cache miss)
2129 http fetch GET 200 https://registry.npmjs.org/is-extglob/-/is-extglob-2.1.1.tgz 18573ms (cache miss)
2130 http fetch GET 200 https://registry.npmjs.org/is-arrayish/-/is-arrayish-0.2.1.tgz 18514ms (cache miss)
2131 http fetch GET 200 https://registry.npmjs.org/is-async-function/-/is-async-function-2.1.1.tgz 18509ms (cache miss)
2132 http fetch GET 200 https://registry.npmjs.org/is-array-buffer/-/is-array-buffer-3.0.5.tgz 18518ms (cache miss)
2133 http fetch GET 200 https://registry.npmjs.org/node-abort-controller/-/node-abort-controller-3.1.1.tgz 19058ms (cache miss)
2134 http fetch GET 200 https://registry.npmjs.org/is-callable/-/is-callable-1.2.7.tgz 18663ms (cache miss)
2135 http fetch GET 200 https://registry.npmjs.org/is-date-object/-/is-date-object-1.1.0.tgz 18673ms (cache miss)
2136 http fetch GET 200 https://registry.npmjs.org/is-boolean-object/-/is-boolean-object-1.2.2.tgz 18670ms (cache miss)
2137 http fetch GET 200 https://registry.npmjs.org/internal-slot/-/internal-slot-1.1.0.tgz 18614ms (cache miss)
2138 http fetch GET 200 https://registry.npmjs.org/is-bigint/-/is-bigint-1.1.0.tgz 18748ms (cache miss)
2139 http fetch GET 200 https://registry.npmjs.org/ip-regex/-/ip-regex-2.1.0.tgz 18721ms (cache miss)
2140 http fetch GET 200 https://registry.npmjs.org/internal-ip/-/internal-ip-4.3.0.tgz 18725ms (cache miss)
2141 http fetch GET 200 https://registry.npmjs.org/invariant/-/invariant-2.2.4.tgz 18715ms (cache miss)
2142 http fetch GET 200 https://registry.npmjs.org/ipaddr.js/-/ipaddr.js-1.9.1.tgz 18863ms (cache miss)
2143 http fetch GET 200 https://registry.npmjs.org/inflight/-/inflight-1.0.6.tgz 18963ms (cache miss)
2144 http fetch GET 200 https://registry.npmjs.org/import-local/-/import-local-3.2.0.tgz 18947ms (cache miss)
2145 http fetch GET 200 https://registry.npmjs.org/ini/-/ini-1.3.8.tgz 18959ms (cache miss)
2146 http fetch GET 200 https://registry.npmjs.org/import-fresh/-/import-fresh-3.3.1.tgz 19037ms (cache miss)
2147 http fetch GET 200 https://registry.npmjs.org/inherits/-/inherits-2.0.4.tgz 19065ms (cache miss)
2148 http fetch GET 200 https://registry.npmjs.org/indent-string/-/indent-string-4.0.0.tgz 19198ms (cache miss)
2149 warn deprecated inflight@1.0.6: This module is not supported, and leaks memory. Do not use it. Check out lru-cache if you want a good and tested way to coalesce async requests by a key value, which is much more comprehensive and powerful.
2150 http fetch GET 200 https://registry.npmjs.org/ieee754/-/ieee754-1.2.1.tgz 19433ms (cache miss)
2151 http fetch GET 200 https://registry.npmjs.org/imurmurhash/-/imurmurhash-0.1.4.tgz 19439ms (cache miss)
2152 http fetch GET 200 https://registry.npmjs.org/infer-owner/-/infer-owner-1.0.4.tgz 19446ms (cache miss)
2153 http fetch GET 200 https://registry.npmjs.org/html-parse-stringify/-/html-parse-stringify-3.0.1.tgz 19466ms (cache miss)
2154 http fetch GET 200 https://registry.npmjs.org/jimp-compact/-/jimp-compact-0.16.1.tgz 19851ms (cache miss)
2155 http fetch GET 200 https://registry.npmjs.org/hoist-non-react-statics/-/hoist-non-react-statics-3.3.2.tgz 19456ms (cache miss)
2156 http fetch GET 200 https://registry.npmjs.org/html-encoding-sniffer/-/html-encoding-sniffer-3.0.0.tgz 19968ms (cache miss)
2157 http fetch GET 200 https://registry.npmjs.org/http-errors/-/http-errors-2.0.0.tgz 19999ms (cache miss)
2158 http fetch GET 200 https://registry.npmjs.org/http-proxy-agent/-/http-proxy-agent-5.0.0.tgz 20017ms (cache miss)
2159 http fetch GET 200 https://registry.npmjs.org/synckit/-/synckit-0.11.12.tgz 21169ms (cache miss)
2160 http fetch GET 200 https://registry.npmjs.org/has-tostringtag/-/has-tostringtag-1.0.2.tgz 20024ms (cache miss)
2161 http fetch GET 200 https://registry.npmjs.org/has-symbols/-/has-symbols-1.1.0.tgz 20021ms (cache miss)
2162 http fetch GET 200 https://registry.npmjs.org/hasown/-/hasown-2.0.2.tgz 20034ms (cache miss)
2163 http fetch GET 200 https://registry.npmjs.org/has-proto/-/has-proto-1.2.0.tgz 20032ms (cache miss)
2164 http fetch GET 200 https://registry.npmjs.org/has-property-descriptors/-/has-property-descriptors-1.0.2.tgz 20031ms (cache miss)
2165 http fetch GET 200 https://registry.npmjs.org/has-flag/-/has-flag-3.0.0.tgz 20037ms (cache miss)
2166 http fetch GET 200 https://registry.npmjs.org/has-bigints/-/has-bigints-1.1.0.tgz 20039ms (cache miss)
2167 http fetch GET 200 https://registry.npmjs.org/https-proxy-agent/-/https-proxy-agent-5.0.1.tgz 20080ms (cache miss)
2168 http fetch GET 200 https://registry.npmjs.org/graceful-fs/-/graceful-fs-4.2.11.tgz 20045ms (cache miss)
2169 http fetch GET 200 https://registry.npmjs.org/globrex/-/globrex-0.1.2.tgz 20049ms (cache miss)
2170 http fetch GET 200 https://registry.npmjs.org/jest-each/-/jest-each-29.7.0.tgz 20414ms (cache miss)
2171 http fetch GET 200 https://registry.npmjs.org/metro-symbolicate/-/metro-symbolicate-0.80.12.tgz 20631ms (cache miss)
2172 http fetch GET 200 https://registry.npmjs.org/gopd/-/gopd-1.2.0.tgz 20084ms (cache miss)
2173 http fetch GET 200 https://registry.npmjs.org/globalthis/-/globalthis-1.0.4.tgz 20086ms (cache miss)
2174 http fetch GET 200 https://registry.npmjs.org/getenv/-/getenv-1.0.0.tgz 20081ms (cache miss)
2175 http fetch GET 200 https://registry.npmjs.org/globby/-/globby-11.1.0.tgz 20142ms (cache miss)
2176 http fetch GET 200 https://registry.npmjs.org/istanbul-lib-instrument/-/istanbul-lib-instrument-6.0.3.tgz 20508ms (cache miss)
2177 http fetch GET 200 https://registry.npmjs.org/glob/-/glob-7.2.3.tgz 20216ms (cache miss)
2178 http fetch GET 200 https://registry.npmjs.org/glob-parent/-/glob-parent-5.1.2.tgz 20275ms (cache miss)
2179 http fetch GET 200 https://registry.npmjs.org/get-stream/-/get-stream-4.1.0.tgz 20279ms (cache miss)
2180 http fetch GET 200 https://registry.npmjs.org/get-proto/-/get-proto-1.0.1.tgz 20281ms (cache miss)
2181 http fetch GET 200 https://registry.npmjs.org/get-intrinsic/-/get-intrinsic-1.3.0.tgz 20280ms (cache miss)
2182 http fetch GET 200 https://registry.npmjs.org/gensync/-/gensync-1.0.0-beta.2.tgz 20342ms (cache miss)
2183 http fetch GET 200 https://registry.npmjs.org/get-symbol-description/-/get-symbol-description-1.1.0.tgz 20346ms (cache miss)
2184 http fetch GET 200 https://registry.npmjs.org/functions-have-names/-/functions-have-names-1.2.3.tgz 20337ms (cache miss)
2185 http fetch GET 200 https://registry.npmjs.org/function-bind/-/function-bind-1.1.2.tgz 20335ms (cache miss)
2186 http fetch GET 200 https://registry.npmjs.org/generator-function/-/generator-function-2.0.1.tgz 20328ms (cache miss)
2187 http fetch GET 200 https://registry.npmjs.org/get-package-type/-/get-package-type-0.1.0.tgz 20349ms (cache miss)
2188 http fetch GET 200 https://registry.npmjs.org/fs.realpath/-/fs.realpath-1.0.0.tgz 20450ms (cache miss)
2189 http fetch GET 200 https://registry.npmjs.org/fresh/-/fresh-0.5.2.tgz 20443ms (cache miss)
2190 http fetch GET 200 https://registry.npmjs.org/fs-readdir-recursive/-/fs-readdir-recursive-1.1.0.tgz 20450ms (cache miss)
2191 http fetch GET 200 https://registry.npmjs.org/for-each/-/for-each-0.3.5.tgz 20504ms (cache miss)
2192 http fetch GET 200 https://registry.npmjs.org/flatted/-/flatted-3.4.2.tgz 20490ms (cache miss)
2193 http fetch GET 200 https://registry.npmjs.org/freeport-async/-/freeport-async-2.0.0.tgz 20502ms (cache miss)
2194 http fetch GET 200 https://registry.npmjs.org/follow-redirects/-/follow-redirects-1.15.11.tgz 20500ms (cache miss)
2195 http fetch GET 200 https://registry.npmjs.org/flat-cache/-/flat-cache-4.0.1.tgz 20496ms (cache miss)
2196 http fetch GET 200 https://registry.npmjs.org/ignore/-/ignore-5.3.2.tgz 20701ms (cache miss)
2197 http fetch GET 200 https://registry.npmjs.org/jest-resolve/-/jest-resolve-29.7.0.tgz 21029ms (cache miss)
2198 http fetch GET 200 https://registry.npmjs.org/fs-minipass/-/fs-minipass-2.1.0.tgz 20580ms (cache miss)
2199 http fetch GET 200 https://registry.npmjs.org/fontfaceobserver/-/fontfaceobserver-2.3.0.tgz 20558ms (cache miss)
2200 http fetch GET 200 https://registry.npmjs.org/find-cache-dir/-/find-cache-dir-2.1.0.tgz 20549ms (cache miss)
2201 http fetch GET 200 https://registry.npmjs.org/finalhandler/-/finalhandler-1.1.2.tgz 20548ms (cache miss)
2202 http fetch GET 200 https://registry.npmjs.org/stream-buffers/-/stream-buffers-2.2.0.tgz 21858ms (cache miss)
2203 http fetch GET 200 https://registry.npmjs.org/is-string/-/is-string-1.1.1.tgz 20987ms (cache miss)
2204 http fetch GET 200 https://registry.npmjs.org/file-entry-cache/-/file-entry-cache-8.0.0.tgz 20578ms (cache miss)
2205 http fetch GET 200 https://registry.npmjs.org/hosted-git-info/-/hosted-git-info-3.0.8.tgz 20801ms (cache miss)
2206 http fetch GET 200 https://registry.npmjs.org/flow-enums-runtime/-/flow-enums-runtime-0.0.6.tgz 20743ms (cache miss)
2207 http fetch GET 200 https://registry.npmjs.org/fast-json-stable-stringify/-/fast-json-stable-stringify-2.1.0.tgz 20688ms (cache miss)
2208 http fetch GET 200 https://registry.npmjs.org/fastq/-/fastq-1.20.1.tgz 20694ms (cache miss)
2209 http fetch GET 200 https://registry.npmjs.org/fast-deep-equal/-/fast-deep-equal-3.1.3.tgz 20685ms (cache miss)
2210 http fetch GET 200 https://registry.npmjs.org/find-up/-/find-up-5.0.0.tgz 20765ms (cache miss)
2211 http fetch GET 200 https://registry.npmjs.org/fdir/-/fdir-6.5.0.tgz 20742ms (cache miss)
2212 http fetch GET 200 https://registry.npmjs.org/filter-obj/-/filter-obj-1.1.0.tgz 20751ms (cache miss)
2213 http fetch GET 200 https://registry.npmjs.org/fbjs-css-vars/-/fbjs-css-vars-1.0.2.tgz 20728ms (cache miss)
2214 http fetch GET 200 https://registry.npmjs.org/fill-range/-/fill-range-7.1.1.tgz 20755ms (cache miss)
2215 http fetch GET 200 https://registry.npmjs.org/fbemitter/-/fbemitter-3.0.0.tgz 20726ms (cache miss)
2216 http fetch GET 200 https://registry.npmjs.org/metro-runtime/-/metro-runtime-0.80.12.tgz 21463ms (cache miss)
2217 http fetch GET 200 https://registry.npmjs.org/fb-watchman/-/fb-watchman-2.0.2.tgz 20752ms (cache miss)
2218 http fetch GET 200 https://registry.npmjs.org/expo-updates-interface/-/expo-updates-interface-0.15.3.tgz 20739ms (cache miss)
2219 http fetch GET 200 https://registry.npmjs.org/is-core-module/-/is-core-module-2.16.1.tgz 21041ms (cache miss)
2220 http fetch GET 200 https://registry.npmjs.org/expo-json-utils/-/expo-json-utils-0.12.3.tgz 20726ms (cache miss)
2221 http fetch GET 200 https://registry.npmjs.org/expo-keep-awake/-/expo-keep-awake-12.8.2.tgz 20730ms (cache miss)
2222 http fetch GET 200 https://registry.npmjs.org/expo-dev-menu-interface/-/expo-dev-menu-interface-1.7.2.tgz 20711ms (cache miss)
2223 http fetch GET 200 https://registry.npmjs.org/expo-image-loader/-/expo-image-loader-4.6.0.tgz 20724ms (cache miss)
2224 http fetch GET 200 https://registry.npmjs.org/execa/-/execa-1.0.0.tgz 20693ms (cache miss)
2225 http fetch GET 200 https://registry.npmjs.org/jest-snapshot/-/jest-snapshot-29.7.0.tgz 21334ms (cache miss)
2226 http fetch GET 200 https://registry.npmjs.org/fast-levenshtein/-/fast-levenshtein-2.0.6.tgz 20789ms (cache miss)
2227 http fetch GET 200 https://registry.npmjs.org/metro-transform-plugins/-/metro-transform-plugins-0.80.12.tgz 21552ms (cache miss)
2228 http fetch GET 200 https://registry.npmjs.org/path-scurry/-/path-scurry-2.0.2.tgz 21893ms (cache miss)
2229 warn deprecated glob@7.2.3: Old versions of glob are not supported, and contain widely publicized security vulnerabilities, which have been fixed in the current version. Please update. Support for old versions may be purchased (at exorbitant rates) by contacting i@izs.me
2230 http fetch GET 200 https://registry.npmjs.org/jest-diff/-/jest-diff-29.7.0.tgz 21443ms (cache miss)
2231 http fetch GET 200 https://registry.npmjs.org/exit/-/exit-0.1.2.tgz 20873ms (cache miss)
2232 http fetch GET 200 https://registry.npmjs.org/estraverse/-/estraverse-5.3.0.tgz 20870ms (cache miss)
2233 http fetch GET 200 https://registry.npmjs.org/esutils/-/esutils-2.0.3.tgz 20873ms (cache miss)
2234 http fetch GET 200 https://registry.npmjs.org/is-number-object/-/is-number-object-1.1.1.tgz 21389ms (cache miss)
2235 http fetch GET 200 https://registry.npmjs.org/fast-diff/-/fast-diff-1.3.0.tgz 21002ms (cache miss)
2236 http fetch GET 200 https://registry.npmjs.org/etag/-/etag-1.8.1.tgz 20927ms (cache miss)
2237 http fetch GET 200 https://registry.npmjs.org/qrcode-terminal/-/qrcode-terminal-0.11.0.tgz 22243ms (cache miss)
2238 http fetch GET 200 https://registry.npmjs.org/esrecurse/-/esrecurse-4.3.0.tgz 21142ms (cache miss)
2239 http fetch GET 200 https://registry.npmjs.org/metro-config/-/metro-config-0.80.12.tgz 21986ms (cache miss)
2240 http fetch GET 200 https://registry.npmjs.org/react/-/react-18.2.0.tgz 22344ms (cache miss)
2241 http fetch GET 200 https://registry.npmjs.org/readable-stream/-/readable-stream-2.3.8.tgz 22405ms (cache miss)
2242 http fetch GET 200 https://registry.npmjs.org/object.assign/-/object.assign-4.1.7.tgz 22226ms (cache miss)
2243 http fetch GET 200 https://registry.npmjs.org/eslint-plugin-prettier/-/eslint-plugin-prettier-5.5.5.tgz 21232ms (cache miss)
2244 http fetch GET 200 https://registry.npmjs.org/@react-native%2fcodegen 23409ms (cache miss)
2245 silly packumentCache corgi:https://registry.npmjs.org/@react-native%2fcodegen set size:undefined disposed:false
2246 http fetch GET 200 https://registry.npmjs.org/globals/-/globals-16.5.0.tgz 21586ms (cache miss)
2247 http fetch GET 200 https://registry.npmjs.org/get-caller-file/-/get-caller-file-2.0.5.tgz 21346ms (cache miss)
2248 http fetch GET 200 https://registry.npmjs.org/escape-string-regexp/-/escape-string-regexp-4.0.0.tgz 21394ms (cache miss)
2249 http fetch GET 200 https://registry.npmjs.org/find-yarn-workspace-root/-/find-yarn-workspace-root-2.0.0.tgz 21409ms (cache miss)
2250 http fetch GET 200 https://registry.npmjs.org/eslint-config-universe/-/eslint-config-universe-15.0.3.tgz 21416ms (cache miss)
2251 http fetch GET 200 https://registry.npmjs.org/html-escaper/-/html-escaper-2.0.2.tgz 21725ms (cache miss)
2252 http fetch GET 200 https://registry.npmjs.org/eslint-compat-utils/-/eslint-compat-utils-0.5.1.tgz 21403ms (cache miss)
2253 http fetch GET 200 https://registry.npmjs.org/get-tsconfig/-/get-tsconfig-4.13.7.tgz 21686ms (cache miss)
2254 http fetch GET 200 https://registry.npmjs.org/escape-html/-/escape-html-1.0.3.tgz 21419ms (cache miss)
2255 http fetch GET 200 https://registry.npmjs.org/is-arguments/-/is-arguments-1.2.0.tgz 21863ms (cache miss)
2256 http fetch GET 200 https://registry.npmjs.org/lightningcss/-/lightningcss-1.19.0.tgz 22242ms (cache miss)
2257 http fetch GET 200 https://registry.npmjs.org/eslint-import-resolver-node/-/eslint-import-resolver-node-0.3.10.tgz 21509ms (cache miss)
2258 http fetch GET 200 https://registry.npmjs.org/eslint-config-prettier/-/eslint-config-prettier-9.1.2.tgz 21497ms (cache miss)
2259 http fetch GET 200 https://registry.npmjs.org/psl/-/psl-1.15.0.tgz 22706ms (cache miss)
2260 http fetch GET 200 https://registry.npmjs.org/form-data/-/form-data-4.0.5.tgz 21749ms (cache miss)
2261 http fetch GET 200 https://registry.npmjs.org/jest-worker/-/jest-worker-29.7.0.tgz 22353ms (cache miss)
2262 http fetch GET 200 https://registry.npmjs.org/json-stable-stringify-without-jsonify/-/json-stable-stringify-without-jsonify-1.0.1.tgz 22205ms (cache miss)
2263 http fetch GET 200 https://registry.npmjs.org/jest-circus/-/jest-circus-29.7.0.tgz 22280ms (cache miss)
2264 http fetch GET 200 https://registry.npmjs.org/es-to-primitive/-/es-to-primitive-1.3.0.tgz 21655ms (cache miss)
2265 http fetch GET 200 https://registry.npmjs.org/escalade/-/escalade-3.2.0.tgz 21650ms (cache miss)
2266 http fetch GET 200 https://registry.npmjs.org/es-object-atoms/-/es-object-atoms-1.1.1.tgz 21650ms (cache miss)
2267 http fetch GET 200 https://registry.npmjs.org/plist/-/plist-3.1.0.tgz 22836ms (cache miss)
2268 http fetch GET 200 https://registry.npmjs.org/es-shim-unscopables/-/es-shim-unscopables-1.1.0.tgz 21776ms (cache miss)
2269 http fetch GET 200 https://registry.npmjs.org/es-set-tostringtag/-/es-set-tostringtag-2.1.0.tgz 21774ms (cache miss)
2270 http fetch GET 200 https://registry.npmjs.org/es-errors/-/es-errors-1.3.0.tgz 21764ms (cache miss)
2271 http fetch GET 200 https://registry.npmjs.org/errorhandler/-/errorhandler-1.5.2.tgz 21970ms (cache miss)
2272 http fetch GET 200 https://registry.npmjs.org/es-define-property/-/es-define-property-1.0.1.tgz 21971ms (cache miss)
2273 http fetch GET 200 https://registry.npmjs.org/end-of-stream/-/end-of-stream-1.4.5.tgz 22278ms (cache miss)
2274 http fetch GET 200 https://registry.npmjs.org/env-editor/-/env-editor-0.4.2.tgz 22336ms (cache miss)
2275 http fetch GET 200 https://registry.npmjs.org/error-ex/-/error-ex-1.3.4.tgz 22347ms (cache miss)
2276 http fetch GET 200 https://registry.npmjs.org/human-signals/-/human-signals-2.1.0.tgz 22809ms (cache miss)
2277 http fetch GET 200 https://registry.npmjs.org/emittery/-/emittery-0.13.1.tgz 22407ms (cache miss)
2278 http fetch GET 200 https://registry.npmjs.org/emoji-regex/-/emoji-regex-8.0.0.tgz 22410ms (cache miss)
2279 http fetch GET 200 https://registry.npmjs.org/encodeurl/-/encodeurl-1.0.2.tgz 22413ms (cache miss)
2280 http fetch GET 200 https://registry.npmjs.org/dunder-proto/-/dunder-proto-1.0.1.tgz 22507ms (cache miss)
2281 http fetch GET 200 https://registry.npmjs.org/ee-first/-/ee-first-1.1.1.tgz 22520ms (cache miss)
2282 http fetch GET 200 https://registry.npmjs.org/diff-sequences/-/diff-sequences-29.6.3.tgz 22663ms (cache miss)
2283 http fetch GET 200 https://registry.npmjs.org/dotenv-expand/-/dotenv-expand-11.0.7.tgz 22707ms (cache miss)
2284 http fetch GET 200 https://registry.npmjs.org/json5/-/json5-2.2.3.tgz 23698ms (cache miss)
2285 http fetch GET 200 https://registry.npmjs.org/detect-newline/-/detect-newline-3.1.0.tgz 22859ms (cache miss)
2286 http fetch GET 200 https://registry.npmjs.org/destroy/-/destroy-1.2.0.tgz 22850ms (cache miss)
2287 http fetch GET 200 https://registry.npmjs.org/dir-glob/-/dir-glob-3.0.1.tgz 22849ms (cache miss)
2288 http fetch GET 200 https://registry.npmjs.org/depd/-/depd-2.0.0.tgz 22848ms (cache miss)
2289 http fetch GET 200 https://registry.npmjs.org/eslint-visitor-keys/-/eslint-visitor-keys-5.0.1.tgz 23206ms (cache miss)
2290 http fetch GET 200 https://registry.npmjs.org/domexception/-/domexception-4.0.0.tgz 23052ms (cache miss)
2291 http fetch GET 200 https://registry.npmjs.org/denodeify/-/denodeify-1.2.1.tgz 23026ms (cache miss)
2292 http fetch GET 200 https://registry.npmjs.org/delayed-stream/-/delayed-stream-1.0.0.tgz 23029ms (cache miss)
2293 http fetch GET 200 https://registry.npmjs.org/define-lazy-prop/-/define-lazy-prop-2.0.0.tgz 23026ms (cache miss)
2294 http fetch GET 200 https://registry.npmjs.org/define-properties/-/define-properties-1.2.1.tgz 23066ms (cache miss)
2295 http fetch GET 200 https://registry.npmjs.org/default-gateway/-/default-gateway-4.2.0.tgz 23064ms (cache miss)
2296 http fetch GET 200 https://registry.npmjs.org/defaults/-/defaults-1.0.4.tgz 23105ms (cache miss)
2297 http fetch GET 200 https://registry.npmjs.org/deepmerge/-/deepmerge-4.3.1.tgz 23112ms (cache miss)
2298 http fetch GET 200 https://registry.npmjs.org/escodegen/-/escodegen-2.1.0.tgz 23277ms (cache miss)
2299 http fetch GET 200 https://registry.npmjs.org/del/-/del-6.1.1.tgz 23164ms (cache miss)
2300 http fetch GET 200 https://registry.npmjs.org/dedent/-/dedent-1.7.2.tgz 23155ms (cache miss)
2301 http fetch GET 200 https://registry.npmjs.org/deep-is/-/deep-is-0.1.4.tgz 23160ms (cache miss)
2302 http fetch GET 200 https://registry.npmjs.org/data-view-byte-offset/-/data-view-byte-offset-1.0.1.tgz 23137ms (cache miss)
2303 http fetch GET 200 https://registry.npmjs.org/decamelize/-/decamelize-1.2.0.tgz 23145ms (cache miss)
2304 http fetch GET 200 https://registry.npmjs.org/debug/-/debug-4.4.3.tgz 23151ms (cache miss)
2305 http fetch GET 200 https://registry.npmjs.org/decode-uri-component/-/decode-uri-component-0.2.2.tgz 23156ms (cache miss)
2306 http fetch GET 200 https://registry.npmjs.org/data-view-buffer/-/data-view-buffer-1.0.2.tgz 23148ms (cache miss)
2307 http fetch GET 200 https://registry.npmjs.org/deep-extend/-/deep-extend-0.6.0.tgz 23275ms (cache miss)
2308 http fetch GET 200 https://registry.npmjs.org/jest-config/-/jest-config-29.7.0.tgz 24117ms (cache miss)
2309 http fetch GET 200 https://registry.npmjs.org/crypt/-/crypt-0.0.2.tgz 23207ms (cache miss)
2310 http fetch GET 200 https://registry.npmjs.org/create-jest/-/create-jest-29.7.0.tgz 23188ms (cache miss)
2311 http fetch GET 200 https://registry.npmjs.org/data-view-byte-length/-/data-view-byte-length-1.0.2.tgz 23866ms (cache miss)
2312 http fetch GET 200 https://registry.npmjs.org/envinfo/-/envinfo-7.21.0.tgz 24056ms (cache miss)
2313 http fetch GET 200 https://registry.npmjs.org/cosmiconfig/-/cosmiconfig-5.2.1.tgz 23808ms (cache miss)
2314 http fetch GET 200 https://registry.npmjs.org/core-util-is/-/core-util-is-1.0.3.tgz 23804ms (cache miss)
2315 http fetch GET 200 https://registry.npmjs.org/esprima/-/esprima-4.0.1.tgz 24167ms (cache miss)
2316 http fetch GET 200 https://registry.npmjs.org/data-urls/-/data-urls-3.0.2.tgz 23890ms (cache miss)
2317 http fetch GET 200 https://registry.npmjs.org/dag-map/-/dag-map-1.0.2.tgz 23796ms (cache miss)
2318 http fetch GET 200 https://registry.npmjs.org/compressible/-/compressible-2.0.18.tgz 23779ms (cache miss)
2319 http fetch GET 200 https://registry.npmjs.org/compression/-/compression-1.8.1.tgz 23784ms (cache miss)
2320 http fetch GET 200 https://registry.npmjs.org/cross-spawn/-/cross-spawn-6.0.6.tgz 23771ms (cache miss)
2321 http fetch GET 200 https://registry.npmjs.org/commondir/-/commondir-1.0.1.tgz 23781ms (cache miss)
2322 http fetch GET 200 https://registry.npmjs.org/combined-stream/-/combined-stream-1.0.8.tgz 23754ms (cache miss)
2323 http fetch GET 200 https://registry.npmjs.org/command-exists/-/command-exists-1.2.9.tgz 23735ms (cache miss)
2324 http fetch GET 200 https://registry.npmjs.org/color-string/-/color-string-1.9.1.tgz 23757ms (cache miss)
2325 http fetch GET 200 https://registry.npmjs.org/espree/-/espree-10.4.0.tgz 24216ms (cache miss)
2326 http fetch GET 200 https://registry.npmjs.org/crypto-random-string/-/crypto-random-string-1.0.0.tgz 23883ms (cache miss)
2327 http fetch GET 200 https://registry.npmjs.org/color-name/-/color-name-1.1.4.tgz 23776ms (cache miss)
2328 http fetch GET 200 https://registry.npmjs.org/collect-v8-coverage/-/collect-v8-coverage-1.0.3.tgz 23783ms (cache miss)
2329 http fetch GET 200 https://registry.npmjs.org/convert-source-map/-/convert-source-map-2.0.0.tgz 23939ms (cache miss)
2330 http fetch GET 200 https://registry.npmjs.org/colorette/-/colorette-1.4.0.tgz 23908ms (cache miss)
2331 http fetch GET 200 https://registry.npmjs.org/error-stack-parser/-/error-stack-parser-2.1.4.tgz 24242ms (cache miss)
2332 http fetch GET 200 https://registry.npmjs.org/clone-deep/-/clone-deep-4.0.1.tgz 23864ms (cache miss)
2333 http fetch GET 200 https://registry.npmjs.org/color-convert/-/color-convert-2.0.1.tgz 23872ms (cache miss)
2334 http fetch GET 200 https://registry.npmjs.org/cliui/-/cliui-8.0.1.tgz 23858ms (cache miss)
2335 http fetch GET 200 https://registry.npmjs.org/color/-/color-4.2.3.tgz 23879ms (cache miss)
2336 http fetch GET 200 https://registry.npmjs.org/detect-libc/-/detect-libc-1.0.3.tgz 24228ms (cache miss)
2337 http fetch GET 200 https://registry.npmjs.org/event-target-shim/-/event-target-shim-5.0.1.tgz 24426ms (cache miss)
2338 http fetch GET 200 https://registry.npmjs.org/clone/-/clone-2.1.2.tgz 23973ms (cache miss)
2339 http fetch GET 200 https://registry.npmjs.org/cli-cursor/-/cli-cursor-2.1.0.tgz 23945ms (cache miss)
2340 http fetch GET 200 https://registry.npmjs.org/clean-stack/-/clean-stack-2.2.0.tgz 23951ms (cache miss)
2341 http fetch GET 200 https://registry.npmjs.org/eslint-utils/-/eslint-utils-2.1.0.tgz 24501ms (cache miss)
2342 http fetch GET 200 https://registry.npmjs.org/xcode 27352ms (cache miss)
2343 silly packumentCache corgi:https://registry.npmjs.org/xcode set size:undefined disposed:false
2344 http fetch GET 200 https://registry.npmjs.org/cli-spinners/-/cli-spinners-2.9.2.tgz 24077ms (cache miss)
2345 http fetch GET 200 https://registry.npmjs.org/chownr/-/chownr-2.0.0.tgz 24046ms (cache miss)
2346 http fetch GET 200 https://registry.npmjs.org/charenc/-/charenc-0.0.2.tgz 24038ms (cache miss)
2347 http fetch GET 200 https://registry.npmjs.org/flow-parser/-/flow-parser-0.206.0.tgz 24792ms (cache miss)
2348 http fetch GET 200 https://registry.npmjs.org/ci-info/-/ci-info-3.9.0.tgz 24119ms (cache miss)
2349 http fetch GET 200 https://registry.npmjs.org/camelcase/-/camelcase-5.3.1.tgz 24096ms (cache miss)
2350 http fetch GET 200 https://registry.npmjs.org/caller-path/-/caller-path-2.0.0.tgz 24095ms (cache miss)
2351 http fetch GET 200 https://registry.npmjs.org/eslint-plugin-react-hooks/-/eslint-plugin-react-hooks-5.2.0.tgz 24644ms (cache miss)
2352 http fetch GET 200 https://registry.npmjs.org/chalk/-/chalk-4.1.2.tgz 24140ms (cache miss)
2353 http fetch GET 200 https://registry.npmjs.org/call-bound/-/call-bound-1.0.4.tgz 24102ms (cache miss)
2354 http fetch GET 200 https://registry.npmjs.org/call-bind-apply-helpers/-/call-bind-apply-helpers-1.0.2.tgz 24094ms (cache miss)
2355 http fetch GET 200 https://registry.npmjs.org/caller-callsite/-/caller-callsite-2.0.0.tgz 24118ms (cache miss)
2356 http fetch GET 200 https://registry.npmjs.org/callsites/-/callsites-3.1.0.tgz 24154ms (cache miss)
2357 http fetch GET 200 https://registry.npmjs.org/call-bind/-/call-bind-1.0.8.tgz 24100ms (cache miss)
2358 http fetch GET 200 https://registry.npmjs.org/buffer-fill/-/buffer-fill-1.0.0.tgz 24095ms (cache miss)
2359 http fetch GET 200 https://registry.npmjs.org/buffer-from/-/buffer-from-1.1.2.tgz 24098ms (cache miss)
2360 http fetch GET 200 https://registry.npmjs.org/builtins/-/builtins-1.0.3.tgz 24093ms (cache miss)
2361 http fetch GET 200 https://registry.npmjs.org/fetch-retry/-/fetch-retry-4.1.1.tgz 24837ms (cache miss)
2362 http fetch GET 200 https://registry.npmjs.org/expect/-/expect-29.7.0.tgz 24730ms (cache miss)
2363 http fetch GET 200 https://registry.npmjs.org/buffer-alloc/-/buffer-alloc-1.2.0.tgz 24083ms (cache miss)
2364 http fetch GET 200 https://registry.npmjs.org/jest-haste-map/-/jest-haste-map-29.7.0.tgz 25320ms (cache miss)
2365 http fetch GET 200 https://registry.npmjs.org/bs-logger/-/bs-logger-0.2.6.tgz 24082ms (cache miss)
2366 http fetch GET 200 https://registry.npmjs.org/buffer-alloc-unsafe/-/buffer-alloc-unsafe-1.1.0.tgz 24072ms (cache miss)
2367 http fetch GET 200 https://registry.npmjs.org/bser/-/bser-2.1.1.tgz 24077ms (cache miss)
2368 http fetch GET 200 https://registry.npmjs.org/char-regex/-/char-regex-1.0.2.tgz 24196ms (cache miss)
2369 http fetch GET 200 https://registry.npmjs.org/bytes/-/bytes-3.1.2.tgz 24146ms (cache miss)
2370 http fetch GET 200 https://registry.npmjs.org/braces/-/braces-3.0.3.tgz 24078ms (cache miss)
2371 http fetch GET 200 https://registry.npmjs.org/brace-expansion/-/brace-expansion-1.1.13.tgz 24069ms (cache miss)
2372 http fetch GET 200 https://registry.npmjs.org/bplist-parser/-/bplist-parser-0.3.2.tgz 24065ms (cache miss)
2373 http fetch GET 200 https://registry.npmjs.org/blueimp-md5/-/blueimp-md5-2.19.0.tgz 24056ms (cache miss)
2374 http fetch GET 200 https://registry.npmjs.org/concat-map/-/concat-map-0.0.1.tgz 24067ms (cache miss)
2375 http fetch GET 200 https://registry.npmjs.org/binary-extensions/-/binary-extensions-2.3.0.tgz 24071ms (cache miss)
2376 http fetch GET 200 https://registry.npmjs.org/balanced-match/-/balanced-match-1.0.2.tgz 24065ms (cache miss)
2377 http fetch GET 200 https://registry.npmjs.org/base64-js/-/base64-js-1.5.1.tgz 24068ms (cache miss)
2378 http fetch GET 200 https://registry.npmjs.org/babel-preset-fbjs/-/babel-preset-fbjs-3.4.0.tgz 24101ms (cache miss)
2379 http fetch GET 200 https://registry.npmjs.org/babel-preset-jest/-/babel-preset-jest-29.6.3.tgz 24119ms (cache miss)
2380 http fetch GET 200 https://registry.npmjs.org/babel-preset-current-node-syntax/-/babel-preset-current-node-syntax-1.2.0.tgz 24099ms (cache miss)
2381 http fetch GET 200 https://registry.npmjs.org/babel-plugin-transform-flow-enums/-/babel-plugin-transform-flow-enums-0.0.2.tgz 24096ms (cache miss)
2382 http fetch GET 200 https://registry.npmjs.org/stacktrace-js/-/stacktrace-js-2.0.2.tgz 26304ms (cache miss)
2383 http fetch GET 200 https://registry.npmjs.org/bl/-/bl-4.1.0.tgz 24180ms (cache miss)
2384 http fetch GET 200 https://registry.npmjs.org/badgin/-/badgin-1.2.3.tgz 24190ms (cache miss)
2385 http fetch GET 200 https://registry.npmjs.org/babel-plugin-syntax-trailing-function-commas/-/babel-plugin-syntax-trailing-function-commas-7.0.0-beta.0.tgz 24131ms (cache miss)
2386 http fetch GET 200 https://registry.npmjs.org/co/-/co-4.6.0.tgz 24178ms (cache miss)
2387 http fetch GET 200 https://registry.npmjs.org/babel-plugin-syntax-hermes-parser/-/babel-plugin-syntax-hermes-parser-0.33.3.tgz 24126ms (cache miss)
2388 http fetch GET 200 https://registry.npmjs.org/babel-plugin-jest-hoist/-/babel-plugin-jest-hoist-29.6.3.tgz 24174ms (cache miss)
2389 http fetch GET 200 https://registry.npmjs.org/babel-plugin-istanbul/-/babel-plugin-istanbul-6.1.1.tgz 24172ms (cache miss)
2390 http fetch GET 200 https://registry.npmjs.org/connect/-/connect-3.7.0.tgz 24630ms (cache miss)
2391 http fetch GET 200 https://registry.npmjs.org/babel-plugin-dynamic-import-node/-/babel-plugin-dynamic-import-node-2.3.3.tgz 24183ms (cache miss)
2392 http fetch GET 200 https://registry.npmjs.org/babel-preset-expo/-/babel-preset-expo-10.0.2.tgz 24291ms (cache miss)
2393 http fetch GET 200 https://registry.npmjs.org/at-least-node/-/at-least-node-1.0.0.tgz 24140ms (cache miss)
2394 http fetch GET 200 https://registry.npmjs.org/async-limiter/-/async-limiter-1.0.1.tgz 24127ms (cache miss)
2395 http fetch GET 200 https://registry.npmjs.org/babel-jest/-/babel-jest-29.7.0.tgz 24155ms (cache miss)
2396 http fetch GET 200 https://registry.npmjs.org/async-function/-/async-function-1.0.0.tgz 24133ms (cache miss)
2397 http fetch GET 200 https://registry.npmjs.org/available-typed-arrays/-/available-typed-arrays-1.0.7.tgz 24141ms (cache miss)
2398 http fetch GET 200 https://registry.npmjs.org/babel-core/-/babel-core-7.0.0-bridge.0.tgz 24150ms (cache miss)
2399 http fetch GET 200 https://registry.npmjs.org/astral-regex/-/astral-regex-1.0.0.tgz 24107ms (cache miss)
2400 http fetch GET 200 https://registry.npmjs.org/array.prototype.tosorted/-/array.prototype.tosorted-1.1.4.tgz 24088ms (cache miss)
2401 http fetch GET 200 https://registry.npmjs.org/arraybuffer.prototype.slice/-/arraybuffer.prototype.slice-1.0.4.tgz 24099ms (cache miss)
2402 http fetch GET 200 https://registry.npmjs.org/array.prototype.flatmap/-/array.prototype.flatmap-1.3.3.tgz 24092ms (cache miss)
2403 http fetch GET 200 https://registry.npmjs.org/arg/-/arg-5.0.2.tgz 23958ms (cache miss)
2404 http fetch GET 200 https://registry.npmjs.org/array.prototype.flat/-/array.prototype.flat-1.3.3.tgz 24086ms (cache miss)
2405 http fetch GET 200 https://registry.npmjs.org/array-includes/-/array-includes-3.1.9.tgz 24073ms (cache miss)
2406 http fetch GET 200 https://registry.npmjs.org/any-promise/-/any-promise-1.3.0.tgz 23949ms (cache miss)
2407 http fetch GET 200 https://registry.npmjs.org/ansi-fragments/-/ansi-fragments-0.2.1.tgz 23938ms (cache miss)
2408 http fetch GET 200 https://registry.npmjs.org/appdirsjs/-/appdirsjs-1.2.7.tgz 23941ms (cache miss)
2409 http fetch GET 200 https://registry.npmjs.org/anymatch/-/anymatch-3.1.3.tgz 23946ms (cache miss)
2410 http fetch GET 200 https://registry.npmjs.org/ansi-regex/-/ansi-regex-5.0.1.tgz 23942ms (cache miss)
2411 http fetch GET 200 https://registry.npmjs.org/array-buffer-byte-length/-/array-buffer-byte-length-1.0.2.tgz 24016ms (cache miss)
2412 http fetch GET 200 https://registry.npmjs.org/babel-plugin-polyfill-regenerator/-/babel-plugin-polyfill-regenerator-0.6.8.tgz 24330ms (cache miss)
2413 http fetch GET 200 https://registry.npmjs.org/anser/-/anser-1.4.10.tgz 24035ms (cache miss)
2414 http fetch GET 200 https://registry.npmjs.org/array-union/-/array-union-2.1.0.tgz 24255ms (cache miss)
2415 http fetch GET 200 https://registry.npmjs.org/doctrine/-/doctrine-2.1.0.tgz 25124ms (cache miss)
2416 http fetch GET 200 https://registry.npmjs.org/aggregate-error/-/aggregate-error-3.1.0.tgz 24200ms (cache miss)
2417 http fetch GET 200 https://registry.npmjs.org/ansi-escapes/-/ansi-escapes-4.3.2.tgz 24206ms (cache miss)
2418 http fetch GET 200 https://registry.npmjs.org/acorn-globals/-/acorn-globals-7.0.1.tgz 24206ms (cache miss)
2419 http fetch GET 200 https://registry.npmjs.org/acorn-jsx/-/acorn-jsx-5.3.2.tgz 24208ms (cache miss)
2420 http fetch GET 200 https://registry.npmjs.org/agent-base/-/agent-base-6.0.2.tgz 24212ms (cache miss)
2421 http fetch GET 200 https://registry.npmjs.org/array.prototype.findlast/-/array.prototype.findlast-1.2.5.tgz 24392ms (cache miss)
2422 http fetch GET 200 https://registry.npmjs.org/ansi-styles/-/ansi-styles-4.3.0.tgz 24263ms (cache miss)
2423 http fetch GET 200 https://registry.npmjs.org/accepts/-/accepts-1.3.8.tgz 24266ms (cache miss)
2424 http fetch GET 200 https://registry.npmjs.org/abab/-/abab-2.0.6.tgz 24258ms (cache miss)
2425 http fetch GET 200 https://registry.npmjs.org/function.prototype.name/-/function.prototype.name-1.1.8.tgz 25624ms (cache miss)
2426 http fetch GET 200 https://registry.npmjs.org/buffer/-/buffer-5.7.1.tgz 24818ms (cache miss)
2427 http fetch GET 200 https://registry.npmjs.org/dotenv/-/dotenv-16.4.7.tgz 25360ms (cache miss)
2428 http fetch GET 200 https://registry.npmjs.org/decimal.js/-/decimal.js-10.6.0.tgz 25307ms (cache miss)
2429 http fetch GET 200 https://registry.npmjs.org/cjs-module-lexer/-/cjs-module-lexer-1.4.3.tgz 25050ms (cache miss)
2430 warn deprecated domexception@4.0.0: Use your platform's native DOMException instead
2431 http fetch GET 200 https://registry.npmjs.org/eslint-scope/-/eslint-scope-8.4.0.tgz 25573ms (cache miss)
2432 http fetch GET 200 https://registry.npmjs.org/object-inspect/-/object-inspect-1.13.4.tgz 26578ms (cache miss)
2433 http fetch GET 200 https://registry.npmjs.org/commander/-/commander-7.2.0.tgz 25240ms (cache miss)
2434 http fetch GET 200 https://registry.npmjs.org/pngjs/-/pngjs-3.4.0.tgz 26751ms (cache miss)
2435 http fetch GET 200 https://registry.npmjs.org/define-data-property/-/define-data-property-1.1.4.tgz 25475ms (cache miss)
2436 http fetch GET 200 https://registry.npmjs.org/component-type/-/component-type-1.2.2.tgz 25285ms (cache miss)
2437 http fetch GET 200 https://registry.npmjs.org/chokidar/-/chokidar-3.6.0.tgz 25171ms (cache miss)
2438 http fetch GET 200 https://registry.npmjs.org/asap/-/asap-2.0.6.tgz 24893ms (cache miss)
2439 http fetch GET 200 https://registry.npmjs.org/node-exports-info/-/node-exports-info-1.6.0.tgz 26723ms (cache miss)
2440 http fetch GET 200 https://registry.npmjs.org/@types/yargs-parser/-/yargs-parser-21.0.3.tgz 24699ms (cache miss)
2441 http fetch GET 200 https://registry.npmjs.org/@types/stack-utils/-/stack-utils-2.0.3.tgz 24695ms (cache miss)
2442 http fetch GET 200 https://registry.npmjs.org/readline/-/readline-1.3.0.tgz 27278ms (cache miss)
2443 http fetch GET 200 https://registry.npmjs.org/graphql-tag/-/graphql-tag-2.12.6.tgz 26323ms (cache miss)
2444 http fetch GET 200 https://registry.npmjs.org/big-integer/-/big-integer-1.6.52.tgz 25476ms (cache miss)
2445 http fetch GET 200 https://registry.npmjs.org/babel-plugin-react-native-web/-/babel-plugin-react-native-web-0.18.12.tgz 25423ms (cache miss)
2446 warn deprecated abab@2.0.6: Use your platform's native atob() and btoa() methods instead
2447 http fetch GET 200 https://registry.npmjs.org/@types/prop-types/-/prop-types-15.7.15.tgz 25012ms (cache miss)
2448 http fetch GET 200 https://registry.npmjs.org/@types/json-schema/-/json-schema-7.0.15.tgz 25009ms (cache miss)
2449 http fetch GET 200 https://registry.npmjs.org/@types/tough-cookie/-/tough-cookie-4.0.5.tgz 25031ms (cache miss)
2450 http fetch GET 200 https://registry.npmjs.org/acorn-walk/-/acorn-walk-8.3.5.tgz 25126ms (cache miss)
2451 http fetch GET 200 https://registry.npmjs.org/@types/json5/-/json5-0.0.29.tgz 25036ms (cache miss)
2452 http fetch GET 200 https://registry.npmjs.org/electron-to-chromium/-/electron-to-chromium-1.5.333.tgz 26145ms (cache miss)
2453 http fetch GET 200 https://registry.npmjs.org/metro-resolver/-/metro-resolver-0.80.12.tgz 27076ms (cache miss)
2454 http fetch GET 200 https://registry.npmjs.org/assert/-/assert-2.1.0.tgz 25503ms (cache miss)
2455 http fetch GET 200 https://registry.npmjs.org/browserslist/-/browserslist-4.28.2.tgz 25800ms (cache miss)
2456 http fetch GET 200 https://registry.npmjs.org/@types/istanbul-reports/-/istanbul-reports-3.0.4.tgz 25220ms (cache miss)
2457 http fetch GET 200 https://registry.npmjs.org/better-opn/-/better-opn-3.0.2.tgz 25775ms (cache miss)
2458 http fetch GET 200 https://registry.npmjs.org/babel-plugin-polyfill-corejs2/-/babel-plugin-polyfill-corejs2-0.4.17.tgz 25697ms (cache miss)
2459 http fetch GET 200 https://registry.npmjs.org/@types/istanbul-lib-coverage/-/istanbul-lib-coverage-2.0.6.tgz 25286ms (cache miss)
2460 http fetch GET 200 https://registry.npmjs.org/@types/graceful-fs/-/graceful-fs-4.1.9.tgz 25283ms (cache miss)
2461 http fetch GET 200 https://registry.npmjs.org/@types/estree/-/estree-1.0.8.tgz 25282ms (cache miss)
2462 http fetch GET 200 https://registry.npmjs.org/hermes-estree/-/hermes-estree-0.33.3.tgz 26816ms (cache miss)
2463 http fetch GET 200 https://registry.npmjs.org/cross-fetch/-/cross-fetch-3.2.0.tgz 26156ms (cache miss)
2464 http fetch GET 200 https://registry.npmjs.org/baseline-browser-mapping/-/baseline-browser-mapping-2.10.16.tgz 25759ms (cache miss)
2465 http fetch GET 200 https://registry.npmjs.org/@types/istanbul-lib-report/-/istanbul-lib-report-3.0.3.tgz 25349ms (cache miss)
2466 http fetch GET 200 https://registry.npmjs.org/math-intrinsics/-/math-intrinsics-1.1.0.tgz 27353ms (cache miss)
2467 http fetch GET 200 https://registry.npmjs.org/@types/babel__core/-/babel__core-7.20.5.tgz 25353ms (cache miss)
2468 http fetch GET 200 https://registry.npmjs.org/@types/babel__generator/-/babel__generator-7.27.0.tgz 25363ms (cache miss)
2469 http fetch GET 200 https://registry.npmjs.org/@types/hammerjs/-/hammerjs-2.0.46.tgz 25410ms (cache miss)
2470 http fetch GET 200 https://registry.npmjs.org/@types/babel__template/-/babel__template-7.4.4.tgz 25397ms (cache miss)
2471 http fetch GET 200 https://registry.npmjs.org/@types/jest/-/jest-29.5.14.tgz 25438ms (cache miss)
2472 http fetch GET 200 https://registry.npmjs.org/bplist-creator/-/bplist-creator-0.1.0.tgz 25974ms (cache miss)
2473 http fetch GET 200 https://registry.npmjs.org/@types/yargs/-/yargs-17.0.35.tgz 25466ms (cache miss)
2474 http fetch GET 200 https://registry.npmjs.org/@types/jsdom/-/jsdom-20.0.1.tgz 25460ms (cache miss)
2475 http fetch GET 200 https://registry.npmjs.org/i18next-http-backend/-/i18next-http-backend-2.7.3.tgz 27043ms (cache miss)
2476 http fetch GET 200 https://registry.npmjs.org/promise/-/promise-7.3.1.tgz 27877ms (cache miss)
2477 http fetch GET 200 https://registry.npmjs.org/@sinonjs/commons/-/commons-3.0.1.tgz 25502ms (cache miss)
2478 http fetch GET 200 https://registry.npmjs.org/@tootallnate/once/-/once-2.0.0.tgz 25523ms (cache miss)
2479 http fetch GET 200 https://registry.npmjs.org/@sideway/pinpoint/-/pinpoint-2.0.0.tgz 25504ms (cache miss)
2480 http fetch GET 200 https://registry.npmjs.org/@sideway/formula/-/formula-3.0.1.tgz 25503ms (cache miss)
2481 http fetch GET 200 https://registry.npmjs.org/@rtsao/scc/-/scc-1.1.0.tgz 25496ms (cache miss)
2482 http fetch GET 200 https://registry.npmjs.org/@typescript-eslint/parser/-/parser-8.58.1.tgz 25633ms (cache miss)
2483 http fetch GET 200 https://registry.npmjs.org/@types/babel__traverse/-/babel__traverse-7.28.0.tgz 25582ms (cache miss)
2484 http fetch GET 200 https://registry.npmjs.org/metro-source-map/-/metro-source-map-0.80.12.tgz 27683ms (cache miss)
2485 http fetch GET 200 https://registry.npmjs.org/@tsconfig/node18/-/node18-18.2.6.tgz 25625ms (cache miss)
2486 http fetch GET 200 https://registry.npmjs.org/@typescript-eslint/visitor-keys/-/visitor-keys-8.58.1.tgz 25748ms (cache miss)
2487 http fetch GET 200 https://registry.npmjs.org/@sinonjs/fake-timers/-/fake-timers-10.3.0.tgz 25684ms (cache miss)
2488 http fetch GET 200 https://registry.npmjs.org/@typescript-eslint/tsconfig-utils/-/tsconfig-utils-8.58.1.tgz 25799ms (cache miss)
2489 http fetch GET 200 https://registry.npmjs.org/i18next/-/i18next-23.16.8.tgz 27287ms (cache miss)
2490 http fetch GET 200 https://registry.npmjs.org/abort-controller/-/abort-controller-3.0.0.tgz 25918ms (cache miss)
2491 http fetch GET 200 https://registry.npmjs.org/deprecated-react-native-prop-types/-/deprecated-react-native-prop-types-5.0.0.tgz 26918ms (cache miss)
2492 http fetch GET 200 https://registry.npmjs.org/array.prototype.findlastindex/-/array.prototype.findlastindex-1.2.6.tgz 26216ms (cache miss)
2493 http fetch GET 200 https://registry.npmjs.org/@xmldom/xmldom/-/xmldom-0.7.13.tgz 26121ms (cache miss)
2494 http fetch GET 200 https://registry.npmjs.org/@react-native/normalize-colors/-/normalize-colors-0.73.2.tgz 25970ms (cache miss)
2495 warn deprecated @xmldom/xmldom@0.7.13: this version has critical issues, please update to the latest version
2496 http fetch GET 200 https://registry.npmjs.org/@react-native/normalize-color/-/normalize-color-2.1.0.tgz 26190ms (cache miss)
2497 http fetch GET 200 https://registry.npmjs.org/@urql/exchange-retry/-/exchange-retry-0.3.0.tgz 26441ms (cache miss)
2498 http fetch GET 200 https://registry.npmjs.org/babel-plugin-polyfill-corejs3/-/babel-plugin-polyfill-corejs3-0.13.0.tgz 27100ms (cache miss)
2499 http fetch GET 200 https://registry.npmjs.org/esquery/-/esquery-1.7.0.tgz 27923ms (cache miss)
2500 http fetch GET 200 https://registry.npmjs.org/react-is 30071ms (cache miss)
2501 silly packumentCache corgi:https://registry.npmjs.org/react-is set size:undefined disposed:false
2502 http fetch GET 200 https://registry.npmjs.org/@segment/loosely-validate-event/-/loosely-validate-event-2.0.0.tgz 27014ms (cache miss)
2503 http fetch GET 200 https://registry.npmjs.org/asynckit/-/asynckit-0.4.0.tgz 27402ms (cache miss)
2504 http fetch GET 200 https://registry.npmjs.org/js-yaml/-/js-yaml-3.14.2.tgz 28996ms (cache miss)
2505 http fetch GET 200 https://registry.npmjs.org/@react-native/js-polyfills/-/js-polyfills-0.73.1.tgz 26987ms (cache miss)
2506 http fetch GET 200 https://registry.npmjs.org/@react-native/metro-babel-transformer/-/metro-babel-transformer-0.73.15.tgz 27017ms (cache miss)
2507 http fetch GET 200 https://registry.npmjs.org/csstype/-/csstype-3.2.3.tgz 28134ms (cache miss)
2508 http fetch GET 200 https://registry.npmjs.org/acorn/-/acorn-8.16.0.tgz 27274ms (cache miss)
2509 http fetch GET 200 https://registry.npmjs.org/scheduler 30938ms (cache miss)
2510 silly packumentCache corgi:https://registry.npmjs.org/scheduler set size:undefined disposed:false
2511 http fetch GET 200 https://registry.npmjs.org/cacache/-/cacache-15.3.0.tgz 27966ms (cache miss)
2512 http fetch GET 200 https://registry.npmjs.org/joi/-/joi-17.13.3.tgz 29322ms (cache miss)
2513 http fetch GET 200 https://registry.npmjs.org/@react-native/community-cli-plugin/-/community-cli-plugin-0.73.17.tgz 27306ms (cache miss)
2514 http fetch GET 200 https://registry.npmjs.org/@typescript-eslint/types/-/types-8.58.1.tgz 27545ms (cache miss)
2515 http fetch GET 200 https://registry.npmjs.org/expo-manifests/-/expo-manifests-0.13.2.tgz 28781ms (cache miss)
2516 http fetch GET 200 https://registry.npmjs.org/@react-native/assets-registry/-/assets-registry-0.73.1.tgz 27318ms (cache miss)
2517 http fetch GET 200 https://registry.npmjs.org/@react-native/babel-preset/-/babel-preset-0.85.0.tgz 27343ms (cache miss)
2518 http fetch GET 200 https://registry.npmjs.org/uri-js/-/uri-js-4.4.1.tgz 30372ms (cache miss)
2519 http fetch GET 200 https://registry.npmjs.org/@react-native/babel-plugin-codegen/-/babel-plugin-codegen-0.85.0.tgz 27370ms (cache miss)
2520 http fetch GET 200 https://registry.npmjs.org/@react-native-community/cli-types/-/cli-types-12.3.6.tgz 27356ms (cache miss)
2521 http fetch GET 200 https://registry.npmjs.org/@sideway/address/-/address-4.1.5.tgz 27522ms (cache miss)
2522 http fetch GET 200 https://registry.npmjs.org/@react-native-community/cli-plugin-metro/-/cli-plugin-metro-12.3.6.tgz 27406ms (cache miss)
2523 http fetch GET 200 https://registry.npmjs.org/hermes-profile-transformer/-/hermes-profile-transformer-0.0.6.tgz 29186ms (cache miss)
2524 http fetch GET 200 https://registry.npmjs.org/@pkgr/core/-/core-0.2.9.tgz 27458ms (cache miss)
2525 http fetch GET 200 https://registry.npmjs.org/cssom/-/cssom-0.5.0.tgz 28658ms (cache miss)
2526 http fetch GET 200 https://registry.npmjs.org/iconv-lite/-/iconv-lite-0.6.3.tgz 29320ms (cache miss)
2527 http fetch GET 200 https://registry.npmjs.org/@nodelib/fs.scandir/-/fs.scandir-2.1.5.tgz 27492ms (cache miss)
2528 http fetch GET 200 https://registry.npmjs.org/@nodelib/fs.walk/-/fs.walk-1.2.8.tgz 27499ms (cache miss)
2529 http fetch GET 200 https://registry.npmjs.org/@npmcli/move-file/-/move-file-1.1.2.tgz 27512ms (cache miss)
2530 http fetch GET 200 https://registry.npmjs.org/@jridgewell/resolve-uri/-/resolve-uri-3.1.2.tgz 27492ms (cache miss)
2531 http fetch GET 200 https://registry.npmjs.org/eslint-module-utils/-/eslint-module-utils-2.12.1.tgz 29036ms (cache miss)
2532 warn deprecated @npmcli/move-file@1.1.2: This functionality has been moved to @npmcli/fs
2533 http fetch GET 200 https://registry.npmjs.org/react-refresh 31486ms (cache miss)
2534 silly packumentCache corgi:https://registry.npmjs.org/react-refresh set size:undefined disposed:false
2535 http fetch GET 200 https://registry.npmjs.org/@npmcli/fs/-/fs-1.1.1.tgz 27762ms (cache miss)
2536 http fetch GET 200 https://registry.npmjs.org/chromium-edge-launcher/-/chromium-edge-launcher-1.0.0.tgz 28791ms (cache miss)
2537 http fetch GET 200 https://registry.npmjs.org/@jest/types/-/types-29.6.3.tgz 27812ms (cache miss)
2538 http fetch GET 200 https://registry.npmjs.org/@react-native-community/cli-clean/-/cli-clean-12.3.6.tgz 27898ms (cache miss)
2539 http fetch GET 200 https://registry.npmjs.org/core-js-compat/-/core-js-compat-3.49.0.tgz 29083ms (cache miss)
2540 http fetch GET 200 https://registry.npmjs.org/@jridgewell/source-map/-/source-map-0.3.11.tgz 27958ms (cache miss)
2541 http fetch GET 200 https://registry.npmjs.org/@jest/test-result/-/test-result-29.7.0.tgz 27979ms (cache miss)
2542 http fetch GET 200 https://registry.npmjs.org/postcss/-/postcss-8.4.49.tgz 30626ms (cache miss)
2543 http fetch GET 200 https://registry.npmjs.org/@jest/get-type/-/get-type-30.1.0.tgz 27989ms (cache miss)
2544 http fetch GET 200 https://registry.npmjs.org/@jest/source-map/-/source-map-29.6.3.tgz 28020ms (cache miss)
2545 http fetch GET 200 https://registry.npmjs.org/@jest/test-sequencer/-/test-sequencer-29.7.0.tgz 28035ms (cache miss)
2546 http fetch GET 200 https://registry.npmjs.org/expo-application/-/expo-application-5.8.4.tgz 29645ms (cache miss)
2547 http fetch GET 200 https://registry.npmjs.org/@istanbuljs/load-nyc-config/-/load-nyc-config-1.1.0.tgz 28059ms (cache miss)
2548 http fetch GET 200 https://registry.npmjs.org/@jest/schemas/-/schemas-29.6.3.tgz 28117ms (cache miss)
2549 http fetch GET 200 https://registry.npmjs.org/@jest/globals/-/globals-29.7.0.tgz 28126ms (cache miss)
2550 http fetch GET 200 https://registry.npmjs.org/@jest/environment/-/environment-29.7.0.tgz 28135ms (cache miss)
2551 http fetch GET 200 https://registry.npmjs.org/@jest/expect/-/expect-29.7.0.tgz 28139ms (cache miss)
2552 http fetch GET 200 https://registry.npmjs.org/fs-extra/-/fs-extra-8.1.0.tgz 29893ms (cache miss)
2553 http fetch GET 200 https://registry.npmjs.org/chrome-launcher/-/chrome-launcher-0.15.2.tgz 29201ms (cache miss)
2554 http fetch GET 200 https://registry.npmjs.org/@humanwhocodes/module-importer/-/module-importer-1.0.1.tgz 28140ms (cache miss)
2555 http fetch GET 200 https://registry.npmjs.org/@types/react/-/react-18.2.79.tgz 28535ms (cache miss)
2556 http fetch GET 200 https://registry.npmjs.org/expo-speech/-/expo-speech-11.7.0.tgz 29888ms (cache miss)
2557 http fetch GET 200 https://registry.npmjs.org/@jest/create-cache-key-function/-/create-cache-key-function-29.7.0.tgz 28278ms (cache miss)
2558 http fetch GET 200 https://registry.npmjs.org/@istanbuljs/schema/-/schema-0.1.3.tgz 28321ms (cache miss)
2559 http fetch GET 200 https://registry.npmjs.org/@humanwhocodes/retry/-/retry-0.4.3.tgz 28328ms (cache miss)
2560 http fetch GET 200 https://registry.npmjs.org/argparse/-/argparse-1.0.10.tgz 28886ms (cache miss)
2561 http fetch GET 200 https://registry.npmjs.org/@jest/fake-timers/-/fake-timers-29.7.0.tgz 28415ms (cache miss)
2562 http fetch GET 200 https://registry.npmjs.org/@humanfs/core/-/core-0.19.1.tgz 28573ms (cache miss)
2563 http fetch GET 200 https://registry.npmjs.org/@jest/diff-sequences/-/diff-sequences-30.3.0.tgz 28675ms (cache miss)
2564 http fetch GET 200 https://registry.npmjs.org/@ide/backoff/-/backoff-1.0.0.tgz 28745ms (cache miss)
2565 http fetch GET 200 https://registry.npmjs.org/@humanfs/node/-/node-0.16.7.tgz 28763ms (cache miss)
2566 http fetch GET 200 https://registry.npmjs.org/@isaacs/ttlcache/-/ttlcache-1.4.1.tgz 28913ms (cache miss)
2567 http fetch GET 200 https://registry.npmjs.org/@jest/transform/-/transform-29.7.0.tgz 28976ms (cache miss)
2568 http fetch GET 200 https://registry.npmjs.org/@graphql-typed-document-node/core/-/core-3.2.0.tgz 29049ms (cache miss)
2569 http fetch GET 200 https://registry.npmjs.org/expo-localization/-/expo-localization-14.8.4.tgz 30704ms (cache miss)
2570 http fetch GET 200 https://registry.npmjs.org/@jest/expect-utils/-/expect-utils-29.7.0.tgz 29107ms (cache miss)
2571 http fetch GET 200 https://registry.npmjs.org/@gar/promisify/-/promisify-1.1.3.tgz 29054ms (cache miss)
2572 http fetch GET 200 https://registry.npmjs.org/@jest/console/-/console-29.7.0.tgz 29095ms (cache miss)
2573 http fetch GET 200 https://registry.npmjs.org/@hapi/hoek/-/hoek-9.3.0.tgz 29106ms (cache miss)
2574 http fetch GET 200 https://registry.npmjs.org/jscodeshift/-/jscodeshift-0.14.0.tgz 31435ms (cache miss)
2575 http fetch GET 200 https://registry.npmjs.org/@expo/spawn-async/-/spawn-async-1.5.0.tgz 29136ms (cache miss)
2576 http fetch GET 200 https://registry.npmjs.org/expo-constants/-/expo-constants-15.4.6.tgz 30829ms (cache miss)
2577 http fetch GET 200 https://registry.npmjs.org/@expo/sdk-runtime-versions/-/sdk-runtime-versions-1.0.0.tgz 29188ms (cache miss)
2578 http fetch GET 200 https://registry.npmjs.org/expo-dev-client/-/expo-dev-client-3.3.12.tgz 30876ms (cache miss)
2579 http fetch GET 200 https://registry.npmjs.org/istanbul-reports/-/istanbul-reports-3.2.0.tgz 31419ms (cache miss)
2580 http fetch GET 200 https://registry.npmjs.org/@nodelib/fs.stat/-/fs.stat-2.0.5.tgz 29376ms (cache miss)
2581 http fetch GET 200 https://registry.npmjs.org/@expo/require-utils/-/require-utils-55.0.3.tgz 29251ms (cache miss)
2582 http fetch GET 200 https://registry.npmjs.org/logkitty/-/logkitty-0.7.1.tgz 31670ms (cache miss)
2583 http fetch GET 200 https://registry.npmjs.org/@expo/plist/-/plist-0.1.3.tgz 29417ms (cache miss)
2584 http fetch GET 200 https://registry.npmjs.org/@expo/osascript/-/osascript-2.4.2.tgz 29472ms (cache miss)
2585 http fetch GET 200 https://registry.npmjs.org/expo-module-scripts/-/expo-module-scripts-55.0.2.tgz 31299ms (cache miss)
2586 http fetch GET 200 https://registry.npmjs.org/@expo/sudo-prompt/-/sudo-prompt-9.3.2.tgz 29633ms (cache miss)
2587 http fetch GET 200 https://registry.npmjs.org/@react-native/virtualized-lists/-/virtualized-lists-0.73.4.tgz 29939ms (cache miss)
2588 http fetch GET 200 https://registry.npmjs.org/@nicolo-ribaudo/chokidar-2/-/chokidar-2-2.1.8-no-fsevents.3.tgz 29779ms (cache miss)
2589 http fetch GET 200 https://registry.npmjs.org/@expo/rudder-sdk-node/-/rudder-sdk-node-1.1.1.tgz 29670ms (cache miss)
2590 http fetch GET 200 https://registry.npmjs.org/@typescript-eslint/project-service/-/project-service-8.58.1.tgz 29720ms (cache miss)
2591 http fetch GET 200 https://registry.npmjs.org/exponential-backoff/-/exponential-backoff-3.1.3.tgz 31431ms (cache miss)
2592 http fetch GET 200 https://registry.npmjs.org/fast-xml-parser/-/fast-xml-parser-4.5.6.tgz 31622ms (cache miss)
2593 http fetch GET 200 https://registry.npmjs.org/@expo/npm-proofread/-/npm-proofread-1.0.1.tgz 29929ms (cache miss)
2594 http fetch GET 200 https://registry.npmjs.org/image-size/-/image-size-1.2.1.tgz 31903ms (cache miss)
2595 http fetch GET 200 https://registry.npmjs.org/@hapi/topo/-/topo-5.1.0.tgz 29980ms (cache miss)
2596 http fetch GET 200 https://registry.npmjs.org/@expo/config-types/-/config-types-50.0.1.tgz 30032ms (cache miss)
2597 http fetch GET 200 https://registry.npmjs.org/@eslint/object-schema/-/object-schema-2.1.7.tgz 30019ms (cache miss)
2598 http fetch GET 200 https://registry.npmjs.org/react-i18next/-/react-i18next-13.5.0.tgz 32949ms (cache miss)
2599 http fetch GET 200 https://registry.npmjs.org/prompts/-/prompts-2.4.2.tgz 32947ms (cache miss)
2600 http fetch GET 200 https://registry.npmjs.org/@react-native-community/cli-hermes/-/cli-hermes-12.3.6.tgz 30405ms (cache miss)
2601 http fetch GET 200 https://registry.npmjs.org/@eslint/js/-/js-9.39.4.tgz 30331ms (cache miss)
2602 http fetch GET 200 https://registry.npmjs.org/@expo/json-file/-/json-file-8.3.3.tgz 30413ms (cache miss)
2603 http fetch GET 200 https://registry.npmjs.org/fast-glob/-/fast-glob-3.3.3.tgz 32325ms (cache miss)
2604 http fetch GET 200 https://registry.npmjs.org/tsconfig-paths/-/tsconfig-paths-3.15.0.tgz 33742ms (cache miss)
2605 http fetch GET 200 https://registry.npmjs.org/terser/-/terser-5.46.1.tgz 33735ms (cache miss)
2606 http fetch GET 200 https://registry.npmjs.org/@expo/env/-/env-0.2.3.tgz 30618ms (cache miss)
2607 http fetch GET 200 https://registry.npmjs.org/@eslint/core/-/core-0.17.0.tgz 30578ms (cache miss)
2608 http fetch GET 200 https://registry.npmjs.org/@jridgewell/sourcemap-codec/-/sourcemap-codec-1.5.5.tgz 30810ms (cache miss)
2609 http fetch GET 200 https://registry.npmjs.org/@expo/bunyan/-/bunyan-4.0.1.tgz 30638ms (cache miss)
2610 http fetch GET 200 https://registry.npmjs.org/@eslint/plugin-kit/-/plugin-kit-0.4.1.tgz 30705ms (cache miss)
2611 http fetch GET 200 https://registry.npmjs.org/@babel/preset-modules/-/preset-modules-0.1.6-no-external-plugins.tgz 30598ms (cache miss)
2612 http fetch GET 200 https://registry.npmjs.org/@babel/preset-typescript/-/preset-typescript-7.28.5.tgz 30731ms (cache miss)
2613 http fetch GET 200 https://registry.npmjs.org/enhanced-resolve/-/enhanced-resolve-5.20.1.tgz 32465ms (cache miss)
2614 http fetch GET 200 https://registry.npmjs.org/@jest/reporters/-/reporters-29.7.0.tgz 31032ms (cache miss)
2615 http fetch GET 200 https://registry.npmjs.org/@jridgewell/remapping/-/remapping-2.3.5.tgz 31217ms (cache miss)
2616 http fetch GET 200 https://registry.npmjs.org/parse5/-/parse5-7.3.0.tgz 33943ms (cache miss)
2617 http fetch GET 200 https://registry.npmjs.org/@jridgewell/gen-mapping/-/gen-mapping-0.3.13.tgz 31730ms (cache miss)
2618 http fetch GET 200 https://registry.npmjs.org/@eslint/config-helpers/-/config-helpers-0.4.2.tgz 31810ms (cache miss)
2619 http fetch GET 200 https://registry.npmjs.org/pure-rand/-/pure-rand-6.1.0.tgz 34721ms (cache miss)
2620 http fetch GET 200 https://registry.npmjs.org/@babel/preset-react/-/preset-react-7.28.5.tgz 31762ms (cache miss)
2621 http fetch GET 200 https://registry.npmjs.org/@babel/preset-flow/-/preset-flow-7.27.1.tgz 31773ms (cache miss)
2622 http fetch GET 200 https://registry.npmjs.org/@babel/plugin-transform-unicode-regex/-/plugin-transform-unicode-regex-7.27.1.tgz 31781ms (cache miss)
2623 http fetch GET 200 https://registry.npmjs.org/@babel/plugin-transform-typeof-symbol/-/plugin-transform-typeof-symbol-7.27.1.tgz 31778ms (cache miss)
2624 http fetch GET 200 https://registry.npmjs.org/@babel/plugin-transform-unicode-sets-regex/-/plugin-transform-unicode-sets-regex-7.28.6.tgz 31790ms (cache miss)
2625 http fetch GET 200 https://registry.npmjs.org/@babel/plugin-transform-template-literals/-/plugin-transform-template-literals-7.27.1.tgz 31796ms (cache miss)
2626 http fetch GET 200 https://registry.npmjs.org/@babel/plugin-transform-unicode-escapes/-/plugin-transform-unicode-escapes-7.27.1.tgz 32211ms (cache miss)
2627 http fetch GET 200 https://registry.npmjs.org/@babel/plugin-transform-unicode-property-regex/-/plugin-transform-unicode-property-regex-7.28.6.tgz 32221ms (cache miss)
2628 http fetch GET 200 https://registry.npmjs.org/@babel/plugin-transform-sticky-regex/-/plugin-transform-sticky-regex-7.27.1.tgz 32292ms (cache miss)
2629 http fetch GET 200 https://registry.npmjs.org/@babel/plugin-transform-shorthand-properties/-/plugin-transform-shorthand-properties-7.27.1.tgz 32289ms (cache miss)
2630 http fetch GET 200 https://registry.npmjs.org/@babel/plugin-transform-reserved-words/-/plugin-transform-reserved-words-7.27.1.tgz 32290ms (cache miss)
2631 http fetch GET 200 https://registry.npmjs.org/@babel/plugin-transform-runtime/-/plugin-transform-runtime-7.29.0.tgz 32289ms (cache miss)
2632 http fetch GET 200 https://registry.npmjs.org/@babel/plugin-transform-react-jsx-development/-/plugin-transform-react-jsx-development-7.27.1.tgz 32300ms (cache miss)
2633 http fetch GET 200 https://registry.npmjs.org/@babel/plugin-transform-react-jsx-source/-/plugin-transform-react-jsx-source-7.27.1.tgz 32311ms (cache miss)
2634 http fetch GET 200 https://registry.npmjs.org/@babel/plugin-transform-property-literals/-/plugin-transform-property-literals-7.27.1.tgz 32308ms (cache miss)
2635 http fetch GET 200 https://registry.npmjs.org/@babel/plugin-transform-private-property-in-object/-/plugin-transform-private-property-in-object-7.28.6.tgz 32304ms (cache miss)
2636 http fetch GET 200 https://registry.npmjs.org/@babel/plugin-transform-react-display-name/-/plugin-transform-react-display-name-7.28.0.tgz 32318ms (cache miss)
2637 http fetch GET 200 https://registry.npmjs.org/@babel/plugin-transform-react-jsx-self/-/plugin-transform-react-jsx-self-7.27.1.tgz 32316ms (cache miss)
2638 http fetch GET 200 https://registry.npmjs.org/@expo/code-signing-certificates/-/code-signing-certificates-0.0.5.tgz 32526ms (cache miss)
2639 http fetch GET 200 https://registry.npmjs.org/@babel/plugin-transform-regexp-modifiers/-/plugin-transform-regexp-modifiers-7.28.6.tgz 32375ms (cache miss)
2640 http fetch GET 200 https://registry.npmjs.org/@babel/plugin-transform-spread/-/plugin-transform-spread-7.28.6.tgz 32392ms (cache miss)
2641 http fetch GET 200 https://registry.npmjs.org/@babel/plugin-transform-react-pure-annotations/-/plugin-transform-react-pure-annotations-7.27.1.tgz 32333ms (cache miss)
2642 http fetch GET 200 https://registry.npmjs.org/@babel/plugin-transform-private-methods/-/plugin-transform-private-methods-7.28.6.tgz 32332ms (cache miss)
2643 http fetch GET 200 https://registry.npmjs.org/@react-native-community/cli-debugger-ui/-/cli-debugger-ui-12.3.6.tgz 32784ms (cache miss)
2644 http fetch GET 200 https://registry.npmjs.org/@typescript-eslint/type-utils/-/type-utils-8.58.1.tgz 33075ms (cache miss)
2645 http fetch GET 200 https://registry.npmjs.org/@eslint-community/regexpp/-/regexpp-4.12.2.tgz 32570ms (cache miss)
2646 http fetch GET 200 https://registry.npmjs.org/@babel/plugin-transform-optional-catch-binding/-/plugin-transform-optional-catch-binding-7.28.6.tgz 32416ms (cache miss)
2647 http fetch GET 200 https://registry.npmjs.org/@babel/plugin-transform-new-target/-/plugin-transform-new-target-7.27.1.tgz 32421ms (cache miss)
2648 http fetch GET 200 https://registry.npmjs.org/node-forge/-/node-forge-1.4.0.tgz 35294ms (cache miss)
2649 http fetch GET 200 https://registry.npmjs.org/@babel/plugin-transform-logical-assignment-operators/-/plugin-transform-logical-assignment-operators-7.28.6.tgz 32440ms (cache miss)
2650 http fetch GET 200 https://registry.npmjs.org/@babel/plugin-transform-nullish-coalescing-operator/-/plugin-transform-nullish-coalescing-operator-7.28.6.tgz 32453ms (cache miss)
2651 http fetch GET 200 https://registry.npmjs.org/@babel/plugin-transform-object-super/-/plugin-transform-object-super-7.27.1.tgz 32473ms (cache miss)
2652 http fetch GET 200 https://registry.npmjs.org/@babel/plugin-transform-modules-systemjs/-/plugin-transform-modules-systemjs-7.29.0.tgz 32444ms (cache miss)
2653 http fetch GET 200 https://registry.npmjs.org/@babel/plugin-transform-named-capturing-groups-regex/-/plugin-transform-named-capturing-groups-regex-7.29.0.tgz 32441ms (cache miss)
2654 http fetch GET 200 https://registry.npmjs.org/@babel/plugin-transform-literals/-/plugin-transform-literals-7.27.1.tgz 32433ms (cache miss)
2655 http fetch GET 200 https://registry.npmjs.org/@babel/plugin-transform-member-expression-literals/-/plugin-transform-member-expression-literals-7.27.1.tgz 32439ms (cache miss)
2656 http fetch GET 200 https://registry.npmjs.org/@babel/plugin-transform-numeric-separator/-/plugin-transform-numeric-separator-7.28.6.tgz 32466ms (cache miss)
2657 http fetch GET 200 https://registry.npmjs.org/@sinclair/typebox/-/typebox-0.27.10.tgz 33157ms (cache miss)
2658 http fetch GET 200 https://registry.npmjs.org/@babel/plugin-transform-modules-umd/-/plugin-transform-modules-umd-7.27.1.tgz 32494ms (cache miss)
2659 http fetch GET 200 https://registry.npmjs.org/@babel/plugin-transform-export-namespace-from/-/plugin-transform-export-namespace-from-7.27.1.tgz 32506ms (cache miss)
2660 http fetch GET 200 https://registry.npmjs.org/@babel/plugin-transform-function-name/-/plugin-transform-function-name-7.27.1.tgz 32510ms (cache miss)
2661 http fetch GET 200 https://registry.npmjs.org/@babel/plugin-transform-optional-chaining/-/plugin-transform-optional-chaining-7.28.6.tgz 32569ms (cache miss)
2662 http fetch GET 200 https://registry.npmjs.org/@babel/plugin-transform-dynamic-import/-/plugin-transform-dynamic-import-7.27.1.tgz 32559ms (cache miss)
2663 http fetch GET 200 https://registry.npmjs.org/@babel/plugin-transform-flow-strip-types/-/plugin-transform-flow-strip-types-7.27.1.tgz 32673ms (cache miss)
2664 http fetch GET 200 https://registry.npmjs.org/@babel/plugin-transform-exponentiation-operator/-/plugin-transform-exponentiation-operator-7.28.6.tgz 32667ms (cache miss)
2665 http fetch GET 200 https://registry.npmjs.org/@babel/plugin-transform-modules-amd/-/plugin-transform-modules-amd-7.27.1.tgz 32686ms (cache miss)
2666 http fetch GET 200 https://registry.npmjs.org/@eslint-community/eslint-utils/-/eslint-utils-4.9.1.tgz 32912ms (cache miss)
2667 http fetch GET 200 https://registry.npmjs.org/@babel/plugin-transform-object-rest-spread/-/plugin-transform-object-rest-spread-7.28.6.tgz 33022ms (cache miss)
2668 http fetch GET 200 https://registry.npmjs.org/@babel/plugin-transform-explicit-resource-management/-/plugin-transform-explicit-resource-management-7.28.6.tgz 33037ms (cache miss)
2669 http fetch GET 200 https://registry.npmjs.org/@babel/plugin-transform-duplicate-named-capturing-groups-regex/-/plugin-transform-duplicate-named-capturing-groups-regex-7.29.0.tgz 33249ms (cache miss)
2670 http fetch GET 200 https://registry.npmjs.org/@babel/plugin-transform-json-strings/-/plugin-transform-json-strings-7.28.6.tgz 33311ms (cache miss)
2671 http fetch GET 200 https://registry.npmjs.org/@babel/plugin-transform-dotall-regex/-/plugin-transform-dotall-regex-7.28.6.tgz 33290ms (cache miss)
2672 http fetch GET 200 https://registry.npmjs.org/@babel/plugin-transform-duplicate-keys/-/plugin-transform-duplicate-keys-7.27.1.tgz 33351ms (cache miss)
2673 http fetch GET 200 https://registry.npmjs.org/@babel/plugin-syntax-unicode-sets-regex/-/plugin-syntax-unicode-sets-regex-7.18.6.tgz 33304ms (cache miss)
2674 http fetch GET 200 https://registry.npmjs.org/@babel/plugin-syntax-top-level-await/-/plugin-syntax-top-level-await-7.14.5.tgz 33364ms (cache miss)
2675 http fetch GET 200 https://registry.npmjs.org/@babel/plugin-transform-computed-properties/-/plugin-transform-computed-properties-7.28.6.tgz 33406ms (cache miss)
2676 http fetch GET 200 https://registry.npmjs.org/@babel/plugin-transform-react-jsx/-/plugin-transform-react-jsx-7.28.6.tgz 33571ms (cache miss)
2677 http fetch GET 200 https://registry.npmjs.org/@babel/plugin-transform-block-scoped-functions/-/plugin-transform-block-scoped-functions-7.27.1.tgz 33446ms (cache miss)
2678 http fetch GET 200 https://registry.npmjs.org/@babel/plugin-transform-class-properties/-/plugin-transform-class-properties-7.28.6.tgz 33452ms (cache miss)
2679 http fetch GET 200 https://registry.npmjs.org/@react-native-community/cli-config/-/cli-config-12.3.6.tgz 34081ms (cache miss)
2680 http fetch GET 200 https://registry.npmjs.org/@babel/plugin-syntax-optional-chaining/-/plugin-syntax-optional-chaining-7.8.3.tgz 33533ms (cache miss)
2681 http fetch GET 200 https://registry.npmjs.org/@babel/plugin-syntax-private-property-in-object/-/plugin-syntax-private-property-in-object-7.14.5.tgz 33549ms (cache miss)
2682 http fetch GET 200 https://registry.npmjs.org/metro-file-map/-/metro-file-map-0.80.12.tgz 36433ms (cache miss)
2683 http fetch GET 200 https://registry.npmjs.org/@babel/plugin-transform-class-static-block/-/plugin-transform-class-static-block-7.28.6.tgz 33611ms (cache miss)
2684 http fetch GET 200 https://registry.npmjs.org/@babel/plugin-transform-arrow-functions/-/plugin-transform-arrow-functions-7.27.1.tgz 33596ms (cache miss)
2685 http fetch GET 200 https://registry.npmjs.org/@babel/plugin-transform-async-to-generator/-/plugin-transform-async-to-generator-7.28.6.tgz 33600ms (cache miss)
2686 http fetch GET 200 https://registry.npmjs.org/@babel/plugin-syntax-logical-assignment-operators/-/plugin-syntax-logical-assignment-operators-7.10.4.tgz 33554ms (cache miss)
2687 http fetch GET 200 https://registry.npmjs.org/@babel/plugin-syntax-optional-catch-binding/-/plugin-syntax-optional-catch-binding-7.8.3.tgz 33559ms (cache miss)
2688 http fetch GET 200 https://registry.npmjs.org/@babel/plugin-syntax-numeric-separator/-/plugin-syntax-numeric-separator-7.10.4.tgz 33557ms (cache miss)
2689 http fetch GET 200 https://registry.npmjs.org/@babel/plugin-syntax-object-rest-spread/-/plugin-syntax-object-rest-spread-7.8.3.tgz 33592ms (cache miss)
2690 http fetch GET 200 https://registry.npmjs.org/@babel/plugin-syntax-typescript/-/plugin-syntax-typescript-7.28.6.tgz 33612ms (cache miss)
2691 http fetch GET 200 https://registry.npmjs.org/@babel/plugin-syntax-nullish-coalescing-operator/-/plugin-syntax-nullish-coalescing-operator-7.8.3.tgz 33589ms (cache miss)
2692 http fetch GET 200 https://registry.npmjs.org/@babel/plugin-transform-async-generator-functions/-/plugin-transform-async-generator-functions-7.29.0.tgz 33621ms (cache miss)
2693 http fetch GET 200 https://registry.npmjs.org/@babel/plugin-syntax-json-strings/-/plugin-syntax-json-strings-7.8.3.tgz 33579ms (cache miss)
2694 http fetch GET 200 https://registry.npmjs.org/expo-speech-recognition/-/expo-speech-recognition-3.1.2.tgz 35784ms (cache miss)
2695 http fetch GET 200 https://registry.npmjs.org/@babel/plugin-syntax-class-static-block/-/plugin-syntax-class-static-block-7.14.5.tgz 33610ms (cache miss)
2696 http fetch GET 200 https://registry.npmjs.org/@babel/plugin-proposal-private-property-in-object/-/plugin-proposal-private-property-in-object-7.21.0-placeholder-for-preset-env.2.tgz 33629ms (cache miss)
2697 http fetch GET 200 https://registry.npmjs.org/@babel/plugin-syntax-async-generators/-/plugin-syntax-async-generators-7.8.4.tgz 33637ms (cache miss)
2698 http fetch GET 200 https://registry.npmjs.org/@babel/plugin-syntax-bigint/-/plugin-syntax-bigint-7.8.3.tgz 33639ms (cache miss)
2699 http fetch GET 200 https://registry.npmjs.org/@babel/plugin-syntax-import-meta/-/plugin-syntax-import-meta-7.10.4.tgz 33663ms (cache miss)
2700 http fetch GET 200 https://registry.npmjs.org/@babel/plugin-proposal-optional-chaining/-/plugin-proposal-optional-chaining-7.21.0.tgz 33630ms (cache miss)
2701 http fetch GET 200 https://registry.npmjs.org/@babel/plugin-syntax-class-properties/-/plugin-syntax-class-properties-7.12.13.tgz 33652ms (cache miss)
2702 http fetch GET 200 https://registry.npmjs.org/@babel/plugin-proposal-numeric-separator/-/plugin-proposal-numeric-separator-7.18.6.tgz 33641ms (cache miss)
2703 http fetch GET 200 https://registry.npmjs.org/@babel/plugin-syntax-jsx/-/plugin-syntax-jsx-7.28.6.tgz 33678ms (cache miss)
2704 http fetch GET 200 https://registry.npmjs.org/@babel/plugin-transform-destructuring/-/plugin-transform-destructuring-7.28.5.tgz 33901ms (cache miss)
2705 http fetch GET 200 https://registry.npmjs.org/@babel/plugin-proposal-nullish-coalescing-operator/-/plugin-proposal-nullish-coalescing-operator-7.18.6.tgz 33780ms (cache miss)
2706 http fetch GET 200 https://registry.npmjs.org/expo-image-picker/-/expo-image-picker-14.7.1.tgz 35980ms (cache miss)
2707 http fetch GET 200 https://registry.npmjs.org/babel-plugin-react-compiler/-/babel-plugin-react-compiler-1.0.0.tgz 35135ms (cache miss)
2708 http fetch GET 200 https://registry.npmjs.org/@babel/plugin-syntax-export-default-from/-/plugin-syntax-export-default-from-7.28.6.tgz 33836ms (cache miss)
2709 http fetch GET 200 https://registry.npmjs.org/@babel/plugin-syntax-import-attributes/-/plugin-syntax-import-attributes-7.28.6.tgz 33840ms (cache miss)
2710 http fetch GET 200 https://registry.npmjs.org/@babel/plugin-syntax-import-assertions/-/plugin-syntax-import-assertions-7.28.6.tgz 33840ms (cache miss)
2711 http fetch GET 200 https://registry.npmjs.org/@babel/plugin-syntax-flow/-/plugin-syntax-flow-7.28.6.tgz 33844ms (cache miss)
2712 warn deprecated @babel/plugin-proposal-numeric-separator@7.18.6: This proposal has been merged to the ECMAScript standard and thus this plugin is no longer maintained. Please use @babel/plugin-transform-numeric-separator instead.
2713 http fetch GET 200 https://registry.npmjs.org/@babel/plugin-syntax-decorators/-/plugin-syntax-decorators-7.28.6.tgz 33861ms (cache miss)
2714 warn deprecated @babel/plugin-proposal-nullish-coalescing-operator@7.18.6: This proposal has been merged to the ECMAScript standard and thus this plugin is no longer maintained. Please use @babel/plugin-transform-nullish-coalescing-operator instead.
2715 http fetch GET 200 https://registry.npmjs.org/@react-native/dev-middleware/-/dev-middleware-0.73.8.tgz 34637ms (cache miss)
2716 http fetch GET 200 https://registry.npmjs.org/@urql/core/-/core-2.3.6.tgz 34882ms (cache miss)
2717 http fetch GET 200 https://registry.npmjs.org/@babel/template/-/template-7.28.6.tgz 34259ms (cache miss)
2718 http fetch GET 200 https://registry.npmjs.org/@babel/plugin-transform-modules-commonjs/-/plugin-transform-modules-commonjs-7.28.6.tgz 34108ms (cache miss)
2719 http fetch GET 200 https://registry.npmjs.org/@babel/plugin-proposal-decorators/-/plugin-proposal-decorators-7.29.0.tgz 33937ms (cache miss)
2720 http fetch GET 200 https://registry.npmjs.org/@babel/plugin-proposal-class-properties/-/plugin-proposal-class-properties-7.18.6.tgz 33935ms (cache miss)
2721 http fetch GET 200 https://registry.npmjs.org/@babel/plugin-proposal-export-default-from/-/plugin-proposal-export-default-from-7.27.1.tgz 33943ms (cache miss)
2722 http fetch GET 200 https://registry.npmjs.org/eslint-plugin-node/-/eslint-plugin-node-11.1.0.tgz 36081ms (cache miss)
2723 http fetch GET 200 https://registry.npmjs.org/@babel/plugin-bugfix-v8-spread-parameters-in-optional-chaining/-/plugin-bugfix-v8-spread-parameters-in-optional-chaining-7.27.1.tgz 33964ms (cache miss)
2724 http fetch GET 200 https://registry.npmjs.org/@babel/plugin-transform-parameters/-/plugin-transform-parameters-7.27.7.tgz 34240ms (cache miss)
2725 warn deprecated @babel/plugin-proposal-optional-chaining@7.21.0: This proposal has been merged to the ECMAScript standard and thus this plugin is no longer maintained. Please use @babel/plugin-transform-optional-chaining instead.
2726 http fetch GET 200 https://registry.npmjs.org/@babel/plugin-bugfix-v8-static-class-fields-redefine-readonly/-/plugin-bugfix-v8-static-class-fields-redefine-readonly-7.28.6.tgz 34022ms (cache miss)
2727 http fetch GET 200 https://registry.npmjs.org/@babel/plugin-bugfix-safari-id-destructuring-collision-in-function-expression/-/plugin-bugfix-safari-id-destructuring-collision-in-function-expression-7.27.1.tgz 34025ms (cache miss)
2728 http fetch GET 200 https://registry.npmjs.org/@babel/plugin-proposal-optional-catch-binding/-/plugin-proposal-optional-catch-binding-7.18.6.tgz 34023ms (cache miss)
2729 http fetch GET 200 https://registry.npmjs.org/@babel/helper-validator-identifier/-/helper-validator-identifier-7.28.5.tgz 33996ms (cache miss)
2730 warn deprecated @babel/plugin-proposal-class-properties@7.18.6: This proposal has been merged to the ECMAScript standard and thus this plugin is no longer maintained. Please use @babel/plugin-transform-class-properties instead.
2731 http fetch GET 200 https://registry.npmjs.org/@babel/plugin-bugfix-safari-class-field-initializer-scope/-/plugin-bugfix-safari-class-field-initializer-scope-7.27.1.tgz 34094ms (cache miss)
2732 http fetch GET 200 https://registry.npmjs.org/@babel/plugin-bugfix-firefox-class-in-computed-class-key/-/plugin-bugfix-firefox-class-in-computed-class-key-7.28.5.tgz 34092ms (cache miss)
2733 http fetch GET 200 https://registry.npmjs.org/@babel/plugin-transform-for-of/-/plugin-transform-for-of-7.27.1.tgz 34087ms (cache miss)
2734 http fetch GET 200 https://registry.npmjs.org/@babel/highlight/-/highlight-7.25.9.tgz 34084ms (cache miss)
2735 http fetch GET 200 https://registry.npmjs.org/@babel/plugin-proposal-async-generator-functions/-/plugin-proposal-async-generator-functions-7.20.7.tgz 34109ms (cache miss)
2736 http fetch GET 200 https://registry.npmjs.org/@babel/plugin-transform-typescript/-/plugin-transform-typescript-7.28.6.tgz 34412ms (cache miss)
2737 http fetch GET 200 https://registry.npmjs.org/@eslint/config-array/-/config-array-0.21.2.tgz 34547ms (cache miss)
2738 http fetch GET 200 https://registry.npmjs.org/@react-navigation/routers/-/routers-6.1.9.tgz 34999ms (cache miss)
2739 warn deprecated @babel/plugin-proposal-optional-catch-binding@7.18.6: This proposal has been merged to the ECMAScript standard and thus this plugin is no longer maintained. Please use @babel/plugin-transform-optional-catch-binding instead.
2740 http fetch GET 200 https://registry.npmjs.org/@babel/helper-wrap-function/-/helper-wrap-function-7.28.6.tgz 34238ms (cache miss)
2741 http fetch GET 200 https://registry.npmjs.org/@babel/helper-validator-option/-/helper-validator-option-7.27.1.tgz 34229ms (cache miss)
2742 http fetch GET 200 https://registry.npmjs.org/@babel/helper-replace-supers/-/helper-replace-supers-7.28.6.tgz 34288ms (cache miss)
2743 http fetch GET 200 https://registry.npmjs.org/@babel/helper-string-parser/-/helper-string-parser-7.27.1.tgz 34314ms (cache miss)
2744 http fetch GET 200 https://registry.npmjs.org/@babel/helper-remap-async-to-generator/-/helper-remap-async-to-generator-7.27.1.tgz 34308ms (cache miss)
2745 http fetch GET 200 https://registry.npmjs.org/@babel/helper-module-imports/-/helper-module-imports-7.28.6.tgz 34307ms (cache miss)
2746 http fetch GET 200 https://registry.npmjs.org/@babel/helper-environment-visitor/-/helper-environment-visitor-7.24.7.tgz 34268ms (cache miss)
2747 http fetch GET 200 https://registry.npmjs.org/@babel/helper-plugin-utils/-/helper-plugin-utils-7.28.6.tgz 34315ms (cache miss)
2748 http fetch GET 200 https://registry.npmjs.org/@babel/plugin-proposal-object-rest-spread/-/plugin-proposal-object-rest-spread-7.20.7.tgz 34403ms (cache miss)
2749 http fetch GET 200 https://registry.npmjs.org/@babel/helper-globals/-/helper-globals-7.28.0.tgz 34301ms (cache miss)
2750 http fetch GET 200 https://registry.npmjs.org/@babel/helper-skip-transparent-expression-wrappers/-/helper-skip-transparent-expression-wrappers-7.27.1.tgz 34380ms (cache miss)
2751 http fetch GET 200 https://registry.npmjs.org/@babel/helper-optimise-call-expression/-/helper-optimise-call-expression-7.27.1.tgz 34298ms (cache miss)
2752 http fetch GET 200 https://registry.npmjs.org/strip-bom/-/strip-bom-3.0.0.tgz 34241ms (cache miss)
2753 http fetch GET 200 https://registry.npmjs.org/@babel/helper-create-regexp-features-plugin/-/helper-create-regexp-features-plugin-7.28.5.tgz 34349ms (cache miss)
2754 http fetch GET 200 https://registry.npmjs.org/universalify/-/universalify-0.2.0.tgz 34274ms (cache miss)
2755 http fetch GET 200 https://registry.npmjs.org/crypto-random-string/-/crypto-random-string-2.0.0.tgz 34321ms (cache miss)
2756 http fetch GET 200 https://registry.npmjs.org/ts-jest/-/ts-jest-29.0.5.tgz 38184ms (cache miss)
2757 http fetch GET 200 https://registry.npmjs.org/has-flag/-/has-flag-4.0.0.tgz 34314ms (cache miss)
2758 warn deprecated @babel/plugin-proposal-object-rest-spread@7.20.7: This proposal has been merged to the ECMAScript standard and thus this plugin is no longer maintained. Please use @babel/plugin-transform-object-rest-spread instead.
2759 http fetch GET 200 https://registry.npmjs.org/safe-buffer/-/safe-buffer-5.1.2.tgz 34383ms (cache miss)
2760 http fetch GET 200 https://registry.npmjs.org/color-name/-/color-name-1.1.3.tgz 34399ms (cache miss)
2761 http fetch GET 200 https://registry.npmjs.org/color-convert/-/color-convert-1.9.3.tgz 34395ms (cache miss)
2762 http fetch GET 200 https://registry.npmjs.org/ansi-styles/-/ansi-styles-3.2.1.tgz 34554ms (cache miss)
2763 http fetch GET 200 https://registry.npmjs.org/onetime/-/onetime-2.0.1.tgz 34533ms (cache miss)
2764 http fetch GET 200 https://registry.npmjs.org/has-flag/-/has-flag-4.0.0.tgz 34668ms (cache miss)
2765 http fetch GET 200 https://registry.npmjs.org/@babel/helper-member-expression-to-functions/-/helper-member-expression-to-functions-7.28.5.tgz 34874ms (cache miss)
2766 http fetch GET 200 https://registry.npmjs.org/@babel/helper-compilation-targets/-/helper-compilation-targets-7.28.6.tgz 34795ms (cache miss)
2767 http fetch GET 200 https://registry.npmjs.org/mimic-fn/-/mimic-fn-1.2.0.tgz 34578ms (cache miss)
2768 http fetch GET 200 https://registry.npmjs.org/isarray/-/isarray-1.0.0.tgz 34577ms (cache miss)
2769 http fetch GET 200 https://registry.npmjs.org/@babel/compat-data/-/compat-data-7.29.0.tgz 34800ms (cache miss)
2770 http fetch GET 200 https://registry.npmjs.org/@babel/plugin-transform-classes/-/plugin-transform-classes-7.28.6.tgz 35115ms (cache miss)
2771 http fetch GET 200 https://registry.npmjs.org/@babel/helper-annotate-as-pure/-/helper-annotate-as-pure-7.27.3.tgz 34893ms (cache miss)
2772 http fetch GET 200 https://registry.npmjs.org/safe-buffer/-/safe-buffer-5.1.2.tgz 34701ms (cache miss)
2773 http fetch GET 200 https://registry.npmjs.org/strip-json-comments/-/strip-json-comments-2.0.1.tgz 34677ms (cache miss)
2774 http fetch GET 200 https://registry.npmjs.org/ansi-styles/-/ansi-styles-5.2.0.tgz 34664ms (cache miss)
2775 http fetch GET 200 https://registry.npmjs.org/react-is/-/react-is-18.3.1.tgz 34671ms (cache miss)
2776 http fetch GET 200 https://registry.npmjs.org/@babel/plugin-syntax-dynamic-import/-/plugin-syntax-dynamic-import-7.8.3.tgz 34942ms (cache miss)
2777 http fetch GET 200 https://registry.npmjs.org/p-locate/-/p-locate-4.1.0.tgz 34660ms (cache miss)
2778 http fetch GET 200 https://registry.npmjs.org/@expo/image-utils/-/image-utils-0.4.2.tgz 35642ms (cache miss)
2779 http fetch GET 200 https://registry.npmjs.org/color-name/-/color-name-1.1.3.tgz 34645ms (cache miss)
2780 http fetch GET 200 https://registry.npmjs.org/color-convert/-/color-convert-1.9.3.tgz 34642ms (cache miss)
2781 warn deprecated @babel/plugin-proposal-async-generator-functions@7.20.7: This proposal has been merged to the ECMAScript standard and thus this plugin is no longer maintained. Please use @babel/plugin-transform-async-generator-functions instead.
2782 http fetch GET 200 https://registry.npmjs.org/supports-color/-/supports-color-5.5.0.tgz 34708ms (cache miss)
2783 http fetch GET 200 https://registry.npmjs.org/@react-native-community/cli-server-api/-/cli-server-api-12.3.6.tgz 35895ms (cache miss)
2784 http fetch GET 200 https://registry.npmjs.org/find-up/-/find-up-4.1.0.tgz 34831ms (cache miss)
2785 http fetch GET 200 https://registry.npmjs.org/escape-string-regexp/-/escape-string-regexp-1.0.5.tgz 34812ms (cache miss)
2786 http fetch GET 200 https://registry.npmjs.org/strip-ansi/-/strip-ansi-5.2.0.tgz 34826ms (cache miss)
2787 http fetch GET 200 https://registry.npmjs.org/expo-asset/-/expo-asset-9.0.2.tgz 37556ms (cache miss)
2788 http fetch GET 200 https://registry.npmjs.org/p-limit/-/p-limit-2.3.0.tgz 34925ms (cache miss)
2789 http fetch GET 200 https://registry.npmjs.org/chalk/-/chalk-2.4.2.tgz 34891ms (cache miss)
2790 http fetch GET 200 https://registry.npmjs.org/locate-path/-/locate-path-5.0.0.tgz 34912ms (cache miss)
2791 http fetch GET 200 https://registry.npmjs.org/ansi-regex/-/ansi-regex-4.1.1.tgz 34896ms (cache miss)
2792 http fetch GET 200 https://registry.npmjs.org/yallist/-/yallist-4.0.0.tgz 34904ms (cache miss)
2793 http fetch GET 200 https://registry.npmjs.org/@babel/plugin-transform-block-scoping/-/plugin-transform-block-scoping-7.28.6.tgz 35597ms (cache miss)
2794 http fetch GET 200 https://registry.npmjs.org/@babel/code-frame/-/code-frame-7.29.0.tgz 35750ms (cache miss)
2795 http fetch GET 200 https://registry.npmjs.org/ansi-styles/-/ansi-styles-3.2.1.tgz 35348ms (cache miss)
2796 http fetch GET 200 https://registry.npmjs.org/ms/-/ms-2.0.0.tgz 35328ms (cache miss)
2797 http fetch GET 200 https://registry.npmjs.org/commander/-/commander-2.20.3.tgz 35728ms (cache miss)
2798 http fetch GET 200 https://registry.npmjs.org/@jridgewell/trace-mapping/-/trace-mapping-0.3.31.tgz 36619ms (cache miss)
2799 http fetch GET 200 https://registry.npmjs.org/@jest/core/-/core-29.7.0.tgz 36612ms (cache miss)
2800 http fetch GET 200 https://registry.npmjs.org/locate-path/-/locate-path-5.0.0.tgz 35426ms (cache miss)
2801 http fetch GET 200 https://registry.npmjs.org/yallist/-/yallist-4.0.0.tgz 35540ms (cache miss)
2802 http fetch GET 200 https://registry.npmjs.org/ci-info/-/ci-info-2.0.0.tgz 35527ms (cache miss)
2803 http fetch GET 200 https://registry.npmjs.org/y18n/-/y18n-4.0.3.tgz 35533ms (cache miss)
2804 http fetch GET 200 https://registry.npmjs.org/p-limit/-/p-limit-2.3.0.tgz 35601ms (cache miss)
2805 http fetch GET 200 https://registry.npmjs.org/wrap-ansi/-/wrap-ansi-6.2.0.tgz 35630ms (cache miss)
2806 http fetch GET 200 https://registry.npmjs.org/supports-color/-/supports-color-5.5.0.tgz 35621ms (cache miss)
2807 http fetch GET 200 https://registry.npmjs.org/ms/-/ms-2.0.0.tgz 35625ms (cache miss)
2808 http fetch GET 200 https://registry.npmjs.org/ms/-/ms-2.0.0.tgz 35500ms (cache miss)
2809 http fetch GET 200 https://registry.npmjs.org/ms/-/ms-2.0.0.tgz 35708ms (cache miss)
2810 http fetch GET 200 https://registry.npmjs.org/escape-string-regexp/-/escape-string-regexp-1.0.5.tgz 35716ms (cache miss)
2811 http fetch GET 200 https://registry.npmjs.org/p-locate/-/p-locate-4.1.0.tgz 35719ms (cache miss)
2812 http fetch GET 200 https://registry.npmjs.org/find-up/-/find-up-4.1.0.tgz 35717ms (cache miss)
2813 http fetch GET 200 https://registry.npmjs.org/color-name/-/color-name-1.1.3.tgz 35807ms (cache miss)
2814 http fetch GET 200 https://registry.npmjs.org/md5/-/md5-2.2.1.tgz 35809ms (cache miss)
2815 http fetch GET 200 https://registry.npmjs.org/webidl-conversions/-/webidl-conversions-7.0.0.tgz 35801ms (cache miss)
2816 http fetch GET 200 https://registry.npmjs.org/strip-ansi/-/strip-ansi-7.2.0.tgz 35795ms (cache miss)
2817 http fetch GET 200 https://registry.npmjs.org/ansi-styles/-/ansi-styles-3.2.1.tgz 35804ms (cache miss)
2818 http fetch GET 200 https://registry.npmjs.org/supports-color/-/supports-color-8.1.1.tgz 35829ms (cache miss)
2819 http fetch GET 200 https://registry.npmjs.org/slash/-/slash-5.1.0.tgz 35810ms (cache miss)
2820 http fetch GET 200 https://registry.npmjs.org/string-length/-/string-length-5.0.1.tgz 35807ms (cache miss)
2821 http fetch GET 200 https://registry.npmjs.org/has-flag/-/has-flag-4.0.0.tgz 35782ms (cache miss)
2822 http fetch GET 200 https://registry.npmjs.org/ansi-regex/-/ansi-regex-6.2.2.tgz 35798ms (cache miss)
2823 http fetch GET 200 https://registry.npmjs.org/char-regex/-/char-regex-2.0.2.tgz 35801ms (cache miss)
2824 http fetch GET 200 https://registry.npmjs.org/shebang-regex/-/shebang-regex-3.0.0.tgz 35763ms (cache miss)
2825 http fetch GET 200 https://registry.npmjs.org/which/-/which-2.0.2.tgz 35775ms (cache miss)
2826 http fetch GET 200 https://registry.npmjs.org/path-key/-/path-key-3.1.1.tgz 35771ms (cache miss)
2827 http fetch GET 200 https://registry.npmjs.org/camelcase/-/camelcase-6.3.0.tgz 35805ms (cache miss)
2828 http fetch GET 200 https://registry.npmjs.org/npm-run-path/-/npm-run-path-4.0.1.tgz 35762ms (cache miss)
2829 http fetch GET 200 https://registry.npmjs.org/yallist/-/yallist-4.0.0.tgz 35729ms (cache miss)
2830 http fetch GET 200 https://registry.npmjs.org/get-stream/-/get-stream-6.0.1.tgz 35760ms (cache miss)
2831 http fetch GET 200 https://registry.npmjs.org/cross-spawn/-/cross-spawn-7.0.6.tgz 35763ms (cache miss)
2832 http fetch GET 200 https://registry.npmjs.org/is-glob/-/is-glob-2.0.1.tgz 35736ms (cache miss)
2833 http fetch GET 200 https://registry.npmjs.org/is-stream/-/is-stream-2.0.1.tgz 35756ms (cache miss)
2834 http fetch GET 200 https://registry.npmjs.org/is-extglob/-/is-extglob-1.0.0.tgz 35739ms (cache miss)
2835 http fetch GET 200 https://registry.npmjs.org/lru-cache/-/lru-cache-6.0.0.tgz 35729ms (cache miss)
2836 http fetch GET 200 https://registry.npmjs.org/pkg-dir/-/pkg-dir-3.0.0.tgz 35756ms (cache miss)
2837 http fetch GET 200 https://registry.npmjs.org/statuses/-/statuses-2.0.1.tgz 35773ms (cache miss)
2838 http fetch GET 200 https://registry.npmjs.org/resolve-from/-/resolve-from-4.0.0.tgz 35791ms (cache miss)
2839 http fetch GET 200 https://registry.npmjs.org/p-limit/-/p-limit-2.3.0.tgz 35765ms (cache miss)
2840 http fetch GET 200 https://registry.npmjs.org/p-locate/-/p-locate-3.0.0.tgz 35769ms (cache miss)
2841 http fetch GET 200 https://registry.npmjs.org/locate-path/-/locate-path-3.0.0.tgz 35757ms (cache miss)
2842 http fetch GET 200 https://registry.npmjs.org/jsonfile/-/jsonfile-6.2.0.tgz 35730ms (cache miss)
2843 http fetch GET 200 https://registry.npmjs.org/find-up/-/find-up-3.0.0.tgz 35749ms (cache miss)
2844 http fetch GET 200 https://registry.npmjs.org/make-dir/-/make-dir-2.1.0.tgz 35763ms (cache miss)
2845 http fetch GET 200 https://registry.npmjs.org/universalify/-/universalify-2.0.1.tgz 35749ms (cache miss)
2846 http fetch GET 200 https://registry.npmjs.org/cliui/-/cliui-6.0.0.tgz 35975ms (cache miss)
2847 http fetch GET 200 https://registry.npmjs.org/shebang-command/-/shebang-command-2.0.0.tgz 35853ms (cache miss)
2848 http fetch GET 200 https://registry.npmjs.org/react-is/-/react-is-19.2.4.tgz 35850ms (cache miss)
2849 http fetch GET 200 https://registry.npmjs.org/pretty-format/-/pretty-format-30.3.0.tgz 35842ms (cache miss)
2850 http fetch GET 200 https://registry.npmjs.org/path-exists/-/path-exists-3.0.0.tgz 35987ms (cache miss)
2851 http fetch GET 200 https://registry.npmjs.org/@babel/plugin-transform-regenerator/-/plugin-transform-regenerator-7.29.0.tgz 37087ms (cache miss)
2852 http fetch GET 200 https://registry.npmjs.org/scheduler/-/scheduler-0.27.0.tgz 35945ms (cache miss)
2853 http fetch GET 200 https://registry.npmjs.org/jest-matcher-utils/-/jest-matcher-utils-30.3.0.tgz 35932ms (cache miss)
2854 http fetch GET 200 https://registry.npmjs.org/react-is/-/react-is-18.3.1.tgz 35935ms (cache miss)
2855 http fetch GET 200 https://registry.npmjs.org/shebang-regex/-/shebang-regex-3.0.0.tgz 36046ms (cache miss)
2856 http fetch GET 200 https://registry.npmjs.org/which/-/which-2.0.2.tgz 36045ms (cache miss)
2857 http fetch GET 200 https://registry.npmjs.org/path-key/-/path-key-3.1.1.tgz 36027ms (cache miss)
2858 http fetch GET 200 https://registry.npmjs.org/cross-spawn/-/cross-spawn-7.0.6.tgz 36000ms (cache miss)
2859 http fetch GET 200 https://registry.npmjs.org/semver/-/semver-5.7.2.tgz 36452ms (cache miss)
2860 http fetch GET 200 https://registry.npmjs.org/brace-expansion/-/brace-expansion-5.0.5.tgz 36076ms (cache miss)
2861 http fetch GET 200 https://registry.npmjs.org/getenv/-/getenv-2.0.0.tgz 36088ms (cache miss)
2862 http fetch GET 200 https://registry.npmjs.org/balanced-match/-/balanced-match-4.0.4.tgz 36067ms (cache miss)
2863 http fetch GET 200 https://registry.npmjs.org/babel-plugin-syntax-hermes-parser/-/babel-plugin-syntax-hermes-parser-0.32.1.tgz 36070ms (cache miss)
2864 http fetch GET 200 https://registry.npmjs.org/jsonfile/-/jsonfile-6.2.0.tgz 36157ms (cache miss)
2865 http fetch GET 200 https://registry.npmjs.org/universalify/-/universalify-2.0.1.tgz 36153ms (cache miss)
2866 http fetch GET 200 https://registry.npmjs.org/babel-plugin-syntax-hermes-parser/-/babel-plugin-syntax-hermes-parser-0.32.0.tgz 36048ms (cache miss)
2867 http fetch GET 200 https://registry.npmjs.org/ansi-styles/-/ansi-styles-5.2.0.tgz 36117ms (cache miss)
2868 http fetch GET 200 https://registry.npmjs.org/babel-plugin-react-native-web/-/babel-plugin-react-native-web-0.21.2.tgz 36134ms (cache miss)
2869 http fetch GET 200 https://registry.npmjs.org/glob/-/glob-7.2.3.tgz 36116ms (cache miss)
2870 http fetch GET 200 https://registry.npmjs.org/react-is/-/react-is-19.2.4.tgz 36179ms (cache miss)
2871 http fetch GET 200 https://registry.npmjs.org/yargs-parser/-/yargs-parser-18.1.3.tgz 36576ms (cache miss)
2872 http fetch GET 200 https://registry.npmjs.org/eslint-visitor-keys/-/eslint-visitor-keys-1.3.0.tgz 36311ms (cache miss)
2873 http fetch GET 200 https://registry.npmjs.org/ansi-escapes/-/ansi-escapes-6.2.1.tgz 36359ms (cache miss)
2874 http fetch GET 200 https://registry.npmjs.org/@expo/spawn-async/-/spawn-async-1.7.2.tgz 36345ms (cache miss)
2875 http fetch GET 200 https://registry.npmjs.org/@react-native/babel-plugin-codegen/-/babel-plugin-codegen-0.83.4.tgz 36338ms (cache miss)
2876 http fetch GET 200 https://registry.npmjs.org/@jest/schemas/-/schemas-30.0.5.tgz 36341ms (cache miss)
2877 http fetch GET 200 https://registry.npmjs.org/path-key/-/path-key-3.1.1.tgz 36346ms (cache miss)
2878 http fetch GET 200 https://registry.npmjs.org/shebang-command/-/shebang-command-2.0.0.tgz 36355ms (cache miss)
2879 http fetch GET 200 https://registry.npmjs.org/which/-/which-2.0.2.tgz 36371ms (cache miss)
2880 http fetch GET 200 https://registry.npmjs.org/shebang-regex/-/shebang-regex-3.0.0.tgz 36358ms (cache miss)
2881 http fetch GET 200 https://registry.npmjs.org/json-schema-traverse/-/json-schema-traverse-0.4.1.tgz 36351ms (cache miss)
2882 http fetch GET 200 https://registry.npmjs.org/webidl-conversions/-/webidl-conversions-7.0.0.tgz 36506ms (cache miss)
2883 http fetch GET 200 https://registry.npmjs.org/cross-spawn/-/cross-spawn-7.0.6.tgz 36497ms (cache miss)
2884 http fetch GET 200 https://registry.npmjs.org/clone/-/clone-1.0.4.tgz 36523ms (cache miss)
2885 http fetch GET 200 https://registry.npmjs.org/webidl-conversions/-/webidl-conversions-7.0.0.tgz 36513ms (cache miss)
2886 http fetch GET 200 https://registry.npmjs.org/color-convert/-/color-convert-1.9.3.tgz 36916ms (cache miss)
2887 http fetch GET 200 https://registry.npmjs.org/@expo/package-manager/-/package-manager-1.10.4.tgz 38225ms (cache miss)
2888 http fetch GET 200 https://registry.npmjs.org/expo-modules-autolinking/-/expo-modules-autolinking-1.10.3.tgz 39950ms (cache miss)
2889 http fetch GET 200 https://registry.npmjs.org/ms/-/ms-2.0.0.tgz 36645ms (cache miss)
2890 http fetch GET 200 https://registry.npmjs.org/ms/-/ms-2.0.0.tgz 36664ms (cache miss)
2891 http fetch GET 200 https://registry.npmjs.org/negotiator/-/negotiator-0.6.4.tgz 36672ms (cache miss)
2892 http fetch GET 200 https://registry.npmjs.org/glob-parent/-/glob-parent-6.0.2.tgz 36850ms (cache miss)
2893 http fetch GET 200 https://registry.npmjs.org/picomatch/-/picomatch-4.0.4.tgz 37702ms (cache miss)
2894 http fetch GET 200 https://registry.npmjs.org/chalk/-/chalk-3.0.0.tgz 37154ms (cache miss)
2895 http fetch GET 200 https://registry.npmjs.org/source-map-support/-/source-map-support-0.5.13.tgz 37167ms (cache miss)
2896 http fetch GET 200 https://registry.npmjs.org/import-fresh/-/import-fresh-2.0.0.tgz 36821ms (cache miss)
2897 http fetch GET 200 https://registry.npmjs.org/yallist/-/yallist-4.0.0.tgz 36871ms (cache miss)
2898 http fetch GET 200 https://registry.npmjs.org/callsites/-/callsites-2.0.0.tgz 36884ms (cache miss)
2899 http fetch GET 200 https://registry.npmjs.org/resolve-from/-/resolve-from-3.0.0.tgz 36895ms (cache miss)
2900 http fetch GET 200 https://registry.npmjs.org/parse-json/-/parse-json-4.0.0.tgz 36878ms (cache miss)
2901 http fetch GET 200 https://registry.npmjs.org/chalk/-/chalk-2.4.2.tgz 37355ms (cache miss)
2902 http fetch GET 200 https://registry.npmjs.org/eslint-visitor-keys/-/eslint-visitor-keys-4.2.1.tgz 36982ms (cache miss)
2903 http fetch GET 200 https://registry.npmjs.org/semver/-/semver-5.7.2.tgz 37238ms (cache miss)
2904 http fetch GET 200 https://registry.npmjs.org/strip-ansi/-/strip-ansi-5.2.0.tgz 36979ms (cache miss)
2905 http fetch GET 200 https://registry.npmjs.org/mkdirp/-/mkdirp-0.5.6.tgz 36989ms (cache miss)
2906 http fetch GET 200 https://registry.npmjs.org/lru-cache/-/lru-cache-6.0.0.tgz 37078ms (cache miss)
2907 http fetch GET 200 https://registry.npmjs.org/ansi-regex/-/ansi-regex-4.1.1.tgz 37058ms (cache miss)
2908 http fetch GET 200 https://registry.npmjs.org/picomatch/-/picomatch-2.3.2.tgz 37882ms (cache miss)
2909 http fetch GET 200 https://registry.npmjs.org/shebang-command/-/shebang-command-2.0.0.tgz 37166ms (cache miss)
2910 http fetch GET 200 https://registry.npmjs.org/shebang-command/-/shebang-command-2.0.0.tgz 37092ms (cache miss)
2911 http fetch GET 200 https://registry.npmjs.org/shebang-command/-/shebang-command-2.0.0.tgz 37146ms (cache miss)
2912 http fetch GET 200 https://registry.npmjs.org/brace-expansion/-/brace-expansion-5.0.5.tgz 37154ms (cache miss)
2913 http fetch GET 200 https://registry.npmjs.org/shebang-regex/-/shebang-regex-3.0.0.tgz 37158ms (cache miss)
2914 http fetch GET 200 https://registry.npmjs.org/shebang-regex/-/shebang-regex-3.0.0.tgz 37096ms (cache miss)
2915 http fetch GET 200 https://registry.npmjs.org/which/-/which-2.0.2.tgz 37103ms (cache miss)
2916 http fetch GET 200 https://registry.npmjs.org/which/-/which-2.0.2.tgz 37157ms (cache miss)
2917 http fetch GET 200 https://registry.npmjs.org/npm-run-path/-/npm-run-path-4.0.1.tgz 37135ms (cache miss)
2918 http fetch GET 200 https://registry.npmjs.org/path-key/-/path-key-3.1.1.tgz 37148ms (cache miss)
2919 http fetch GET 200 https://registry.npmjs.org/ms/-/ms-2.0.0.tgz 37152ms (cache miss)
2920 http fetch GET 200 https://registry.npmjs.org/is-stream/-/is-stream-2.0.1.tgz 37133ms (cache miss)
2921 http fetch GET 200 https://registry.npmjs.org/get-stream/-/get-stream-6.0.1.tgz 37133ms (cache miss)
2922 http fetch GET 200 https://registry.npmjs.org/@expo/config-types/-/config-types-55.0.5.tgz 37373ms (cache miss)
2923 http fetch GET 200 https://registry.npmjs.org/cross-spawn/-/cross-spawn-7.0.6.tgz 37138ms (cache miss)
2924 http fetch GET 200 https://registry.npmjs.org/restore-cursor/-/restore-cursor-3.1.0.tgz 37136ms (cache miss)
2925 http fetch GET 200 https://registry.npmjs.org/jest-diff/-/jest-diff-30.3.0.tgz 37516ms (cache miss)
2926 http fetch GET 200 https://registry.npmjs.org/cli-cursor/-/cli-cursor-3.1.0.tgz 37192ms (cache miss)
2927 http fetch GET 200 https://registry.npmjs.org/open/-/open-6.4.0.tgz 37197ms (cache miss)
2928 http fetch GET 200 https://registry.npmjs.org/is-wsl/-/is-wsl-1.1.0.tgz 37199ms (cache miss)
2929 http fetch GET 200 https://registry.npmjs.org/log-symbols/-/log-symbols-4.1.0.tgz 37201ms (cache miss)
2930 http fetch GET 200 https://registry.npmjs.org/json5/-/json5-1.0.2.tgz 38262ms (cache miss)
2931 http fetch GET 200 https://registry.npmjs.org/mkdirp/-/mkdirp-0.5.6.tgz 37363ms (cache miss)
2932 warn deprecated glob@7.2.3: Old versions of glob are not supported, and contain widely publicized security vulnerabilities, which have been fixed in the current version. Please update. Support for old versions may be purchased (at exorbitant rates) by contacting i@izs.me
2933 http fetch GET 200 https://registry.npmjs.org/picomatch/-/picomatch-2.3.2.tgz 38019ms (cache miss)
2934 http fetch GET 200 https://registry.npmjs.org/path-key/-/path-key-3.1.1.tgz 37447ms (cache miss)
2935 http fetch GET 200 https://registry.npmjs.org/path-key/-/path-key-3.1.1.tgz 37414ms (cache miss)
2936 http fetch GET 200 https://registry.npmjs.org/react-is/-/react-is-17.0.2.tgz 37459ms (cache miss)
2937 http fetch GET 200 https://registry.npmjs.org/@react-native/babel-preset/-/babel-preset-0.73.21.tgz 37504ms (cache miss)
2938 http fetch GET 200 https://registry.npmjs.org/ora/-/ora-5.4.1.tgz 37501ms (cache miss)
2939 http fetch GET 200 https://registry.npmjs.org/restore-cursor/-/restore-cursor-3.1.0.tgz 37477ms (cache miss)
2940 http fetch GET 200 https://registry.npmjs.org/cli-cursor/-/cli-cursor-3.1.0.tgz 37527ms (cache miss)
2941 http fetch GET 200 https://registry.npmjs.org/log-symbols/-/log-symbols-4.1.0.tgz 37537ms (cache miss)
2942 http fetch GET 200 https://registry.npmjs.org/is-stream/-/is-stream-2.0.1.tgz 37533ms (cache miss)
2943 http fetch GET 200 https://registry.npmjs.org/@react-native/babel-plugin-codegen/-/babel-plugin-codegen-0.73.4.tgz 37644ms (cache miss)
2944 http fetch GET 200 https://registry.npmjs.org/is-stream/-/is-stream-2.0.1.tgz 37501ms (cache miss)
2945 http fetch GET 200 https://registry.npmjs.org/@jest/types/-/types-26.6.2.tgz 37563ms (cache miss)
2946 http fetch GET 200 https://registry.npmjs.org/npm-run-path/-/npm-run-path-4.0.1.tgz 37506ms (cache miss)
2947 http fetch GET 200 https://registry.npmjs.org/npm-run-path/-/npm-run-path-4.0.1.tgz 37537ms (cache miss)
2948 http fetch GET 200 https://registry.npmjs.org/cross-spawn/-/cross-spawn-7.0.6.tgz 37674ms (cache miss)
2949 http fetch GET 200 https://registry.npmjs.org/cross-spawn/-/cross-spawn-7.0.6.tgz 37645ms (cache miss)
2950 http fetch GET 200 https://registry.npmjs.org/shebang-command/-/shebang-command-2.0.0.tgz 37712ms (cache miss)
2951 http fetch GET 200 https://registry.npmjs.org/shebang-command/-/shebang-command-2.0.0.tgz 37755ms (cache miss)
2952 http fetch GET 200 https://registry.npmjs.org/which/-/which-2.0.2.tgz 37768ms (cache miss)
2953 http fetch GET 200 https://registry.npmjs.org/which/-/which-2.0.2.tgz 37720ms (cache miss)
2954 http fetch GET 200 https://registry.npmjs.org/shebang-regex/-/shebang-regex-3.0.0.tgz 37730ms (cache miss)
2955 http fetch GET 200 https://registry.npmjs.org/shebang-regex/-/shebang-regex-3.0.0.tgz 37760ms (cache miss)
2956 http fetch GET 200 https://registry.npmjs.org/get-stream/-/get-stream-6.0.1.tgz 37854ms (cache miss)
2957 http fetch GET 200 https://registry.npmjs.org/get-stream/-/get-stream-6.0.1.tgz 37845ms (cache miss)
2958 http fetch GET 200 https://registry.npmjs.org/get-stream/-/get-stream-6.0.1.tgz 37809ms (cache miss)
2959 http fetch GET 200 https://registry.npmjs.org/ansi-regex/-/ansi-regex-4.1.1.tgz 37853ms (cache miss)
2960 http fetch GET 200 https://registry.npmjs.org/get-stream/-/get-stream-6.0.1.tgz 37780ms (cache miss)
2961 http fetch GET 200 https://registry.npmjs.org/strip-ansi/-/strip-ansi-5.2.0.tgz 37845ms (cache miss)
2962 http fetch GET 200 https://registry.npmjs.org/@babel/register/-/register-7.28.6.tgz 39549ms (cache miss)
2963 http fetch GET 200 https://registry.npmjs.org/ora/-/ora-5.4.1.tgz 37983ms (cache miss)
2964 http fetch GET 200 https://registry.npmjs.org/@react-native/babel-preset/-/babel-preset-0.73.21.tgz 38084ms (cache miss)
2965 http fetch GET 200 https://registry.npmjs.org/restore-cursor/-/restore-cursor-3.1.0.tgz 37958ms (cache miss)
2966 http fetch GET 200 https://registry.npmjs.org/path-key/-/path-key-3.1.1.tgz 37904ms (cache miss)
2967 http fetch GET 200 https://registry.npmjs.org/path-key/-/path-key-3.1.1.tgz 37927ms (cache miss)
2968 http fetch GET 200 https://registry.npmjs.org/path-key/-/path-key-3.1.1.tgz 37964ms (cache miss)
2969 http fetch GET 200 https://registry.npmjs.org/is-stream/-/is-stream-2.0.1.tgz 37919ms (cache miss)
2970 http fetch GET 200 https://registry.npmjs.org/is-stream/-/is-stream-2.0.1.tgz 37954ms (cache miss)
2971 http fetch GET 200 https://registry.npmjs.org/is-stream/-/is-stream-2.0.1.tgz 37894ms (cache miss)
2972 http fetch GET 200 https://registry.npmjs.org/log-symbols/-/log-symbols-4.1.0.tgz 37950ms (cache miss)
2973 http fetch GET 200 https://registry.npmjs.org/strip-ansi/-/strip-ansi-6.0.1.tgz 37960ms (cache miss)
2974 http fetch GET 200 https://registry.npmjs.org/expo-font/-/expo-font-11.10.3.tgz 41514ms (cache miss)
2975 http fetch GET 200 https://registry.npmjs.org/semver/-/semver-5.7.2.tgz 38249ms (cache miss)
2976 http fetch GET 200 https://registry.npmjs.org/@react-native/babel-plugin-codegen/-/babel-plugin-codegen-0.73.4.tgz 38040ms (cache miss)
2977 http fetch GET 200 https://registry.npmjs.org/ora/-/ora-5.4.1.tgz 38046ms (cache miss)
2978 http fetch GET 200 https://registry.npmjs.org/which/-/which-2.0.2.tgz 38025ms (cache miss)
2979 http fetch GET 200 https://registry.npmjs.org/execa/-/execa-5.1.1.tgz 37984ms (cache miss)
2980 http fetch GET 200 https://registry.npmjs.org/which/-/which-2.0.2.tgz 37943ms (cache miss)
2981 http fetch GET 200 https://registry.npmjs.org/which/-/which-2.0.2.tgz 38049ms (cache miss)
2982 http fetch GET 200 https://registry.npmjs.org/cross-spawn/-/cross-spawn-7.0.6.tgz 38044ms (cache miss)
2983 http fetch GET 200 https://registry.npmjs.org/cross-spawn/-/cross-spawn-7.0.6.tgz 38023ms (cache miss)
2984 http fetch GET 200 https://registry.npmjs.org/which/-/which-2.0.2.tgz 37916ms (cache miss)
2985 http fetch GET 200 https://registry.npmjs.org/cross-spawn/-/cross-spawn-7.0.6.tgz 37981ms (cache miss)
2986 http fetch GET 200 https://registry.npmjs.org/execa/-/execa-5.1.1.tgz 38052ms (cache miss)
2987 http fetch GET 200 https://registry.npmjs.org/cross-spawn/-/cross-spawn-7.0.6.tgz 37921ms (cache miss)
2988 http fetch GET 200 https://registry.npmjs.org/cli-cursor/-/cli-cursor-3.1.0.tgz 38044ms (cache miss)
2989 http fetch GET 200 https://registry.npmjs.org/shebang-regex/-/shebang-regex-3.0.0.tgz 38042ms (cache miss)
2990 http fetch GET 200 https://registry.npmjs.org/shebang-regex/-/shebang-regex-3.0.0.tgz 37943ms (cache miss)
2991 http fetch GET 200 https://registry.npmjs.org/shebang-regex/-/shebang-regex-3.0.0.tgz 37922ms (cache miss)
2992 http fetch GET 200 https://registry.npmjs.org/shebang-command/-/shebang-command-2.0.0.tgz 38041ms (cache miss)
2993 http fetch GET 200 https://registry.npmjs.org/shebang-command/-/shebang-command-2.0.0.tgz 38021ms (cache miss)
2994 http fetch GET 200 https://registry.npmjs.org/shebang-regex/-/shebang-regex-3.0.0.tgz 38024ms (cache miss)
2995 http fetch GET 200 https://registry.npmjs.org/shebang-command/-/shebang-command-2.0.0.tgz 37941ms (cache miss)
2996 http fetch GET 200 https://registry.npmjs.org/shebang-command/-/shebang-command-2.0.0.tgz 37921ms (cache miss)
2997 http fetch GET 200 https://registry.npmjs.org/npm-run-path/-/npm-run-path-4.0.1.tgz 38007ms (cache miss)
2998 http fetch GET 200 https://registry.npmjs.org/npm-run-path/-/npm-run-path-4.0.1.tgz 38034ms (cache miss)
2999 http fetch GET 200 https://registry.npmjs.org/ignore/-/ignore-7.0.5.tgz 38251ms (cache miss)
3000 http fetch GET 200 https://registry.npmjs.org/p-limit/-/p-limit-2.3.0.tgz 37979ms (cache miss)
3001 http fetch GET 200 https://registry.npmjs.org/p-limit/-/p-limit-2.3.0.tgz 38022ms (cache miss)
3002 http fetch GET 200 https://registry.npmjs.org/p-locate/-/p-locate-4.1.0.tgz 38026ms (cache miss)
3003 http fetch GET 200 https://registry.npmjs.org/p-locate/-/p-locate-4.1.0.tgz 37994ms (cache miss)
3004 http fetch GET 200 https://registry.npmjs.org/picomatch/-/picomatch-2.3.2.tgz 38813ms (cache miss)
3005 http fetch GET 200 https://registry.npmjs.org/locate-path/-/locate-path-5.0.0.tgz 38191ms (cache miss)
3006 http fetch GET 200 https://registry.npmjs.org/locate-path/-/locate-path-5.0.0.tgz 38221ms (cache miss)
3007 http fetch GET 200 https://registry.npmjs.org/find-up/-/find-up-4.1.0.tgz 38217ms (cache miss)
3008 http fetch GET 200 https://registry.npmjs.org/find-up/-/find-up-4.1.0.tgz 38185ms (cache miss)
3009 http fetch GET 200 https://registry.npmjs.org/get-stream/-/get-stream-6.0.1.tgz 38215ms (cache miss)
3010 http fetch GET 200 https://registry.npmjs.org/write-file-atomic/-/write-file-atomic-4.0.2.tgz 38205ms (cache miss)
3011 http fetch GET 200 https://registry.npmjs.org/open/-/open-7.4.2.tgz 38446ms (cache miss)
3012 http fetch GET 200 https://registry.npmjs.org/tr46/-/tr46-3.0.0.tgz 38985ms (cache miss)
3013 http fetch GET 200 https://registry.npmjs.org/@types/yargs/-/yargs-15.0.20.tgz 38492ms (cache miss)
3014 http fetch GET 200 https://registry.npmjs.org/universalify/-/universalify-2.0.1.tgz 38293ms (cache miss)
3015 http fetch GET 200 https://registry.npmjs.org/universalify/-/universalify-2.0.1.tgz 38230ms (cache miss)
3016 http fetch GET 200 https://registry.npmjs.org/yallist/-/yallist-4.0.0.tgz 38299ms (cache miss)
3017 http fetch GET 200 https://registry.npmjs.org/jsonfile/-/jsonfile-6.2.0.tgz 38282ms (cache miss)
3018 http fetch GET 200 https://registry.npmjs.org/jsonfile/-/jsonfile-6.2.0.tgz 38233ms (cache miss)
3019 http fetch GET 200 https://registry.npmjs.org/lru-cache/-/lru-cache-6.0.0.tgz 38274ms (cache miss)
3020 http fetch GET 200 https://registry.npmjs.org/@react-native/gradle-plugin/-/gradle-plugin-0.73.4.tgz 40530ms (cache miss)
3021 http fetch GET 200 https://registry.npmjs.org/validate-npm-package-name/-/validate-npm-package-name-5.0.1.tgz 38358ms (cache miss)
3022 http fetch GET 200 https://registry.npmjs.org/path-key/-/path-key-3.1.1.tgz 38339ms (cache miss)
3023 http fetch GET 200 https://registry.npmjs.org/path-key/-/path-key-3.1.1.tgz 38351ms (cache miss)
3024 http fetch GET 200 https://registry.npmjs.org/path-key/-/path-key-3.1.1.tgz 38303ms (cache miss)
3025 http fetch GET 200 https://registry.npmjs.org/hosted-git-info/-/hosted-git-info-7.0.2.tgz 38349ms (cache miss)
3026 http fetch GET 200 https://registry.npmjs.org/npm-package-arg/-/npm-package-arg-11.0.3.tgz 38356ms (cache miss)
3027 http fetch GET 200 https://registry.npmjs.org/@react-native/babel-preset/-/babel-preset-0.83.4.tgz 38960ms (cache miss)
3028 http fetch GET 200 https://registry.npmjs.org/globals/-/globals-15.15.0.tgz 38898ms (cache miss)
3029 http fetch GET 200 https://registry.npmjs.org/cross-spawn/-/cross-spawn-7.0.6.tgz 38441ms (cache miss)
3030 http fetch GET 200 https://registry.npmjs.org/cross-spawn/-/cross-spawn-7.0.6.tgz 38418ms (cache miss)
3031 http fetch GET 200 https://registry.npmjs.org/@expo/spawn-async/-/spawn-async-1.7.2.tgz 38436ms (cache miss)
3032 http fetch GET 200 https://registry.npmjs.org/@expo/spawn-async/-/spawn-async-1.7.2.tgz 38444ms (cache miss)
3033 http fetch GET 200 https://registry.npmjs.org/@expo/spawn-async/-/spawn-async-1.7.2.tgz 38407ms (cache miss)
3034 http fetch GET 200 https://registry.npmjs.org/which/-/which-2.0.2.tgz 38433ms (cache miss)
3035 http fetch GET 200 https://registry.npmjs.org/shebang-regex/-/shebang-regex-3.0.0.tgz 38435ms (cache miss)
3036 http fetch GET 200 https://registry.npmjs.org/@expo/json-file/-/json-file-10.0.13.tgz 38442ms (cache miss)
3037 http fetch GET 200 https://registry.npmjs.org/shebang-command/-/shebang-command-2.0.0.tgz 38432ms (cache miss)
3038 http fetch GET 200 https://registry.npmjs.org/type-fest/-/type-fest-0.3.1.tgz 38907ms (cache miss)
3039 http fetch GET 200 https://registry.npmjs.org/universalify/-/universalify-1.0.0.tgz 38916ms (cache miss)
3040 http fetch GET 200 https://registry.npmjs.org/argparse/-/argparse-2.0.1.tgz 39036ms (cache miss)
3041 http fetch GET 200 https://registry.npmjs.org/universalify/-/universalify-2.0.1.tgz 39012ms (cache miss)
3042 http fetch GET 200 https://registry.npmjs.org/tempy/-/tempy-0.3.0.tgz 39010ms (cache miss)
3043 http fetch GET 200 https://registry.npmjs.org/yallist/-/yallist-4.0.0.tgz 38996ms (cache miss)
3044 http fetch GET 200 https://registry.npmjs.org/unique-string/-/unique-string-1.0.0.tgz 39008ms (cache miss)
3045 http fetch GET 200 https://registry.npmjs.org/temp-dir/-/temp-dir-1.0.0.tgz 39006ms (cache miss)
3046 http fetch GET 200 https://registry.npmjs.org/debug/-/debug-3.2.7.tgz 39626ms (cache miss)
3047 http fetch GET 200 https://registry.npmjs.org/debug/-/debug-3.2.7.tgz 39644ms (cache miss)
3048 http fetch GET 200 https://registry.npmjs.org/debug/-/debug-3.2.7.tgz 39644ms (cache miss)
3049 http fetch GET 200 https://registry.npmjs.org/execa/-/execa-5.1.1.tgz 39917ms (cache miss)
3050 http fetch GET 200 https://registry.npmjs.org/lru-cache/-/lru-cache-6.0.0.tgz 39140ms (cache miss)
3051 http fetch GET 200 https://registry.npmjs.org/@babel/code-frame/-/code-frame-7.10.4.tgz 39190ms (cache miss)
3052 http fetch GET 200 https://registry.npmjs.org/glob/-/glob-7.1.6.tgz 39148ms (cache miss)
3053 http fetch GET 200 https://registry.npmjs.org/eslint-visitor-keys/-/eslint-visitor-keys-4.2.1.tgz 39728ms (cache miss)
3054 http fetch GET 200 https://registry.npmjs.org/@expo/devcert/-/devcert-1.2.1.tgz 41242ms (cache miss)
3055 http fetch GET 200 https://registry.npmjs.org/json-schema-traverse/-/json-schema-traverse-0.4.1.tgz 39201ms (cache miss)
3056 http fetch GET 200 https://registry.npmjs.org/supports-color/-/supports-color-5.5.0.tgz 39186ms (cache miss)
3057 http fetch GET 200 https://registry.npmjs.org/eslint-visitor-keys/-/eslint-visitor-keys-3.4.3.tgz 39207ms (cache miss)
3058 http fetch GET 200 https://registry.npmjs.org/@expo/xcpretty/-/xcpretty-4.4.1.tgz 41357ms (cache miss)
3059 http fetch GET 200 https://registry.npmjs.org/make-dir/-/make-dir-2.1.0.tgz 39323ms (cache miss)
3060 http fetch GET 200 https://registry.npmjs.org/color-name/-/color-name-1.1.3.tgz 39313ms (cache miss)
3061 http fetch GET 200 https://registry.npmjs.org/escape-string-regexp/-/escape-string-regexp-1.0.5.tgz 39320ms (cache miss)
3062 http fetch GET 200 https://registry.npmjs.org/ansi-styles/-/ansi-styles-3.2.1.tgz 39313ms (cache miss)
3063 http fetch GET 200 https://registry.npmjs.org/slash/-/slash-2.0.0.tgz 39321ms (cache miss)
3064 http fetch GET 200 https://registry.npmjs.org/make-dir/-/make-dir-2.1.0.tgz 39307ms (cache miss)
3065 http fetch GET 200 https://registry.npmjs.org/npm-run-path/-/npm-run-path-4.0.1.tgz 39385ms (cache miss)
3066 http fetch GET 200 https://registry.npmjs.org/yallist/-/yallist-3.1.1.tgz 36262ms (cache miss)
3067 http fetch GET 200 https://registry.npmjs.org/which-builtin-type/-/which-builtin-type-1.2.1.tgz 36279ms (cache miss)
3068 http fetch GET 200 https://registry.npmjs.org/ast-types/-/ast-types-0.15.2.tgz 42314ms (cache miss)
3069 http fetch GET 200 https://registry.npmjs.org/glob/-/glob-7.1.6.tgz 39533ms (cache miss)
3070 http fetch GET 200 https://registry.npmjs.org/@babel/code-frame/-/code-frame-7.10.4.tgz 39530ms (cache miss)
3071 http fetch GET 200 https://registry.npmjs.org/which/-/which-1.3.1.tgz 36379ms (cache miss)
3072 http fetch GET 200 https://registry.npmjs.org/walker/-/walker-1.0.8.tgz 36349ms (cache miss)
3073 http fetch GET 200 https://registry.npmjs.org/write-file-atomic/-/write-file-atomic-2.4.3.tgz 36342ms (cache miss)
3074 http fetch GET 200 https://registry.npmjs.org/wcwidth/-/wcwidth-1.0.1.tgz 35914ms (cache miss)
3075 http fetch GET 200 https://registry.npmjs.org/yocto-queue/-/yocto-queue-0.1.0.tgz 35763ms (cache miss)
3076 http fetch GET 200 https://registry.npmjs.org/wrappy/-/wrappy-1.0.2.tgz 35733ms (cache miss)
3077 http fetch GET 200 https://registry.npmjs.org/warn-once/-/warn-once-0.1.1.tgz 35979ms (cache miss)
3078 http fetch GET 200 https://registry.npmjs.org/which-boxed-primitive/-/which-boxed-primitive-1.1.1.tgz 36382ms (cache miss)
3079 http fetch GET 200 https://registry.npmjs.org/utils-merge/-/utils-merge-1.0.1.tgz 35785ms (cache miss)
3080 http fetch GET 200 https://registry.npmjs.org/webidl-conversions/-/webidl-conversions-3.0.1.tgz 35717ms (cache miss)
3081 http fetch GET 200 https://registry.npmjs.org/unicode-match-property-ecmascript/-/unicode-match-property-ecmascript-2.0.0.tgz 35655ms (cache miss)
3082 http fetch GET 200 https://registry.npmjs.org/wrap-ansi/-/wrap-ansi-7.0.0.tgz 35621ms (cache miss)
3083 http fetch GET 200 https://registry.npmjs.org/which-collection/-/which-collection-1.0.2.tgz 35600ms (cache miss)
3084 http fetch GET 200 https://registry.npmjs.org/whatwg-fetch/-/whatwg-fetch-3.6.20.tgz 35461ms (cache miss)
3085 http fetch GET 200 https://registry.npmjs.org/update-browserslist-db/-/update-browserslist-db-1.2.3.tgz 35553ms (cache miss)
3086 http fetch GET 200 https://registry.npmjs.org/unicode-property-aliases-ecmascript/-/unicode-property-aliases-ecmascript-2.2.0.tgz 35549ms (cache miss)
3087 http fetch GET 200 https://registry.npmjs.org/unicode-match-property-value-ecmascript/-/unicode-match-property-value-ecmascript-2.2.1.tgz 35458ms (cache miss)
3088 http fetch GET 200 https://registry.npmjs.org/jsonfile/-/jsonfile-6.2.0.tgz 39640ms (cache miss)
3089 http fetch GET 200 https://registry.npmjs.org/use-latest-callback/-/use-latest-callback-0.2.6.tgz 35152ms (cache miss)
3090 http fetch GET 200 https://registry.npmjs.org/url-join/-/url-join-4.0.0.tgz 35188ms (cache miss)
3091 http fetch GET 200 https://registry.npmjs.org/validate-npm-package-name/-/validate-npm-package-name-3.0.0.tgz 35153ms (cache miss)
3092 http fetch GET 200 https://registry.npmjs.org/text-table/-/text-table-0.2.0.tgz 35050ms (cache miss)
3093 http fetch GET 200 https://registry.npmjs.org/toidentifier/-/toidentifier-1.0.1.tgz 35113ms (cache miss)
3094 http fetch GET 200 https://registry.npmjs.org/to-regex-range/-/to-regex-range-5.0.1.tgz 35036ms (cache miss)
3095 http fetch GET 200 https://registry.npmjs.org/react-refresh/-/react-refresh-0.14.0.tgz 40131ms (cache miss)
3096 http fetch GET 200 https://registry.npmjs.org/unpipe/-/unpipe-1.0.0.tgz 35784ms (cache miss)
3097 http fetch GET 200 https://registry.npmjs.org/whatwg-url/-/whatwg-url-5.0.0.tgz 35641ms (cache miss)
3098 http fetch GET 200 https://registry.npmjs.org/xml2js/-/xml2js-0.6.0.tgz 35652ms (cache miss)
3099 http fetch GET 200 https://registry.npmjs.org/unique-filename/-/unique-filename-1.1.1.tgz 35594ms (cache miss)
3100 http fetch GET 200 https://registry.npmjs.org/valid-url/-/valid-url-1.0.9.tgz 35548ms (cache miss)
3101 http fetch GET 200 https://registry.npmjs.org/y18n/-/y18n-5.0.8.tgz 35415ms (cache miss)
3102 http fetch GET 200 https://registry.npmjs.org/yargs-parser/-/yargs-parser-21.1.1.tgz 36233ms (cache miss)
3103 http fetch GET 200 https://registry.npmjs.org/ws/-/ws-8.20.0.tgz 35947ms (cache miss)
3104 http fetch GET 200 https://registry.npmjs.org/which-typed-array/-/which-typed-array-1.1.20.tgz 35411ms (cache miss)
3105 http fetch GET 200 https://registry.npmjs.org/whatwg-url-without-unicode/-/whatwg-url-without-unicode-8.0.0-3.tgz 35404ms (cache miss)
3106 http fetch GET 200 https://registry.npmjs.org/tr46/-/tr46-3.0.0.tgz 40269ms (cache miss)
3107 http fetch GET 200 https://registry.npmjs.org/unicode-canonical-property-names-ecmascript/-/unicode-canonical-property-names-ecmascript-2.0.1.tgz 35102ms (cache miss)
3108 http fetch GET 200 https://registry.npmjs.org/type-detect/-/type-detect-4.0.8.tgz 35060ms (cache miss)
3109 http fetch GET 200 https://registry.npmjs.org/typed-array-byte-offset/-/typed-array-byte-offset-1.0.4.tgz 35130ms (cache miss)
3110 http fetch GET 200 https://registry.npmjs.org/tslib/-/tslib-2.8.1.tgz 35163ms (cache miss)
3111 http fetch GET 200 https://registry.npmjs.org/universalify/-/universalify-0.1.2.tgz 34876ms (cache miss)
3112 http fetch GET 200 https://registry.npmjs.org/typed-array-buffer/-/typed-array-buffer-1.0.3.tgz 35068ms (cache miss)
3113 http fetch GET 200 https://registry.npmjs.org/typedarray.prototype.slice/-/typedarray.prototype.slice-1.0.5.tgz 35055ms (cache miss)
3114 http fetch GET 200 https://registry.npmjs.org/strip-bom/-/strip-bom-4.0.0.tgz 34845ms (cache miss)
3115 http fetch GET 200 https://registry.npmjs.org/temp-dir/-/temp-dir-2.0.0.tgz 34840ms (cache miss)
3116 http fetch GET 200 https://registry.npmjs.org/test-exclude/-/test-exclude-6.0.0.tgz 35001ms (cache miss)
3117 http fetch GET 200 https://registry.npmjs.org/unique-string/-/unique-string-2.0.0.tgz 35364ms (cache miss)
3118 http fetch GET 200 https://registry.npmjs.org/tinyglobby/-/tinyglobby-0.2.16.tgz 35206ms (cache miss)
3119 http fetch GET 200 https://registry.npmjs.org/unique-slug/-/unique-slug-2.0.2.tgz 35157ms (cache miss)
3120 http fetch GET 200 https://registry.npmjs.org/undici-types/-/undici-types-7.18.2.tgz 35007ms (cache miss)
3121 http fetch GET 200 https://registry.npmjs.org/supports-preserve-symlinks-flag/-/supports-preserve-symlinks-flag-1.0.0.tgz 34868ms (cache miss)
3122 http fetch GET 200 https://registry.npmjs.org/strict-uri-encode/-/strict-uri-encode-2.0.0.tgz 34896ms (cache miss)
3123 http fetch GET 200 https://registry.npmjs.org/picomatch/-/picomatch-2.3.2.tgz 40312ms (cache miss)
3124 http fetch GET 200 https://registry.npmjs.org/@expo/plist/-/plist-0.5.2.tgz 40525ms (cache miss)
3125 http fetch GET 200 https://registry.npmjs.org/tr46/-/tr46-0.0.3.tgz 35295ms (cache miss)
3126 http fetch GET 200 https://registry.npmjs.org/uuid/-/uuid-8.3.2.tgz 35234ms (cache miss)
3127 http fetch GET 200 https://registry.npmjs.org/tempy/-/tempy-0.7.1.tgz 34878ms (cache miss)
3128 http fetch GET 200 https://registry.npmjs.org/terminal-link/-/terminal-link-2.1.1.tgz 34939ms (cache miss)
3129 http fetch GET 200 https://registry.npmjs.org/strip-ansi/-/strip-ansi-6.0.1.tgz 34772ms (cache miss)
3130 http fetch GET 200 https://registry.npmjs.org/shebang-command/-/shebang-command-1.2.0.tgz 34822ms (cache miss)
3131 http fetch GET 200 https://registry.npmjs.org/strip-eof/-/strip-eof-1.0.0.tgz 34828ms (cache miss)
3132 http fetch GET 200 https://registry.npmjs.org/string-length/-/string-length-4.0.2.tgz 34819ms (cache miss)
3133 http fetch GET 200 https://registry.npmjs.org/temp/-/temp-0.8.4.tgz 34865ms (cache miss)
3134 http fetch GET 200 https://registry.npmjs.org/simple-swizzle/-/simple-swizzle-0.2.4.tgz 34819ms (cache miss)
3135 http fetch GET 200 https://registry.npmjs.org/supports-hyperlinks/-/supports-hyperlinks-2.3.0.tgz 34866ms (cache miss)
3136 http fetch GET 200 https://registry.npmjs.org/slash/-/slash-3.0.0.tgz 34770ms (cache miss)
3137 http fetch GET 200 https://registry.npmjs.org/sprintf-js/-/sprintf-js-1.0.3.tgz 34746ms (cache miss)
3138 http fetch GET 200 https://registry.npmjs.org/shell-quote/-/shell-quote-1.8.3.tgz 34777ms (cache miss)
3139 http fetch GET 200 https://registry.npmjs.org/split-on-first/-/split-on-first-1.1.0.tgz 34680ms (cache miss)
3140 http fetch GET 200 https://registry.npmjs.org/string-width/-/string-width-4.2.3.tgz 34626ms (cache miss)
3141 http fetch GET 200 https://registry.npmjs.org/strip-final-newline/-/strip-final-newline-2.0.0.tgz 34615ms (cache miss)
3142 http fetch GET 200 https://registry.npmjs.org/stack-utils/-/stack-utils-2.0.6.tgz 34683ms (cache miss)
3143 http fetch GET 200 https://registry.npmjs.org/statuses/-/statuses-1.5.0.tgz 34556ms (cache miss)
3144 http fetch GET 200 https://registry.npmjs.org/v8-to-istanbul/-/v8-to-istanbul-9.3.0.tgz 34387ms (cache miss)
3145 http fetch GET 200 https://registry.npmjs.org/simple-plist/-/simple-plist-1.3.1.tgz 34539ms (cache miss)
3146 http fetch GET 200 https://registry.npmjs.org/slugify/-/slugify-1.6.9.tgz 34393ms (cache miss)
3147 http fetch GET 200 https://registry.npmjs.org/restore-cursor/-/restore-cursor-2.0.0.tgz 34551ms (cache miss)
3148 http fetch GET 200 https://registry.npmjs.org/shebang-regex/-/shebang-regex-1.0.0.tgz 34369ms (cache miss)
3149 http fetch GET 200 https://registry.npmjs.org/xmlbuilder/-/xmlbuilder-14.0.0.tgz 35659ms (cache miss)
3150 http fetch GET 200 https://registry.npmjs.org/ua-parser-js/-/ua-parser-js-1.0.41.tgz 35177ms (cache miss)
3151 http fetch GET 200 https://registry.npmjs.org/traverse/-/traverse-0.6.11.tgz 35166ms (cache miss)
3152 http fetch GET 200 https://registry.npmjs.org/ts-interface-checker/-/ts-interface-checker-0.1.13.tgz 35174ms (cache miss)
3153 http fetch GET 200 https://registry.npmjs.org/structured-headers/-/structured-headers-0.4.1.tgz 35084ms (cache miss)
3154 http fetch GET 200 https://registry.npmjs.org/sisteransi/-/sisteransi-1.0.5.tgz 34969ms (cache miss)
3155 http fetch GET 200 https://registry.npmjs.org/strip-json-comments/-/strip-json-comments-3.1.1.tgz 34994ms (cache miss)
3156 http fetch GET 200 https://registry.npmjs.org/signal-exit/-/signal-exit-3.0.7.tgz 34932ms (cache miss)
3157 http fetch GET 200 https://registry.npmjs.org/shallow-clone/-/shallow-clone-3.0.1.tgz 34506ms (cache miss)
3158 http fetch GET 200 https://registry.npmjs.org/setprototypeof/-/setprototypeof-1.2.0.tgz 34270ms (cache miss)
3159 http fetch GET 200 https://registry.npmjs.org/setimmediate/-/setimmediate-1.0.5.tgz 34503ms (cache miss)
3160 http fetch GET 200 https://registry.npmjs.org/supports-color/-/supports-color-7.2.0.tgz 34361ms (cache miss)
3161 http fetch GET 200 https://registry.npmjs.org/stacktrace-parser/-/stacktrace-parser-0.1.11.tgz 34203ms (cache miss)
3162 http fetch GET 200 https://registry.npmjs.org/run-parallel/-/run-parallel-1.2.0.tgz 34194ms (cache miss)
3163 http fetch GET 200 https://registry.npmjs.org/@babel/helper-module-transforms/-/helper-module-transforms-7.28.6.tgz 41792ms (cache miss)
3164 http fetch GET 200 https://registry.npmjs.org/semver/-/semver-5.7.2.tgz 40387ms (cache miss)
3165 http fetch GET 200 https://registry.npmjs.org/source-map-js/-/source-map-js-1.2.1.tgz 35005ms (cache miss)
3166 http fetch GET 200 https://registry.npmjs.org/sax/-/sax-1.6.0.tgz 34000ms (cache miss)
3167 http fetch GET 200 https://registry.npmjs.org/resolve-cwd/-/resolve-cwd-3.0.0.tgz 33998ms (cache miss)
3168 http fetch GET 200 https://registry.npmjs.org/resolve-workspace-root/-/resolve-workspace-root-2.0.1.tgz 34256ms (cache miss)
3169 http fetch GET 200 https://registry.npmjs.org/ssri/-/ssri-8.0.1.tgz 33801ms (cache miss)
3170 http fetch GET 200 https://registry.npmjs.org/resolve-from/-/resolve-from-5.0.0.tgz 33918ms (cache miss)
3171 http fetch GET 200 https://registry.npmjs.org/webidl-conversions/-/webidl-conversions-5.0.0.tgz 33658ms (cache miss)
3172 http fetch GET 200 https://registry.npmjs.org/source-map-support/-/source-map-support-0.5.21.tgz 34855ms (cache miss)
3173 http fetch GET 200 https://registry.npmjs.org/istanbul-lib-instrument/-/istanbul-lib-instrument-5.2.1.tgz 40942ms (cache miss)
3174 http fetch GET 200 https://registry.npmjs.org/regjsparser/-/regjsparser-0.13.1.tgz 33997ms (cache miss)
3175 http fetch GET 200 https://registry.npmjs.org/requireg/-/requireg-0.2.2.tgz 33860ms (cache miss)
3176 http fetch GET 200 https://registry.npmjs.org/require-directory/-/require-directory-2.1.1.tgz 33752ms (cache miss)
3177 http fetch GET 200 https://registry.npmjs.org/reflect.getprototypeof/-/reflect.getprototypeof-1.0.10.tgz 33659ms (cache miss)
3178 http fetch GET 200 https://registry.npmjs.org/send/-/send-0.18.0.tgz 33880ms (cache miss)
3179 http fetch GET 200 https://registry.npmjs.org/yallist/-/yallist-4.0.0.tgz 33529ms (cache miss)
3180 http fetch GET 200 https://registry.npmjs.org/regenerator-runtime/-/regenerator-runtime-0.13.11.tgz 33542ms (cache miss)
3181 http fetch GET 200 https://registry.npmjs.org/require-from-string/-/require-from-string-2.0.2.tgz 33521ms (cache miss)
3182 http fetch GET 200 https://registry.npmjs.org/@expo/json-file/-/json-file-10.0.13.tgz 41144ms (cache miss)
3183 http fetch GET 200 https://registry.npmjs.org/statuses/-/statuses-2.0.1.tgz 33277ms (cache miss)
3184 http fetch GET 200 https://registry.npmjs.org/reusify/-/reusify-1.1.0.tgz 33413ms (cache miss)
3185 http fetch GET 200 https://registry.npmjs.org/regjsgen/-/regjsgen-0.8.0.tgz 33402ms (cache miss)
3186 http fetch GET 200 https://registry.npmjs.org/is-fullwidth-code-point/-/is-fullwidth-code-point-3.0.0.tgz 33407ms (cache miss)
3187 http fetch GET 200 https://registry.npmjs.org/rimraf/-/rimraf-2.6.3.tgz 33173ms (cache miss)
3188 http fetch GET 200 https://registry.npmjs.org/serve-static/-/serve-static-1.16.3.tgz 32552ms (cache miss)
3189 http fetch GET 200 https://registry.npmjs.org/statuses/-/statuses-2.0.2.tgz 33277ms (cache miss)
3190 http fetch GET 200 https://registry.npmjs.org/escape-string-regexp/-/escape-string-regexp-2.0.0.tgz 32687ms (cache miss)
3191 http fetch GET 200 https://registry.npmjs.org/ms/-/ms-2.0.0.tgz 32413ms (cache miss)
3192 http fetch GET 200 https://registry.npmjs.org/encodeurl/-/encodeurl-2.0.0.tgz 32683ms (cache miss)
3193 http fetch GET 200 https://registry.npmjs.org/remove-trailing-slash/-/remove-trailing-slash-0.1.1.tgz 33132ms (cache miss)
3194 http fetch GET 200 https://registry.npmjs.org/is-stream/-/is-stream-2.0.1.tgz 32540ms (cache miss)
3195 http fetch GET 200 https://registry.npmjs.org/http-errors/-/http-errors-2.0.1.tgz 32411ms (cache miss)
3196 http fetch GET 200 https://registry.npmjs.org/is-arrayish/-/is-arrayish-0.3.4.tgz 32534ms (cache miss)
3197 http fetch GET 200 https://registry.npmjs.org/ms/-/ms-2.0.0.tgz 32004ms (cache miss)
3198 http fetch GET 200 https://registry.npmjs.org/mime/-/mime-1.6.0.tgz 32408ms (cache miss)
3199 http fetch GET 200 https://registry.npmjs.org/on-finished/-/on-finished-2.4.1.tgz 31998ms (cache miss)
3200 http fetch GET 200 https://registry.npmjs.org/@jest/types/-/types-26.6.2.tgz 30483ms (cache miss)
3201 http fetch GET 200 https://registry.npmjs.org/mkdirp/-/mkdirp-0.5.6.tgz 31732ms (cache miss)
3202 http fetch GET 200 https://registry.npmjs.org/pretty-format/-/pretty-format-26.6.2.tgz 29717ms (cache miss)
3203 http fetch GET 200 https://registry.npmjs.org/react-is/-/react-is-17.0.2.tgz 16331ms (cache miss)
3204 http fetch GET 200 https://registry.npmjs.org/react-refresh/-/react-refresh-0.14.2.tgz 15172ms (cache miss)
3205 http fetch GET 200 https://registry.npmjs.org/@xmldom/xmldom/-/xmldom-0.8.12.tgz 41693ms (cache miss)
3206 http fetch GET 200 https://registry.npmjs.org/semver/-/semver-6.3.1.tgz 34087ms (cache miss)
3207 http fetch GET 200 https://registry.npmjs.org/regenerate/-/regenerate-1.4.2.tgz 33827ms (cache miss)
3208 http fetch GET 200 https://registry.npmjs.org/resolve.exports/-/resolve.exports-2.0.3.tgz 33930ms (cache miss)
3209 http fetch GET 200 https://registry.npmjs.org/rimraf/-/rimraf-3.0.2.tgz 33619ms (cache miss)
3210 http fetch GET 200 https://registry.npmjs.org/jsx-ast-utils/-/jsx-ast-utils-3.3.5.tgz 45245ms (cache miss)
3211 http fetch GET 200 https://registry.npmjs.org/picomatch/-/picomatch-4.0.4.tgz 33547ms (cache miss)
3212 http fetch GET 200 https://registry.npmjs.org/send/-/send-0.19.2.tgz 33128ms (cache miss)
3213 http fetch GET 200 https://registry.npmjs.org/debug/-/debug-2.6.9.tgz 32820ms (cache miss)
3214 http fetch GET 200 https://registry.npmjs.org/debug/-/debug-2.6.9.tgz 32164ms (cache miss)
3215 http fetch GET 200 https://registry.npmjs.org/uuid/-/uuid-7.0.3.tgz 33449ms (cache miss)
3216 http fetch GET 200 https://registry.npmjs.org/bplist-parser/-/bplist-parser-0.3.1.tgz 33271ms (cache miss)
3217 http fetch GET 200 https://registry.npmjs.org/resolve/-/resolve-1.7.1.tgz 32178ms (cache miss)
3218 http fetch GET 200 https://registry.npmjs.org/glob/-/glob-7.1.6.tgz 31331ms (cache miss)
3219 http fetch GET 200 https://registry.npmjs.org/ws/-/ws-6.2.3.tgz 31157ms (cache miss)
3220 http fetch GET 200 https://registry.npmjs.org/promise/-/promise-8.3.0.tgz 32686ms (cache miss)
3221 http fetch GET 200 https://registry.npmjs.org/type-fest/-/type-fest-0.7.1.tgz 31764ms (cache miss)
3222 http fetch GET 200 https://registry.npmjs.org/commander/-/commander-4.1.1.tgz 31758ms (cache miss)
3223 http fetch GET 200 https://registry.npmjs.org/@types/yargs/-/yargs-15.0.20.tgz 30772ms (cache miss)
3224 http fetch GET 200 https://registry.npmjs.org/minipass/-/minipass-5.0.0.tgz 31501ms (cache miss)
3225 http fetch GET 200 https://registry.npmjs.org/xcode/-/xcode-3.0.1.tgz 20028ms (cache miss)
3226 http fetch GET 200 https://registry.npmjs.org/scheduler/-/scheduler-0.24.0-canary-efb381bbf-20230505.tgz 16077ms (cache miss)
3227 http fetch GET 200 https://registry.npmjs.org/wonka/-/wonka-4.0.15.tgz 34582ms (cache miss)
3228 http fetch GET 200 https://registry.npmjs.org/ws/-/ws-7.5.10.tgz 42075ms (cache miss)
3229 http fetch GET 200 https://registry.npmjs.org/xmlbuilder/-/xmlbuilder-11.0.1.tgz 33777ms (cache miss)
3230 http fetch GET 200 https://registry.npmjs.org/regexpu-core/-/regexpu-core-6.4.0.tgz 33047ms (cache miss)
3231 http fetch GET 200 https://registry.npmjs.org/react-shallow-renderer/-/react-shallow-renderer-16.15.0.tgz 33197ms (cache miss)
3232 http fetch GET 200 https://registry.npmjs.org/resolve/-/resolve-1.22.11.tgz 32536ms (cache miss)
3233 http fetch GET 200 https://registry.npmjs.org/type-fest/-/type-fest-0.21.3.tgz 32107ms (cache miss)
3234 http fetch GET 200 https://registry.npmjs.org/type-fest/-/type-fest-0.16.0.tgz 31491ms (cache miss)
3235 http fetch GET 200 https://registry.npmjs.org/semver/-/semver-5.7.2.tgz 40912ms (cache miss)
3236 http fetch GET 200 https://registry.npmjs.org/cross-fetch/-/cross-fetch-4.0.0.tgz 41701ms (cache miss)
3237 http fetch GET 200 https://registry.npmjs.org/tar/-/tar-6.2.1.tgz 33952ms (cache miss)
3238 http fetch GET 200 https://registry.npmjs.org/globals/-/globals-14.0.0.tgz 40971ms (cache miss)
3239 http fetch GET 200 https://registry.npmjs.org/color-convert/-/color-convert-1.9.3.tgz 40950ms (cache miss)
3240 http fetch GET 200 https://registry.npmjs.org/semver/-/semver-5.7.2.tgz 40948ms (cache miss)
3241 http fetch GET 200 https://registry.npmjs.org/yargs/-/yargs-17.7.2.tgz 33759ms (cache miss)
3242 http fetch GET 200 https://registry.npmjs.org/mime/-/mime-1.6.0.tgz 32199ms (cache miss)
3243 http fetch GET 200 https://registry.npmjs.org/on-finished/-/on-finished-2.4.1.tgz 32192ms (cache miss)
3244 http fetch GET 200 https://registry.npmjs.org/recast/-/recast-0.21.5.tgz 31290ms (cache miss)
3245 http fetch GET 200 https://registry.npmjs.org/chalk/-/chalk-2.4.2.tgz 41014ms (cache miss)
3246 warn deprecated glob@7.1.6: Old versions of glob are not supported, and contain widely publicized security vulnerabilities, which have been fixed in the current version. Please update. Support for old versions may be purchased (at exorbitant rates) by contacting i@izs.me
3247 warn deprecated glob@7.1.6: Old versions of glob are not supported, and contain widely publicized security vulnerabilities, which have been fixed in the current version. Please update. Support for old versions may be purchased (at exorbitant rates) by contacting i@izs.me
3248 http fetch GET 200 https://registry.npmjs.org/commander/-/commander-6.2.1.tgz 41041ms (cache miss)
3249 http fetch GET 200 https://registry.npmjs.org/debug/-/debug-2.6.9.tgz 42056ms (cache miss)
3250 http fetch GET 200 https://registry.npmjs.org/execa/-/execa-5.1.1.tgz 41451ms (cache miss)
3251 http fetch GET 200 https://registry.npmjs.org/@expo/fingerprint/-/fingerprint-0.6.1.tgz 43798ms (cache miss)
3252 http fetch GET 200 https://registry.npmjs.org/debug/-/debug-2.6.9.tgz 42764ms (cache miss)
3253 http fetch GET 200 https://registry.npmjs.org/minipass/-/minipass-7.1.3.tgz 43040ms (cache miss)
3254 http fetch GET 200 https://registry.npmjs.org/debug/-/debug-3.2.7.tgz 41970ms (cache miss)
3255 http fetch GET 200 https://registry.npmjs.org/form-data/-/form-data-3.0.4.tgz 41952ms (cache miss)
3256 http fetch GET 200 https://registry.npmjs.org/execa/-/execa-5.1.1.tgz 42312ms (cache miss)
3257 http fetch GET 200 https://registry.npmjs.org/@eslint/eslintrc/-/eslintrc-3.3.5.tgz 44005ms (cache miss)
3258 http fetch GET 200 https://registry.npmjs.org/ws/-/ws-7.5.10.tgz 42991ms (cache miss)
3259 http fetch GET 200 https://registry.npmjs.org/argparse/-/argparse-2.0.1.tgz 42030ms (cache miss)
3260 http fetch GET 200 https://registry.npmjs.org/debug/-/debug-2.6.9.tgz 42917ms (cache miss)
3261 http fetch GET 200 https://registry.npmjs.org/debug/-/debug-2.6.9.tgz 42802ms (cache miss)
3262 http fetch GET 200 https://registry.npmjs.org/execa/-/execa-5.1.1.tgz 42333ms (cache miss)
3263 http fetch GET 200 https://registry.npmjs.org/@xmldom/xmldom/-/xmldom-0.8.12.tgz 42703ms (cache miss)
3264 http fetch GET 200 https://registry.npmjs.org/whatwg-url/-/whatwg-url-11.0.0.tgz 42933ms (cache miss)
3265 http fetch GET 200 https://registry.npmjs.org/commander/-/commander-12.1.0.tgz 42766ms (cache miss)
3266 http fetch GET 200 https://registry.npmjs.org/hermes-estree/-/hermes-estree-0.23.1.tgz 43093ms (cache miss)
3267 http fetch GET 200 https://registry.npmjs.org/balanced-match/-/balanced-match-4.0.4.tgz 42523ms (cache miss)
3268 http fetch GET 200 https://registry.npmjs.org/execa/-/execa-5.1.1.tgz 42311ms (cache miss)
3269 http fetch GET 200 https://registry.npmjs.org/hermes-estree/-/hermes-estree-0.23.1.tgz 43125ms (cache miss)
3270 http fetch GET 200 https://registry.npmjs.org/entities/-/entities-6.0.1.tgz 45949ms (cache miss)
3271 http fetch GET 200 https://registry.npmjs.org/@babel/helper-create-class-features-plugin/-/helper-create-class-features-plugin-7.28.6.tgz 43797ms (cache miss)
3272 http fetch GET 200 https://registry.npmjs.org/ws/-/ws-6.2.3.tgz 42828ms (cache miss)
3273 http fetch GET 200 https://registry.npmjs.org/whatwg-url/-/whatwg-url-11.0.0.tgz 42924ms (cache miss)
3274 http fetch GET 200 https://registry.npmjs.org/debug/-/debug-2.6.9.tgz 42920ms (cache miss)
3275 http fetch GET 200 https://registry.npmjs.org/@babel/cli/-/cli-7.28.6.tgz 43872ms (cache miss)
3276 http fetch GET 200 https://registry.npmjs.org/minipass/-/minipass-7.1.3.tgz 43152ms (cache miss)
3277 http fetch GET 200 https://registry.npmjs.org/debug/-/debug-2.6.9.tgz 42934ms (cache miss)
3278 http fetch GET 200 https://registry.npmjs.org/source-map/-/source-map-0.7.6.tgz 43323ms (cache miss)
3279 http fetch GET 200 https://registry.npmjs.org/cssstyle/-/cssstyle-2.3.0.tgz 46038ms (cache miss)
3280 http fetch GET 200 https://registry.npmjs.org/expo-file-system/-/expo-file-system-16.0.9.tgz 46374ms (cache miss)
3281 http fetch GET 200 https://registry.npmjs.org/@babel/helper-define-polyfill-provider/-/helper-define-polyfill-provider-0.6.8.tgz 44035ms (cache miss)
3282 http fetch GET 200 https://registry.npmjs.org/commander/-/commander-9.5.0.tgz 42997ms (cache miss)
3283 http fetch GET 200 https://registry.npmjs.org/hermes-estree/-/hermes-estree-0.15.0.tgz 43316ms (cache miss)
3284 http fetch GET 200 https://registry.npmjs.org/@typescript-eslint/utils/-/utils-8.58.1.tgz 45529ms (cache miss)
3285 http fetch GET 200 https://registry.npmjs.org/debug/-/debug-2.6.9.tgz 43258ms (cache miss)
3286 http fetch GET 200 https://registry.npmjs.org/ws/-/ws-7.5.10.tgz 43311ms (cache miss)
3287 http fetch GET 200 https://registry.npmjs.org/neo-async/-/neo-async-2.6.2.tgz 47626ms (cache miss)
3288 http fetch GET 200 https://registry.npmjs.org/react-test-renderer/-/react-test-renderer-19.2.4.tgz 43717ms (cache miss)
3289 http fetch GET 200 https://registry.npmjs.org/react-test-renderer/-/react-test-renderer-19.2.0.tgz 43706ms (cache miss)
3290 http fetch GET 200 https://registry.npmjs.org/@babel/preset-env/-/preset-env-7.29.2.tgz 45407ms (cache miss)
3291 http fetch GET 200 https://registry.npmjs.org/cssom/-/cssom-0.3.8.tgz 43995ms (cache miss)
3292 http fetch GET 200 https://registry.npmjs.org/babel-plugin-polyfill-corejs3/-/babel-plugin-polyfill-corejs3-0.14.2.tgz 43508ms (cache miss)
3293 http fetch GET 200 https://registry.npmjs.org/hermes-estree/-/hermes-estree-0.32.0.tgz 44197ms (cache miss)
3294 http fetch GET 200 https://registry.npmjs.org/source-map/-/source-map-0.5.6.tgz 44856ms (cache miss)
3295 http fetch GET 200 https://registry.npmjs.org/@expo/config/-/config-8.5.6.tgz 45813ms (cache miss)
3296 http fetch GET 200 https://registry.npmjs.org/eslint-plugin-es/-/eslint-plugin-es-3.0.1.tgz 47498ms (cache miss)
3297 http fetch GET 200 https://registry.npmjs.org/source-map/-/source-map-0.5.7.tgz 44816ms (cache miss)
3298 http fetch GET 200 https://registry.npmjs.org/source-map/-/source-map-0.5.7.tgz 44809ms (cache miss)
3299 http fetch GET 200 https://registry.npmjs.org/@typescript-eslint/typescript-estree/-/typescript-estree-8.58.1.tgz 46376ms (cache miss)
3300 http fetch GET 200 https://registry.npmjs.org/react/-/react-19.2.4.tgz 44517ms (cache miss)
3301 http fetch GET 200 https://registry.npmjs.org/readable-stream/-/readable-stream-3.6.2.tgz 44280ms (cache miss)
3302 http fetch GET 200 https://registry.npmjs.org/source-map/-/source-map-0.5.7.tgz 44788ms (cache miss)
3303 http fetch GET 200 https://registry.npmjs.org/hermes-parser/-/hermes-parser-0.33.3.tgz 47947ms (cache miss)
3304 http fetch GET 200 https://registry.npmjs.org/pretty-format/-/pretty-format-26.6.2.tgz 44334ms (cache miss)
3305 http fetch GET 200 https://registry.npmjs.org/@babel/parser/-/parser-7.29.2.tgz 45978ms (cache miss)
3306 http fetch GET 200 https://registry.npmjs.org/@bcoe/v8-coverage/-/v8-coverage-0.2.3.tgz 46643ms (cache miss)
3307 http fetch GET 200 https://registry.npmjs.org/lru-cache/-/lru-cache-10.4.3.tgz 45068ms (cache miss)
3308 http fetch GET 200 https://registry.npmjs.org/fs-extra/-/fs-extra-9.1.0.tgz 45853ms (cache miss)
3309 http fetch GET 200 https://registry.npmjs.org/fs-extra/-/fs-extra-9.1.0.tgz 45855ms (cache miss)
3310 http fetch GET 200 https://registry.npmjs.org/source-map/-/source-map-0.6.1.tgz 40339ms (cache miss)
3311 http fetch GET 200 https://registry.npmjs.org/babel-preset-expo/-/babel-preset-expo-55.0.16.tgz 46437ms (cache miss)
3312 http fetch GET 200 https://registry.npmjs.org/js-yaml/-/js-yaml-4.1.1.tgz 46062ms (cache miss)
3313 http fetch GET 200 https://registry.npmjs.org/fs-extra/-/fs-extra-9.1.0.tgz 46186ms (cache miss)
3314 http fetch GET 200 https://registry.npmjs.org/jest-expo/-/jest-expo-55.0.14.tgz 46771ms (cache miss)
3315 http fetch GET 200 https://registry.npmjs.org/js-yaml/-/js-yaml-4.1.1.tgz 46240ms (cache miss)
3316 http fetch GET 200 https://registry.npmjs.org/fs-extra/-/fs-extra-9.1.0.tgz 46179ms (cache miss)
3317 http fetch GET 200 https://registry.npmjs.org/fs-extra/-/fs-extra-9.0.0.tgz 46186ms (cache miss)
3318 http fetch GET 200 https://registry.npmjs.org/semver/-/semver-7.7.4.tgz 47862ms (cache miss)
3319 http fetch GET 200 https://registry.npmjs.org/@babel/generator/-/generator-7.29.1.tgz 47976ms (cache miss)
3320 http fetch GET 200 https://registry.npmjs.org/@babel/traverse/-/traverse-7.29.0.tgz 48608ms (cache miss)
3321 http fetch GET 200 https://registry.npmjs.org/semver/-/semver-7.7.4.tgz 47784ms (cache miss)
3322 http fetch GET 200 https://registry.npmjs.org/xmlbuilder/-/xmlbuilder-15.1.1.tgz 52821ms (cache miss)
3323 http fetch GET 200 https://registry.npmjs.org/semver/-/semver-7.7.4.tgz 52565ms (cache miss)
3324 http fetch GET 200 https://registry.npmjs.org/semver/-/semver-7.7.4.tgz 52513ms (cache miss)
3325 http fetch GET 200 https://registry.npmjs.org/semver/-/semver-7.7.4.tgz 52437ms (cache miss)
3326 http fetch GET 200 https://registry.npmjs.org/semver/-/semver-7.7.4.tgz 52544ms (cache miss)
3327 http fetch GET 200 https://registry.npmjs.org/semver/-/semver-7.7.4.tgz 52530ms (cache miss)
3328 http fetch GET 200 https://registry.npmjs.org/semver/-/semver-7.7.4.tgz 52513ms (cache miss)
3329 http fetch GET 200 https://registry.npmjs.org/semver/-/semver-7.7.4.tgz 52565ms (cache miss)
3330 http fetch GET 200 https://registry.npmjs.org/xmlbuilder/-/xmlbuilder-15.1.1.tgz 52692ms (cache miss)
3331 http fetch GET 200 https://registry.npmjs.org/lightningcss-win32-x64-msvc/-/lightningcss-win32-x64-msvc-1.19.0.tgz 56480ms (cache miss)
3332 http fetch GET 200 https://registry.npmjs.org/lru-cache/-/lru-cache-11.3.3.tgz 53124ms (cache miss)
3333 http fetch GET 200 https://registry.npmjs.org/semver/-/semver-7.7.4.tgz 52445ms (cache miss)
3334 http fetch GET 200 https://registry.npmjs.org/semver/-/semver-7.7.4.tgz 52407ms (cache miss)
3335 http fetch GET 200 https://registry.npmjs.org/@react-native-community/cli/-/cli-12.3.6.tgz 54339ms (cache miss)
3336 http fetch GET 200 https://registry.npmjs.org/semver/-/semver-7.7.4.tgz 52502ms (cache miss)
3337 http fetch GET 200 https://registry.npmjs.org/semver/-/semver-7.7.4.tgz 52437ms (cache miss)
3338 http fetch GET 200 https://registry.npmjs.org/semver/-/semver-7.5.3.tgz 52375ms (cache miss)
3339 http fetch GET 200 https://registry.npmjs.org/semver/-/semver-7.3.2.tgz 52297ms (cache miss)
3340 http fetch GET 200 https://registry.npmjs.org/semver/-/semver-7.7.4.tgz 52405ms (cache miss)
3341 http fetch GET 200 https://registry.npmjs.org/semver/-/semver-7.7.4.tgz 52388ms (cache miss)
3342 http fetch GET 200 https://registry.npmjs.org/semver/-/semver-7.5.3.tgz 52355ms (cache miss)
3343 http fetch GET 200 https://registry.npmjs.org/semver/-/semver-7.7.4.tgz 52396ms (cache miss)
3344 http fetch GET 200 https://registry.npmjs.org/@expo/config/-/config-55.0.13.tgz 52968ms (cache miss)
3345 http fetch GET 200 https://registry.npmjs.org/semver/-/semver-7.7.4.tgz 52426ms (cache miss)
3346 http fetch GET 200 https://registry.npmjs.org/@react-native-community/cli-tools/-/cli-tools-12.3.6.tgz 54700ms (cache miss)
3347 http fetch GET 200 https://registry.npmjs.org/hermes-parser/-/hermes-parser-0.15.0.tgz 52841ms (cache miss)
3348 http fetch GET 200 https://registry.npmjs.org/minimatch/-/minimatch-10.2.5.tgz 53105ms (cache miss)
3349 http fetch GET 200 https://registry.npmjs.org/yargs/-/yargs-15.4.1.tgz 53419ms (cache miss)
3350 http fetch GET 200 https://registry.npmjs.org/axios/-/axios-1.14.0.tgz 55410ms (cache miss)
3351 http fetch GET 200 https://registry.npmjs.org/minimatch/-/minimatch-10.2.5.tgz 52939ms (cache miss)
3352 http fetch GET 200 https://registry.npmjs.org/hermes-parser/-/hermes-parser-0.23.1.tgz 53506ms (cache miss)
3353 http fetch GET 200 https://registry.npmjs.org/es-iterator-helpers/-/es-iterator-helpers-1.3.1.tgz 56190ms (cache miss)
3354 http fetch GET 200 https://registry.npmjs.org/hermes-parser/-/hermes-parser-0.23.1.tgz 53559ms (cache miss)
3355 http fetch GET 200 https://registry.npmjs.org/@react-native-community/cli-platform-ios/-/cli-platform-ios-12.3.6.tgz 55098ms (cache miss)
3356 http fetch GET 200 https://registry.npmjs.org/@react-native-community/cli-platform-android/-/cli-platform-android-12.3.6.tgz 55111ms (cache miss)
3357 http fetch GET 200 https://registry.npmjs.org/eslint-plugin-import/-/eslint-plugin-import-2.32.0.tgz 56667ms (cache miss)
3358 http fetch GET 200 https://registry.npmjs.org/eslint-plugin-n/-/eslint-plugin-n-17.24.0.tgz 56810ms (cache miss)
3359 http fetch GET 200 https://registry.npmjs.org/@react-native-async-storage/async-storage/-/async-storage-1.21.0.tgz 55775ms (cache miss)
3360 http fetch GET 200 https://registry.npmjs.org/@types/node/-/node-25.5.2.tgz 55895ms (cache miss)
3361 http fetch GET 200 https://registry.npmjs.org/glob/-/glob-13.0.6.tgz 54503ms (cache miss)
3362 http fetch GET 200 https://registry.npmjs.org/prettier/-/prettier-3.8.1.tgz 59078ms (cache miss)
3363 http fetch GET 200 https://registry.npmjs.org/expo/-/expo-50.0.21.tgz 58041ms (cache miss)
3364 http fetch GET 200 https://registry.npmjs.org/@react-native-community/cli-doctor/-/cli-doctor-12.3.6.tgz 56678ms (cache miss)
3365 http fetch GET 200 https://registry.npmjs.org/@expo/metro-config/-/metro-config-0.17.8.tgz 56592ms (cache miss)
3366 http fetch GET 200 https://registry.npmjs.org/@egjs/hammerjs/-/hammerjs-2.0.17.tgz 56460ms (cache miss)
3367 http fetch GET 200 https://registry.npmjs.org/@expo/prebuild-config/-/prebuild-config-6.8.1.tgz 56716ms (cache miss)
3368 http fetch GET 200 https://registry.npmjs.org/hermes-parser/-/hermes-parser-0.32.0.tgz 55322ms (cache miss)
3369 http fetch GET 200 https://registry.npmjs.org/react-native-safe-area-context/-/react-native-safe-area-context-4.8.2.tgz 59594ms (cache miss)
3370 http fetch GET 200 https://registry.npmjs.org/hermes-parser/-/hermes-parser-0.32.1.tgz 55395ms (cache miss)
3371 http fetch GET 200 https://registry.npmjs.org/ajv/-/ajv-6.14.0.tgz 55241ms (cache miss)
3372 http fetch GET 200 https://registry.npmjs.org/ajv/-/ajv-6.14.0.tgz 55047ms (cache miss)
3373 http fetch GET 200 https://registry.npmjs.org/@react-navigation/native/-/native-6.1.18.tgz 58003ms (cache miss)
3374 http fetch GET 200 https://registry.npmjs.org/resolve/-/resolve-2.0.0-next.6.tgz 56277ms (cache miss)
3375 http fetch GET 200 https://registry.npmjs.org/prettier/-/prettier-2.8.8.tgz 60102ms (cache miss)
3376 http fetch GET 200 https://registry.npmjs.org/resolve/-/resolve-2.0.0-next.6.tgz 56324ms (cache miss)
3377 http fetch GET 200 https://registry.npmjs.org/hermes-estree/-/hermes-estree-0.32.1.tgz 56428ms (cache miss)
3378 http fetch GET 200 https://registry.npmjs.org/@babel/core/-/core-7.29.0.tgz 57313ms (cache miss)
3379 http fetch GET 200 https://registry.npmjs.org/@react-native/codegen/-/codegen-0.85.0.tgz 58503ms (cache miss)
3380 http fetch GET 200 https://registry.npmjs.org/@react-navigation/elements/-/elements-1.3.31.tgz 58780ms (cache miss)
3381 http fetch GET 200 https://registry.npmjs.org/yaml/-/yaml-2.8.3.tgz 62094ms (cache miss)
3382 http fetch GET 200 https://registry.npmjs.org/fbjs/-/fbjs-3.0.5.tgz 60850ms (cache miss)
3383 http fetch GET 200 https://registry.npmjs.org/react-devtools-core/-/react-devtools-core-4.28.5.tgz 63824ms (cache miss)
3384 http fetch GET 200 https://registry.npmjs.org/@react-native/codegen/-/codegen-0.83.4.tgz 59651ms (cache miss)
3385 http fetch GET 200 https://registry.npmjs.org/@react-native/codegen/-/codegen-0.73.3.tgz 41646ms (cache miss)
3386 http fetch GET 200 https://registry.npmjs.org/@babel/types/-/types-7.29.0.tgz 61340ms (cache miss)
3387 http fetch GET 200 https://registry.npmjs.org/@react-navigation/stack/-/stack-6.4.1.tgz 61990ms (cache miss)
3388 http fetch GET 200 https://registry.npmjs.org/sucrase/-/sucrase-3.34.0.tgz 55766ms (cache miss)
3389 http fetch GET 200 https://registry.npmjs.org/@react-native/codegen/-/codegen-0.73.3.tgz 61568ms (cache miss)
3390 http fetch GET 200 https://registry.npmjs.org/@react-native/codegen/-/codegen-0.73.3.tgz 61609ms (cache miss)
3391 http fetch GET 200 https://registry.npmjs.org/@babel/runtime/-/runtime-7.29.2.tgz 63175ms (cache miss)
3392 http fetch GET 200 https://registry.npmjs.org/eslint-plugin-es-x/-/eslint-plugin-es-x-7.8.0.tgz 64937ms (cache miss)
3393 http fetch GET 200 https://registry.npmjs.org/@expo/config-plugins/-/config-plugins-7.9.2.tgz 63673ms (cache miss)
3394 http fetch GET 200 https://registry.npmjs.org/metro/-/metro-0.80.12.tgz 66197ms (cache miss)
3395 http fetch GET 200 https://registry.npmjs.org/@babel/helpers/-/helpers-7.29.2.tgz 63471ms (cache miss)
3396 http fetch GET 200 https://registry.npmjs.org/@expo/vector-icons/-/vector-icons-14.1.0.tgz 64521ms (cache miss)
3397 http fetch GET 200 https://registry.npmjs.org/@expo/config-plugins/-/config-plugins-55.0.8.tgz 63082ms (cache miss)
3398 http fetch GET 200 https://registry.npmjs.org/@typescript-eslint/scope-manager/-/scope-manager-8.58.1.tgz 65323ms (cache miss)
3399 http fetch GET 200 https://registry.npmjs.org/@testing-library/react-native/-/react-native-13.3.3.tgz 69420ms (cache miss)
3400 http fetch GET 200 https://registry.npmjs.org/eslint-plugin-react/-/eslint-plugin-react-7.37.5.tgz 72632ms (cache miss)
3401 http fetch GET 200 https://registry.npmjs.org/react-native-screens/-/react-native-screens-3.29.0.tgz 74116ms (cache miss)
3402 http fetch GET 200 https://registry.npmjs.org/@react-navigation/core/-/core-6.4.17.tgz 71891ms (cache miss)
3403 http fetch GET 200 https://registry.npmjs.org/eslint/-/eslint-9.39.4.tgz 73718ms (cache miss)
3404 http fetch GET 200 https://registry.npmjs.org/dayjs/-/dayjs-1.11.20.tgz 73688ms (cache miss)
3405 http fetch GET 200 https://registry.npmjs.org/typescript/-/typescript-5.9.3.tgz 75650ms (cache miss)
3406 http fetch GET 200 https://registry.npmjs.org/ajv/-/ajv-8.11.0.tgz 73077ms (cache miss)
3407 http fetch GET 200 https://registry.npmjs.org/@typescript-eslint/eslint-plugin/-/eslint-plugin-8.58.1.tgz 73131ms (cache miss)
3408 http fetch GET 200 https://registry.npmjs.org/jsdom/-/jsdom-20.0.3.tgz 75025ms (cache miss)
3409 http fetch GET 200 https://registry.npmjs.org/regenerate-unicode-properties/-/regenerate-unicode-properties-10.2.2.tgz 63902ms (cache miss)
3410 http fetch GET 200 https://registry.npmjs.org/graphql/-/graphql-15.8.0.tgz 75206ms (cache miss)
3411 http fetch GET 200 https://registry.npmjs.org/jsc-android/-/jsc-android-250231.0.0.tgz 75998ms (cache miss)
3412 http fetch GET 200 https://registry.npmjs.org/expo-dev-menu/-/expo-dev-menu-4.5.8.tgz 76377ms (cache miss)
3413 http fetch GET 200 https://registry.npmjs.org/expo-notifications/-/expo-notifications-0.27.8.tgz 76443ms (cache miss)
3414 http fetch GET 200 https://registry.npmjs.org/expo-dev-launcher/-/expo-dev-launcher-3.6.10.tgz 79213ms (cache miss)
3415 http fetch GET 200 https://registry.npmjs.org/@expo/cli/-/cli-0.17.13.tgz 78781ms (cache miss)
3416 http fetch GET 200 https://registry.npmjs.org/caniuse-lite/-/caniuse-lite-1.0.30001787.tgz 80023ms (cache miss)
3417 http fetch GET 200 https://registry.npmjs.org/expo-modules-core/-/expo-modules-core-1.11.14.tgz 81548ms (cache miss)
3418 http fetch GET 200 https://registry.npmjs.org/lodash/-/lodash-4.18.1.tgz 83207ms (cache miss)
3419 http fetch GET 200 https://registry.npmjs.org/react-native-gesture-handler/-/react-native-gesture-handler-2.14.1.tgz 67601ms (cache miss)
3420 http fetch GET 200 https://registry.npmjs.org/@react-native/debugger-frontend/-/debugger-frontend-0.73.3.tgz 83215ms (cache miss)
3421 http fetch GET 200 https://registry.npmjs.org/@sinclair/typebox/-/typebox-0.34.49.tgz 85017ms (cache miss)
3422 http fetch GET 200 https://registry.npmjs.org/es-abstract/-/es-abstract-1.24.2.tgz 102059ms (cache miss)
3423 http fetch GET 200 https://registry.npmjs.org/react-native/-/react-native-0.73.6.tgz 118555ms (cache miss)
3424 silly ADD node_modules/yocto-queue
3425 silly ADD node_modules/yargs-parser
3426 silly ADD node_modules/yargs
3427 silly ADD node_modules/yaml
3428 silly ADD node_modules/yallist
3429 silly ADD node_modules/y18n
3430 silly ADD node_modules/xtend
3431 silly ADD node_modules/xmlchars
3432 silly ADD node_modules/xmlbuilder
3433 silly ADD node_modules/xml2js
3434 silly ADD node_modules/xml2js/node_modules/xmlbuilder
3435 silly ADD node_modules/xml-name-validator
3436 silly ADD node_modules/xcode
3437 silly ADD node_modules/xcode/node_modules/uuid
3438 silly ADD node_modules/ws
3439 silly ADD node_modules/write-file-atomic
3440 silly ADD node_modules/wrappy
3441 silly ADD node_modules/wrap-ansi
3442 silly ADD node_modules/word-wrap
3443 silly ADD node_modules/wonka
3444 silly ADD node_modules/which-typed-array
3445 silly ADD node_modules/which-module
3446 silly ADD node_modules/which-collection
3447 silly ADD node_modules/which-builtin-type
3448 silly ADD node_modules/which-boxed-primitive
3449 silly ADD node_modules/which
3450 silly ADD node_modules/whatwg-url-without-unicode
3451 silly ADD node_modules/whatwg-url-without-unicode/node_modules/webidl-conversions
3452 silly ADD node_modules/whatwg-url
3453 silly ADD node_modules/whatwg-mimetype
3454 silly ADD node_modules/whatwg-fetch
3455 silly ADD node_modules/whatwg-encoding
3456 silly ADD node_modules/webidl-conversions
3457 silly ADD node_modules/wcwidth
3458 silly ADD node_modules/warn-once
3459 silly ADD node_modules/walker
3460 silly ADD node_modules/w3c-xmlserializer
3461 silly ADD node_modules/void-elements
3462 silly ADD node_modules/vlq
3463 silly ADD node_modules/vary
3464 silly ADD node_modules/validate-npm-package-name
3465 silly ADD node_modules/valid-url
3466 silly ADD node_modules/v8-to-istanbul
3467 silly ADD node_modules/uuid
3468 silly ADD node_modules/utils-merge
3469 silly ADD node_modules/util-deprecate
3470 silly ADD node_modules/util
3471 silly ADD node_modules/use-latest-callback
3472 silly ADD node_modules/url-parse
3473 silly ADD node_modules/url-join
3474 silly ADD node_modules/uri-js
3475 silly ADD node_modules/update-browserslist-db
3476 silly ADD node_modules/unpipe
3477 silly ADD node_modules/universalify
3478 silly ADD node_modules/unique-string
3479 silly ADD node_modules/unique-string/node_modules/crypto-random-string
3480 silly ADD node_modules/unique-slug
3481 silly ADD node_modules/unique-filename
3482 silly ADD node_modules/unicode-property-aliases-ecmascript
3483 silly ADD node_modules/unicode-match-property-value-ecmascript
3484 silly ADD node_modules/unicode-match-property-ecmascript
3485 silly ADD node_modules/unicode-canonical-property-names-ecmascript
3486 silly ADD node_modules/undici-types
3487 silly ADD node_modules/unbox-primitive
3488 silly ADD node_modules/ua-parser-js
3489 silly ADD node_modules/typescript
3490 silly ADD node_modules/typedarray.prototype.slice
3491 silly ADD node_modules/typed-array-length
3492 silly ADD node_modules/typed-array-byte-offset
3493 silly ADD node_modules/typed-array-byte-length
3494 silly ADD node_modules/typed-array-buffer
3495 silly ADD node_modules/type-fest
3496 silly ADD node_modules/type-detect
3497 silly ADD node_modules/type-check
3498 silly ADD node_modules/tslib
3499 silly ADD node_modules/tsconfig-paths
3500 silly ADD node_modules/tsconfig-paths/node_modules/strip-bom
3501 silly ADD node_modules/tsconfig-paths/node_modules/json5
3502 silly ADD node_modules/ts-jest
3503 silly ADD node_modules/ts-jest/node_modules/semver
3504 silly ADD node_modules/ts-interface-checker
3505 silly ADD node_modules/ts-declaration-location
3506 silly ADD node_modules/ts-declaration-location/node_modules/picomatch
3507 silly ADD node_modules/ts-api-utils
3508 silly ADD node_modules/traverse
3509 silly ADD node_modules/tr46
3510 silly ADD node_modules/tough-cookie
3511 silly ADD node_modules/tough-cookie/node_modules/universalify
3512 silly ADD node_modules/toidentifier
3513 silly ADD node_modules/to-regex-range
3514 silly ADD node_modules/tmpl
3515 silly ADD node_modules/tinyglobby
3516 silly ADD node_modules/tinyglobby/node_modules/picomatch
3517 silly ADD node_modules/through2
3518 silly ADD node_modules/throat
3519 silly ADD node_modules/thenify-all
3520 silly ADD node_modules/thenify
3521 silly ADD node_modules/text-table
3522 silly ADD node_modules/test-exclude
3523 silly ADD node_modules/terser
3524 silly ADD node_modules/terser/node_modules/commander
3525 silly ADD node_modules/terminal-link
3526 silly ADD node_modules/tempy
3527 silly ADD node_modules/tempy/node_modules/type-fest
3528 silly ADD node_modules/tempy/node_modules/is-stream
3529 silly ADD node_modules/temp-dir
3530 silly ADD node_modules/temp
3531 silly ADD node_modules/temp/node_modules/rimraf
3532 silly ADD node_modules/tar
3533 silly ADD node_modules/tar/node_modules/yallist
3534 silly ADD node_modules/tar/node_modules/minipass
3535 silly ADD node_modules/tapable
3536 silly ADD node_modules/synckit
3537 silly ADD node_modules/symbol-tree
3538 silly ADD node_modules/supports-preserve-symlinks-flag
3539 silly ADD node_modules/supports-hyperlinks
3540 silly ADD node_modules/supports-hyperlinks/node_modules/has-flag
3541 silly ADD node_modules/supports-color
3542 silly ADD node_modules/supports-color/node_modules/has-flag
3543 silly ADD node_modules/sudo-prompt
3544 silly ADD node_modules/sucrase
3545 silly ADD node_modules/sucrase/node_modules/glob
3546 silly ADD node_modules/sucrase/node_modules/commander
3547 silly ADD node_modules/structured-headers
3548 silly ADD node_modules/strnum
3549 silly ADD node_modules/strip-json-comments
3550 silly ADD node_modules/strip-indent
3551 silly ADD node_modules/strip-final-newline
3552 silly ADD node_modules/strip-eof
3553 silly ADD node_modules/strip-bom
3554 silly ADD node_modules/strip-ansi
3555 silly ADD node_modules/string.prototype.trimstart
3556 silly ADD node_modules/string.prototype.trimend
3557 silly ADD node_modules/string.prototype.trim
3558 silly ADD node_modules/string.prototype.repeat
3559 silly ADD node_modules/string.prototype.matchall
3560 silly ADD node_modules/string-width
3561 silly ADD node_modules/string-width/node_modules/is-fullwidth-code-point
3562 silly ADD node_modules/string-length
3563 silly ADD node_modules/string_decoder
3564 silly ADD node_modules/string_decoder/node_modules/safe-buffer
3565 silly ADD node_modules/strict-uri-encode
3566 silly ADD node_modules/stream-buffers
3567 silly ADD node_modules/stop-iteration-iterator
3568 silly ADD node_modules/statuses
3569 silly ADD node_modules/stacktrace-parser
3570 silly ADD node_modules/stacktrace-parser/node_modules/type-fest
3571 silly ADD node_modules/stacktrace-js
3572 silly ADD node_modules/stacktrace-gps
3573 silly ADD node_modules/stacktrace-gps/node_modules/source-map
3574 silly ADD node_modules/stackframe
3575 silly ADD node_modules/stack-utils
3576 silly ADD node_modules/stack-utils/node_modules/escape-string-regexp
3577 silly ADD node_modules/stack-generator
3578 silly ADD node_modules/ssri
3579 silly ADD node_modules/sprintf-js
3580 silly ADD node_modules/split-on-first
3581 silly ADD node_modules/source-map-support
3582 silly ADD node_modules/source-map-js
3583 silly ADD node_modules/source-map
3584 silly ADD node_modules/slugify
3585 silly ADD node_modules/slice-ansi
3586 silly ADD node_modules/slice-ansi/node_modules/color-name
3587 silly ADD node_modules/slice-ansi/node_modules/color-convert
3588 silly ADD node_modules/slice-ansi/node_modules/ansi-styles
3589 silly ADD node_modules/slash
3590 silly ADD node_modules/sisteransi
3591 silly ADD node_modules/simple-swizzle
3592 silly ADD node_modules/simple-swizzle/node_modules/is-arrayish
3593 silly ADD node_modules/simple-plist
3594 silly ADD node_modules/simple-plist/node_modules/bplist-parser
3595 silly ADD node_modules/signal-exit
3596 silly ADD node_modules/side-channel-weakmap
3597 silly ADD node_modules/side-channel-map
3598 silly ADD node_modules/side-channel-list
3599 silly ADD node_modules/side-channel
3600 silly ADD node_modules/shell-quote
3601 silly ADD node_modules/shebang-regex
3602 silly ADD node_modules/shebang-command
3603 silly ADD node_modules/shallow-clone
3604 silly ADD node_modules/setprototypeof
3605 silly ADD node_modules/setimmediate
3606 silly ADD node_modules/set-proto
3607 silly ADD node_modules/set-function-name
3608 silly ADD node_modules/set-function-length
3609 silly ADD node_modules/set-blocking
3610 silly ADD node_modules/server-only
3611 silly ADD node_modules/serve-static
3612 silly ADD node_modules/serve-static/node_modules/statuses
3613 silly ADD node_modules/serve-static/node_modules/send
3614 silly ADD node_modules/serve-static/node_modules/on-finished
3615 silly ADD node_modules/serve-static/node_modules/mime
3616 silly ADD node_modules/serve-static/node_modules/http-errors
3617 silly ADD node_modules/serve-static/node_modules/encodeurl
3618 silly ADD node_modules/serve-static/node_modules/debug
3619 silly ADD node_modules/serve-static/node_modules/debug/node_modules/ms
3620 silly ADD node_modules/serialize-error
3621 silly ADD node_modules/send
3622 silly ADD node_modules/send/node_modules/statuses
3623 silly ADD node_modules/send/node_modules/on-finished
3624 silly ADD node_modules/send/node_modules/mime
3625 silly ADD node_modules/send/node_modules/debug
3626 silly ADD node_modules/send/node_modules/debug/node_modules/ms
3627 silly ADD node_modules/semver
3628 silly ADD node_modules/scheduler
3629 silly ADD node_modules/saxes
3630 silly ADD node_modules/sax
3631 silly ADD node_modules/safer-buffer
3632 silly ADD node_modules/safe-regex-test
3633 silly ADD node_modules/safe-push-apply
3634 silly ADD node_modules/safe-buffer
3635 silly ADD node_modules/safe-array-concat
3636 silly ADD node_modules/run-parallel
3637 silly ADD node_modules/rtl-detect
3638 silly ADD node_modules/rimraf
3639 silly ADD node_modules/reusify
3640 silly ADD node_modules/restore-cursor
3641 silly ADD node_modules/restore-cursor/node_modules/onetime
3642 silly ADD node_modules/restore-cursor/node_modules/mimic-fn
3643 silly ADD node_modules/resolve.exports
3644 silly ADD node_modules/resolve-workspace-root
3645 silly ADD node_modules/resolve-pkg-maps
3646 silly ADD node_modules/resolve-from
3647 silly ADD node_modules/resolve-cwd
3648 silly ADD node_modules/resolve
3649 silly ADD node_modules/requires-port
3650 silly ADD node_modules/requireg
3651 silly ADD node_modules/requireg/node_modules/resolve
3652 silly ADD node_modules/require-main-filename
3653 silly ADD node_modules/require-from-string
3654 silly ADD node_modules/require-directory
3655 silly ADD node_modules/remove-trailing-slash
3656 silly ADD node_modules/regjsparser
3657 silly ADD node_modules/regjsgen
3658 silly ADD node_modules/regexpu-core
3659 silly ADD node_modules/regexpp
3660 silly ADD node_modules/regexp.prototype.flags
3661 silly ADD node_modules/regenerator-runtime
3662 silly ADD node_modules/regenerate-unicode-properties
3663 silly ADD node_modules/regenerate
3664 silly ADD node_modules/reflect.getprototypeof
3665 silly ADD node_modules/redent
3666 silly ADD node_modules/recast
3667 silly ADD node_modules/readline
3668 silly ADD node_modules/readdirp
3669 silly ADD node_modules/readdirp/node_modules/picomatch
3670 silly ADD node_modules/readable-stream
3671 silly ADD node_modules/readable-stream/node_modules/safe-buffer
3672 silly ADD node_modules/readable-stream/node_modules/isarray
3673 silly ADD node_modules/react-shallow-renderer
3674 silly ADD node_modules/react-refresh
3675 silly ADD node_modules/react-native-screens
3676 silly ADD node_modules/react-native-safe-area-context
3677 silly ADD node_modules/react-native-gesture-handler
3678 silly ADD node_modules/react-native
3679 silly ADD node_modules/react-native/node_modules/ws
3680 silly ADD node_modules/react-native/node_modules/react-is
3681 silly ADD node_modules/react-native/node_modules/promise
3682 silly ADD node_modules/react-native/node_modules/pretty-format
3683 silly ADD node_modules/react-native/node_modules/mkdirp
3684 silly ADD node_modules/react-native/node_modules/@types/yargs
3685 silly ADD node_modules/react-native/node_modules/@react-native/codegen
3686 silly ADD node_modules/react-native/node_modules/@jest/types
3687 silly ADD node_modules/react-is
3688 silly ADD node_modules/react-i18next
3689 silly ADD node_modules/react-freeze
3690 silly ADD node_modules/react-devtools-core
3691 silly ADD node_modules/react-devtools-core/node_modules/ws
3692 silly ADD node_modules/react
3693 silly ADD node_modules/rc
3694 silly ADD node_modules/rc/node_modules/strip-json-comments
3695 silly ADD node_modules/range-parser
3696 silly ADD node_modules/queue-microtask
3697 silly ADD node_modules/queue
3698 silly ADD node_modules/querystringify
3699 silly ADD node_modules/query-string
3700 silly ADD node_modules/qrcode-terminal
3701 silly ADD node_modules/pure-rand
3702 silly ADD node_modules/punycode
3703 silly ADD node_modules/pump
3704 silly ADD node_modules/psl
3705 silly ADD node_modules/proxy-from-env
3706 silly ADD node_modules/prop-types
3707 silly ADD node_modules/prompts
3708 silly ADD node_modules/promise-inflight
3709 silly ADD node_modules/promise
3710 silly ADD node_modules/progress
3711 silly ADD node_modules/process-nextick-args
3712 silly ADD node_modules/proc-log
3713 silly ADD node_modules/pretty-format
3714 silly ADD node_modules/pretty-format/node_modules/react-is
3715 silly ADD node_modules/pretty-format/node_modules/ansi-styles
3716 silly ADD node_modules/pretty-bytes
3717 silly ADD node_modules/prettier-linter-helpers
3718 silly ADD node_modules/prettier
3719 silly ADD node_modules/prelude-ls
3720 silly ADD node_modules/postcss
3721 silly ADD node_modules/possible-typed-array-names
3722 silly ADD node_modules/pngjs
3723 silly ADD node_modules/plist
3724 silly ADD node_modules/plist/node_modules/xmlbuilder
3725 silly ADD node_modules/plist/node_modules/@xmldom/xmldom
3726 silly ADD node_modules/pkg-dir
3727 silly ADD node_modules/pkg-dir/node_modules/p-locate
3728 silly ADD node_modules/pkg-dir/node_modules/p-limit
3729 silly ADD node_modules/pkg-dir/node_modules/locate-path
3730 silly ADD node_modules/pkg-dir/node_modules/find-up
3731 silly ADD node_modules/pirates
3732 silly ADD node_modules/pify
3733 silly ADD node_modules/picomatch
3734 silly ADD node_modules/picocolors
3735 silly ADD node_modules/path-type
3736 silly ADD node_modules/path-scurry
3737 silly ADD node_modules/path-scurry/node_modules/minipass
3738 silly ADD node_modules/path-scurry/node_modules/lru-cache
3739 silly ADD node_modules/path-parse
3740 silly ADD node_modules/path-key
3741 silly ADD node_modules/path-is-absolute
3742 silly ADD node_modules/path-exists
3743 silly ADD node_modules/parseurl
3744 silly ADD node_modules/parse5
3745 silly ADD node_modules/parse-png
3746 silly ADD node_modules/parse-json
3747 silly ADD node_modules/parent-module
3748 silly ADD node_modules/p-try
3749 silly ADD node_modules/p-map
3750 silly ADD node_modules/p-locate
3751 silly ADD node_modules/p-limit
3752 silly ADD node_modules/p-finally
3753 silly ADD node_modules/own-keys
3754 silly ADD node_modules/osenv
3755 silly ADD node_modules/os-tmpdir
3756 silly ADD node_modules/os-homedir
3757 silly ADD node_modules/ora
3758 silly ADD node_modules/ora/node_modules/supports-color
3759 silly ADD node_modules/ora/node_modules/strip-ansi
3760 silly ADD node_modules/ora/node_modules/escape-string-regexp
3761 silly ADD node_modules/ora/node_modules/color-name
3762 silly ADD node_modules/ora/node_modules/color-convert
3763 silly ADD node_modules/ora/node_modules/chalk
3764 silly ADD node_modules/ora/node_modules/ansi-styles
3765 silly ADD node_modules/ora/node_modules/ansi-regex
3766 silly ADD node_modules/optionator
3767 silly ADD node_modules/open
3768 silly ADD node_modules/onetime
3769 silly ADD node_modules/once
3770 silly ADD node_modules/on-headers
3771 silly ADD node_modules/on-finished
3772 silly ADD node_modules/object.values
3773 silly ADD node_modules/object.groupby
3774 silly ADD node_modules/object.fromentries
3775 silly ADD node_modules/object.entries
3776 silly ADD node_modules/object.assign
3777 silly ADD node_modules/object-keys
3778 silly ADD node_modules/object-is
3779 silly ADD node_modules/object-inspect
3780 silly ADD node_modules/object-assign
3781 silly ADD node_modules/ob1
3782 silly ADD node_modules/nwsapi
3783 silly ADD node_modules/nullthrows
3784 silly ADD node_modules/npm-run-path
3785 silly ADD node_modules/npm-package-arg
3786 silly ADD node_modules/npm-package-arg/node_modules/semver
3787 silly ADD node_modules/normalize-path
3788 silly ADD node_modules/node-stream-zip
3789 silly ADD node_modules/node-releases
3790 silly ADD node_modules/node-int64
3791 silly ADD node_modules/node-forge
3792 silly ADD node_modules/node-fetch
3793 silly ADD node_modules/node-exports-info
3794 silly ADD node_modules/node-dir
3795 silly ADD node_modules/node-abort-controller
3796 silly ADD node_modules/nocache
3797 silly ADD node_modules/nice-try
3798 silly ADD node_modules/nested-error-stacks
3799 silly ADD node_modules/neo-async
3800 silly ADD node_modules/negotiator
3801 silly ADD node_modules/natural-compare
3802 silly ADD node_modules/nanoid
3803 silly ADD node_modules/mz
3804 silly ADD node_modules/ms
3805 silly ADD node_modules/mkdirp
3806 silly ADD node_modules/minizlib
3807 silly ADD node_modules/minizlib/node_modules/yallist
3808 silly ADD node_modules/minipass-pipeline
3809 silly ADD node_modules/minipass-flush
3810 silly ADD node_modules/minipass-collect
3811 silly ADD node_modules/minipass
3812 silly ADD node_modules/minipass/node_modules/yallist
3813 silly ADD node_modules/minimist
3814 silly ADD node_modules/minimatch
3815 silly ADD node_modules/min-indent
3816 silly ADD node_modules/mimic-fn
3817 silly ADD node_modules/mime-types
3818 silly ADD node_modules/mime-db
3819 silly ADD node_modules/mime
3820 silly ADD node_modules/micromatch
3821 silly ADD node_modules/micromatch/node_modules/picomatch
3822 silly ADD node_modules/metro-transform-worker
3823 silly ADD node_modules/metro-transform-plugins
3824 silly ADD node_modules/metro-symbolicate
3825 silly ADD node_modules/metro-symbolicate/node_modules/source-map
3826 silly ADD node_modules/metro-source-map
3827 silly ADD node_modules/metro-source-map/node_modules/source-map
3828 silly ADD node_modules/metro-runtime
3829 silly ADD node_modules/metro-resolver
3830 silly ADD node_modules/metro-minify-terser
3831 silly ADD node_modules/metro-file-map
3832 silly ADD node_modules/metro-file-map/node_modules/ms
3833 silly ADD node_modules/metro-file-map/node_modules/debug
3834 silly ADD node_modules/metro-core
3835 silly ADD node_modules/metro-config
3836 silly ADD node_modules/metro-cache-key
3837 silly ADD node_modules/metro-cache
3838 silly ADD node_modules/metro-babel-transformer
3839 silly ADD node_modules/metro-babel-transformer/node_modules/hermes-parser
3840 silly ADD node_modules/metro-babel-transformer/node_modules/hermes-estree
3841 silly ADD node_modules/metro
3842 silly ADD node_modules/metro/node_modules/ws
3843 silly ADD node_modules/metro/node_modules/source-map
3844 silly ADD node_modules/metro/node_modules/ms
3845 silly ADD node_modules/metro/node_modules/hermes-parser
3846 silly ADD node_modules/metro/node_modules/hermes-estree
3847 silly ADD node_modules/metro/node_modules/debug
3848 silly ADD node_modules/metro/node_modules/ci-info
3849 silly ADD node_modules/merge2
3850 silly ADD node_modules/merge-stream
3851 silly ADD node_modules/merge-options
3852 silly ADD node_modules/memory-cache
3853 silly ADD node_modules/memoize-one
3854 silly ADD node_modules/md5hex
3855 silly ADD node_modules/md5-file
3856 silly ADD node_modules/md5
3857 silly ADD node_modules/math-intrinsics
3858 silly ADD node_modules/marky
3859 silly ADD node_modules/makeerror
3860 silly ADD node_modules/make-error
3861 silly ADD node_modules/make-dir
3862 silly ADD node_modules/make-dir/node_modules/semver
3863 silly ADD node_modules/lru-cache
3864 silly ADD node_modules/loose-envify
3865 silly ADD node_modules/logkitty
3866 silly ADD node_modules/logkitty/node_modules/yargs-parser
3867 silly ADD node_modules/logkitty/node_modules/yargs
3868 silly ADD node_modules/logkitty/node_modules/y18n
3869 silly ADD node_modules/logkitty/node_modules/wrap-ansi
3870 silly ADD node_modules/logkitty/node_modules/p-locate
3871 silly ADD node_modules/logkitty/node_modules/p-limit
3872 silly ADD node_modules/logkitty/node_modules/locate-path
3873 silly ADD node_modules/logkitty/node_modules/find-up
3874 silly ADD node_modules/logkitty/node_modules/cliui
3875 silly ADD node_modules/log-symbols
3876 silly ADD node_modules/log-symbols/node_modules/supports-color
3877 silly ADD node_modules/log-symbols/node_modules/escape-string-regexp
3878 silly ADD node_modules/log-symbols/node_modules/color-name
3879 silly ADD node_modules/log-symbols/node_modules/color-convert
3880 silly ADD node_modules/log-symbols/node_modules/chalk
3881 silly ADD node_modules/log-symbols/node_modules/ansi-styles
3882 silly ADD node_modules/lodash.throttle
3883 silly ADD node_modules/lodash.merge
3884 silly ADD node_modules/lodash.memoize
3885 silly ADD node_modules/lodash.debounce
3886 silly ADD node_modules/lodash
3887 silly ADD node_modules/locate-path
3888 silly ADD node_modules/lines-and-columns
3889 silly ADD node_modules/lightningcss-win32-x64-msvc
3890 silly ADD node_modules/lightningcss
3891 silly ADD node_modules/lighthouse-logger
3892 silly ADD node_modules/lighthouse-logger/node_modules/ms
3893 silly ADD node_modules/lighthouse-logger/node_modules/debug
3894 silly ADD node_modules/levn
3895 silly ADD node_modules/leven
3896 silly ADD node_modules/kleur
3897 silly ADD node_modules/kind-of
3898 silly ADD node_modules/keyv
3899 silly ADD node_modules/jsx-ast-utils
3900 silly ADD node_modules/jsonfile
3901 silly ADD node_modules/json5
3902 silly ADD node_modules/json-stable-stringify-without-jsonify
3903 silly ADD node_modules/json-schema-traverse
3904 silly ADD node_modules/json-schema-deref-sync
3905 silly ADD node_modules/json-schema-deref-sync/node_modules/md5
3906 silly ADD node_modules/json-parse-even-better-errors
3907 silly ADD node_modules/json-parse-better-errors
3908 silly ADD node_modules/json-buffer
3909 silly ADD node_modules/jsesc
3910 silly ADD node_modules/jsdom
3911 silly ADD node_modules/jsdom/node_modules/whatwg-url
3912 silly ADD node_modules/jsdom/node_modules/webidl-conversions
3913 silly ADD node_modules/jsdom/node_modules/tr46
3914 silly ADD node_modules/jscodeshift
3915 silly ADD node_modules/jsc-safe-url
3916 silly ADD node_modules/jsc-android
3917 silly ADD node_modules/js-yaml
3918 silly ADD node_modules/js-tokens
3919 silly ADD node_modules/join-component
3920 silly ADD node_modules/joi
3921 silly ADD node_modules/jimp-compact
3922 silly ADD node_modules/jest-worker
3923 silly ADD node_modules/jest-worker/node_modules/supports-color
3924 silly ADD node_modules/jest-worker/node_modules/has-flag
3925 silly ADD node_modules/jest-watcher
3926 silly ADD node_modules/jest-watch-typeahead
3927 silly ADD node_modules/jest-watch-typeahead/node_modules/strip-ansi
3928 silly ADD node_modules/jest-watch-typeahead/node_modules/string-length
3929 silly ADD node_modules/jest-watch-typeahead/node_modules/slash
3930 silly ADD node_modules/jest-watch-typeahead/node_modules/char-regex
3931 silly ADD node_modules/jest-watch-typeahead/node_modules/ansi-regex
3932 silly ADD node_modules/jest-watch-typeahead/node_modules/ansi-escapes
3933 silly ADD node_modules/jest-watch-select-projects
3934 silly ADD node_modules/jest-watch-select-projects/node_modules/chalk
3935 silly ADD node_modules/jest-validate
3936 silly ADD node_modules/jest-validate/node_modules/camelcase
3937 silly ADD node_modules/jest-util
3938 silly ADD node_modules/jest-util/node_modules/picomatch
3939 silly ADD node_modules/jest-snapshot-prettier
3940 silly ADD node_modules/jest-snapshot
3941 silly ADD node_modules/jest-snapshot/node_modules/semver
3942 silly ADD node_modules/jest-runtime
3943 silly ADD node_modules/jest-runner
3944 silly ADD node_modules/jest-runner/node_modules/source-map-support
3945 silly ADD node_modules/jest-resolve-dependencies
3946 silly ADD node_modules/jest-resolve
3947 silly ADD node_modules/jest-regex-util
3948 silly ADD node_modules/jest-pnp-resolver
3949 silly ADD node_modules/jest-mock
3950 silly ADD node_modules/jest-message-util
3951 silly ADD node_modules/jest-matcher-utils
3952 silly ADD node_modules/jest-leak-detector
3953 silly ADD node_modules/jest-haste-map
3954 silly ADD node_modules/jest-get-type
3955 silly ADD node_modules/jest-environment-node
3956 silly ADD node_modules/jest-environment-jsdom
3957 silly ADD node_modules/jest-each
3958 silly ADD node_modules/jest-docblock
3959 silly ADD node_modules/jest-diff
3960 silly ADD node_modules/jest-config
3961 silly ADD node_modules/jest-cli
3962 silly ADD node_modules/jest-circus
3963 silly ADD node_modules/jest-changed-files
3964 silly ADD node_modules/jest-changed-files/node_modules/which
3965 silly ADD node_modules/jest-changed-files/node_modules/shebang-regex
3966 silly ADD node_modules/jest-changed-files/node_modules/shebang-command
3967 silly ADD node_modules/jest-changed-files/node_modules/path-key
3968 silly ADD node_modules/jest-changed-files/node_modules/npm-run-path
3969 silly ADD node_modules/jest-changed-files/node_modules/is-stream
3970 silly ADD node_modules/jest-changed-files/node_modules/get-stream
3971 silly ADD node_modules/jest-changed-files/node_modules/execa
3972 silly ADD node_modules/jest-changed-files/node_modules/cross-spawn
3973 silly ADD node_modules/jest
3974 silly ADD node_modules/iterator.prototype
3975 silly ADD node_modules/istanbul-reports
3976 silly ADD node_modules/istanbul-lib-source-maps
3977 silly ADD node_modules/istanbul-lib-report
3978 silly ADD node_modules/istanbul-lib-instrument
3979 silly ADD node_modules/istanbul-lib-instrument/node_modules/semver
3980 silly ADD node_modules/istanbul-lib-coverage
3981 silly ADD node_modules/isobject
3982 silly ADD node_modules/isexe
3983 silly ADD node_modules/isarray
3984 silly ADD node_modules/is-wsl
3985 silly ADD node_modules/is-weakset
3986 silly ADD node_modules/is-weakref
3987 silly ADD node_modules/is-weakmap
3988 silly ADD node_modules/is-valid-path
3989 silly ADD node_modules/is-unicode-supported
3990 silly ADD node_modules/is-typed-array
3991 silly ADD node_modules/is-symbol
3992 silly ADD node_modules/is-string
3993 silly ADD node_modules/is-stream
3994 silly ADD node_modules/is-shared-array-buffer
3995 silly ADD node_modules/is-set
3996 silly ADD node_modules/is-regex
3997 silly ADD node_modules/is-potential-custom-element-name
3998 silly ADD node_modules/is-plain-object
3999 silly ADD node_modules/is-plain-obj
4000 silly ADD node_modules/is-path-inside
4001 silly ADD node_modules/is-path-cwd
4002 silly ADD node_modules/is-number-object
4003 silly ADD node_modules/is-number
4004 silly ADD node_modules/is-negative-zero
4005 silly ADD node_modules/is-nan
4006 silly ADD node_modules/is-map
4007 silly ADD node_modules/is-invalid-path
4008 silly ADD node_modules/is-invalid-path/node_modules/is-glob
4009 silly ADD node_modules/is-invalid-path/node_modules/is-extglob
4010 silly ADD node_modules/is-interactive
4011 silly ADD node_modules/is-glob
4012 silly ADD node_modules/is-generator-function
4013 silly ADD node_modules/is-generator-fn
4014 silly ADD node_modules/is-fullwidth-code-point
4015 silly ADD node_modules/is-finalizationregistry
4016 silly ADD node_modules/is-extglob
4017 silly ADD node_modules/is-docker
4018 silly ADD node_modules/is-directory
4019 silly ADD node_modules/is-date-object
4020 silly ADD node_modules/is-data-view
4021 silly ADD node_modules/is-core-module
4022 silly ADD node_modules/is-callable
4023 silly ADD node_modules/is-buffer
4024 silly ADD node_modules/is-boolean-object
4025 silly ADD node_modules/is-binary-path
4026 silly ADD node_modules/is-bigint
4027 silly ADD node_modules/is-async-function
4028 silly ADD node_modules/is-arrayish
4029 silly ADD node_modules/is-array-buffer
4030 silly ADD node_modules/is-arguments
4031 silly ADD node_modules/ipaddr.js
4032 silly ADD node_modules/ip-regex
4033 silly ADD node_modules/invariant
4034 silly ADD node_modules/internal-slot
4035 silly ADD node_modules/internal-ip
4036 silly ADD node_modules/ini
4037 silly ADD node_modules/inherits
4038 silly ADD node_modules/inflight
4039 silly ADD node_modules/infer-owner
4040 silly ADD node_modules/indent-string
4041 silly ADD node_modules/imurmurhash
4042 silly ADD node_modules/import-local
4043 silly ADD node_modules/import-fresh
4044 silly ADD node_modules/import-fresh/node_modules/resolve-from
4045 silly ADD node_modules/image-size
4046 silly ADD node_modules/ignore
4047 silly ADD node_modules/ieee754
4048 silly ADD node_modules/iconv-lite
4049 silly ADD node_modules/i18next-http-backend
4050 silly ADD node_modules/i18next-http-backend/node_modules/cross-fetch
4051 silly ADD node_modules/i18next
4052 silly ADD node_modules/human-signals
4053 silly ADD node_modules/https-proxy-agent
4054 silly ADD node_modules/http-proxy-agent
4055 silly ADD node_modules/http-errors
4056 silly ADD node_modules/http-errors/node_modules/statuses
4057 silly ADD node_modules/html-parse-stringify
4058 silly ADD node_modules/html-escaper
4059 silly ADD node_modules/html-encoding-sniffer
4060 silly ADD node_modules/hosted-git-info
4061 silly ADD node_modules/hosted-git-info/node_modules/yallist
4062 silly ADD node_modules/hosted-git-info/node_modules/lru-cache
4063 silly ADD node_modules/hoist-non-react-statics
4064 silly ADD node_modules/hermes-profile-transformer
4065 silly ADD node_modules/hermes-profile-transformer/node_modules/source-map
4066 silly ADD node_modules/hermes-parser
4067 silly ADD node_modules/hermes-estree
4068 silly ADD node_modules/hasown
4069 silly ADD node_modules/has-tostringtag
4070 silly ADD node_modules/has-symbols
4071 silly ADD node_modules/has-proto
4072 silly ADD node_modules/has-property-descriptors
4073 silly ADD node_modules/has-flag
4074 silly ADD node_modules/has-bigints
4075 silly ADD node_modules/graphql-tag
4076 silly ADD node_modules/graphql
4077 silly ADD node_modules/graceful-fs
4078 silly ADD node_modules/gopd
4079 silly ADD node_modules/globrex
4080 silly ADD node_modules/globby
4081 silly ADD node_modules/globalthis
4082 silly ADD node_modules/globals
4083 silly ADD node_modules/glob-parent
4084 silly ADD node_modules/glob
4085 silly ADD node_modules/getenv
4086 silly ADD node_modules/get-tsconfig
4087 silly ADD node_modules/get-symbol-description
4088 silly ADD node_modules/get-stream
4089 silly ADD node_modules/get-proto
4090 silly ADD node_modules/get-package-type
4091 silly ADD node_modules/get-intrinsic
4092 silly ADD node_modules/get-caller-file
4093 silly ADD node_modules/gensync
4094 silly ADD node_modules/generator-function
4095 silly ADD node_modules/functions-have-names
4096 silly ADD node_modules/function.prototype.name
4097 silly ADD node_modules/function-bind
4098 silly ADD
4099 silly ADD node_modules/fs.realpath
4100 silly ADD node_modules/fs-readdir-recursive
4101 silly ADD node_modules/fs-minipass
4102 silly ADD node_modules/fs-extra
4103 silly ADD node_modules/fresh
4104 silly ADD node_modules/freeport-async
4105 silly ADD node_modules/form-data
4106 silly ADD node_modules/for-each
4107 silly ADD node_modules/fontfaceobserver
4108 silly ADD node_modules/follow-redirects
4109 silly ADD node_modules/flow-parser
4110 silly ADD node_modules/flow-enums-runtime
4111 silly ADD node_modules/flatted
4112 silly ADD node_modules/flat-cache
4113 silly ADD node_modules/find-yarn-workspace-root
4114 silly ADD node_modules/find-up
4115 silly ADD node_modules/find-cache-dir
4116 silly ADD node_modules/find-cache-dir/node_modules/semver
4117 silly ADD node_modules/find-cache-dir/node_modules/pkg-dir
4118 silly ADD node_modules/find-cache-dir/node_modules/path-exists
4119 silly ADD node_modules/find-cache-dir/node_modules/p-locate
4120 silly ADD node_modules/find-cache-dir/node_modules/p-limit
4121 silly ADD node_modules/find-cache-dir/node_modules/make-dir
4122 silly ADD node_modules/find-cache-dir/node_modules/locate-path
4123 silly ADD node_modules/find-cache-dir/node_modules/find-up
4124 silly ADD node_modules/finalhandler
4125 silly ADD node_modules/finalhandler/node_modules/ms
4126 silly ADD node_modules/finalhandler/node_modules/debug
4127 silly ADD node_modules/filter-obj
4128 silly ADD node_modules/fill-range
4129 silly ADD node_modules/file-entry-cache
4130 silly ADD node_modules/fetch-retry
4131 silly ADD node_modules/fdir
4132 silly ADD node_modules/fbjs-css-vars
4133 silly ADD node_modules/fbjs
4134 silly ADD node_modules/fbemitter
4135 silly ADD node_modules/fb-watchman
4136 silly ADD node_modules/fastq
4137 silly ADD node_modules/fast-xml-parser
4138 silly ADD node_modules/fast-levenshtein
4139 silly ADD node_modules/fast-json-stable-stringify
4140 silly ADD node_modules/fast-glob
4141 silly ADD node_modules/fast-diff
4142 silly ADD node_modules/fast-deep-equal
4143 silly ADD node_modules/exponential-backoff
4144 silly ADD node_modules/expo-updates-interface
4145 silly ADD node_modules/expo-speech-recognition
4146 silly ADD node_modules/expo-speech
4147 silly ADD node_modules/expo-notifications
4148 silly ADD node_modules/expo-notifications/node_modules/universalify
4149 silly ADD node_modules/expo-notifications/node_modules/jsonfile
4150 silly ADD node_modules/expo-notifications/node_modules/fs-extra
4151 silly ADD node_modules/expo-modules-core
4152 silly ADD node_modules/expo-modules-autolinking
4153 silly ADD node_modules/expo-modules-autolinking/node_modules/universalify
4154 silly ADD node_modules/expo-modules-autolinking/node_modules/jsonfile
4155 silly ADD node_modules/expo-modules-autolinking/node_modules/fs-extra
4156 silly ADD node_modules/expo-module-scripts
4157 silly ADD node_modules/expo-module-scripts/node_modules/xmlbuilder
4158 silly ADD node_modules/expo-module-scripts/node_modules/which
4159 silly ADD node_modules/expo-module-scripts/node_modules/shebang-regex
4160 silly ADD node_modules/expo-module-scripts/node_modules/shebang-command
4161 silly ADD node_modules/expo-module-scripts/node_modules/semver
4162 silly ADD node_modules/expo-module-scripts/node_modules/scheduler
4163 silly ADD node_modules/expo-module-scripts/node_modules/react-test-renderer
4164 silly ADD node_modules/expo-module-scripts/node_modules/react-test-renderer/node_modules/react-is
4165 silly ADD node_modules/expo-module-scripts/node_modules/react-is
4166 silly ADD node_modules/expo-module-scripts/node_modules/react
4167 silly ADD node_modules/expo-module-scripts/node_modules/pretty-format
4168 silly ADD node_modules/expo-module-scripts/node_modules/path-key
4169 silly ADD node_modules/expo-module-scripts/node_modules/minipass
4170 silly ADD node_modules/expo-module-scripts/node_modules/jest-matcher-utils
4171 silly ADD node_modules/expo-module-scripts/node_modules/jest-expo
4172 silly ADD node_modules/expo-module-scripts/node_modules/jest-expo/node_modules/react-test-renderer
4173 silly ADD node_modules/expo-module-scripts/node_modules/jest-expo/node_modules/react-is
4174 silly ADD node_modules/expo-module-scripts/node_modules/jest-diff
4175 silly ADD node_modules/expo-module-scripts/node_modules/hermes-parser
4176 silly ADD node_modules/expo-module-scripts/node_modules/hermes-estree
4177 silly ADD node_modules/expo-module-scripts/node_modules/glob
4178 silly ADD node_modules/expo-module-scripts/node_modules/glob/node_modules/minimatch
4179 silly ADD node_modules/expo-module-scripts/node_modules/getenv
4180 silly ADD node_modules/expo-module-scripts/node_modules/cross-spawn
4181 silly ADD node_modules/expo-module-scripts/node_modules/commander
4182 silly ADD node_modules/expo-module-scripts/node_modules/brace-expansion
4183 silly ADD node_modules/expo-module-scripts/node_modules/balanced-match
4184 silly ADD node_modules/expo-module-scripts/node_modules/babel-preset-expo
4185 silly ADD node_modules/expo-module-scripts/node_modules/babel-plugin-syntax-hermes-parser
4186 silly ADD node_modules/expo-module-scripts/node_modules/babel-plugin-syntax-hermes-parser/node_modules/hermes-parser
4187 silly ADD node_modules/expo-module-scripts/node_modules/babel-plugin-syntax-hermes-parser/node_modules/hermes-estree
4188 silly ADD node_modules/expo-module-scripts/node_modules/babel-plugin-react-native-web
4189 silly ADD node_modules/expo-module-scripts/node_modules/ansi-styles
4190 silly ADD node_modules/expo-module-scripts/node_modules/@xmldom/xmldom
4191 silly ADD node_modules/expo-module-scripts/node_modules/@testing-library/react-native
4192 silly ADD node_modules/expo-module-scripts/node_modules/@sinclair/typebox
4193 silly ADD node_modules/expo-module-scripts/node_modules/@react-native/codegen
4194 silly ADD node_modules/expo-module-scripts/node_modules/@react-native/codegen/node_modules/glob
4195 silly ADD node_modules/expo-module-scripts/node_modules/@react-native/babel-preset
4196 silly ADD node_modules/expo-module-scripts/node_modules/@react-native/babel-preset/node_modules/babel-plugin-syntax-hermes-parser
4197 silly ADD node_modules/expo-module-scripts/node_modules/@react-native/babel-plugin-codegen
4198 silly ADD node_modules/expo-module-scripts/node_modules/@jest/schemas
4199 silly ADD node_modules/expo-module-scripts/node_modules/@expo/spawn-async
4200 silly ADD node_modules/expo-module-scripts/node_modules/@expo/plist
4201 silly ADD node_modules/expo-module-scripts/node_modules/@expo/json-file
4202 silly ADD node_modules/expo-module-scripts/node_modules/@expo/config-types
4203 silly ADD node_modules/expo-module-scripts/node_modules/@expo/config-plugins
4204 silly ADD node_modules/expo-module-scripts/node_modules/@expo/config
4205 silly ADD node_modules/expo-manifests
4206 silly ADD node_modules/expo-localization
4207 silly ADD node_modules/expo-keep-awake
4208 silly ADD node_modules/expo-json-utils
4209 silly ADD node_modules/expo-image-picker
4210 silly ADD node_modules/expo-image-loader
4211 silly ADD node_modules/expo-font
4212 silly ADD node_modules/expo-file-system
4213 silly ADD node_modules/expo-dev-menu-interface
4214 silly ADD node_modules/expo-dev-menu
4215 silly ADD node_modules/expo-dev-menu/node_modules/semver
4216 silly ADD node_modules/expo-dev-launcher
4217 silly ADD node_modules/expo-dev-launcher/node_modules/semver
4218 silly ADD node_modules/expo-dev-client
4219 silly ADD node_modules/expo-constants
4220 silly ADD node_modules/expo-asset
4221 silly ADD node_modules/expo-application
4222 silly ADD node_modules/expo
4223 silly ADD node_modules/expect
4224 silly ADD node_modules/exit
4225 silly ADD node_modules/execa
4226 silly ADD node_modules/event-target-shim
4227 silly ADD node_modules/etag
4228 silly ADD node_modules/esutils
4229 silly ADD node_modules/estraverse
4230 silly ADD node_modules/esrecurse
4231 silly ADD node_modules/esquery
4232 silly ADD node_modules/esprima
4233 silly ADD node_modules/espree
4234 silly ADD node_modules/espree/node_modules/eslint-visitor-keys
4235 silly ADD node_modules/eslint-visitor-keys
4236 silly ADD node_modules/eslint-utils
4237 silly ADD node_modules/eslint-utils/node_modules/eslint-visitor-keys
4238 silly ADD node_modules/eslint-scope
4239 silly ADD node_modules/eslint-plugin-react-hooks
4240 silly ADD node_modules/eslint-plugin-react
4241 silly ADD node_modules/eslint-plugin-react/node_modules/resolve
4242 silly ADD node_modules/eslint-plugin-prettier
4243 silly ADD node_modules/eslint-plugin-node
4244 silly ADD node_modules/eslint-plugin-n
4245 silly ADD node_modules/eslint-plugin-n/node_modules/semver
4246 silly ADD node_modules/eslint-plugin-n/node_modules/globals
4247 silly ADD node_modules/eslint-plugin-import
4248 silly ADD node_modules/eslint-plugin-import/node_modules/debug
4249 silly ADD node_modules/eslint-plugin-es-x
4250 silly ADD node_modules/eslint-plugin-es
4251 silly ADD node_modules/eslint-module-utils
4252 silly ADD node_modules/eslint-module-utils/node_modules/debug
4253 silly ADD node_modules/eslint-import-resolver-node
4254 silly ADD node_modules/eslint-import-resolver-node/node_modules/resolve
4255 silly ADD node_modules/eslint-import-resolver-node/node_modules/debug
4256 silly ADD node_modules/eslint-config-universe
4257 silly ADD node_modules/eslint-config-prettier
4258 silly ADD node_modules/eslint-compat-utils
4259 silly ADD node_modules/eslint-compat-utils/node_modules/semver
4260 silly ADD node_modules/eslint
4261 silly ADD node_modules/eslint/node_modules/which
4262 silly ADD node_modules/eslint/node_modules/shebang-regex
4263 silly ADD node_modules/eslint/node_modules/shebang-command
4264 silly ADD node_modules/eslint/node_modules/path-key
4265 silly ADD node_modules/eslint/node_modules/json-schema-traverse
4266 silly ADD node_modules/eslint/node_modules/glob-parent
4267 silly ADD node_modules/eslint/node_modules/eslint-visitor-keys
4268 silly ADD node_modules/eslint/node_modules/cross-spawn
4269 silly ADD node_modules/eslint/node_modules/ajv
4270 silly ADD node_modules/escodegen
4271 silly ADD node_modules/escape-string-regexp
4272 silly ADD node_modules/escape-html
4273 silly ADD node_modules/escalade
4274 silly ADD node_modules/es-to-primitive
4275 silly ADD node_modules/es-shim-unscopables
4276 silly ADD node_modules/es-set-tostringtag
4277 silly ADD node_modules/es-object-atoms
4278 silly ADD node_modules/es-iterator-helpers
4279 silly ADD node_modules/es-errors
4280 silly ADD node_modules/es-define-property
4281 silly ADD node_modules/es-abstract
4282 silly ADD node_modules/errorhandler
4283 silly ADD node_modules/error-stack-parser
4284 silly ADD node_modules/error-ex
4285 silly ADD node_modules/envinfo
4286 silly ADD node_modules/env-editor
4287 silly ADD node_modules/entities
4288 silly ADD node_modules/enhanced-resolve
4289 silly ADD node_modules/end-of-stream
4290 silly ADD node_modules/encodeurl
4291 silly ADD node_modules/emoji-regex
4292 silly ADD node_modules/emittery
4293 silly ADD node_modules/electron-to-chromium
4294 silly ADD node_modules/ee-first
4295 silly ADD node_modules/dunder-proto
4296 silly ADD node_modules/dotenv-expand
4297 silly ADD node_modules/dotenv
4298 silly ADD node_modules/domexception
4299 silly ADD node_modules/domexception/node_modules/webidl-conversions
4300 silly ADD node_modules/doctrine
4301 silly ADD node_modules/dir-glob
4302 silly ADD node_modules/diff-sequences
4303 silly ADD node_modules/detect-newline
4304 silly ADD node_modules/detect-libc
4305 silly ADD node_modules/destroy
4306 silly ADD node_modules/deprecated-react-native-prop-types
4307 silly ADD node_modules/depd
4308 silly ADD node_modules/denodeify
4309 silly ADD node_modules/delayed-stream
4310 silly ADD node_modules/del
4311 silly ADD node_modules/define-properties
4312 silly ADD node_modules/define-lazy-prop
4313 silly ADD node_modules/define-data-property
4314 silly ADD node_modules/defaults
4315 silly ADD node_modules/defaults/node_modules/clone
4316 silly ADD node_modules/default-gateway
4317 silly ADD node_modules/deepmerge
4318 silly ADD node_modules/deep-is
4319 silly ADD node_modules/deep-extend
4320 silly ADD node_modules/dedent
4321 silly ADD node_modules/decode-uri-component
4322 silly ADD node_modules/decimal.js
4323 silly ADD node_modules/decamelize
4324 silly ADD node_modules/debug
4325 silly ADD node_modules/dayjs
4326 silly ADD node_modules/data-view-byte-offset
4327 silly ADD node_modules/data-view-byte-length
4328 silly ADD node_modules/data-view-buffer
4329 silly ADD node_modules/data-urls
4330 silly ADD node_modules/data-urls/node_modules/whatwg-url
4331 silly ADD node_modules/data-urls/node_modules/webidl-conversions
4332 silly ADD node_modules/data-urls/node_modules/tr46
4333 silly ADD node_modules/dag-map
4334 silly ADD node_modules/csstype
4335 silly ADD node_modules/cssstyle
4336 silly ADD node_modules/cssstyle/node_modules/cssom
4337 silly ADD node_modules/cssom
4338 silly ADD node_modules/crypto-random-string
4339 silly ADD node_modules/crypt
4340 silly ADD node_modules/cross-spawn
4341 silly ADD node_modules/cross-spawn/node_modules/semver
4342 silly ADD node_modules/cross-fetch
4343 silly ADD node_modules/create-jest
4344 silly ADD node_modules/cosmiconfig
4345 silly ADD node_modules/cosmiconfig/node_modules/resolve-from
4346 silly ADD node_modules/cosmiconfig/node_modules/parse-json
4347 silly ADD node_modules/cosmiconfig/node_modules/import-fresh
4348 silly ADD node_modules/core-util-is
4349 silly ADD node_modules/core-js-compat
4350 silly ADD node_modules/convert-source-map
4351 silly ADD node_modules/connect
4352 silly ADD node_modules/connect/node_modules/ms
4353 silly ADD node_modules/connect/node_modules/debug
4354 silly ADD node_modules/concat-map
4355 silly ADD node_modules/compression
4356 silly ADD node_modules/compression/node_modules/negotiator
4357 silly ADD node_modules/compression/node_modules/ms
4358 silly ADD node_modules/compression/node_modules/debug
4359 silly ADD node_modules/compressible
4360 silly ADD node_modules/component-type
4361 silly ADD node_modules/commondir
4362 silly ADD node_modules/commander
4363 silly ADD node_modules/command-exists
4364 silly ADD node_modules/combined-stream
4365 silly ADD node_modules/colorette
4366 silly ADD node_modules/color-string
4367 silly ADD node_modules/color-name
4368 silly ADD node_modules/color-convert
4369 silly ADD node_modules/color
4370 silly ADD node_modules/collect-v8-coverage
4371 silly ADD node_modules/co
4372 silly ADD node_modules/clone-deep
4373 silly ADD node_modules/clone
4374 silly ADD node_modules/cliui
4375 silly ADD node_modules/cli-spinners
4376 silly ADD node_modules/cli-cursor
4377 silly ADD node_modules/clean-stack
4378 silly ADD node_modules/cjs-module-lexer
4379 silly ADD node_modules/ci-info
4380 silly ADD node_modules/chromium-edge-launcher
4381 silly ADD node_modules/chrome-launcher
4382 silly ADD node_modules/chownr
4383 silly ADD node_modules/chokidar
4384 silly ADD node_modules/charenc
4385 silly ADD node_modules/char-regex
4386 silly ADD node_modules/chalk
4387 silly ADD node_modules/caniuse-lite
4388 silly ADD node_modules/camelcase
4389 silly ADD node_modules/callsites
4390 silly ADD node_modules/caller-path
4391 silly ADD node_modules/caller-callsite
4392 silly ADD node_modules/caller-callsite/node_modules/callsites
4393 silly ADD node_modules/call-bound
4394 silly ADD node_modules/call-bind-apply-helpers
4395 silly ADD node_modules/call-bind
4396 silly ADD node_modules/cacache
4397 silly ADD node_modules/cacache/node_modules/yallist
4398 silly ADD node_modules/cacache/node_modules/lru-cache
4399 silly ADD node_modules/bytes
4400 silly ADD node_modules/builtins
4401 silly ADD node_modules/buffer-from
4402 silly ADD node_modules/buffer-fill
4403 silly ADD node_modules/buffer-alloc-unsafe
4404 silly ADD node_modules/buffer-alloc
4405 silly ADD node_modules/buffer
4406 silly ADD node_modules/bser
4407 silly ADD node_modules/bs-logger
4408 silly ADD node_modules/browserslist
4409 silly ADD node_modules/braces
4410 silly ADD node_modules/brace-expansion
4411 silly ADD node_modules/bplist-parser
4412 silly ADD node_modules/bplist-creator
4413 silly ADD node_modules/blueimp-md5
4414 silly ADD node_modules/bl
4415 silly ADD node_modules/bl/node_modules/readable-stream
4416 silly ADD node_modules/binary-extensions
4417 silly ADD node_modules/big-integer
4418 silly ADD node_modules/better-opn
4419 silly ADD node_modules/baseline-browser-mapping
4420 silly ADD node_modules/base64-js
4421 silly ADD node_modules/balanced-match
4422 silly ADD node_modules/badgin
4423 silly ADD node_modules/babel-preset-jest
4424 silly ADD node_modules/babel-preset-fbjs
4425 silly ADD node_modules/babel-preset-expo
4426 silly ADD node_modules/babel-preset-expo/node_modules/react-refresh
4427 silly ADD node_modules/babel-preset-expo/node_modules/mkdirp
4428 silly ADD node_modules/babel-preset-expo/node_modules/@react-native/codegen
4429 silly ADD node_modules/babel-preset-expo/node_modules/@react-native/babel-preset
4430 silly ADD node_modules/babel-preset-expo/node_modules/@react-native/babel-plugin-codegen
4431 silly ADD node_modules/babel-preset-current-node-syntax
4432 silly ADD node_modules/babel-plugin-transform-flow-enums
4433 silly ADD node_modules/babel-plugin-syntax-trailing-function-commas
4434 silly ADD node_modules/babel-plugin-syntax-hermes-parser
4435 silly ADD node_modules/babel-plugin-react-native-web
4436 silly ADD node_modules/babel-plugin-react-compiler
4437 silly ADD node_modules/babel-plugin-polyfill-regenerator
4438 silly ADD node_modules/babel-plugin-polyfill-corejs3
4439 silly ADD node_modules/babel-plugin-polyfill-corejs2
4440 silly ADD node_modules/babel-plugin-jest-hoist
4441 silly ADD node_modules/babel-plugin-istanbul
4442 silly ADD node_modules/babel-plugin-istanbul/node_modules/istanbul-lib-instrument
4443 silly ADD node_modules/babel-plugin-dynamic-import-node
4444 silly ADD node_modules/babel-jest
4445 silly ADD node_modules/babel-core
4446 silly ADD node_modules/axios
4447 silly ADD node_modules/available-typed-arrays
4448 silly ADD node_modules/at-least-node
4449 silly ADD node_modules/asynckit
4450 silly ADD node_modules/async-limiter
4451 silly ADD node_modules/async-function
4452 silly ADD node_modules/astral-regex
4453 silly ADD node_modules/ast-types
4454 silly ADD node_modules/assert
4455 silly ADD node_modules/asap
4456 silly ADD node_modules/arraybuffer.prototype.slice
4457 silly ADD node_modules/array.prototype.tosorted
4458 silly ADD node_modules/array.prototype.flatmap
4459 silly ADD node_modules/array.prototype.flat
4460 silly ADD node_modules/array.prototype.findlastindex
4461 silly ADD node_modules/array.prototype.findlast
4462 silly ADD node_modules/array-union
4463 silly ADD node_modules/array-includes
4464 silly ADD node_modules/array-buffer-byte-length
4465 silly ADD node_modules/argparse
4466 silly ADD node_modules/arg
4467 silly ADD node_modules/appdirsjs
4468 silly ADD node_modules/anymatch
4469 silly ADD node_modules/anymatch/node_modules/picomatch
4470 silly ADD node_modules/any-promise
4471 silly ADD node_modules/ansi-styles
4472 silly ADD node_modules/ansi-regex
4473 silly ADD node_modules/ansi-fragments
4474 silly ADD node_modules/ansi-fragments/node_modules/strip-ansi
4475 silly ADD node_modules/ansi-fragments/node_modules/ansi-regex
4476 silly ADD node_modules/ansi-escapes
4477 silly ADD node_modules/anser
4478 silly ADD node_modules/ajv
4479 silly ADD node_modules/aggregate-error
4480 silly ADD node_modules/agent-base
4481 silly ADD node_modules/acorn-walk
4482 silly ADD node_modules/acorn-jsx
4483 silly ADD node_modules/acorn-globals
4484 silly ADD node_modules/acorn
4485 silly ADD node_modules/accepts
4486 silly ADD node_modules/abort-controller
4487 silly ADD node_modules/abab
4488 silly ADD node_modules/@xmldom/xmldom
4489 silly ADD node_modules/@urql/exchange-retry
4490 silly ADD node_modules/@urql/core
4491 silly ADD node_modules/@typescript-eslint/visitor-keys
4492 silly ADD node_modules/@typescript-eslint/utils
4493 silly ADD node_modules/@typescript-eslint/typescript-estree
4494 silly ADD node_modules/@typescript-eslint/typescript-estree/node_modules/semver
4495 silly ADD node_modules/@typescript-eslint/typescript-estree/node_modules/minimatch
4496 silly ADD node_modules/@typescript-eslint/typescript-estree/node_modules/brace-expansion
4497 silly ADD node_modules/@typescript-eslint/typescript-estree/node_modules/balanced-match
4498 silly ADD node_modules/@typescript-eslint/types
4499 silly ADD node_modules/@typescript-eslint/type-utils
4500 silly ADD node_modules/@typescript-eslint/tsconfig-utils
4501 silly ADD node_modules/@typescript-eslint/scope-manager
4502 silly ADD node_modules/@typescript-eslint/project-service
4503 silly ADD node_modules/@typescript-eslint/parser
4504 silly ADD node_modules/@typescript-eslint/eslint-plugin
4505 silly ADD node_modules/@typescript-eslint/eslint-plugin/node_modules/ignore
4506 silly ADD node_modules/@types/yargs-parser
4507 silly ADD node_modules/@types/yargs
4508 silly ADD node_modules/@types/tough-cookie
4509 silly ADD node_modules/@types/stack-utils
4510 silly ADD node_modules/@types/react
4511 silly ADD node_modules/@types/prop-types
4512 silly ADD node_modules/@types/node
4513 silly ADD node_modules/@types/json5
4514 silly ADD node_modules/@types/json-schema
4515 silly ADD node_modules/@types/jsdom
4516 silly ADD node_modules/@types/jest
4517 silly ADD node_modules/@types/istanbul-reports
4518 silly ADD node_modules/@types/istanbul-lib-report
4519 silly ADD node_modules/@types/istanbul-lib-coverage
4520 silly ADD node_modules/@types/hammerjs
4521 silly ADD node_modules/@types/graceful-fs
4522 silly ADD node_modules/@types/estree
4523 silly ADD node_modules/@types/babel__traverse
4524 silly ADD node_modules/@types/babel__template
4525 silly ADD node_modules/@types/babel__generator
4526 silly ADD node_modules/@types/babel__core
4527 silly ADD node_modules/@tsconfig/node18
4528 silly ADD node_modules/@tootallnate/once
4529 silly ADD node_modules/@sinonjs/fake-timers
4530 silly ADD node_modules/@sinonjs/commons
4531 silly ADD node_modules/@sinclair/typebox
4532 silly ADD node_modules/@sideway/pinpoint
4533 silly ADD node_modules/@sideway/formula
4534 silly ADD node_modules/@sideway/address
4535 silly ADD node_modules/@segment/loosely-validate-event
4536 silly ADD node_modules/@rtsao/scc
4537 silly ADD node_modules/@react-navigation/stack
4538 silly ADD node_modules/@react-navigation/routers
4539 silly ADD node_modules/@react-navigation/native
4540 silly ADD node_modules/@react-navigation/elements
4541 silly ADD node_modules/@react-navigation/core
4542 silly ADD node_modules/@react-native/virtualized-lists
4543 silly ADD node_modules/@react-native/normalize-colors
4544 silly ADD node_modules/@react-native/normalize-color
4545 silly ADD node_modules/@react-native/metro-babel-transformer
4546 silly ADD node_modules/@react-native/metro-babel-transformer/node_modules/mkdirp
4547 silly ADD node_modules/@react-native/metro-babel-transformer/node_modules/hermes-parser
4548 silly ADD node_modules/@react-native/metro-babel-transformer/node_modules/hermes-estree
4549 silly ADD node_modules/@react-native/metro-babel-transformer/node_modules/@react-native/codegen
4550 silly ADD node_modules/@react-native/metro-babel-transformer/node_modules/@react-native/babel-preset
4551 silly ADD node_modules/@react-native/metro-babel-transformer/node_modules/@react-native/babel-plugin-codegen
4552 silly ADD node_modules/@react-native/js-polyfills
4553 silly ADD node_modules/@react-native/gradle-plugin
4554 silly ADD node_modules/@react-native/dev-middleware
4555 silly ADD node_modules/@react-native/dev-middleware/node_modules/ws
4556 silly ADD node_modules/@react-native/dev-middleware/node_modules/open
4557 silly ADD node_modules/@react-native/dev-middleware/node_modules/ms
4558 silly ADD node_modules/@react-native/dev-middleware/node_modules/debug
4559 silly ADD node_modules/@react-native/debugger-frontend
4560 silly ADD node_modules/@react-native/community-cli-plugin
4561 silly ADD node_modules/@react-native/community-cli-plugin/node_modules/which
4562 silly ADD node_modules/@react-native/community-cli-plugin/node_modules/shebang-regex
4563 silly ADD node_modules/@react-native/community-cli-plugin/node_modules/shebang-command
4564 silly ADD node_modules/@react-native/community-cli-plugin/node_modules/path-key
4565 silly ADD node_modules/@react-native/community-cli-plugin/node_modules/npm-run-path
4566 silly ADD node_modules/@react-native/community-cli-plugin/node_modules/is-stream
4567 silly ADD node_modules/@react-native/community-cli-plugin/node_modules/get-stream
4568 silly ADD node_modules/@react-native/community-cli-plugin/node_modules/execa
4569 silly ADD node_modules/@react-native/community-cli-plugin/node_modules/cross-spawn
4570 silly ADD node_modules/@react-native/codegen
4571 silly ADD node_modules/@react-native/babel-preset
4572 silly ADD node_modules/@react-native/babel-plugin-codegen
4573 silly ADD node_modules/@react-native/assets-registry
4574 silly ADD node_modules/@react-native-community/cli-types
4575 silly ADD node_modules/@react-native-community/cli-tools
4576 silly ADD node_modules/@react-native-community/cli-tools/node_modules/semver
4577 silly ADD node_modules/@react-native-community/cli-tools/node_modules/restore-cursor
4578 silly ADD node_modules/@react-native-community/cli-tools/node_modules/ora
4579 silly ADD node_modules/@react-native-community/cli-tools/node_modules/open
4580 silly ADD node_modules/@react-native-community/cli-tools/node_modules/log-symbols
4581 silly ADD node_modules/@react-native-community/cli-tools/node_modules/is-wsl
4582 silly ADD node_modules/@react-native-community/cli-tools/node_modules/cli-cursor
4583 silly ADD node_modules/@react-native-community/cli-server-api
4584 silly ADD node_modules/@react-native-community/cli-server-api/node_modules/ws
4585 silly ADD node_modules/@react-native-community/cli-server-api/node_modules/react-is
4586 silly ADD node_modules/@react-native-community/cli-server-api/node_modules/pretty-format
4587 silly ADD node_modules/@react-native-community/cli-server-api/node_modules/@types/yargs
4588 silly ADD node_modules/@react-native-community/cli-server-api/node_modules/@jest/types
4589 silly ADD node_modules/@react-native-community/cli-plugin-metro
4590 silly ADD node_modules/@react-native-community/cli-platform-ios
4591 silly ADD node_modules/@react-native-community/cli-platform-ios/node_modules/which
4592 silly ADD node_modules/@react-native-community/cli-platform-ios/node_modules/shebang-regex
4593 silly ADD node_modules/@react-native-community/cli-platform-ios/node_modules/shebang-command
4594 silly ADD node_modules/@react-native-community/cli-platform-ios/node_modules/restore-cursor
4595 silly ADD node_modules/@react-native-community/cli-platform-ios/node_modules/path-key
4596 silly ADD node_modules/@react-native-community/cli-platform-ios/node_modules/ora
4597 silly ADD node_modules/@react-native-community/cli-platform-ios/node_modules/npm-run-path
4598 silly ADD node_modules/@react-native-community/cli-platform-ios/node_modules/log-symbols
4599 silly ADD node_modules/@react-native-community/cli-platform-ios/node_modules/is-stream
4600 silly ADD node_modules/@react-native-community/cli-platform-ios/node_modules/get-stream
4601 silly ADD node_modules/@react-native-community/cli-platform-ios/node_modules/execa
4602 silly ADD node_modules/@react-native-community/cli-platform-ios/node_modules/cross-spawn
4603 silly ADD node_modules/@react-native-community/cli-platform-ios/node_modules/cli-cursor
4604 silly ADD node_modules/@react-native-community/cli-platform-android
4605 silly ADD node_modules/@react-native-community/cli-platform-android/node_modules/which
4606 silly ADD node_modules/@react-native-community/cli-platform-android/node_modules/shebang-regex
4607 silly ADD node_modules/@react-native-community/cli-platform-android/node_modules/shebang-command
4608 silly ADD node_modules/@react-native-community/cli-platform-android/node_modules/path-key
4609 silly ADD node_modules/@react-native-community/cli-platform-android/node_modules/npm-run-path
4610 silly ADD node_modules/@react-native-community/cli-platform-android/node_modules/is-stream
4611 silly ADD node_modules/@react-native-community/cli-platform-android/node_modules/get-stream
4612 silly ADD node_modules/@react-native-community/cli-platform-android/node_modules/execa
4613 silly ADD node_modules/@react-native-community/cli-platform-android/node_modules/cross-spawn
4614 silly ADD node_modules/@react-native-community/cli-hermes
4615 silly ADD node_modules/@react-native-community/cli-doctor
4616 silly ADD node_modules/@react-native-community/cli-doctor/node_modules/which
4617 silly ADD node_modules/@react-native-community/cli-doctor/node_modules/strip-ansi
4618 silly ADD node_modules/@react-native-community/cli-doctor/node_modules/strip-ansi/node_modules/ansi-regex
4619 silly ADD node_modules/@react-native-community/cli-doctor/node_modules/shebang-regex
4620 silly ADD node_modules/@react-native-community/cli-doctor/node_modules/shebang-command
4621 silly ADD node_modules/@react-native-community/cli-doctor/node_modules/semver
4622 silly ADD node_modules/@react-native-community/cli-doctor/node_modules/restore-cursor
4623 silly ADD node_modules/@react-native-community/cli-doctor/node_modules/path-key
4624 silly ADD node_modules/@react-native-community/cli-doctor/node_modules/ora
4625 silly ADD node_modules/@react-native-community/cli-doctor/node_modules/ora/node_modules/strip-ansi
4626 silly ADD node_modules/@react-native-community/cli-doctor/node_modules/npm-run-path
4627 silly ADD node_modules/@react-native-community/cli-doctor/node_modules/log-symbols
4628 silly ADD node_modules/@react-native-community/cli-doctor/node_modules/is-stream
4629 silly ADD node_modules/@react-native-community/cli-doctor/node_modules/get-stream
4630 silly ADD node_modules/@react-native-community/cli-doctor/node_modules/execa
4631 silly ADD node_modules/@react-native-community/cli-doctor/node_modules/cross-spawn
4632 silly ADD node_modules/@react-native-community/cli-doctor/node_modules/cli-cursor
4633 silly ADD node_modules/@react-native-community/cli-debugger-ui
4634 silly ADD node_modules/@react-native-community/cli-config
4635 silly ADD node_modules/@react-native-community/cli-clean
4636 silly ADD node_modules/@react-native-community/cli-clean/node_modules/which
4637 silly ADD node_modules/@react-native-community/cli-clean/node_modules/shebang-regex
4638 silly ADD node_modules/@react-native-community/cli-clean/node_modules/shebang-command
4639 silly ADD node_modules/@react-native-community/cli-clean/node_modules/path-key
4640 silly ADD node_modules/@react-native-community/cli-clean/node_modules/npm-run-path
4641 silly ADD node_modules/@react-native-community/cli-clean/node_modules/is-stream
4642 silly ADD node_modules/@react-native-community/cli-clean/node_modules/get-stream
4643 silly ADD node_modules/@react-native-community/cli-clean/node_modules/execa
4644 silly ADD node_modules/@react-native-community/cli-clean/node_modules/cross-spawn
4645 silly ADD node_modules/@react-native-community/cli
4646 silly ADD node_modules/@react-native-community/cli/node_modules/which
4647 silly ADD node_modules/@react-native-community/cli/node_modules/shebang-regex
4648 silly ADD node_modules/@react-native-community/cli/node_modules/shebang-command
4649 silly ADD node_modules/@react-native-community/cli/node_modules/semver
4650 silly ADD node_modules/@react-native-community/cli/node_modules/path-key
4651 silly ADD node_modules/@react-native-community/cli/node_modules/p-locate
4652 silly ADD node_modules/@react-native-community/cli/node_modules/p-limit
4653 silly ADD node_modules/@react-native-community/cli/node_modules/npm-run-path
4654 silly ADD node_modules/@react-native-community/cli/node_modules/locate-path
4655 silly ADD node_modules/@react-native-community/cli/node_modules/is-stream
4656 silly ADD node_modules/@react-native-community/cli/node_modules/get-stream
4657 silly ADD node_modules/@react-native-community/cli/node_modules/find-up
4658 silly ADD node_modules/@react-native-community/cli/node_modules/execa
4659 silly ADD node_modules/@react-native-community/cli/node_modules/cross-spawn
4660 silly ADD node_modules/@react-native-community/cli/node_modules/commander
4661 silly ADD node_modules/@react-native-async-storage/async-storage
4662 silly ADD node_modules/@pkgr/core
4663 silly ADD node_modules/@npmcli/move-file
4664 silly ADD node_modules/@npmcli/fs
4665 silly ADD node_modules/@npmcli/fs/node_modules/semver
4666 silly ADD node_modules/@nodelib/fs.walk
4667 silly ADD node_modules/@nodelib/fs.stat
4668 silly ADD node_modules/@nodelib/fs.scandir
4669 silly ADD node_modules/@nicolo-ribaudo/chokidar-2
4670 silly ADD node_modules/@jridgewell/trace-mapping
4671 silly ADD node_modules/@jridgewell/sourcemap-codec
4672 silly ADD node_modules/@jridgewell/source-map
4673 silly ADD node_modules/@jridgewell/resolve-uri
4674 silly ADD node_modules/@jridgewell/remapping
4675 silly ADD node_modules/@jridgewell/gen-mapping
4676 silly ADD node_modules/@jest/types
4677 silly ADD node_modules/@jest/transform
4678 silly ADD node_modules/@jest/transform/node_modules/write-file-atomic
4679 silly ADD node_modules/@jest/test-sequencer
4680 silly ADD node_modules/@jest/test-result
4681 silly ADD node_modules/@jest/source-map
4682 silly ADD node_modules/@jest/schemas
4683 silly ADD node_modules/@jest/reporters
4684 silly ADD node_modules/@jest/globals
4685 silly ADD node_modules/@jest/get-type
4686 silly ADD node_modules/@jest/fake-timers
4687 silly ADD node_modules/@jest/expect-utils
4688 silly ADD node_modules/@jest/expect
4689 silly ADD node_modules/@jest/environment
4690 silly ADD node_modules/@jest/diff-sequences
4691 silly ADD node_modules/@jest/create-cache-key-function
4692 silly ADD node_modules/@jest/core
4693 silly ADD node_modules/@jest/console
4694 silly ADD node_modules/@istanbuljs/schema
4695 silly ADD node_modules/@istanbuljs/load-nyc-config
4696 silly ADD node_modules/@istanbuljs/load-nyc-config/node_modules/p-locate
4697 silly ADD node_modules/@istanbuljs/load-nyc-config/node_modules/p-limit
4698 silly ADD node_modules/@istanbuljs/load-nyc-config/node_modules/locate-path
4699 silly ADD node_modules/@istanbuljs/load-nyc-config/node_modules/find-up
4700 silly ADD node_modules/@isaacs/ttlcache
4701 silly ADD node_modules/@ide/backoff
4702 silly ADD node_modules/@humanwhocodes/retry
4703 silly ADD node_modules/@humanwhocodes/module-importer
4704 silly ADD node_modules/@humanfs/node
4705 silly ADD node_modules/@humanfs/core
4706 silly ADD node_modules/@hapi/topo
4707 silly ADD node_modules/@hapi/hoek
4708 silly ADD node_modules/@graphql-typed-document-node/core
4709 silly ADD node_modules/@gar/promisify
4710 silly ADD node_modules/@expo/xcpretty
4711 silly ADD node_modules/@expo/xcpretty/node_modules/js-yaml
4712 silly ADD node_modules/@expo/xcpretty/node_modules/argparse
4713 silly ADD node_modules/@expo/vector-icons
4714 silly ADD node_modules/@expo/sudo-prompt
4715 silly ADD node_modules/@expo/spawn-async
4716 silly ADD node_modules/@expo/sdk-runtime-versions
4717 silly ADD node_modules/@expo/rudder-sdk-node
4718 silly ADD node_modules/@expo/require-utils
4719 silly ADD node_modules/@expo/prebuild-config
4720 silly ADD node_modules/@expo/prebuild-config/node_modules/yallist
4721 silly ADD node_modules/@expo/prebuild-config/node_modules/universalify
4722 silly ADD node_modules/@expo/prebuild-config/node_modules/semver
4723 silly ADD node_modules/@expo/prebuild-config/node_modules/lru-cache
4724 silly ADD node_modules/@expo/prebuild-config/node_modules/jsonfile
4725 silly ADD node_modules/@expo/prebuild-config/node_modules/fs-extra
4726 silly ADD node_modules/@expo/plist
4727 silly ADD node_modules/@expo/package-manager
4728 silly ADD node_modules/@expo/package-manager/node_modules/which
4729 silly ADD node_modules/@expo/package-manager/node_modules/validate-npm-package-name
4730 silly ADD node_modules/@expo/package-manager/node_modules/shebang-regex
4731 silly ADD node_modules/@expo/package-manager/node_modules/shebang-command
4732 silly ADD node_modules/@expo/package-manager/node_modules/semver
4733 silly ADD node_modules/@expo/package-manager/node_modules/path-key
4734 silly ADD node_modules/@expo/package-manager/node_modules/npm-package-arg
4735 silly ADD node_modules/@expo/package-manager/node_modules/lru-cache
4736 silly ADD node_modules/@expo/package-manager/node_modules/hosted-git-info
4737 silly ADD node_modules/@expo/package-manager/node_modules/cross-spawn
4738 silly ADD node_modules/@expo/package-manager/node_modules/@expo/spawn-async
4739 silly ADD node_modules/@expo/package-manager/node_modules/@expo/json-file
4740 silly ADD node_modules/@expo/osascript
4741 silly ADD node_modules/@expo/osascript/node_modules/which
4742 silly ADD node_modules/@expo/osascript/node_modules/shebang-regex
4743 silly ADD node_modules/@expo/osascript/node_modules/shebang-command
4744 silly ADD node_modules/@expo/osascript/node_modules/path-key
4745 silly ADD node_modules/@expo/osascript/node_modules/cross-spawn
4746 silly ADD node_modules/@expo/osascript/node_modules/@expo/spawn-async
4747 silly ADD node_modules/@expo/npm-proofread
4748 silly ADD node_modules/@expo/npm-proofread/node_modules/semver
4749 silly ADD node_modules/@expo/metro-config
4750 silly ADD node_modules/@expo/metro-config/node_modules/which
4751 silly ADD node_modules/@expo/metro-config/node_modules/universalify
4752 silly ADD node_modules/@expo/metro-config/node_modules/shebang-regex
4753 silly ADD node_modules/@expo/metro-config/node_modules/shebang-command
4754 silly ADD node_modules/@expo/metro-config/node_modules/path-key
4755 silly ADD node_modules/@expo/metro-config/node_modules/jsonfile
4756 silly ADD node_modules/@expo/metro-config/node_modules/fs-extra
4757 silly ADD node_modules/@expo/metro-config/node_modules/cross-spawn
4758 silly ADD node_modules/@expo/metro-config/node_modules/@expo/spawn-async
4759 silly ADD node_modules/@expo/json-file
4760 silly ADD node_modules/@expo/json-file/node_modules/@babel/code-frame
4761 silly ADD node_modules/@expo/image-utils
4762 silly ADD node_modules/@expo/image-utils/node_modules/universalify
4763 silly ADD node_modules/@expo/image-utils/node_modules/unique-string
4764 silly ADD node_modules/@expo/image-utils/node_modules/type-fest
4765 silly ADD node_modules/@expo/image-utils/node_modules/tempy
4766 silly ADD node_modules/@expo/image-utils/node_modules/temp-dir
4767 silly ADD node_modules/@expo/image-utils/node_modules/semver
4768 silly ADD node_modules/@expo/image-utils/node_modules/jsonfile
4769 silly ADD node_modules/@expo/image-utils/node_modules/jsonfile/node_modules/universalify
4770 silly ADD node_modules/@expo/image-utils/node_modules/fs-extra
4771 silly ADD node_modules/@expo/fingerprint
4772 silly ADD node_modules/@expo/env
4773 silly ADD node_modules/@expo/devcert
4774 silly ADD node_modules/@expo/devcert/node_modules/debug
4775 silly ADD node_modules/@expo/config-types
4776 silly ADD node_modules/@expo/config-plugins
4777 silly ADD node_modules/@expo/config-plugins/node_modules/semver
4778 silly ADD node_modules/@expo/config-plugins/node_modules/glob
4779 silly ADD node_modules/@expo/config
4780 silly ADD node_modules/@expo/config/node_modules/yallist
4781 silly ADD node_modules/@expo/config/node_modules/semver
4782 silly ADD node_modules/@expo/config/node_modules/lru-cache
4783 silly ADD node_modules/@expo/config/node_modules/glob
4784 silly ADD node_modules/@expo/config/node_modules/@babel/code-frame
4785 silly ADD node_modules/@expo/code-signing-certificates
4786 silly ADD node_modules/@expo/cli
4787 silly ADD node_modules/@expo/cli/node_modules/semver
4788 silly ADD node_modules/@expo/cli/node_modules/form-data
4789 silly ADD node_modules/@expo/bunyan
4790 silly ADD node_modules/@eslint/plugin-kit
4791 silly ADD node_modules/@eslint/object-schema
4792 silly ADD node_modules/@eslint/js
4793 silly ADD node_modules/@eslint/eslintrc
4794 silly ADD node_modules/@eslint/eslintrc/node_modules/json-schema-traverse
4795 silly ADD node_modules/@eslint/eslintrc/node_modules/js-yaml
4796 silly ADD node_modules/@eslint/eslintrc/node_modules/globals
4797 silly ADD node_modules/@eslint/eslintrc/node_modules/argparse
4798 silly ADD node_modules/@eslint/eslintrc/node_modules/ajv
4799 silly ADD node_modules/@eslint/core
4800 silly ADD node_modules/@eslint/config-helpers
4801 silly ADD node_modules/@eslint/config-array
4802 silly ADD node_modules/@eslint-community/regexpp
4803 silly ADD node_modules/@eslint-community/eslint-utils
4804 silly ADD node_modules/@eslint-community/eslint-utils/node_modules/eslint-visitor-keys
4805 silly ADD node_modules/@egjs/hammerjs
4806 silly ADD node_modules/@bcoe/v8-coverage
4807 silly ADD node_modules/@babel/types
4808 silly ADD node_modules/@babel/traverse
4809 silly ADD node_modules/@babel/template
4810 silly ADD node_modules/@babel/runtime
4811 silly ADD node_modules/@babel/register
4812 silly ADD node_modules/@babel/register/node_modules/semver
4813 silly ADD node_modules/@babel/register/node_modules/make-dir
4814 silly ADD node_modules/@babel/preset-typescript
4815 silly ADD node_modules/@babel/preset-react
4816 silly ADD node_modules/@babel/preset-modules
4817 silly ADD node_modules/@babel/preset-flow
4818 silly ADD node_modules/@babel/preset-env
4819 silly ADD node_modules/@babel/preset-env/node_modules/babel-plugin-polyfill-corejs3
4820 silly ADD node_modules/@babel/plugin-transform-unicode-sets-regex
4821 silly ADD node_modules/@babel/plugin-transform-unicode-regex
4822 silly ADD node_modules/@babel/plugin-transform-unicode-property-regex
4823 silly ADD node_modules/@babel/plugin-transform-unicode-escapes
4824 silly ADD node_modules/@babel/plugin-transform-typescript
4825 silly ADD node_modules/@babel/plugin-transform-typeof-symbol
4826 silly ADD node_modules/@babel/plugin-transform-template-literals
4827 silly ADD node_modules/@babel/plugin-transform-sticky-regex
4828 silly ADD node_modules/@babel/plugin-transform-spread
4829 silly ADD node_modules/@babel/plugin-transform-shorthand-properties
4830 silly ADD node_modules/@babel/plugin-transform-runtime
4831 silly ADD node_modules/@babel/plugin-transform-reserved-words
4832 silly ADD node_modules/@babel/plugin-transform-regexp-modifiers
4833 silly ADD node_modules/@babel/plugin-transform-regenerator
4834 silly ADD node_modules/@babel/plugin-transform-react-pure-annotations
4835 silly ADD node_modules/@babel/plugin-transform-react-jsx-source
4836 silly ADD node_modules/@babel/plugin-transform-react-jsx-self
4837 silly ADD node_modules/@babel/plugin-transform-react-jsx-development
4838 silly ADD node_modules/@babel/plugin-transform-react-jsx
4839 silly ADD node_modules/@babel/plugin-transform-react-display-name
4840 silly ADD node_modules/@babel/plugin-transform-property-literals
4841 silly ADD node_modules/@babel/plugin-transform-private-property-in-object
4842 silly ADD node_modules/@babel/plugin-transform-private-methods
4843 silly ADD node_modules/@babel/plugin-transform-parameters
4844 silly ADD node_modules/@babel/plugin-transform-optional-chaining
4845 silly ADD node_modules/@babel/plugin-transform-optional-catch-binding
4846 silly ADD node_modules/@babel/plugin-transform-object-super
4847 silly ADD node_modules/@babel/plugin-transform-object-rest-spread
4848 silly ADD node_modules/@babel/plugin-transform-numeric-separator
4849 silly ADD node_modules/@babel/plugin-transform-nullish-coalescing-operator
4850 silly ADD node_modules/@babel/plugin-transform-new-target
4851 silly ADD node_modules/@babel/plugin-transform-named-capturing-groups-regex
4852 silly ADD node_modules/@babel/plugin-transform-modules-umd
4853 silly ADD node_modules/@babel/plugin-transform-modules-systemjs
4854 silly ADD node_modules/@babel/plugin-transform-modules-commonjs
4855 silly ADD node_modules/@babel/plugin-transform-modules-amd
4856 silly ADD node_modules/@babel/plugin-transform-member-expression-literals
4857 silly ADD node_modules/@babel/plugin-transform-logical-assignment-operators
4858 silly ADD node_modules/@babel/plugin-transform-literals
4859 silly ADD node_modules/@babel/plugin-transform-json-strings
4860 silly ADD node_modules/@babel/plugin-transform-function-name
4861 silly ADD node_modules/@babel/plugin-transform-for-of
4862 silly ADD node_modules/@babel/plugin-transform-flow-strip-types
4863 silly ADD node_modules/@babel/plugin-transform-export-namespace-from
4864 silly ADD node_modules/@babel/plugin-transform-exponentiation-operator
4865 silly ADD node_modules/@babel/plugin-transform-explicit-resource-management
4866 silly ADD node_modules/@babel/plugin-transform-dynamic-import
4867 silly ADD node_modules/@babel/plugin-transform-duplicate-named-capturing-groups-regex
4868 silly ADD node_modules/@babel/plugin-transform-duplicate-keys
4869 silly ADD node_modules/@babel/plugin-transform-dotall-regex
4870 silly ADD node_modules/@babel/plugin-transform-destructuring
4871 silly ADD node_modules/@babel/plugin-transform-computed-properties
4872 silly ADD node_modules/@babel/plugin-transform-classes
4873 silly ADD node_modules/@babel/plugin-transform-class-static-block
4874 silly ADD node_modules/@babel/plugin-transform-class-properties
4875 silly ADD node_modules/@babel/plugin-transform-block-scoping
4876 silly ADD node_modules/@babel/plugin-transform-block-scoped-functions
4877 silly ADD node_modules/@babel/plugin-transform-async-to-generator
4878 silly ADD node_modules/@babel/plugin-transform-async-generator-functions
4879 silly ADD node_modules/@babel/plugin-transform-arrow-functions
4880 silly ADD node_modules/@babel/plugin-syntax-unicode-sets-regex
4881 silly ADD node_modules/@babel/plugin-syntax-typescript
4882 silly ADD node_modules/@babel/plugin-syntax-top-level-await
4883 silly ADD node_modules/@babel/plugin-syntax-private-property-in-object
4884 silly ADD node_modules/@babel/plugin-syntax-optional-chaining
4885 silly ADD node_modules/@babel/plugin-syntax-optional-catch-binding
4886 silly ADD node_modules/@babel/plugin-syntax-object-rest-spread
4887 silly ADD node_modules/@babel/plugin-syntax-numeric-separator
4888 silly ADD node_modules/@babel/plugin-syntax-nullish-coalescing-operator
4889 silly ADD node_modules/@babel/plugin-syntax-logical-assignment-operators
4890 silly ADD node_modules/@babel/plugin-syntax-jsx
4891 silly ADD node_modules/@babel/plugin-syntax-json-strings
4892 silly ADD node_modules/@babel/plugin-syntax-import-meta
4893 silly ADD node_modules/@babel/plugin-syntax-import-attributes
4894 silly ADD node_modules/@babel/plugin-syntax-import-assertions
4895 silly ADD node_modules/@babel/plugin-syntax-flow
4896 silly ADD node_modules/@babel/plugin-syntax-export-default-from
4897 silly ADD node_modules/@babel/plugin-syntax-dynamic-import
4898 silly ADD node_modules/@babel/plugin-syntax-decorators
4899 silly ADD node_modules/@babel/plugin-syntax-class-static-block
4900 silly ADD node_modules/@babel/plugin-syntax-class-properties
4901 silly ADD node_modules/@babel/plugin-syntax-bigint
4902 silly ADD node_modules/@babel/plugin-syntax-async-generators
4903 silly ADD node_modules/@babel/plugin-proposal-private-property-in-object
4904 silly ADD node_modules/@babel/plugin-proposal-optional-chaining
4905 silly ADD node_modules/@babel/plugin-proposal-optional-catch-binding
4906 silly ADD node_modules/@babel/plugin-proposal-object-rest-spread
4907 silly ADD node_modules/@babel/plugin-proposal-numeric-separator
4908 silly ADD node_modules/@babel/plugin-proposal-nullish-coalescing-operator
4909 silly ADD node_modules/@babel/plugin-proposal-export-default-from
4910 silly ADD node_modules/@babel/plugin-proposal-decorators
4911 silly ADD node_modules/@babel/plugin-proposal-class-properties
4912 silly ADD node_modules/@babel/plugin-proposal-async-generator-functions
4913 silly ADD node_modules/@babel/plugin-bugfix-v8-static-class-fields-redefine-readonly
4914 silly ADD node_modules/@babel/plugin-bugfix-v8-spread-parameters-in-optional-chaining
4915 silly ADD node_modules/@babel/plugin-bugfix-safari-id-destructuring-collision-in-function-expression
4916 silly ADD node_modules/@babel/plugin-bugfix-safari-class-field-initializer-scope
4917 silly ADD node_modules/@babel/plugin-bugfix-firefox-class-in-computed-class-key
4918 silly ADD node_modules/@babel/parser
4919 silly ADD node_modules/@babel/highlight
4920 silly ADD node_modules/@babel/highlight/node_modules/supports-color
4921 silly ADD node_modules/@babel/highlight/node_modules/escape-string-regexp
4922 silly ADD node_modules/@babel/highlight/node_modules/color-name
4923 silly ADD node_modules/@babel/highlight/node_modules/color-convert
4924 silly ADD node_modules/@babel/highlight/node_modules/chalk
4925 silly ADD node_modules/@babel/highlight/node_modules/ansi-styles
4926 silly ADD node_modules/@babel/helpers
4927 silly ADD node_modules/@babel/helper-wrap-function
4928 silly ADD node_modules/@babel/helper-validator-option
4929 silly ADD node_modules/@babel/helper-validator-identifier
4930 silly ADD node_modules/@babel/helper-string-parser
4931 silly ADD node_modules/@babel/helper-skip-transparent-expression-wrappers
4932 silly ADD node_modules/@babel/helper-replace-supers
4933 silly ADD node_modules/@babel/helper-remap-async-to-generator
4934 silly ADD node_modules/@babel/helper-plugin-utils
4935 silly ADD node_modules/@babel/helper-optimise-call-expression
4936 silly ADD node_modules/@babel/helper-module-transforms
4937 silly ADD node_modules/@babel/helper-module-imports
4938 silly ADD node_modules/@babel/helper-member-expression-to-functions
4939 silly ADD node_modules/@babel/helper-globals
4940 silly ADD node_modules/@babel/helper-environment-visitor
4941 silly ADD node_modules/@babel/helper-define-polyfill-provider
4942 silly ADD node_modules/@babel/helper-create-regexp-features-plugin
4943 silly ADD node_modules/@babel/helper-create-class-features-plugin
4944 silly ADD node_modules/@babel/helper-compilation-targets
4945 silly ADD node_modules/@babel/helper-annotate-as-pure
4946 silly ADD node_modules/@babel/generator
4947 silly ADD node_modules/@babel/core
4948 silly ADD node_modules/@babel/compat-data
4949 silly ADD node_modules/@babel/code-frame
4950 silly ADD node_modules/@babel/cli
4951 silly ADD node_modules/@babel/cli/node_modules/slash
4952 silly ADD node_modules/@babel/cli/node_modules/semver
4953 silly ADD node_modules/@babel/cli/node_modules/make-dir
4954 silly ADD node_modules/@babel/cli/node_modules/commander
4955 verbose cwd F:\Research\Research-ElderMeds\ElderMeds\frontend
4956 verbose os Windows_NT 10.0.26100
4957 verbose node v20.19.5
4958 verbose npm  v10.8.2
4959 verbose exit 0
4960 info ok
