0 verbose cli C:\Program Files\nodejs\node.exe C:\Program Files\nodejs\node_modules\npm\bin\npm-cli.js
1 info using npm@10.8.2
2 info using node@v20.19.5
3 silly config load:file:C:\Program Files\nodejs\node_modules\npm\npmrc
4 silly config load:file:F:\Research\Research-ElderMeds\ElderMeds\frontend\.npmrc
5 silly config load:file:C:\Users\HP\.npmrc
6 silly config load:file:C:\Users\HP\AppData\Roaming\npm\etc\npmrc
7 verbose title npm ci
8 verbose argv "ci" "--legacy-peer-deps" "--cache" ".\\.npm-cache"
9 verbose logfile logs-max:10 dir:F:\Research\Research-ElderMeds\ElderMeds\frontend\.npm-cache\_logs\2026-07-02T04_22_38_095Z-
10 verbose logfile F:\Research\Research-ElderMeds\ElderMeds\frontend\.npm-cache\_logs\2026-07-02T04_22_38_095Z-debug-0.log
11 silly packumentCache heap:2197815296 maxSize:549453824 maxEntrySize:274726912
12 silly logfile done cleaning log files
13 silly idealTree buildDeps
14 http fetch GET https://registry.npmjs.org/npm attempt 1 failed with EACCES
15 http fetch GET https://registry.npmjs.org/npm attempt 2 failed with EACCES
16 silly reify moves {}
17 silly audit bulk request {
17 silly audit   '@babel/cli': [ '7.28.6' ],
17 silly audit   commander: [ '6.2.1', '9.5.0', '7.2.0', '12.1.0', '4.1.1', '2.20.3' ],
17 silly audit   'make-dir': [ '2.1.0', '4.0.0' ],
17 silly audit   semver: [ '5.7.2', '7.7.4', '7.5.3', '7.3.2', '6.3.1' ],
17 silly audit   slash: [ '2.0.0', '5.1.0', '3.0.0' ],
17 silly audit   '@babel/code-frame': [ '7.29.0', '7.10.4' ],
17 silly audit   '@babel/compat-data': [ '7.29.0' ],
17 silly audit   '@babel/core': [ '7.29.0' ],
17 silly audit   '@babel/generator': [ '7.29.1' ],
17 silly audit   '@babel/helper-annotate-as-pure': [ '7.27.3' ],
17 silly audit   '@babel/helper-compilation-targets': [ '7.28.6' ],
17 silly audit   '@babel/helper-create-class-features-plugin': [ '7.28.6' ],
17 silly audit   '@babel/helper-create-regexp-features-plugin': [ '7.28.5' ],
17 silly audit   '@babel/helper-define-polyfill-provider': [ '0.6.8' ],
17 silly audit   '@babel/helper-environment-visitor': [ '7.24.7' ],
17 silly audit   '@babel/helper-globals': [ '7.28.0' ],
17 silly audit   '@babel/helper-member-expression-to-functions': [ '7.28.5' ],
17 silly audit   '@babel/helper-module-imports': [ '7.28.6' ],
17 silly audit   '@babel/helper-module-transforms': [ '7.28.6' ],
17 silly audit   '@babel/helper-optimise-call-expression': [ '7.27.1' ],
17 silly audit   '@babel/helper-plugin-utils': [ '7.28.6' ],
17 silly audit   '@babel/helper-remap-async-to-generator': [ '7.27.1' ],
17 silly audit   '@babel/helper-replace-supers': [ '7.28.6' ],
17 silly audit   '@babel/helper-skip-transparent-expression-wrappers': [ '7.27.1' ],
17 silly audit   '@babel/helper-string-parser': [ '7.27.1' ],
17 silly audit   '@babel/helper-validator-identifier': [ '7.28.5' ],
17 silly audit   '@babel/helper-validator-option': [ '7.27.1' ],
17 silly audit   '@babel/helper-wrap-function': [ '7.28.6' ],
17 silly audit   '@babel/helpers': [ '7.29.2' ],
17 silly audit   '@babel/highlight': [ '7.25.9' ],
17 silly audit   'ansi-styles': [ '3.2.1', '4.3.0', '5.2.0' ],
17 silly audit   chalk: [ '2.4.2', '4.1.2', '3.0.0' ],
17 silly audit   'color-convert': [ '1.9.3', '2.0.1' ],
17 silly audit   'color-name': [ '1.1.3', '1.1.4' ],
17 silly audit   'escape-string-regexp': [ '1.0.5', '4.0.0', '2.0.0' ],
17 silly audit   'supports-color': [ '5.5.0', '8.1.1', '7.2.0' ],
17 silly audit   '@babel/parser': [ '7.29.2' ],
17 silly audit   '@babel/plugin-bugfix-firefox-class-in-computed-class-key': [ '7.28.5' ],
17 silly audit   '@babel/plugin-bugfix-safari-class-field-initializer-scope': [ '7.27.1' ],
17 silly audit   '@babel/plugin-bugfix-safari-id-destructuring-collision-in-function-expression': [ '7.27.1' ],
17 silly audit   '@babel/plugin-bugfix-v8-spread-parameters-in-optional-chaining': [ '7.27.1' ],
17 silly audit   '@babel/plugin-bugfix-v8-static-class-fields-redefine-readonly': [ '7.28.6' ],
17 silly audit   '@babel/plugin-proposal-async-generator-functions': [ '7.20.7' ],
17 silly audit   '@babel/plugin-proposal-class-properties': [ '7.18.6' ],
17 silly audit   '@babel/plugin-proposal-decorators': [ '7.29.0' ],
17 silly audit   '@babel/plugin-proposal-export-default-from': [ '7.27.1' ],
17 silly audit   '@babel/plugin-proposal-nullish-coalescing-operator': [ '7.18.6' ],
17 silly audit   '@babel/plugin-proposal-numeric-separator': [ '7.18.6' ],
17 silly audit   '@babel/plugin-proposal-object-rest-spread': [ '7.20.7' ],
17 silly audit   '@babel/plugin-proposal-optional-catch-binding': [ '7.18.6' ],
17 silly audit   '@babel/plugin-proposal-optional-chaining': [ '7.21.0' ],
17 silly audit   '@babel/plugin-proposal-private-property-in-object': [ '7.21.0-placeholder-for-preset-env.2' ],
17 silly audit   '@babel/plugin-syntax-async-generators': [ '7.8.4' ],
17 silly audit   '@babel/plugin-syntax-bigint': [ '7.8.3' ],
17 silly audit   '@babel/plugin-syntax-class-properties': [ '7.12.13' ],
17 silly audit   '@babel/plugin-syntax-class-static-block': [ '7.14.5' ],
17 silly audit   '@babel/plugin-syntax-decorators': [ '7.28.6' ],
17 silly audit   '@babel/plugin-syntax-dynamic-import': [ '7.8.3' ],
17 silly audit   '@babel/plugin-syntax-export-default-from': [ '7.28.6' ],
17 silly audit   '@babel/plugin-syntax-flow': [ '7.28.6' ],
17 silly audit   '@babel/plugin-syntax-import-assertions': [ '7.28.6' ],
17 silly audit   '@babel/plugin-syntax-import-attributes': [ '7.28.6' ],
17 silly audit   '@babel/plugin-syntax-import-meta': [ '7.10.4' ],
17 silly audit   '@babel/plugin-syntax-json-strings': [ '7.8.3' ],
17 silly audit   '@babel/plugin-syntax-jsx': [ '7.28.6' ],
17 silly audit   '@babel/plugin-syntax-logical-assignment-operators': [ '7.10.4' ],
17 silly audit   '@babel/plugin-syntax-nullish-coalescing-operator': [ '7.8.3' ],
17 silly audit   '@babel/plugin-syntax-numeric-separator': [ '7.10.4' ],
17 silly audit   '@babel/plugin-syntax-object-rest-spread': [ '7.8.3' ],
17 silly audit   '@babel/plugin-syntax-optional-catch-binding': [ '7.8.3' ],
17 silly audit   '@babel/plugin-syntax-optional-chaining': [ '7.8.3' ],
17 silly audit   '@babel/plugin-syntax-private-property-in-object': [ '7.14.5' ],
17 silly audit   '@babel/plugin-syntax-top-level-await': [ '7.14.5' ],
17 silly audit   '@babel/plugin-syntax-typescript': [ '7.28.6' ],
17 silly audit   '@babel/plugin-syntax-unicode-sets-regex': [ '7.18.6' ],
17 silly audit   '@babel/plugin-transform-arrow-functions': [ '7.27.1' ],
17 silly audit   '@babel/plugin-transform-async-generator-functions': [ '7.29.0' ],
17 silly audit   '@babel/plugin-transform-async-to-generator': [ '7.28.6' ],
17 silly audit   '@babel/plugin-transform-block-scoped-functions': [ '7.27.1' ],
17 silly audit   '@babel/plugin-transform-block-scoping': [ '7.28.6' ],
17 silly audit   '@babel/plugin-transform-class-properties': [ '7.28.6' ],
17 silly audit   '@babel/plugin-transform-class-static-block': [ '7.28.6' ],
17 silly audit   '@babel/plugin-transform-classes': [ '7.28.6' ],
17 silly audit   '@babel/plugin-transform-computed-properties': [ '7.28.6' ],
17 silly audit   '@babel/plugin-transform-destructuring': [ '7.28.5' ],
17 silly audit   '@babel/plugin-transform-dotall-regex': [ '7.28.6' ],
17 silly audit   '@babel/plugin-transform-duplicate-keys': [ '7.27.1' ],
17 silly audit   '@babel/plugin-transform-duplicate-named-capturing-groups-regex': [ '7.29.0' ],
17 silly audit   '@babel/plugin-transform-dynamic-import': [ '7.27.1' ],
17 silly audit   '@babel/plugin-transform-explicit-resource-management': [ '7.28.6' ],
17 silly audit   '@babel/plugin-transform-exponentiation-operator': [ '7.28.6' ],
17 silly audit   '@babel/plugin-transform-export-namespace-from': [ '7.27.1' ],
17 silly audit   '@babel/plugin-transform-flow-strip-types': [ '7.27.1' ],
17 silly audit   '@babel/plugin-transform-for-of': [ '7.27.1' ],
17 silly audit   '@babel/plugin-transform-function-name': [ '7.27.1' ],
17 silly audit   '@babel/plugin-transform-json-strings': [ '7.28.6' ],
17 silly audit   '@babel/plugin-transform-literals': [ '7.27.1' ],
17 silly audit   '@babel/plugin-transform-logical-assignment-operators': [ '7.28.6' ],
17 silly audit   '@babel/plugin-transform-member-expression-literals': [ '7.27.1' ],
17 silly audit   '@babel/plugin-transform-modules-amd': [ '7.27.1' ],
17 silly audit   '@babel/plugin-transform-modules-commonjs': [ '7.28.6' ],
17 silly audit   '@babel/plugin-transform-modules-systemjs': [ '7.29.0' ],
17 silly audit   '@babel/plugin-transform-modules-umd': [ '7.27.1' ],
17 silly audit   '@babel/plugin-transform-named-capturing-groups-regex': [ '7.29.0' ],
17 silly audit   '@babel/plugin-transform-new-target': [ '7.27.1' ],
17 silly audit   '@babel/plugin-transform-nullish-coalescing-operator': [ '7.28.6' ],
17 silly audit   '@babel/plugin-transform-numeric-separator': [ '7.28.6' ],
17 silly audit   '@babel/plugin-transform-object-rest-spread': [ '7.28.6' ],
17 silly audit   '@babel/plugin-transform-object-super': [ '7.27.1' ],
17 silly audit   '@babel/plugin-transform-optional-catch-binding': [ '7.28.6' ],
17 silly audit   '@babel/plugin-transform-optional-chaining': [ '7.28.6' ],
17 silly audit   '@babel/plugin-transform-parameters': [ '7.27.7' ],
17 silly audit   '@babel/plugin-transform-private-methods': [ '7.28.6' ],
17 silly audit   '@babel/plugin-transform-private-property-in-object': [ '7.28.6' ],
17 silly audit   '@babel/plugin-transform-property-literals': [ '7.27.1' ],
17 silly audit   '@babel/plugin-transform-react-display-name': [ '7.28.0' ],
17 silly audit   '@babel/plugin-transform-react-jsx': [ '7.28.6' ],
17 silly audit   '@babel/plugin-transform-react-jsx-development': [ '7.27.1' ],
17 silly audit   '@babel/plugin-transform-react-jsx-self': [ '7.27.1' ],
17 silly audit   '@babel/plugin-transform-react-jsx-source': [ '7.27.1' ],
17 silly audit   '@babel/plugin-transform-react-pure-annotations': [ '7.27.1' ],
17 silly audit   '@babel/plugin-transform-regenerator': [ '7.29.0' ],
17 silly audit   '@babel/plugin-transform-regexp-modifiers': [ '7.28.6' ],
17 silly audit   '@babel/plugin-transform-reserved-words': [ '7.27.1' ],
17 silly audit   '@babel/plugin-transform-runtime': [ '7.29.0' ],
17 silly audit   '@babel/plugin-transform-shorthand-properties': [ '7.27.1' ],
17 silly audit   '@babel/plugin-transform-spread': [ '7.28.6' ],
17 silly audit   '@babel/plugin-transform-sticky-regex': [ '7.27.1' ],
17 silly audit   '@babel/plugin-transform-template-literals': [ '7.27.1' ],
17 silly audit   '@babel/plugin-transform-typeof-symbol': [ '7.27.1' ],
17 silly audit   '@babel/plugin-transform-typescript': [ '7.28.6' ],
17 silly audit   '@babel/plugin-transform-unicode-escapes': [ '7.27.1' ],
17 silly audit   '@babel/plugin-transform-unicode-property-regex': [ '7.28.6' ],
17 silly audit   '@babel/plugin-transform-unicode-regex': [ '7.27.1' ],
17 silly audit   '@babel/plugin-transform-unicode-sets-regex': [ '7.28.6' ],
17 silly audit   '@babel/preset-env': [ '7.29.2' ],
17 silly audit   'babel-plugin-polyfill-corejs3': [ '0.14.2', '0.13.0' ],
17 silly audit   '@babel/preset-flow': [ '7.27.1' ],
17 silly audit   '@babel/preset-modules': [ '0.1.6-no-external-plugins' ],
17 silly audit   '@babel/preset-react': [ '7.28.5' ],
17 silly audit   '@babel/preset-typescript': [ '7.28.5' ],
17 silly audit   '@babel/register': [ '7.28.6' ],
17 silly audit   '@babel/runtime': [ '7.29.2' ],
17 silly audit   '@babel/template': [ '7.28.6' ],
17 silly audit   '@babel/traverse': [ '7.29.0' ],
17 silly audit   '@babel/types': [ '7.29.0' ],
17 silly audit   '@bcoe/v8-coverage': [ '0.2.3' ],
17 silly audit   '@egjs/hammerjs': [ '2.0.17' ],
17 silly audit   '@eslint-community/eslint-utils': [ '4.9.1' ],
17 silly audit   'eslint-visitor-keys': [ '3.4.3', '1.3.0', '5.0.1', '4.2.1' ],
17 silly audit   '@eslint-community/regexpp': [ '4.12.2' ],
17 silly audit   '@eslint/config-array': [ '0.21.2' ],
17 silly audit   '@eslint/config-helpers': [ '0.4.2' ],
17 silly audit   '@eslint/core': [ '0.17.0' ],
17 silly audit   '@eslint/eslintrc': [ '3.3.5' ],
17 silly audit   ajv: [ '6.14.0', '8.11.0' ],
17 silly audit   argparse: [ '2.0.1', '1.0.10' ],
17 silly audit   globals: [ '14.0.0', '15.15.0', '16.5.0' ],
17 silly audit   'js-yaml': [ '4.1.1', '3.14.2' ],
17 silly audit   'json-schema-traverse': [ '0.4.1', '1.0.0' ],
17 silly audit   '@eslint/js': [ '9.39.4' ],
17 silly audit   '@eslint/object-schema': [ '2.1.7' ],
17 silly audit   '@eslint/plugin-kit': [ '0.4.1' ],
17 silly audit   '@expo/bunyan': [ '4.0.1' ],
17 silly audit   '@expo/cli': [ '0.17.13' ],
17 silly audit   'form-data': [ '3.0.4', '4.0.5' ],
17 silly audit   '@expo/code-signing-certificates': [ '0.0.5' ],
17 silly audit   '@expo/config': [ '8.5.6', '55.0.13' ],
17 silly audit   '@expo/config-plugins': [ '7.9.2', '55.0.8' ],
17 silly audit   glob: [ '7.1.6', '7.2.3', '13.0.6' ],
17 silly audit   '@expo/config-types': [ '50.0.1', '55.0.5' ],
17 silly audit   'lru-cache': [ '6.0.0', '10.4.3', '5.1.1', '11.3.3' ],
17 silly audit   yallist: [ '4.0.0', '3.1.1' ],
17 silly audit   '@expo/devcert': [ '1.2.1' ],
17 silly audit   debug: [ '3.2.7', '2.6.9', '4.4.3' ],
17 silly audit   '@expo/env': [ '0.2.3' ],
17 silly audit   '@expo/fingerprint': [ '0.6.1' ],
17 silly audit   '@expo/image-utils': [ '0.4.2' ],
17 silly audit   'fs-extra': [ '9.0.0', '9.1.0', '8.1.0' ],
17 silly audit   jsonfile: [ '6.2.0', '4.0.0' ],
17 silly audit   universalify: [ '2.0.1', '1.0.0', '0.2.0', '0.1.2' ],
17 silly audit   'temp-dir': [ '1.0.0', '2.0.0' ],
17 silly audit   tempy: [ '0.3.0', '0.7.1' ],
17 silly audit   'type-fest': [ '0.3.1', '0.7.1', '0.16.0', '0.21.3' ],
17 silly audit   'unique-string': [ '1.0.0', '2.0.0' ],
17 silly audit   '@expo/json-file': [ '8.3.3', '10.0.13' ],
17 silly audit   '@expo/metro-config': [ '0.17.8' ],
17 silly audit   '@expo/spawn-async': [ '1.7.2', '1.5.0' ],
17 silly audit   'cross-spawn': [ '7.0.6', '6.0.6' ],
17 silly audit   'path-key': [ '3.1.1', '2.0.1' ],
17 silly audit   'shebang-command': [ '2.0.0', '1.2.0' ],
17 silly audit   'shebang-regex': [ '3.0.0', '1.0.0' ],
17 silly audit   which: [ '2.0.2', '1.3.1' ],
17 silly audit   '@expo/npm-proofread': [ '1.0.1' ],
17 silly audit   '@expo/osascript': [ '2.4.2' ],
17 silly audit   '@expo/package-manager': [ '1.10.4' ],
17 silly audit   'hosted-git-info': [ '7.0.2', '3.0.8' ],
17 silly audit   'npm-package-arg': [ '11.0.3', '7.0.0' ],
17 silly audit   'validate-npm-package-name': [ '5.0.1', '3.0.0' ],
17 silly audit   '@expo/plist': [ '0.1.3', '0.5.2' ],
17 silly audit   '@expo/prebuild-config': [ '6.8.1' ],
17 silly audit   '@expo/require-utils': [ '55.0.3' ],
17 silly audit   '@expo/rudder-sdk-node': [ '1.1.1' ],
17 silly audit   '@expo/sdk-runtime-versions': [ '1.0.0' ],
17 silly audit   '@expo/sudo-prompt': [ '9.3.2' ],
17 silly audit   '@expo/vector-icons': [ '14.1.0' ],
17 silly audit   '@expo/xcpretty': [ '4.4.1' ],
17 silly audit   '@gar/promisify': [ '1.1.3' ],
17 silly audit   '@graphql-typed-document-node/core': [ '3.2.0' ],
17 silly audit   '@hapi/hoek': [ '9.3.0' ],
17 silly audit   '@hapi/topo': [ '5.1.0' ],
17 silly audit   '@humanfs/core': [ '0.19.1' ],
17 silly audit   '@humanfs/node': [ '0.16.7' ],
17 silly audit   '@humanwhocodes/module-importer': [ '1.0.1' ],
17 silly audit   '@humanwhocodes/retry': [ '0.4.3' ],
17 silly audit   '@ide/backoff': [ '1.0.0' ],
17 silly audit   '@isaacs/ttlcache': [ '1.4.1' ],
17 silly audit   '@istanbuljs/load-nyc-config': [ '1.1.0' ],
17 silly audit   'find-up': [ '4.1.0', '3.0.0', '5.0.0' ],
17 silly audit   'locate-path': [ '5.0.0', '3.0.0', '6.0.0' ],
17 silly audit   'p-limit': [ '2.3.0', '3.1.0' ],
17 silly audit   'p-locate': [ '4.1.0', '3.0.0', '5.0.0' ],
17 silly audit   '@istanbuljs/schema': [ '0.1.3' ],
17 silly audit   '@jest/console': [ '29.7.0' ],
17 silly audit   '@jest/core': [ '29.7.0' ],
17 silly audit   '@jest/create-cache-key-function': [ '29.7.0' ],
17 silly audit   '@jest/diff-sequences': [ '30.3.0' ],
17 silly audit   '@jest/environment': [ '29.7.0' ],
17 silly audit   '@jest/expect': [ '29.7.0' ],
17 silly audit   '@jest/expect-utils': [ '29.7.0' ],
17 silly audit   '@jest/fake-timers': [ '29.7.0' ],
17 silly audit   '@jest/get-type': [ '30.1.0' ],
17 silly audit   '@jest/globals': [ '29.7.0' ],
17 silly audit   '@jest/reporters': [ '29.7.0' ],
17 silly audit   '@jest/schemas': [ '29.6.3', '30.0.5' ],
17 silly audit   '@jest/source-map': [ '29.6.3' ],
17 silly audit   '@jest/test-result': [ '29.7.0' ],
17 silly audit   '@jest/test-sequencer': [ '29.7.0' ],
17 silly audit   '@jest/transform': [ '29.7.0' ],
17 silly audit   'write-file-atomic': [ '4.0.2', '2.4.3' ],
17 silly audit   '@jest/types': [ '29.6.3', '26.6.2' ],
17 silly audit   '@jridgewell/gen-mapping': [ '0.3.13' ],
17 silly audit   '@jridgewell/remapping': [ '2.3.5' ],
17 silly audit   '@jridgewell/resolve-uri': [ '3.1.2' ],
17 silly audit   '@jridgewell/source-map': [ '0.3.11' ],
17 silly audit   '@jridgewell/sourcemap-codec': [ '1.5.5' ],
17 silly audit   '@jridgewell/trace-mapping': [ '0.3.31' ],
17 silly audit   '@nicolo-ribaudo/chokidar-2': [ '2.1.8-no-fsevents.3' ],
17 silly audit   '@nodelib/fs.scandir': [ '2.1.5' ],
17 silly audit   '@nodelib/fs.stat': [ '2.0.5' ],
17 silly audit   '@nodelib/fs.walk': [ '1.2.8' ],
17 silly audit   '@npmcli/fs': [ '1.1.1' ],
17 silly audit   '@npmcli/move-file': [ '1.1.2' ],
17 silly audit   '@pkgr/core': [ '0.2.9' ],
17 silly audit   '@react-native-async-storage/async-storage': [ '1.21.0' ],
17 silly audit   '@react-native-community/cli': [ '12.3.6' ],
17 silly audit   '@react-native-community/cli-clean': [ '12.3.6' ],
17 silly audit   execa: [ '5.1.1', '1.0.0' ],
17 silly audit   'get-stream': [ '6.0.1', '4.1.0' ],
17 silly audit   'is-stream': [ '2.0.1', '1.1.0' ],
17 silly audit   'npm-run-path': [ '4.0.1', '2.0.2' ],
17 silly audit   '@react-native-community/cli-config': [ '12.3.6' ],
17 silly audit   '@react-native-community/cli-debugger-ui': [ '12.3.6' ],
17 silly audit   '@react-native-community/cli-doctor': [ '12.3.6' ],
17 silly audit   'cli-cursor': [ '3.1.0', '2.1.0' ],
17 silly audit   'log-symbols': [ '4.1.0', '2.2.0' ],
17 silly audit   ora: [ '5.4.1', '3.4.0' ],
17 silly audit   'strip-ansi': [ '6.0.1', '5.2.0', '7.2.0' ],
17 silly audit   'restore-cursor': [ '3.1.0', '2.0.0' ],
17 silly audit   'ansi-regex': [ '4.1.1', '5.0.1', '6.2.2' ],
17 silly audit   '@react-native-community/cli-hermes': [ '12.3.6' ],
17 silly audit   '@react-native-community/cli-platform-android': [ '12.3.6' ],
17 silly audit   '@react-native-community/cli-platform-ios': [ '12.3.6' ],
17 silly audit   '@react-native-community/cli-plugin-metro': [ '12.3.6' ],
17 silly audit   '@react-native-community/cli-server-api': [ '12.3.6' ],
17 silly audit   '@types/yargs': [ '15.0.20', '17.0.35' ],
17 silly audit   'pretty-format': [ '26.6.2', '30.3.0', '29.7.0' ],
17 silly audit   'react-is': [ '17.0.2', '19.2.4', '18.3.1', '16.13.1' ],
17 silly audit   ws: [ '7.5.10', '6.2.3', '8.20.0' ],
17 silly audit   '@react-native-community/cli-tools': [ '12.3.6' ],
17 silly audit   'is-wsl': [ '1.1.0', '2.2.0' ],
17 silly audit   open: [ '6.4.0', '7.4.2', '8.4.2' ],
17 silly audit   '@react-native-community/cli-types': [ '12.3.6' ],
17 silly audit   '@react-native/assets-registry': [ '0.73.1' ],
17 silly audit   '@react-native/babel-plugin-codegen': [ '0.85.0', '0.73.4', '0.83.4' ],
17 silly audit   '@react-native/babel-preset': [ '0.85.0', '0.73.21', '0.83.4' ],
17 silly audit   '@react-native/codegen': [ '0.85.0', '0.73.3', '0.83.4' ],
17 silly audit   '@react-native/community-cli-plugin': [ '0.73.17' ],
17 silly audit   '@react-native/debugger-frontend': [ '0.73.3' ],
17 silly audit   '@react-native/dev-middleware': [ '0.73.8' ],
17 silly audit   ms: [ '2.0.0', '2.1.3' ],
17 silly audit   '@react-native/gradle-plugin': [ '0.73.4' ],
17 silly audit   '@react-native/js-polyfills': [ '0.73.1' ],
17 silly audit   '@react-native/metro-babel-transformer': [ '0.73.15' ],
17 silly audit   'hermes-estree': [ '0.15.0', '0.32.1', '0.32.0', '0.33.3', '0.23.1' ],
17 silly audit   'hermes-parser': [ '0.15.0', '0.32.1', '0.32.0', '0.33.3', '0.23.1' ],
17 silly audit   mkdirp: [ '0.5.6', '1.0.4' ],
17 silly audit   '@react-native/normalize-color': [ '2.1.0' ],
17 silly audit   '@react-native/normalize-colors': [ '0.73.2' ],
17 silly audit   '@react-native/virtualized-lists': [ '0.73.4' ],
17 silly audit   '@react-navigation/core': [ '6.4.17' ],
17 silly audit   '@react-navigation/elements': [ '1.3.31' ],
17 silly audit   '@react-navigation/native': [ '6.1.18' ],
17 silly audit   '@react-navigation/routers': [ '6.1.9' ],
17 silly audit   '@react-navigation/stack': [ '6.4.1' ],
17 silly audit   '@rtsao/scc': [ '1.1.0' ],
17 silly audit   '@segment/loosely-validate-event': [ '2.0.0' ],
17 silly audit   '@sideway/address': [ '4.1.5' ],
17 silly audit   '@sideway/formula': [ '3.0.1' ],
17 silly audit   '@sideway/pinpoint': [ '2.0.0' ],
17 silly audit   '@sinclair/typebox': [ '0.27.10', '0.34.49' ],
17 silly audit   '@sinonjs/commons': [ '3.0.1' ],
17 silly audit   '@sinonjs/fake-timers': [ '10.3.0' ],
17 silly audit   '@tootallnate/once': [ '2.0.0' ],
17 silly audit   '@tsconfig/node18': [ '18.2.6' ],
17 silly audit   '@types/babel__core': [ '7.20.5' ],
17 silly audit   '@types/babel__generator': [ '7.27.0' ],
17 silly audit   '@types/babel__template': [ '7.4.4' ],
17 silly audit   '@types/babel__traverse': [ '7.28.0' ],
17 silly audit   '@types/estree': [ '1.0.8' ],
17 silly audit   '@types/graceful-fs': [ '4.1.9' ],
17 silly audit   '@types/hammerjs': [ '2.0.46' ],
17 silly audit   '@types/istanbul-lib-coverage': [ '2.0.6' ],
17 silly audit   '@types/istanbul-lib-report': [ '3.0.3' ],
17 silly audit   '@types/istanbul-reports': [ '3.0.4' ],
17 silly audit   '@types/jest': [ '29.5.14' ],
17 silly audit   '@types/jsdom': [ '20.0.1' ],
17 silly audit   '@types/json-schema': [ '7.0.15' ],
17 silly audit   '@types/json5': [ '0.0.29' ],
17 silly audit   '@types/node': [ '25.5.2' ],
17 silly audit   '@types/prop-types': [ '15.7.15' ],
17 silly audit   '@types/react': [ '18.2.79' ],
17 silly audit   '@types/stack-utils': [ '2.0.3' ],
17 silly audit   '@types/tough-cookie': [ '4.0.5' ],
17 silly audit   '@types/yargs-parser': [ '21.0.3' ],
17 silly audit   '@typescript-eslint/eslint-plugin': [ '8.58.1' ],
17 silly audit   ignore: [ '7.0.5', '5.3.2' ],
17 silly audit   '@typescript-eslint/parser': [ '8.58.1' ],
17 silly audit   '@typescript-eslint/project-service': [ '8.58.1' ],
17 silly audit   '@typescript-eslint/scope-manager': [ '8.58.1' ],
17 silly audit   '@typescript-eslint/tsconfig-utils': [ '8.58.1' ],
17 silly audit   '@typescript-eslint/type-utils': [ '8.58.1' ],
17 silly audit   '@typescript-eslint/types': [ '8.58.1' ],
17 silly audit   '@typescript-eslint/typescript-estree': [ '8.58.1' ],
17 silly audit   'balanced-match': [ '4.0.4', '1.0.2' ],
17 silly audit   'brace-expansion': [ '5.0.5', '1.1.13' ],
17 silly audit   minimatch: [ '10.2.5', '3.1.5' ],
17 silly audit   '@typescript-eslint/utils': [ '8.58.1' ],
17 silly audit   '@typescript-eslint/visitor-keys': [ '8.58.1' ],
17 silly audit   '@urql/core': [ '2.3.6' ],
17 silly audit   '@urql/exchange-retry': [ '0.3.0' ],
17 silly audit   '@xmldom/xmldom': [ '0.7.13', '0.8.12' ],
17 silly audit   abab: [ '2.0.6' ],
17 silly audit   'abort-controller': [ '3.0.0' ],
17 silly audit   accepts: [ '1.3.8' ],
17 silly audit   acorn: [ '8.16.0' ],
17 silly audit   'acorn-globals': [ '7.0.1' ],
17 silly audit   'acorn-jsx': [ '5.3.2' ],
17 silly audit   'acorn-walk': [ '8.3.5' ],
17 silly audit   'agent-base': [ '6.0.2' ],
17 silly audit   'aggregate-error': [ '3.1.0' ],
17 silly audit   anser: [ '1.4.10' ],
17 silly audit   'ansi-escapes': [ '4.3.2', '6.2.1' ],
17 silly audit   'ansi-fragments': [ '0.2.1' ],
17 silly audit   'any-promise': [ '1.3.0' ],
17 silly audit   anymatch: [ '3.1.3' ],
17 silly audit   picomatch: [ '2.3.2', '3.0.2', '4.0.4' ],
17 silly audit   appdirsjs: [ '1.2.7' ],
17 silly audit   arg: [ '5.0.2' ],
17 silly audit   'array-buffer-byte-length': [ '1.0.2' ],
17 silly audit   'array-includes': [ '3.1.9' ],
17 silly audit   'array-union': [ '2.1.0' ],
17 silly audit   'array.prototype.findlast': [ '1.2.5' ],
17 silly audit   'array.prototype.findlastindex': [ '1.2.6' ],
17 silly audit   'array.prototype.flat': [ '1.3.3' ],
17 silly audit   'array.prototype.flatmap': [ '1.3.3' ],
17 silly audit   'array.prototype.tosorted': [ '1.1.4' ],
17 silly audit   'arraybuffer.prototype.slice': [ '1.0.4' ],
17 silly audit   asap: [ '2.0.6' ],
17 silly audit   assert: [ '2.1.0' ],
17 silly audit   'ast-types': [ '0.15.2' ],
17 silly audit   'astral-regex': [ '1.0.0' ],
17 silly audit   'async-function': [ '1.0.0' ],
17 silly audit   'async-limiter': [ '1.0.1' ],
17 silly audit   asynckit: [ '0.4.0' ],
17 silly audit   'at-least-node': [ '1.0.0' ],
17 silly audit   'available-typed-arrays': [ '1.0.7' ],
17 silly audit   axios: [ '1.14.0' ],
17 silly audit   'babel-core': [ '7.0.0-bridge.0' ],
17 silly audit   'babel-jest': [ '29.7.0' ],
17 silly audit   'babel-plugin-dynamic-import-node': [ '2.3.3' ],
17 silly audit   'babel-plugin-istanbul': [ '6.1.1' ],
17 silly audit   'istanbul-lib-instrument': [ '5.2.1', '6.0.3' ],
17 silly audit   'babel-plugin-jest-hoist': [ '29.6.3' ],
17 silly audit   'babel-plugin-polyfill-corejs2': [ '0.4.17' ],
17 silly audit   'babel-plugin-polyfill-regenerator': [ '0.6.8' ],
17 silly audit   'babel-plugin-react-compiler': [ '1.0.0' ],
17 silly audit   'babel-plugin-react-native-web': [ '0.18.12', '0.21.2' ],
17 silly audit   'babel-plugin-syntax-hermes-parser': [ '0.33.3', '0.32.0', '0.32.1' ],
17 silly audit   'babel-plugin-syntax-trailing-function-commas': [ '7.0.0-beta.0' ],
17 silly audit   'babel-plugin-transform-flow-enums': [ '0.0.2' ],
17 silly audit   'babel-preset-current-node-syntax': [ '1.2.0' ],
17 silly audit   'babel-preset-expo': [ '10.0.2', '55.0.16' ],
17 silly audit   'react-refresh': [ '0.14.0', '0.14.2' ],
17 silly audit   'babel-preset-fbjs': [ '3.4.0' ],
17 silly audit   'babel-preset-jest': [ '29.6.3' ],
17 silly audit   badgin: [ '1.2.3' ],
17 silly audit   'base64-js': [ '1.5.1' ],
17 silly audit   'baseline-browser-mapping': [ '2.10.16' ],
17 silly audit   'better-opn': [ '3.0.2' ],
17 silly audit   'big-integer': [ '1.6.52' ],
17 silly audit   'binary-extensions': [ '2.3.0' ],
17 silly audit   bl: [ '4.1.0' ],
17 silly audit   'readable-stream': [ '3.6.2', '2.3.8' ],
17 silly audit   'blueimp-md5': [ '2.19.0' ],
17 silly audit   'bplist-creator': [ '0.1.0' ],
17 silly audit   'bplist-parser': [ '0.3.2', '0.3.1' ],
17 silly audit   braces: [ '3.0.3' ],
17 silly audit   browserslist: [ '4.28.2' ],
17 silly audit   'bs-logger': [ '0.2.6' ],
17 silly audit   bser: [ '2.1.1' ],
17 silly audit   buffer: [ '5.7.1' ],
17 silly audit   'buffer-alloc': [ '1.2.0' ],
17 silly audit   'buffer-alloc-unsafe': [ '1.1.0' ],
17 silly audit   'buffer-fill': [ '1.0.0' ],
17 silly audit   'buffer-from': [ '1.1.2' ],
17 silly audit   builtins: [ '1.0.3' ],
17 silly audit   bytes: [ '3.1.2' ],
17 silly audit   cacache: [ '15.3.0' ],
17 silly audit   'call-bind': [ '1.0.8' ],
17 silly audit   'call-bind-apply-helpers': [ '1.0.2' ],
17 silly audit   'call-bound': [ '1.0.4' ],
17 silly audit   'caller-callsite': [ '2.0.0' ],
17 silly audit   callsites: [ '2.0.0', '3.1.0' ],
17 silly audit   'caller-path': [ '2.0.0' ],
17 silly audit   camelcase: [ '5.3.1', '6.3.0' ],
17 silly audit   'caniuse-lite': [ '1.0.30001787' ],
17 silly audit   'char-regex': [ '1.0.2', '2.0.2' ],
17 silly audit   charenc: [ '0.0.2' ],
17 silly audit   chokidar: [ '3.6.0' ],
17 silly audit   chownr: [ '2.0.0' ],
17 silly audit   'chrome-launcher': [ '0.15.2' ],
17 silly audit   'chromium-edge-launcher': [ '1.0.0' ],
17 silly audit   'ci-info': [ '3.9.0', '2.0.0' ],
17 silly audit   'cjs-module-lexer': [ '1.4.3' ],
17 silly audit   'clean-stack': [ '2.2.0' ],
17 silly audit   'cli-spinners': [ '2.9.2' ],
17 silly audit   cliui: [ '8.0.1', '6.0.0' ],
17 silly audit   clone: [ '2.1.2', '1.0.4' ],
17 silly audit   'clone-deep': [ '4.0.1' ],
17 silly audit   co: [ '4.6.0' ],
17 silly audit   'collect-v8-coverage': [ '1.0.3' ],
17 silly audit   color: [ '4.2.3' ],
17 silly audit   'color-string': [ '1.9.1' ],
17 silly audit   colorette: [ '1.4.0' ],
17 silly audit   'combined-stream': [ '1.0.8' ],
17 silly audit   'command-exists': [ '1.2.9' ],
17 silly audit   commondir: [ '1.0.1' ],
17 silly audit   'component-type': [ '1.2.2' ],
17 silly audit   compressible: [ '2.0.18' ],
17 silly audit   compression: [ '1.8.1' ],
17 silly audit   negotiator: [ '0.6.4', '0.6.3' ],
17 silly audit   'concat-map': [ '0.0.1' ],
17 silly audit   connect: [ '3.7.0' ],
17 silly audit   'convert-source-map': [ '2.0.0' ],
17 silly audit   'core-js-compat': [ '3.49.0' ],
17 silly audit   'core-util-is': [ '1.0.3' ],
17 silly audit   cosmiconfig: [ '5.2.1' ],
17 silly audit   'import-fresh': [ '2.0.0', '3.3.1' ],
17 silly audit   'parse-json': [ '4.0.0', '5.2.0' ],
17 silly audit   'resolve-from': [ '3.0.0', '4.0.0', '5.0.0' ],
17 silly audit   'create-jest': [ '29.7.0' ],
17 silly audit   'cross-fetch': [ '3.2.0', '4.0.0' ],
17 silly audit   crypt: [ '0.0.2' ],
17 silly audit   'crypto-random-string': [ '1.0.0', '2.0.0' ],
17 silly audit   cssom: [ '0.5.0', '0.3.8' ],
17 silly audit   cssstyle: [ '2.3.0' ],
17 silly audit   csstype: [ '3.2.3' ],
17 silly audit   'dag-map': [ '1.0.2' ],
17 silly audit   'data-urls': [ '3.0.2' ],
17 silly audit   tr46: [ '3.0.0', '0.0.3' ],
17 silly audit   'webidl-conversions': [ '7.0.0', '3.0.1', '5.0.0' ],
17 silly audit   'whatwg-url': [ '11.0.0', '5.0.0' ],
17 silly audit   'data-view-buffer': [ '1.0.2' ],
17 silly audit   'data-view-byte-length': [ '1.0.2' ],
17 silly audit   'data-view-byte-offset': [ '1.0.1' ],
17 silly audit   dayjs: [ '1.11.20' ],
17 silly audit   decamelize: [ '1.2.0' ],
17 silly audit   'decimal.js': [ '10.6.0' ],
17 silly audit   'decode-uri-component': [ '0.2.2' ],
17 silly audit   dedent: [ '1.7.2' ],
17 silly audit   'deep-extend': [ '0.6.0' ],
17 silly audit   'deep-is': [ '0.1.4' ],
17 silly audit   deepmerge: [ '4.3.1' ],
17 silly audit   'default-gateway': [ '4.2.0' ],
17 silly audit   defaults: [ '1.0.4' ],
17 silly audit   'define-data-property': [ '1.1.4' ],
17 silly audit   'define-lazy-prop': [ '2.0.0' ],
17 silly audit   'define-properties': [ '1.2.1' ],
17 silly audit   del: [ '6.1.1' ],
17 silly audit   'delayed-stream': [ '1.0.0' ],
17 silly audit   denodeify: [ '1.2.1' ],
17 silly audit   depd: [ '2.0.0' ],
17 silly audit   'deprecated-react-native-prop-types': [ '5.0.0' ],
17 silly audit   destroy: [ '1.2.0' ],
17 silly audit   'detect-libc': [ '1.0.3' ],
17 silly audit   'detect-newline': [ '3.1.0' ],
17 silly audit   'diff-sequences': [ '29.6.3' ],
17 silly audit   'dir-glob': [ '3.0.1' ],
17 silly audit   doctrine: [ '2.1.0' ],
17 silly audit   domexception: [ '4.0.0' ],
17 silly audit   dotenv: [ '16.4.7' ],
17 silly audit   'dotenv-expand': [ '11.0.7' ],
17 silly audit   'dunder-proto': [ '1.0.1' ],
17 silly audit   'ee-first': [ '1.1.1' ],
17 silly audit   'electron-to-chromium': [ '1.5.333' ],
17 silly audit   emittery: [ '0.13.1' ],
17 silly audit   'emoji-regex': [ '8.0.0' ],
17 silly audit   encodeurl: [ '1.0.2', '2.0.0' ],
17 silly audit   'end-of-stream': [ '1.4.5' ],
17 silly audit   'enhanced-resolve': [ '5.20.1' ],
17 silly audit   entities: [ '6.0.1' ],
17 silly audit   'env-editor': [ '0.4.2' ],
17 silly audit   envinfo: [ '7.21.0' ],
17 silly audit   'error-ex': [ '1.3.4' ],
17 silly audit   'error-stack-parser': [ '2.1.4' ],
17 silly audit   errorhandler: [ '1.5.2' ],
17 silly audit   'es-abstract': [ '1.24.2' ],
17 silly audit   'es-define-property': [ '1.0.1' ],
17 silly audit   'es-errors': [ '1.3.0' ],
17 silly audit   'es-iterator-helpers': [ '1.3.1' ],
17 silly audit   'es-object-atoms': [ '1.1.1' ],
17 silly audit   'es-set-tostringtag': [ '2.1.0' ],
17 silly audit   'es-shim-unscopables': [ '1.1.0' ],
17 silly audit   'es-to-primitive': [ '1.3.0' ],
17 silly audit   escalade: [ '3.2.0' ],
17 silly audit   'escape-html': [ '1.0.3' ],
17 silly audit   escodegen: [ '2.1.0' ],
17 silly audit   eslint: [ '9.39.4' ],
17 silly audit   'eslint-compat-utils': [ '0.5.1' ],
17 silly audit   'eslint-config-prettier': [ '9.1.2' ],
17 silly audit   'eslint-config-universe': [ '15.0.3' ],
17 silly audit   'eslint-import-resolver-node': [ '0.3.10' ],
17 silly audit   resolve: [ '2.0.0-next.6', '1.7.1', '1.22.11' ],
17 silly audit   'eslint-module-utils': [ '2.12.1' ],
17 silly audit   'eslint-plugin-es': [ '3.0.1' ],
17 silly audit   'eslint-plugin-es-x': [ '7.8.0' ],
17 silly audit   'eslint-plugin-import': [ '2.32.0' ],
17 silly audit   'eslint-plugin-n': [ '17.24.0' ],
17 silly audit   'eslint-plugin-node': [ '11.1.0' ],
17 silly audit   'eslint-plugin-prettier': [ '5.5.5' ],
17 silly audit   'eslint-plugin-react': [ '7.37.5' ],
17 silly audit   'eslint-plugin-react-hooks': [ '5.2.0' ],
17 silly audit   'eslint-scope': [ '8.4.0' ],
17 silly audit   'eslint-utils': [ '2.1.0' ],
17 silly audit   'glob-parent': [ '6.0.2', '5.1.2' ],
17 silly audit   espree: [ '10.4.0' ],
17 silly audit   esprima: [ '4.0.1' ],
17 silly audit   esquery: [ '1.7.0' ],
17 silly audit   esrecurse: [ '4.3.0' ],
17 silly audit   estraverse: [ '5.3.0' ],
17 silly audit   esutils: [ '2.0.3' ],
17 silly audit   etag: [ '1.8.1' ],
17 silly audit   'event-target-shim': [ '5.0.1' ],
17 silly audit   exit: [ '0.1.2' ],
17 silly audit   expect: [ '29.7.0' ],
17 silly audit   expo: [ '50.0.21' ],
17 silly audit   'expo-application': [ '5.8.4' ],
17 silly audit   'expo-asset': [ '9.0.2' ],
17 silly audit   'expo-constants': [ '15.4.6' ],
17 silly audit   'expo-dev-client': [ '3.3.12' ],
17 silly audit   'expo-dev-launcher': [ '3.6.10' ],
17 silly audit   'expo-dev-menu': [ '4.5.8' ],
17 silly audit   'expo-dev-menu-interface': [ '1.7.2' ],
17 silly audit   'expo-file-system': [ '16.0.9' ],
17 silly audit   'expo-font': [ '11.10.3' ],
17 silly audit   'expo-image-loader': [ '4.6.0' ],
17 silly audit   'expo-image-picker': [ '14.7.1' ],
17 silly audit   'expo-json-utils': [ '0.12.3' ],
17 silly audit   'expo-keep-awake': [ '12.8.2' ],
17 silly audit   'expo-localization': [ '14.8.4' ],
17 silly audit   'expo-manifests': [ '0.13.2' ],
17 silly audit   'expo-module-scripts': [ '55.0.2' ],
17 silly audit   '@testing-library/react-native': [ '13.3.3' ],
17 silly audit   getenv: [ '2.0.0', '1.0.0' ],
17 silly audit   'jest-diff': [ '30.3.0', '29.7.0' ],
17 silly audit   'jest-expo': [ '55.0.14' ],
17 silly audit   'react-test-renderer': [ '19.2.0', '19.2.4' ],
17 silly audit   'jest-matcher-utils': [ '30.3.0', '29.7.0' ],
17 silly audit   minipass: [ '7.1.3', '3.3.6', '5.0.0' ],
17 silly audit   react: [ '19.2.4', '18.2.0' ],
17 silly audit   scheduler: [ '0.27.0', '0.24.0-canary-efb381bbf-20230505' ],
17 silly audit   xmlbuilder: [ '15.1.1', '11.0.1', '14.0.0' ],
17 silly audit   'expo-modules-autolinking': [ '1.10.3' ],
17 silly audit   'expo-modules-core': [ '1.11.14' ],
17 silly audit   'expo-notifications': [ '0.27.8' ],
17 silly audit   'expo-speech': [ '11.7.0' ],
17 silly audit   'expo-speech-recognition': [ '3.1.2' ],
17 silly audit   'expo-updates-interface': [ '0.15.3' ],
17 silly audit   'exponential-backoff': [ '3.1.3' ],
17 silly audit   'fast-deep-equal': [ '3.1.3' ],
17 silly audit   'fast-diff': [ '1.3.0' ],
17 silly audit   'fast-glob': [ '3.3.3' ],
17 silly audit   'fast-json-stable-stringify': [ '2.1.0' ],
17 silly audit   'fast-levenshtein': [ '2.0.6' ],
17 silly audit   'fast-xml-parser': [ '4.5.6' ],
17 silly audit   fastq: [ '1.20.1' ],
17 silly audit   'fb-watchman': [ '2.0.2' ],
17 silly audit   fbemitter: [ '3.0.0' ],
17 silly audit   fbjs: [ '3.0.5' ],
17 silly audit   'fbjs-css-vars': [ '1.0.2' ],
17 silly audit   fdir: [ '6.5.0' ],
17 silly audit   'fetch-retry': [ '4.1.1' ],
17 silly audit   'file-entry-cache': [ '8.0.0' ],
17 silly audit   'fill-range': [ '7.1.1' ],
17 silly audit   'filter-obj': [ '1.1.0' ],
17 silly audit   finalhandler: [ '1.1.2' ],
17 silly audit   'find-cache-dir': [ '2.1.0' ],
17 silly audit   'path-exists': [ '3.0.0', '4.0.0' ],
17 silly audit   'pkg-dir': [ '3.0.0', '4.2.0' ],
17 silly audit   'find-yarn-workspace-root': [ '2.0.0' ],
17 silly audit   'flat-cache': [ '4.0.1' ],
17 silly audit   flatted: [ '3.4.2' ],
17 silly audit   'flow-enums-runtime': [ '0.0.6' ],
17 silly audit   'flow-parser': [ '0.206.0' ],
17 silly audit   'follow-redirects': [ '1.15.11' ],
17 silly audit   fontfaceobserver: [ '2.3.0' ],
17 silly audit   'for-each': [ '0.3.5' ],
17 silly audit   'freeport-async': [ '2.0.0' ],
17 silly audit   fresh: [ '0.5.2' ],
17 silly audit   'fs-minipass': [ '2.1.0' ],
17 silly audit   'fs-readdir-recursive': [ '1.1.0' ],
17 silly audit   'fs.realpath': [ '1.0.0' ],
17 silly audit   fsevents: [ '2.3.3' ],
17 silly audit   'function-bind': [ '1.1.2' ],
17 silly audit   'function.prototype.name': [ '1.1.8' ],
17 silly audit   'functions-have-names': [ '1.2.3' ],
17 silly audit   'generator-function': [ '2.0.1' ],
17 silly audit   gensync: [ '1.0.0-beta.2' ],
17 silly audit   'get-caller-file': [ '2.0.5' ],
17 silly audit   'get-intrinsic': [ '1.3.0' ],
17 silly audit   'get-package-type': [ '0.1.0' ],
17 silly audit   'get-proto': [ '1.0.1' ],
17 silly audit   'get-symbol-description': [ '1.1.0' ],
17 silly audit   'get-tsconfig': [ '4.13.7' ],
17 silly audit   globalthis: [ '1.0.4' ],
17 silly audit   globby: [ '11.1.0' ],
17 silly audit   globrex: [ '0.1.2' ],
17 silly audit   gopd: [ '1.2.0' ],
17 silly audit   'graceful-fs': [ '4.2.11' ],
17 silly audit   graphql: [ '15.8.0' ],
17 silly audit   'graphql-tag': [ '2.12.6' ],
17 silly audit   'has-bigints': [ '1.1.0' ],
17 silly audit   'has-flag': [ '3.0.0', '4.0.0' ],
17 silly audit   'has-property-descriptors': [ '1.0.2' ],
17 silly audit   'has-proto': [ '1.2.0' ],
17 silly audit   'has-symbols': [ '1.1.0' ],
17 silly audit   'has-tostringtag': [ '1.0.2' ],
17 silly audit   hasown: [ '2.0.2' ],
17 silly audit   'hermes-profile-transformer': [ '0.0.6' ],
17 silly audit   'source-map': [ '0.7.6', '0.5.7', '0.6.1', '0.5.6' ],
17 silly audit   'hoist-non-react-statics': [ '3.3.2' ],
17 silly audit   'html-encoding-sniffer': [ '3.0.0' ],
17 silly audit   'html-escaper': [ '2.0.2' ],
17 silly audit   'html-parse-stringify': [ '3.0.1' ],
17 silly audit   'http-errors': [ '2.0.0', '2.0.1' ],
17 silly audit   statuses: [ '2.0.1', '2.0.2', '1.5.0' ],
17 silly audit   'http-proxy-agent': [ '5.0.0' ],
17 silly audit   'https-proxy-agent': [ '5.0.1' ],
17 silly audit   'human-signals': [ '2.1.0' ],
17 silly audit   i18next: [ '23.16.8' ],
17 silly audit   'i18next-http-backend': [ '2.7.3' ],
17 silly audit   'iconv-lite': [ '0.6.3' ],
17 silly audit   ieee754: [ '1.2.1' ],
17 silly audit   'image-size': [ '1.2.1' ],
17 silly audit   'import-local': [ '3.2.0' ],
17 silly audit   imurmurhash: [ '0.1.4' ],
17 silly audit   'indent-string': [ '4.0.0' ],
17 silly audit   'infer-owner': [ '1.0.4' ],
17 silly audit   inflight: [ '1.0.6' ],
17 silly audit   inherits: [ '2.0.4' ],
17 silly audit   ini: [ '1.3.8' ],
17 silly audit   'internal-ip': [ '4.3.0' ],
17 silly audit   'internal-slot': [ '1.1.0' ],
17 silly audit   invariant: [ '2.2.4' ],
17 silly audit   'ip-regex': [ '2.1.0' ],
17 silly audit   'ipaddr.js': [ '1.9.1' ],
17 silly audit   'is-arguments': [ '1.2.0' ],
17 silly audit   'is-array-buffer': [ '3.0.5' ],
17 silly audit   'is-arrayish': [ '0.2.1', '0.3.4' ],
17 silly audit   'is-async-function': [ '2.1.1' ],
17 silly audit   'is-bigint': [ '1.1.0' ],
17 silly audit   'is-binary-path': [ '2.1.0' ],
17 silly audit   'is-boolean-object': [ '1.2.2' ],
17 silly audit   'is-buffer': [ '1.1.6' ],
17 silly audit   'is-callable': [ '1.2.7' ],
17 silly audit   'is-core-module': [ '2.16.1' ],
17 silly audit   'is-data-view': [ '1.0.2' ],
17 silly audit   'is-date-object': [ '1.1.0' ],
17 silly audit   'is-directory': [ '0.3.1' ],
17 silly audit   'is-docker': [ '2.2.1' ],
17 silly audit   'is-extglob': [ '2.1.1', '1.0.0' ],
17 silly audit   'is-finalizationregistry': [ '1.1.1' ],
17 silly audit   'is-fullwidth-code-point': [ '2.0.0', '3.0.0' ],
17 silly audit   'is-generator-fn': [ '2.1.0' ],
17 silly audit   'is-generator-function': [ '1.1.2' ],
17 silly audit   'is-glob': [ '4.0.3', '2.0.1' ],
17 silly audit   'is-interactive': [ '1.0.0' ],
17 silly audit   'is-invalid-path': [ '0.1.0' ],
17 silly audit   'is-map': [ '2.0.3' ],
17 silly audit   'is-nan': [ '1.3.2' ],
17 silly audit   'is-negative-zero': [ '2.0.3' ],
17 silly audit   'is-number': [ '7.0.0' ],
17 silly audit   'is-number-object': [ '1.1.1' ],
17 silly audit   'is-path-cwd': [ '2.2.0' ],
17 silly audit   'is-path-inside': [ '3.0.3' ],
17 silly audit   'is-plain-obj': [ '2.1.0' ],
17 silly audit   'is-plain-object': [ '2.0.4' ],
17 silly audit   'is-potential-custom-element-name': [ '1.0.1' ],
17 silly audit   'is-regex': [ '1.2.1' ],
17 silly audit   'is-set': [ '2.0.3' ],
17 silly audit   'is-shared-array-buffer': [ '1.0.4' ],
17 silly audit   'is-string': [ '1.1.1' ],
17 silly audit   'is-symbol': [ '1.1.1' ],
17 silly audit   'is-typed-array': [ '1.1.15' ],
17 silly audit   'is-unicode-supported': [ '0.1.0' ],
17 silly audit   'is-valid-path': [ '0.1.1' ],
17 silly audit   'is-weakmap': [ '2.0.2' ],
17 silly audit   'is-weakref': [ '1.1.1' ],
17 silly audit   'is-weakset': [ '2.0.4' ],
17 silly audit   isarray: [ '2.0.5', '1.0.0' ],
17 silly audit   isexe: [ '2.0.0' ],
17 silly audit   isobject: [ '3.0.1' ],
17 silly audit   'istanbul-lib-coverage': [ '3.2.2' ],
17 silly audit   'istanbul-lib-report': [ '3.0.1' ],
17 silly audit   'istanbul-lib-source-maps': [ '4.0.1' ],
17 silly audit   'istanbul-reports': [ '3.2.0' ],
17 silly audit   'iterator.prototype': [ '1.1.5' ],
17 silly audit   jest: [ '29.7.0' ],
17 silly audit   'jest-changed-files': [ '29.7.0' ],
17 silly audit   'jest-circus': [ '29.7.0' ],
17 silly audit   'jest-cli': [ '29.7.0' ],
17 silly audit   'jest-config': [ '29.7.0' ],
17 silly audit   'jest-docblock': [ '29.7.0' ],
17 silly audit   'jest-each': [ '29.7.0' ],
17 silly audit   'jest-environment-jsdom': [ '29.7.0' ],
17 silly audit   'jest-environment-node': [ '29.7.0' ],
17 silly audit   'jest-get-type': [ '29.6.3' ],
17 silly audit   'jest-haste-map': [ '29.7.0' ],
17 silly audit   'jest-leak-detector': [ '29.7.0' ],
17 silly audit   'jest-message-util': [ '29.7.0' ],
17 silly audit   'jest-mock': [ '29.7.0' ],
17 silly audit   'jest-pnp-resolver': [ '1.2.3' ],
17 silly audit   'jest-regex-util': [ '29.6.3' ],
17 silly audit   'jest-resolve': [ '29.7.0' ],
17 silly audit   'jest-resolve-dependencies': [ '29.7.0' ],
17 silly audit   'jest-runner': [ '29.7.0' ],
17 silly audit   'source-map-support': [ '0.5.13', '0.5.21' ],
17 silly audit   'jest-runtime': [ '29.7.0' ],
17 silly audit   'jest-snapshot': [ '29.7.0' ],
17 silly audit   prettier: [ '2.8.8', '3.8.1' ],
17 silly audit   'jest-util': [ '29.7.0' ],
17 silly audit   'jest-validate': [ '29.7.0' ],
17 silly audit   'jest-watch-select-projects': [ '2.0.0' ],
17 silly audit   'jest-watch-typeahead': [ '2.2.1' ],
17 silly audit   'string-length': [ '5.0.1', '4.0.2' ],
17 silly audit   'jest-watcher': [ '29.7.0' ],
17 silly audit   'jest-worker': [ '29.7.0' ],
17 silly audit   'jimp-compact': [ '0.16.1' ],
17 silly audit   joi: [ '17.13.3' ],
17 silly audit   'join-component': [ '1.1.0' ],
17 silly audit   'js-tokens': [ '4.0.0' ],
17 silly audit   'jsc-android': [ '250231.0.0' ],
17 silly audit   'jsc-safe-url': [ '0.2.4' ],
17 silly audit   jscodeshift: [ '0.14.0' ],
17 silly audit   jsdom: [ '20.0.3' ],
17 silly audit   jsesc: [ '3.1.0' ],
17 silly audit   'json-buffer': [ '3.0.1' ],
17 silly audit   'json-parse-better-errors': [ '1.0.2' ],
17 silly audit   'json-parse-even-better-errors': [ '2.3.1' ],
17 silly audit   'json-schema-deref-sync': [ '0.13.0' ],
17 silly audit   md5: [ '2.2.1', '2.3.0' ],
17 silly audit   'json-stable-stringify-without-jsonify': [ '1.0.1' ],
17 silly audit   json5: [ '2.2.3', '1.0.2' ],
17 silly audit   'jsx-ast-utils': [ '3.3.5' ],
17 silly audit   keyv: [ '4.5.4' ],
17 silly audit   'kind-of': [ '6.0.3' ],
17 silly audit   kleur: [ '3.0.3' ],
17 silly audit   leven: [ '3.1.0' ],
17 silly audit   levn: [ '0.4.1' ],
17 silly audit   'lighthouse-logger': [ '1.4.2' ],
17 silly audit   lightningcss: [ '1.19.0' ],
17 silly audit   'lightningcss-win32-x64-msvc': [ '1.19.0' ],
17 silly audit   'lines-and-columns': [ '1.2.4' ],
17 silly audit   lodash: [ '4.18.1' ],
17 silly audit   'lodash.debounce': [ '4.0.8' ],
17 silly audit   'lodash.memoize': [ '4.1.2' ],
17 silly audit   'lodash.merge': [ '4.6.2' ],
17 silly audit   'lodash.throttle': [ '4.1.1' ],
17 silly audit   logkitty: [ '0.7.1' ],
17 silly audit   'wrap-ansi': [ '6.2.0', '7.0.0' ],
17 silly audit   y18n: [ '4.0.3', '5.0.8' ],
17 silly audit   yargs: [ '15.4.1', '17.7.2' ],
17 silly audit   'yargs-parser': [ '18.1.3', '21.1.1' ],
17 silly audit   'loose-envify': [ '1.4.0' ],
17 silly audit   'make-error': [ '1.3.6' ],
17 silly audit   makeerror: [ '1.0.12' ],
17 silly audit   marky: [ '1.3.0' ],
17 silly audit   'math-intrinsics': [ '1.1.0' ],
17 silly audit   'md5-file': [ '3.2.3' ],
17 silly audit   md5hex: [ '1.0.0' ],
17 silly audit   'memoize-one': [ '5.2.1' ],
17 silly audit   'memory-cache': [ '0.2.0' ],
17 silly audit   'merge-options': [ '3.0.4' ],
17 silly audit   'merge-stream': [ '2.0.0' ],
17 silly audit   merge2: [ '1.4.1' ],
17 silly audit   metro: [ '0.80.12' ],
17 silly audit   'metro-babel-transformer': [ '0.80.12' ],
17 silly audit   'metro-cache': [ '0.80.12' ],
17 silly audit   'metro-cache-key': [ '0.80.12' ],
17 silly audit   'metro-config': [ '0.80.12' ],
17 silly audit   'metro-core': [ '0.80.12' ],
17 silly audit   'metro-file-map': [ '0.80.12' ],
17 silly audit   'metro-minify-terser': [ '0.80.12' ],
17 silly audit   'metro-resolver': [ '0.80.12' ],
17 silly audit   'metro-runtime': [ '0.80.12' ],
17 silly audit   'metro-source-map': [ '0.80.12' ],
17 silly audit   'metro-symbolicate': [ '0.80.12' ],
17 silly audit   'metro-transform-plugins': [ '0.80.12' ],
17 silly audit   'metro-transform-worker': [ '0.80.12' ],
17 silly audit   micromatch: [ '4.0.8' ],
17 silly audit   mime: [ '2.6.0', '1.6.0' ],
17 silly audit   'mime-db': [ '1.52.0' ],
17 silly audit   'mime-types': [ '2.1.35' ],
17 silly audit   'mimic-fn': [ '2.1.0', '1.2.0' ],
17 silly audit   'min-indent': [ '1.0.1' ],
17 silly audit   minimist: [ '1.2.8' ],
17 silly audit   'minipass-collect': [ '1.0.2' ],
17 silly audit   'minipass-flush': [ '1.0.7' ],
17 silly audit   'minipass-pipeline': [ '1.2.4' ],
17 silly audit   minizlib: [ '2.1.2' ],
17 silly audit   mz: [ '2.7.0' ],
17 silly audit   nanoid: [ '3.3.11' ],
17 silly audit   'natural-compare': [ '1.4.0' ],
17 silly audit   'neo-async': [ '2.6.2' ],
17 silly audit   'nested-error-stacks': [ '2.0.1' ],
17 silly audit   'nice-try': [ '1.0.5' ],
17 silly audit   nocache: [ '3.0.4' ],
17 silly audit   'node-abort-controller': [ '3.1.1' ],
17 silly audit   'node-dir': [ '0.1.17' ],
17 silly audit   'node-exports-info': [ '1.6.0' ],
17 silly audit   'node-fetch': [ '2.7.0' ],
17 silly audit   'node-forge': [ '1.4.0' ],
17 silly audit   'node-int64': [ '0.4.0' ],
17 silly audit   'node-releases': [ '2.0.37' ],
17 silly audit   'node-stream-zip': [ '1.15.0' ],
17 silly audit   'normalize-path': [ '3.0.0' ],
17 silly audit   nullthrows: [ '1.1.1' ],
17 silly audit   nwsapi: [ '2.2.23' ],
17 silly audit   ob1: [ '0.80.12' ],
17 silly audit   'object-assign': [ '4.1.1' ],
17 silly audit   'object-inspect': [ '1.13.4' ],
17 silly audit   'object-is': [ '1.1.6' ],
17 silly audit   'object-keys': [ '1.1.1' ],
17 silly audit   'object.assign': [ '4.1.7' ],
17 silly audit   'object.entries': [ '1.1.9' ],
17 silly audit   'object.fromentries': [ '2.0.8' ],
17 silly audit   'object.groupby': [ '1.0.3' ],
17 silly audit   'object.values': [ '1.2.1' ],
17 silly audit   'on-finished': [ '2.3.0', '2.4.1' ],
17 silly audit   'on-headers': [ '1.1.0' ],
17 silly audit   once: [ '1.4.0' ],
17 silly audit   onetime: [ '5.1.2', '2.0.1' ],
17 silly audit   optionator: [ '0.9.4' ],
17 silly audit   'os-homedir': [ '1.0.2' ],
17 silly audit   'os-tmpdir': [ '1.0.2' ],
17 silly audit   osenv: [ '0.1.5' ],
17 silly audit   'own-keys': [ '1.0.1' ],
17 silly audit   'p-finally': [ '1.0.0' ],
17 silly audit   'p-map': [ '4.0.0' ],
17 silly audit   'p-try': [ '2.2.0' ],
17 silly audit   'parent-module': [ '1.0.1' ],
17 silly audit   'parse-png': [ '2.1.0' ],
17 silly audit   parse5: [ '7.3.0' ],
17 silly audit   parseurl: [ '1.3.3' ],
17 silly audit   'path-is-absolute': [ '1.0.1' ],
17 silly audit   'path-parse': [ '1.0.7' ],
17 silly audit   'path-scurry': [ '2.0.2' ],
17 silly audit   'path-type': [ '4.0.0' ],
17 silly audit   picocolors: [ '1.1.1' ],
17 silly audit   pify: [ '4.0.1' ],
17 silly audit   pirates: [ '4.0.7' ],
17 silly audit   plist: [ '3.1.0' ],
17 silly audit   pngjs: [ '3.4.0' ],
17 silly audit   'possible-typed-array-names': [ '1.1.0' ],
17 silly audit   postcss: [ '8.4.49' ],
17 silly audit   'prelude-ls': [ '1.2.1' ],
17 silly audit   'prettier-linter-helpers': [ '1.0.1' ],
17 silly audit   'pretty-bytes': [ '5.6.0' ],
17 silly audit   'proc-log': [ '4.2.0' ],
17 silly audit   'process-nextick-args': [ '2.0.1' ],
17 silly audit   progress: [ '2.0.3' ],
17 silly audit   promise: [ '7.3.1', '8.3.0' ],
17 silly audit   'promise-inflight': [ '1.0.1' ],
17 silly audit   prompts: [ '2.4.2' ],
17 silly audit   'prop-types': [ '15.8.1' ],
17 silly audit   'proxy-from-env': [ '2.1.0' ],
17 silly audit   psl: [ '1.15.0' ],
17 silly audit   pump: [ '3.0.4' ],
17 silly audit   punycode: [ '2.3.1' ],
17 silly audit   'pure-rand': [ '6.1.0' ],
17 silly audit   'qrcode-terminal': [ '0.11.0' ],
17 silly audit   'query-string': [ '7.1.3' ],
17 silly audit   querystringify: [ '2.2.0' ],
17 silly audit   queue: [ '6.0.2' ],
17 silly audit   'queue-microtask': [ '1.2.3' ],
17 silly audit   'range-parser': [ '1.2.1' ],
17 silly audit   rc: [ '1.2.8' ],
17 silly audit   'strip-json-comments': [ '2.0.1', '3.1.1' ],
17 silly audit   'react-devtools-core': [ '4.28.5' ],
17 silly audit   'react-freeze': [ '1.0.4' ],
17 silly audit   'react-i18next': [ '13.5.0' ],
17 silly audit   'react-native': [ '0.73.6' ],
17 silly audit   'react-native-gesture-handler': [ '2.14.1' ],
17 silly audit   'react-native-safe-area-context': [ '4.8.2' ],
17 silly audit   'react-native-screens': [ '3.29.0' ],
17 silly audit   'react-shallow-renderer': [ '16.15.0' ],
17 silly audit   'safe-buffer': [ '5.1.2', '5.2.1' ],
17 silly audit   readdirp: [ '3.6.0' ],
17 silly audit   readline: [ '1.3.0' ],
17 silly audit   recast: [ '0.21.5' ],
17 silly audit   redent: [ '3.0.0' ],
17 silly audit   'reflect.getprototypeof': [ '1.0.10' ],
17 silly audit   regenerate: [ '1.4.2' ],
17 silly audit   'regenerate-unicode-properties': [ '10.2.2' ],
17 silly audit   'regenerator-runtime': [ '0.13.11' ],
17 silly audit   'regexp.prototype.flags': [ '1.5.4' ],
17 silly audit   regexpp: [ '3.2.0' ],
17 silly audit   'regexpu-core': [ '6.4.0' ],
17 silly audit   regjsgen: [ '0.8.0' ],
17 silly audit   regjsparser: [ '0.13.1' ],
17 silly audit   'remove-trailing-slash': [ '0.1.1' ],
17 silly audit   'require-directory': [ '2.1.1' ],
17 silly audit   'require-from-string': [ '2.0.2' ],
17 silly audit   'require-main-filename': [ '2.0.0' ],
17 silly audit   requireg: [ '0.2.2' ],
17 silly audit   'requires-port': [ '1.0.0' ],
17 silly audit   'resolve-cwd': [ '3.0.0' ],
17 silly audit   'resolve-pkg-maps': [ '1.0.0' ],
17 silly audit   'resolve-workspace-root': [ '2.0.1' ],
17 silly audit   'resolve.exports': [ '2.0.3' ],
17 silly audit   reusify: [ '1.1.0' ],
17 silly audit   rimraf: [ '3.0.2', '2.6.3' ],
17 silly audit   'rtl-detect': [ '1.1.2' ],
17 silly audit   'run-parallel': [ '1.2.0' ],
17 silly audit   'safe-array-concat': [ '1.1.3' ],
17 silly audit   'safe-push-apply': [ '1.0.0' ],
17 silly audit   'safe-regex-test': [ '1.1.0' ],
17 silly audit   'safer-buffer': [ '2.1.2' ],
17 silly audit   sax: [ '1.6.0' ],
17 silly audit   saxes: [ '6.0.0' ],
17 silly audit   send: [ '0.18.0', '0.19.2' ],
17 silly audit   'serialize-error': [ '2.1.0' ],
17 silly audit   'serve-static': [ '1.16.3' ],
17 silly audit   'server-only': [ '0.0.1' ],
17 silly audit   'set-blocking': [ '2.0.0' ],
17 silly audit   'set-function-length': [ '1.2.2' ],
17 silly audit   'set-function-name': [ '2.0.2' ],
17 silly audit   'set-proto': [ '1.0.0' ],
17 silly audit   setimmediate: [ '1.0.5' ],
17 silly audit   setprototypeof: [ '1.2.0' ],
17 silly audit   'shallow-clone': [ '3.0.1' ],
17 silly audit   'shell-quote': [ '1.8.3' ],
17 silly audit   'side-channel': [ '1.1.0' ],
17 silly audit   'side-channel-list': [ '1.0.0' ],
17 silly audit   'side-channel-map': [ '1.0.1' ],
17 silly audit   'side-channel-weakmap': [ '1.0.2' ],
17 silly audit   'signal-exit': [ '3.0.7' ],
17 silly audit   'simple-plist': [ '1.3.1' ],
17 silly audit   'simple-swizzle': [ '0.2.4' ],
17 silly audit   sisteransi: [ '1.0.5' ],
17 silly audit   'slice-ansi': [ '2.1.0' ],
17 silly audit   slugify: [ '1.6.9' ],
17 silly audit   'source-map-js': [ '1.2.1' ],
17 silly audit   'split-on-first': [ '1.1.0' ],
17 silly audit   'sprintf-js': [ '1.0.3' ],
17 silly audit   ssri: [ '8.0.1' ],
17 silly audit   'stack-generator': [ '2.0.10' ],
17 silly audit   'stack-utils': [ '2.0.6' ],
17 silly audit   stackframe: [ '1.3.4' ],
17 silly audit   'stacktrace-gps': [ '3.1.2' ],
17 silly audit   'stacktrace-js': [ '2.0.2' ],
17 silly audit   'stacktrace-parser': [ '0.1.11' ],
17 silly audit   'stop-iteration-iterator': [ '1.1.0' ],
17 silly audit   'stream-buffers': [ '2.2.0' ],
17 silly audit   'strict-uri-encode': [ '2.0.0' ],
17 silly audit   string_decoder: [ '1.1.1' ],
17 silly audit   'string-width': [ '4.2.3' ],
17 silly audit   'string.prototype.matchall': [ '4.0.12' ],
17 silly audit   'string.prototype.repeat': [ '1.0.0' ],
17 silly audit   'string.prototype.trim': [ '1.2.10' ],
17 silly audit   'string.prototype.trimend': [ '1.0.9' ],
17 silly audit   'string.prototype.trimstart': [ '1.0.8' ],
17 silly audit   'strip-bom': [ '4.0.0', '3.0.0' ],
17 silly audit   'strip-eof': [ '1.0.0' ],
17 silly audit   'strip-final-newline': [ '2.0.0' ],
17 silly audit   'strip-indent': [ '3.0.0' ],
17 silly audit   strnum: [ '1.1.2' ],
17 silly audit   'structured-headers': [ '0.4.1' ],
17 silly audit   sucrase: [ '3.34.0' ],
17 silly audit   'sudo-prompt': [ '9.2.1' ],
17 silly audit   'supports-hyperlinks': [ '2.3.0' ],
17 silly audit   'supports-preserve-symlinks-flag': [ '1.0.0' ],
17 silly audit   'symbol-tree': [ '3.2.4' ],
17 silly audit   synckit: [ '0.11.12' ],
17 silly audit   tapable: [ '2.3.2' ],
17 silly audit   tar: [ '6.2.1' ],
17 silly audit   temp: [ '0.8.4' ],
17 silly audit   'terminal-link': [ '2.1.1' ],
17 silly audit   terser: [ '5.46.1' ],
17 silly audit   'test-exclude': [ '6.0.0' ],
17 silly audit   'text-table': [ '0.2.0' ],
17 silly audit   thenify: [ '3.3.1' ],
17 silly audit   'thenify-all': [ '1.6.0' ],
17 silly audit   throat: [ '5.0.0' ],
17 silly audit   through2: [ '2.0.5' ],
17 silly audit   tinyglobby: [ '0.2.16' ],
17 silly audit   tmpl: [ '1.0.5' ],
17 silly audit   'to-regex-range': [ '5.0.1' ],
17 silly audit   toidentifier: [ '1.0.1' ],
17 silly audit   'tough-cookie': [ '4.1.4' ],
17 silly audit   traverse: [ '0.6.11' ],
17 silly audit   'ts-api-utils': [ '2.5.0' ],
17 silly audit   'ts-declaration-location': [ '1.0.7' ],
17 silly audit   'ts-interface-checker': [ '0.1.13' ],
17 silly audit   'ts-jest': [ '29.0.5' ],
17 silly audit   'tsconfig-paths': [ '3.15.0' ],
17 silly audit   tslib: [ '2.8.1' ],
17 silly audit   'type-check': [ '0.4.0' ],
17 silly audit   'type-detect': [ '4.0.8' ],
17 silly audit   'typed-array-buffer': [ '1.0.3' ],
17 silly audit   'typed-array-byte-length': [ '1.0.3' ],
17 silly audit   'typed-array-byte-offset': [ '1.0.4' ],
17 silly audit   'typed-array-length': [ '1.0.7' ],
17 silly audit   'typedarray.prototype.slice': [ '1.0.5' ],
17 silly audit   typescript: [ '5.9.3' ],
17 silly audit   'ua-parser-js': [ '1.0.41' ],
17 silly audit   'unbox-primitive': [ '1.1.0' ],
17 silly audit   'undici-types': [ '7.18.2' ],
17 silly audit   'unicode-canonical-property-names-ecmascript': [ '2.0.1' ],
17 silly audit   'unicode-match-property-ecmascript': [ '2.0.0' ],
17 silly audit   'unicode-match-property-value-ecmascript': [ '2.2.1' ],
17 silly audit   'unicode-property-aliases-ecmascript': [ '2.2.0' ],
17 silly audit   'unique-filename': [ '1.1.1' ],
17 silly audit   'unique-slug': [ '2.0.2' ],
17 silly audit   unpipe: [ '1.0.0' ],
17 silly audit   'update-browserslist-db': [ '1.2.3' ],
17 silly audit   'uri-js': [ '4.4.1' ],
17 silly audit   'url-join': [ '4.0.0' ],
17 silly audit   'url-parse': [ '1.5.10' ],
17 silly audit   'use-latest-callback': [ '0.2.6' ],
17 silly audit   util: [ '0.12.5' ],
17 silly audit   'util-deprecate': [ '1.0.2' ],
17 silly audit   'utils-merge': [ '1.0.1' ],
17 silly audit   uuid: [ '8.3.2', '7.0.3' ],
17 silly audit   'v8-to-istanbul': [ '9.3.0' ],
17 silly audit   'valid-url': [ '1.0.9' ],
17 silly audit   vary: [ '1.1.2' ],
17 silly audit   vlq: [ '1.0.1' ],
17 silly audit   'void-elements': [ '3.1.0' ],
17 silly audit   'w3c-xmlserializer': [ '4.0.0' ],
17 silly audit   walker: [ '1.0.8' ],
17 silly audit   'warn-once': [ '0.1.1' ],
17 silly audit   wcwidth: [ '1.0.1' ],
17 silly audit   'whatwg-encoding': [ '2.0.0' ],
17 silly audit   'whatwg-fetch': [ '3.6.20' ],
17 silly audit   'whatwg-mimetype': [ '3.0.0' ],
17 silly audit   'whatwg-url-without-unicode': [ '8.0.0-3' ],
17 silly audit   'which-boxed-primitive': [ '1.1.1' ],
17 silly audit   'which-builtin-type': [ '1.2.1' ],
17 silly audit   'which-collection': [ '1.0.2' ],
17 silly audit   'which-module': [ '2.0.1' ],
17 silly audit   'which-typed-array': [ '1.1.20' ],
17 silly audit   wonka: [ '4.0.15' ],
17 silly audit   'word-wrap': [ '1.2.5' ],
17 silly audit   wrappy: [ '1.0.2' ],
17 silly audit   xcode: [ '3.0.1' ],
17 silly audit   'xml-name-validator': [ '4.0.0' ],
17 silly audit   xml2js: [ '0.6.0' ],
17 silly audit   xmlchars: [ '2.2.0' ],
17 silly audit   xtend: [ '4.0.2' ],
17 silly audit   yaml: [ '2.8.3' ],
17 silly audit   'yocto-queue': [ '0.1.0' ]
17 silly audit }
18 verbose reify failed optional dependency F:\Research\Research-ElderMeds\ElderMeds\frontend\node_modules\fsevents
19 silly reify mark deleted [
19 silly reify   'F:\\Research\\Research-ElderMeds\\ElderMeds\\frontend\\node_modules\\fsevents'
19 silly reify ]
20 silly audit bulk request failed undefined
21 silly packumentCache corgi:https://registry.npmjs.org/yocto-queue cache-miss
22 silly packumentCache corgi:https://registry.npmjs.org/yargs cache-miss
23 silly packumentCache corgi:https://registry.npmjs.org/yargs-parser cache-miss
24 silly packumentCache corgi:https://registry.npmjs.org/yallist cache-miss
25 silly packumentCache corgi:https://registry.npmjs.org/xmlbuilder cache-miss
26 silly packumentCache corgi:https://registry.npmjs.org/y18n cache-miss
27 silly packumentCache corgi:https://registry.npmjs.org/xml2js cache-miss
28 silly packumentCache corgi:https://registry.npmjs.org/xcode cache-miss
29 silly packumentCache corgi:https://registry.npmjs.org/ws cache-miss
30 silly packumentCache corgi:https://registry.npmjs.org/write-file-atomic cache-miss
31 silly packumentCache corgi:https://registry.npmjs.org/wrappy cache-miss
32 silly packumentCache corgi:https://registry.npmjs.org/wrap-ansi cache-miss
33 silly packumentCache corgi:https://registry.npmjs.org/wonka cache-miss
34 silly packumentCache corgi:https://registry.npmjs.org/which-typed-array cache-miss
35 silly packumentCache corgi:https://registry.npmjs.org/which-collection cache-miss
36 silly packumentCache corgi:https://registry.npmjs.org/which-boxed-primitive cache-miss
37 silly packumentCache corgi:https://registry.npmjs.org/which-builtin-type cache-miss
38 silly packumentCache corgi:https://registry.npmjs.org/whatwg-url cache-miss
39 silly packumentCache corgi:https://registry.npmjs.org/which cache-miss
40 silly packumentCache corgi:https://registry.npmjs.org/whatwg-url-without-unicode cache-miss
41 silly packumentCache corgi:https://registry.npmjs.org/whatwg-fetch cache-miss
42 silly packumentCache corgi:https://registry.npmjs.org/wcwidth cache-miss
43 silly packumentCache corgi:https://registry.npmjs.org/webidl-conversions cache-miss
44 silly packumentCache corgi:https://registry.npmjs.org/walker cache-miss
45 silly packumentCache corgi:https://registry.npmjs.org/warn-once cache-miss
46 silly packumentCache corgi:https://registry.npmjs.org/validate-npm-package-name cache-miss
47 silly packumentCache corgi:https://registry.npmjs.org/valid-url cache-miss
48 silly packumentCache corgi:https://registry.npmjs.org/uuid cache-miss
49 silly packumentCache corgi:https://registry.npmjs.org/v8-to-istanbul cache-miss
50 silly packumentCache corgi:https://registry.npmjs.org/utils-merge cache-miss
51 silly packumentCache corgi:https://registry.npmjs.org/use-latest-callback cache-miss
52 silly packumentCache corgi:https://registry.npmjs.org/url-join cache-miss
53 silly packumentCache corgi:https://registry.npmjs.org/update-browserslist-db cache-miss
54 silly packumentCache corgi:https://registry.npmjs.org/unpipe cache-miss
55 silly packumentCache corgi:https://registry.npmjs.org/universalify cache-miss
56 silly packumentCache corgi:https://registry.npmjs.org/unique-slug cache-miss
57 silly packumentCache corgi:https://registry.npmjs.org/unique-filename cache-miss
58 silly packumentCache corgi:https://registry.npmjs.org/unique-string cache-miss
59 silly packumentCache corgi:https://registry.npmjs.org/unicode-property-aliases-ecmascript cache-miss
60 silly packumentCache corgi:https://registry.npmjs.org/unicode-match-property-value-ecmascript cache-miss
61 silly packumentCache corgi:https://registry.npmjs.org/undici-types cache-miss
62 silly packumentCache corgi:https://registry.npmjs.org/unicode-canonical-property-names-ecmascript cache-miss
63 silly packumentCache corgi:https://registry.npmjs.org/unicode-match-property-ecmascript cache-miss
64 silly packumentCache corgi:https://registry.npmjs.org/typedarray.prototype.slice cache-miss
65 silly packumentCache corgi:https://registry.npmjs.org/typed-array-byte-offset cache-miss
66 silly packumentCache corgi:https://registry.npmjs.org/typed-array-buffer cache-miss
67 silly packumentCache corgi:https://registry.npmjs.org/tslib cache-miss
68 silly packumentCache corgi:https://registry.npmjs.org/type-detect cache-miss
69 silly packumentCache corgi:https://registry.npmjs.org/ts-interface-checker cache-miss
70 silly packumentCache corgi:https://registry.npmjs.org/ua-parser-js cache-miss
71 silly packumentCache corgi:https://registry.npmjs.org/traverse cache-miss
72 silly packumentCache corgi:https://registry.npmjs.org/tr46 cache-miss
73 silly packumentCache corgi:https://registry.npmjs.org/toidentifier cache-miss
74 silly packumentCache corgi:https://registry.npmjs.org/to-regex-range cache-miss
75 silly packumentCache corgi:https://registry.npmjs.org/tinyglobby cache-miss
76 silly packumentCache corgi:https://registry.npmjs.org/text-table cache-miss
77 silly packumentCache corgi:https://registry.npmjs.org/test-exclude cache-miss
78 silly packumentCache corgi:https://registry.npmjs.org/terminal-link cache-miss
79 silly packumentCache corgi:https://registry.npmjs.org/tempy cache-miss
80 silly packumentCache corgi:https://registry.npmjs.org/temp-dir cache-miss
81 silly packumentCache corgi:https://registry.npmjs.org/temp cache-miss
82 silly packumentCache corgi:https://registry.npmjs.org/tar cache-miss
83 silly packumentCache corgi:https://registry.npmjs.org/supports-preserve-symlinks-flag cache-miss
84 silly packumentCache corgi:https://registry.npmjs.org/supports-color cache-miss
85 silly packumentCache corgi:https://registry.npmjs.org/supports-hyperlinks cache-miss
86 silly packumentCache corgi:https://registry.npmjs.org/sucrase cache-miss
87 silly packumentCache corgi:https://registry.npmjs.org/structured-headers cache-miss
88 silly packumentCache corgi:https://registry.npmjs.org/strip-json-comments cache-miss
89 silly packumentCache corgi:https://registry.npmjs.org/strip-final-newline cache-miss
90 silly packumentCache corgi:https://registry.npmjs.org/strip-eof cache-miss
91 silly packumentCache corgi:https://registry.npmjs.org/strip-bom cache-miss
92 silly packumentCache corgi:https://registry.npmjs.org/strip-ansi cache-miss
93 silly packumentCache corgi:https://registry.npmjs.org/string-width cache-miss
94 silly packumentCache corgi:https://registry.npmjs.org/string-length cache-miss
95 silly packumentCache corgi:https://registry.npmjs.org/statuses cache-miss
96 silly packumentCache corgi:https://registry.npmjs.org/stacktrace-parser cache-miss
97 silly packumentCache corgi:https://registry.npmjs.org/stack-utils cache-miss
98 silly packumentCache corgi:https://registry.npmjs.org/sprintf-js cache-miss
99 silly packumentCache corgi:https://registry.npmjs.org/split-on-first cache-miss
100 silly packumentCache corgi:https://registry.npmjs.org/ssri cache-miss
101 silly packumentCache corgi:https://registry.npmjs.org/source-map-support cache-miss
102 silly packumentCache corgi:https://registry.npmjs.org/source-map cache-miss
103 silly packumentCache corgi:https://registry.npmjs.org/source-map-js cache-miss
104 silly packumentCache corgi:https://registry.npmjs.org/slugify cache-miss
105 silly packumentCache corgi:https://registry.npmjs.org/slash cache-miss
106 silly packumentCache corgi:https://registry.npmjs.org/sisteransi cache-miss
107 silly packumentCache corgi:https://registry.npmjs.org/simple-swizzle cache-miss
108 silly packumentCache corgi:https://registry.npmjs.org/simple-plist cache-miss
109 silly packumentCache corgi:https://registry.npmjs.org/signal-exit cache-miss
110 silly packumentCache corgi:https://registry.npmjs.org/shell-quote cache-miss
111 silly packumentCache corgi:https://registry.npmjs.org/shebang-regex cache-miss
112 silly packumentCache corgi:https://registry.npmjs.org/shebang-command cache-miss
113 silly packumentCache corgi:https://registry.npmjs.org/shallow-clone cache-miss
114 silly packumentCache corgi:https://registry.npmjs.org/setimmediate cache-miss
115 silly packumentCache corgi:https://registry.npmjs.org/setprototypeof cache-miss
116 silly packumentCache corgi:https://registry.npmjs.org/serve-static cache-miss
117 silly packumentCache corgi:https://registry.npmjs.org/send cache-miss
118 silly packumentCache corgi:https://registry.npmjs.org/semver cache-miss
119 silly packumentCache corgi:https://registry.npmjs.org/scheduler cache-miss
120 silly packumentCache corgi:https://registry.npmjs.org/type-fest cache-miss
121 silly packumentCache corgi:https://registry.npmjs.org/sax cache-miss
122 silly packumentCache corgi:https://registry.npmjs.org/run-parallel cache-miss
123 silly packumentCache corgi:https://registry.npmjs.org/rimraf cache-miss
124 silly packumentCache corgi:https://registry.npmjs.org/reusify cache-miss
125 silly packumentCache corgi:https://registry.npmjs.org/restore-cursor cache-miss
126 silly packumentCache corgi:https://registry.npmjs.org/resolve-workspace-root cache-miss
127 silly packumentCache corgi:https://registry.npmjs.org/resolve.exports cache-miss
128 silly packumentCache corgi:https://registry.npmjs.org/resolve-from cache-miss
129 silly packumentCache corgi:https://registry.npmjs.org/resolve cache-miss
130 silly packumentCache corgi:https://registry.npmjs.org/resolve-cwd cache-miss
131 silly packumentCache corgi:https://registry.npmjs.org/requireg cache-miss
132 silly packumentCache corgi:https://registry.npmjs.org/require-from-string cache-miss
133 silly packumentCache corgi:https://registry.npmjs.org/require-directory cache-miss
134 silly packumentCache corgi:https://registry.npmjs.org/regjsparser cache-miss
135 silly packumentCache corgi:https://registry.npmjs.org/regjsgen cache-miss
136 silly packumentCache corgi:https://registry.npmjs.org/remove-trailing-slash cache-miss
137 silly packumentCache corgi:https://registry.npmjs.org/regexpu-core cache-miss
138 silly packumentCache corgi:https://registry.npmjs.org/regenerator-runtime cache-miss
139 silly packumentCache corgi:https://registry.npmjs.org/regenerate-unicode-properties cache-miss
140 silly packumentCache corgi:https://registry.npmjs.org/regenerate cache-miss
141 silly packumentCache corgi:https://registry.npmjs.org/recast cache-miss
142 silly packumentCache corgi:https://registry.npmjs.org/reflect.getprototypeof cache-miss
143 silly packumentCache corgi:https://registry.npmjs.org/react-shallow-renderer cache-miss
144 silly packumentCache corgi:https://registry.npmjs.org/react-refresh cache-miss
145 silly packumentCache corgi:https://registry.npmjs.org/strict-uri-encode cache-miss
146 silly packumentCache corgi:https://registry.npmjs.org/react-native-gesture-handler cache-miss
147 silly packumentCache corgi:https://registry.npmjs.org/xmlbuilder cache-miss
148 silly packumentCache corgi:https://registry.npmjs.org/uuid cache-miss
149 silly packumentCache corgi:https://registry.npmjs.org/webidl-conversions cache-miss
150 silly packumentCache corgi:https://registry.npmjs.org/picomatch cache-miss
151 silly packumentCache corgi:https://registry.npmjs.org/rimraf cache-miss
152 silly packumentCache corgi:https://registry.npmjs.org/minipass cache-miss
153 silly packumentCache corgi:https://registry.npmjs.org/yallist cache-miss
154 silly packumentCache corgi:https://registry.npmjs.org/type-fest cache-miss
155 silly packumentCache corgi:https://registry.npmjs.org/is-stream cache-miss
156 silly packumentCache corgi:https://registry.npmjs.org/is-fullwidth-code-point cache-miss
157 silly packumentCache corgi:https://registry.npmjs.org/type-fest cache-miss
158 silly packumentCache corgi:https://registry.npmjs.org/escape-string-regexp cache-miss
159 silly packumentCache corgi:https://registry.npmjs.org/glob cache-miss
160 silly packumentCache corgi:https://registry.npmjs.org/commander cache-miss
161 silly packumentCache corgi:https://registry.npmjs.org/is-arrayish cache-miss
162 silly packumentCache corgi:https://registry.npmjs.org/bplist-parser cache-miss
163 silly packumentCache corgi:https://registry.npmjs.org/statuses cache-miss
164 silly packumentCache corgi:https://registry.npmjs.org/on-finished cache-miss
165 silly packumentCache corgi:https://registry.npmjs.org/send cache-miss
166 silly packumentCache corgi:https://registry.npmjs.org/mime cache-miss
167 silly packumentCache corgi:https://registry.npmjs.org/http-errors cache-miss
168 silly packumentCache corgi:https://registry.npmjs.org/encodeurl cache-miss
169 silly packumentCache corgi:https://registry.npmjs.org/ms cache-miss
170 silly packumentCache corgi:https://registry.npmjs.org/debug cache-miss
171 silly packumentCache corgi:https://registry.npmjs.org/ms cache-miss
172 silly packumentCache corgi:https://registry.npmjs.org/mime cache-miss
173 silly packumentCache corgi:https://registry.npmjs.org/statuses cache-miss
174 silly packumentCache corgi:https://registry.npmjs.org/resolve cache-miss
175 silly packumentCache corgi:https://registry.npmjs.org/on-finished cache-miss
176 silly packumentCache corgi:https://registry.npmjs.org/debug cache-miss
177 silly packumentCache corgi:https://registry.npmjs.org/ws cache-miss
178 silly packumentCache corgi:https://registry.npmjs.org/react-is cache-miss
179 silly packumentCache corgi:https://registry.npmjs.org/promise cache-miss
180 silly packumentCache corgi:https://registry.npmjs.org/@react-native%2fcodegen cache-miss
181 silly packumentCache corgi:https://registry.npmjs.org/pretty-format cache-miss
182 silly packumentCache corgi:https://registry.npmjs.org/mkdirp cache-miss
183 silly packumentCache corgi:https://registry.npmjs.org/@types%2fyargs cache-miss
184 silly packumentCache corgi:https://registry.npmjs.org/@jest%2ftypes cache-miss
185 silly tarball no local data for yaml@https://registry.npmjs.org/yaml/-/yaml-2.8.3.tgz. Extracting by manifest.
186 silly tarball no local data for xmlchars@https://registry.npmjs.org/xmlchars/-/xmlchars-2.2.0.tgz. Extracting by manifest.
187 silly tarball no local data for xtend@https://registry.npmjs.org/xtend/-/xtend-4.0.2.tgz. Extracting by manifest.
188 silly tarball no local data for xml-name-validator@https://registry.npmjs.org/xml-name-validator/-/xml-name-validator-4.0.0.tgz. Extracting by manifest.
189 silly tarball no local data for word-wrap@https://registry.npmjs.org/word-wrap/-/word-wrap-1.2.5.tgz. Extracting by manifest.
190 silly tarball no local data for which-module@https://registry.npmjs.org/which-module/-/which-module-2.0.1.tgz. Extracting by manifest.
191 silly tarball no local data for whatwg-mimetype@https://registry.npmjs.org/whatwg-mimetype/-/whatwg-mimetype-3.0.0.tgz. Extracting by manifest.
192 silly tarball no local data for whatwg-encoding@https://registry.npmjs.org/whatwg-encoding/-/whatwg-encoding-2.0.0.tgz. Extracting by manifest.
193 silly tarball no local data for vlq@https://registry.npmjs.org/vlq/-/vlq-1.0.1.tgz. Extracting by manifest.
194 silly tarball no local data for w3c-xmlserializer@https://registry.npmjs.org/w3c-xmlserializer/-/w3c-xmlserializer-4.0.0.tgz. Extracting by manifest.
195 silly tarball no local data for void-elements@https://registry.npmjs.org/void-elements/-/void-elements-3.1.0.tgz. Extracting by manifest.
196 silly tarball no local data for vary@https://registry.npmjs.org/vary/-/vary-1.1.2.tgz. Extracting by manifest.
197 silly tarball no local data for util-deprecate@https://registry.npmjs.org/util-deprecate/-/util-deprecate-1.0.2.tgz. Extracting by manifest.
198 silly tarball no local data for util@https://registry.npmjs.org/util/-/util-0.12.5.tgz. Extracting by manifest.
199 silly tarball no local data for url-parse@https://registry.npmjs.org/url-parse/-/url-parse-1.5.10.tgz. Extracting by manifest.
200 silly tarball no local data for uri-js@https://registry.npmjs.org/uri-js/-/uri-js-4.4.1.tgz. Extracting by manifest.
201 silly tarball no local data for unbox-primitive@https://registry.npmjs.org/unbox-primitive/-/unbox-primitive-1.1.0.tgz. Extracting by manifest.
202 silly tarball no local data for typescript@https://registry.npmjs.org/typescript/-/typescript-5.9.3.tgz. Extracting by manifest.
203 silly tarball no local data for typed-array-length@https://registry.npmjs.org/typed-array-length/-/typed-array-length-1.0.7.tgz. Extracting by manifest.
204 silly tarball no local data for typed-array-byte-length@https://registry.npmjs.org/typed-array-byte-length/-/typed-array-byte-length-1.0.3.tgz. Extracting by manifest.
205 silly tarball no local data for tsconfig-paths@https://registry.npmjs.org/tsconfig-paths/-/tsconfig-paths-3.15.0.tgz. Extracting by manifest.
206 silly tarball no local data for ts-jest@https://registry.npmjs.org/ts-jest/-/ts-jest-29.0.5.tgz. Extracting by manifest.
207 silly tarball no local data for ts-declaration-location@https://registry.npmjs.org/ts-declaration-location/-/ts-declaration-location-1.0.7.tgz. Extracting by manifest.
208 silly tarball no local data for ts-api-utils@https://registry.npmjs.org/ts-api-utils/-/ts-api-utils-2.5.0.tgz. Extracting by manifest.
209 silly tarball no local data for tough-cookie@https://registry.npmjs.org/tough-cookie/-/tough-cookie-4.1.4.tgz. Extracting by manifest.
210 silly tarball no local data for tmpl@https://registry.npmjs.org/tmpl/-/tmpl-1.0.5.tgz. Extracting by manifest.
211 silly tarball no local data for through2@https://registry.npmjs.org/through2/-/through2-2.0.5.tgz. Extracting by manifest.
212 silly tarball no local data for thenify-all@https://registry.npmjs.org/thenify-all/-/thenify-all-1.6.0.tgz. Extracting by manifest.
213 silly tarball no local data for throat@https://registry.npmjs.org/throat/-/throat-5.0.0.tgz. Extracting by manifest.
214 silly tarball no local data for thenify@https://registry.npmjs.org/thenify/-/thenify-3.3.1.tgz. Extracting by manifest.
215 silly tarball no local data for terser@https://registry.npmjs.org/terser/-/terser-5.46.1.tgz. Extracting by manifest.
216 silly tarball no local data for tapable@https://registry.npmjs.org/tapable/-/tapable-2.3.2.tgz. Extracting by manifest.
217 silly tarball no local data for type-check@https://registry.npmjs.org/type-check/-/type-check-0.4.0.tgz. Extracting by manifest.
218 silly tarball no local data for synckit@https://registry.npmjs.org/synckit/-/synckit-0.11.12.tgz. Extracting by manifest.
219 silly tarball no local data for symbol-tree@https://registry.npmjs.org/symbol-tree/-/symbol-tree-3.2.4.tgz. Extracting by manifest.
220 silly tarball no local data for sudo-prompt@https://registry.npmjs.org/sudo-prompt/-/sudo-prompt-9.2.1.tgz. Extracting by manifest.
221 silly tarball no local data for strnum@https://registry.npmjs.org/strnum/-/strnum-1.1.2.tgz. Extracting by manifest.
222 silly tarball no local data for strip-indent@https://registry.npmjs.org/strip-indent/-/strip-indent-3.0.0.tgz. Extracting by manifest.
223 silly tarball no local data for string.prototype.trimstart@https://registry.npmjs.org/string.prototype.trimstart/-/string.prototype.trimstart-1.0.8.tgz. Extracting by manifest.
224 silly tarball no local data for string.prototype.trimend@https://registry.npmjs.org/string.prototype.trimend/-/string.prototype.trimend-1.0.9.tgz. Extracting by manifest.
225 silly tarball no local data for string.prototype.trim@https://registry.npmjs.org/string.prototype.trim/-/string.prototype.trim-1.2.10.tgz. Extracting by manifest.
226 silly tarball no local data for string.prototype.repeat@https://registry.npmjs.org/string.prototype.repeat/-/string.prototype.repeat-1.0.0.tgz. Extracting by manifest.
227 silly tarball no local data for string.prototype.matchall@https://registry.npmjs.org/string.prototype.matchall/-/string.prototype.matchall-4.0.12.tgz. Extracting by manifest.
228 silly tarball no local data for string_decoder@https://registry.npmjs.org/string_decoder/-/string_decoder-1.1.1.tgz. Extracting by manifest.
229 silly tarball no local data for stream-buffers@https://registry.npmjs.org/stream-buffers/-/stream-buffers-2.2.0.tgz. Extracting by manifest.
230 silly tarball no local data for stop-iteration-iterator@https://registry.npmjs.org/stop-iteration-iterator/-/stop-iteration-iterator-1.1.0.tgz. Extracting by manifest.
231 silly tarball no local data for stacktrace-js@https://registry.npmjs.org/stacktrace-js/-/stacktrace-js-2.0.2.tgz. Extracting by manifest.
232 silly tarball no local data for stacktrace-gps@https://registry.npmjs.org/stacktrace-gps/-/stacktrace-gps-3.1.2.tgz. Extracting by manifest.
233 silly tarball no local data for stackframe@https://registry.npmjs.org/stackframe/-/stackframe-1.3.4.tgz. Extracting by manifest.
234 silly tarball no local data for stack-generator@https://registry.npmjs.org/stack-generator/-/stack-generator-2.0.10.tgz. Extracting by manifest.
235 silly tarball no local data for slice-ansi@https://registry.npmjs.org/slice-ansi/-/slice-ansi-2.1.0.tgz. Extracting by manifest.
236 silly tarball no local data for side-channel-weakmap@https://registry.npmjs.org/side-channel-weakmap/-/side-channel-weakmap-1.0.2.tgz. Extracting by manifest.
237 silly tarball no local data for side-channel-list@https://registry.npmjs.org/side-channel-list/-/side-channel-list-1.0.0.tgz. Extracting by manifest.
238 silly tarball no local data for side-channel-map@https://registry.npmjs.org/side-channel-map/-/side-channel-map-1.0.1.tgz. Extracting by manifest.
239 silly tarball no local data for side-channel@https://registry.npmjs.org/side-channel/-/side-channel-1.1.0.tgz. Extracting by manifest.
240 silly tarball no local data for set-proto@https://registry.npmjs.org/set-proto/-/set-proto-1.0.0.tgz. Extracting by manifest.
241 silly tarball no local data for set-function-name@https://registry.npmjs.org/set-function-name/-/set-function-name-2.0.2.tgz. Extracting by manifest.
242 silly tarball no local data for set-function-length@https://registry.npmjs.org/set-function-length/-/set-function-length-1.2.2.tgz. Extracting by manifest.
243 silly tarball no local data for set-blocking@https://registry.npmjs.org/set-blocking/-/set-blocking-2.0.0.tgz. Extracting by manifest.
244 silly tarball no local data for server-only@https://registry.npmjs.org/server-only/-/server-only-0.0.1.tgz. Extracting by manifest.
245 silly tarball no local data for serialize-error@https://registry.npmjs.org/serialize-error/-/serialize-error-2.1.0.tgz. Extracting by manifest.
246 silly tarball no local data for safer-buffer@https://registry.npmjs.org/safer-buffer/-/safer-buffer-2.1.2.tgz. Extracting by manifest.
247 silly tarball no local data for saxes@https://registry.npmjs.org/saxes/-/saxes-6.0.0.tgz. Extracting by manifest.
248 silly tarball no local data for safe-regex-test@https://registry.npmjs.org/safe-regex-test/-/safe-regex-test-1.1.0.tgz. Extracting by manifest.
249 silly tarball no local data for safe-buffer@https://registry.npmjs.org/safe-buffer/-/safe-buffer-5.2.1.tgz. Extracting by manifest.
250 silly tarball no local data for safe-push-apply@https://registry.npmjs.org/safe-push-apply/-/safe-push-apply-1.0.0.tgz. Extracting by manifest.
251 silly tarball no local data for safe-array-concat@https://registry.npmjs.org/safe-array-concat/-/safe-array-concat-1.1.3.tgz. Extracting by manifest.
252 silly tarball no local data for rtl-detect@https://registry.npmjs.org/rtl-detect/-/rtl-detect-1.1.2.tgz. Extracting by manifest.
253 silly tarball no local data for resolve-pkg-maps@https://registry.npmjs.org/resolve-pkg-maps/-/resolve-pkg-maps-1.0.0.tgz. Extracting by manifest.
254 silly tarball no local data for requires-port@https://registry.npmjs.org/requires-port/-/requires-port-1.0.0.tgz. Extracting by manifest.
255 silly tarball no local data for require-main-filename@https://registry.npmjs.org/require-main-filename/-/require-main-filename-2.0.0.tgz. Extracting by manifest.
256 silly tarball no local data for regexp.prototype.flags@https://registry.npmjs.org/regexp.prototype.flags/-/regexp.prototype.flags-1.5.4.tgz. Extracting by manifest.
257 silly tarball no local data for redent@https://registry.npmjs.org/redent/-/redent-3.0.0.tgz. Extracting by manifest.
258 silly tarball no local data for readable-stream@https://registry.npmjs.org/readable-stream/-/readable-stream-2.3.8.tgz. Extracting by manifest.
259 silly tarball no local data for readline@https://registry.npmjs.org/readline/-/readline-1.3.0.tgz. Extracting by manifest.
260 silly tarball no local data for readdirp@https://registry.npmjs.org/readdirp/-/readdirp-3.6.0.tgz. Extracting by manifest.
261 silly tarball no local data for react-native-screens@https://registry.npmjs.org/react-native-screens/-/react-native-screens-3.29.0.tgz. Extracting by manifest.
262 silly tarball no local data for react-native-safe-area-context@https://registry.npmjs.org/react-native-safe-area-context/-/react-native-safe-area-context-4.8.2.tgz. Extracting by manifest.
263 silly tarball no local data for react-native@https://registry.npmjs.org/react-native/-/react-native-0.73.6.tgz. Extracting by manifest.
264 silly tarball no local data for react-i18next@https://registry.npmjs.org/react-i18next/-/react-i18next-13.5.0.tgz. Extracting by manifest.
265 silly tarball no local data for react-freeze@https://registry.npmjs.org/react-freeze/-/react-freeze-1.0.4.tgz. Extracting by manifest.
266 silly tarball no local data for react@https://registry.npmjs.org/react/-/react-18.2.0.tgz. Extracting by manifest.
267 silly tarball no local data for react-devtools-core@https://registry.npmjs.org/react-devtools-core/-/react-devtools-core-4.28.5.tgz. Extracting by manifest.
268 silly tarball no local data for range-parser@https://registry.npmjs.org/range-parser/-/range-parser-1.2.1.tgz. Extracting by manifest.
269 silly tarball no local data for rc@https://registry.npmjs.org/rc/-/rc-1.2.8.tgz. Extracting by manifest.
270 silly tarball no local data for queue-microtask@https://registry.npmjs.org/queue-microtask/-/queue-microtask-1.2.3.tgz. Extracting by manifest.
271 silly tarball no local data for queue@https://registry.npmjs.org/queue/-/queue-6.0.2.tgz. Extracting by manifest.
272 silly tarball no local data for querystringify@https://registry.npmjs.org/querystringify/-/querystringify-2.2.0.tgz. Extracting by manifest.
273 silly tarball no local data for query-string@https://registry.npmjs.org/query-string/-/query-string-7.1.3.tgz. Extracting by manifest.
274 silly tarball no local data for qrcode-terminal@https://registry.npmjs.org/qrcode-terminal/-/qrcode-terminal-0.11.0.tgz. Extracting by manifest.
275 silly tarball no local data for react-is@https://registry.npmjs.org/react-is/-/react-is-16.13.1.tgz. Extracting by manifest.
276 silly tarball no local data for pure-rand@https://registry.npmjs.org/pure-rand/-/pure-rand-6.1.0.tgz. Extracting by manifest.
277 silly tarball no local data for punycode@https://registry.npmjs.org/punycode/-/punycode-2.3.1.tgz. Extracting by manifest.
278 silly tarball no local data for psl@https://registry.npmjs.org/psl/-/psl-1.15.0.tgz. Extracting by manifest.
279 silly tarball no local data for proxy-from-env@https://registry.npmjs.org/proxy-from-env/-/proxy-from-env-2.1.0.tgz. Extracting by manifest.
280 silly tarball no local data for prop-types@https://registry.npmjs.org/prop-types/-/prop-types-15.8.1.tgz. Extracting by manifest.
281 silly tarball no local data for prompts@https://registry.npmjs.org/prompts/-/prompts-2.4.2.tgz. Extracting by manifest.
282 silly tarball no local data for promise-inflight@https://registry.npmjs.org/promise-inflight/-/promise-inflight-1.0.1.tgz. Extracting by manifest.
283 silly tarball no local data for progress@https://registry.npmjs.org/progress/-/progress-2.0.3.tgz. Extracting by manifest.
284 silly tarball no local data for promise@https://registry.npmjs.org/promise/-/promise-7.3.1.tgz. Extracting by manifest.
285 silly tarball no local data for process-nextick-args@https://registry.npmjs.org/process-nextick-args/-/process-nextick-args-2.0.1.tgz. Extracting by manifest.
286 silly tarball no local data for proc-log@https://registry.npmjs.org/proc-log/-/proc-log-4.2.0.tgz. Extracting by manifest.
287 silly tarball no local data for pretty-format@https://registry.npmjs.org/pretty-format/-/pretty-format-29.7.0.tgz. Extracting by manifest.
288 silly tarball no local data for pump@https://registry.npmjs.org/pump/-/pump-3.0.4.tgz. Extracting by manifest.
289 silly tarball no local data for pretty-bytes@https://registry.npmjs.org/pretty-bytes/-/pretty-bytes-5.6.0.tgz. Extracting by manifest.
290 silly tarball no local data for prettier-linter-helpers@https://registry.npmjs.org/prettier-linter-helpers/-/prettier-linter-helpers-1.0.1.tgz. Extracting by manifest.
291 silly tarball no local data for postcss@https://registry.npmjs.org/postcss/-/postcss-8.4.49.tgz. Extracting by manifest.
292 silly tarball no local data for prelude-ls@https://registry.npmjs.org/prelude-ls/-/prelude-ls-1.2.1.tgz. Extracting by manifest.
293 silly tarball no local data for possible-typed-array-names@https://registry.npmjs.org/possible-typed-array-names/-/possible-typed-array-names-1.1.0.tgz. Extracting by manifest.
294 silly tarball no local data for pngjs@https://registry.npmjs.org/pngjs/-/pngjs-3.4.0.tgz. Extracting by manifest.
295 silly tarball no local data for plist@https://registry.npmjs.org/plist/-/plist-3.1.0.tgz. Extracting by manifest.
296 silly tarball no local data for pkg-dir@https://registry.npmjs.org/pkg-dir/-/pkg-dir-4.2.0.tgz. Extracting by manifest.
297 silly tarball no local data for pirates@https://registry.npmjs.org/pirates/-/pirates-4.0.7.tgz. Extracting by manifest.
298 silly tarball no local data for pify@https://registry.npmjs.org/pify/-/pify-4.0.1.tgz. Extracting by manifest.
299 silly tarball no local data for picomatch@https://registry.npmjs.org/picomatch/-/picomatch-3.0.2.tgz. Extracting by manifest.
300 silly tarball no local data for prettier@https://registry.npmjs.org/prettier/-/prettier-3.8.1.tgz. Extracting by manifest.
301 silly tarball no local data for path-type@https://registry.npmjs.org/path-type/-/path-type-4.0.0.tgz. Extracting by manifest.
302 silly tarball no local data for picocolors@https://registry.npmjs.org/picocolors/-/picocolors-1.1.1.tgz. Extracting by manifest.
303 silly tarball no local data for path-parse@https://registry.npmjs.org/path-parse/-/path-parse-1.0.7.tgz. Extracting by manifest.
304 silly tarball no local data for path-key@https://registry.npmjs.org/path-key/-/path-key-2.0.1.tgz. Extracting by manifest.
305 silly tarball no local data for path-is-absolute@https://registry.npmjs.org/path-is-absolute/-/path-is-absolute-1.0.1.tgz. Extracting by manifest.
306 silly tarball no local data for path-exists@https://registry.npmjs.org/path-exists/-/path-exists-4.0.0.tgz. Extracting by manifest.
307 silly tarball no local data for path-scurry@https://registry.npmjs.org/path-scurry/-/path-scurry-2.0.2.tgz. Extracting by manifest.
308 silly tarball no local data for parseurl@https://registry.npmjs.org/parseurl/-/parseurl-1.3.3.tgz. Extracting by manifest.
309 silly tarball no local data for parse5@https://registry.npmjs.org/parse5/-/parse5-7.3.0.tgz. Extracting by manifest.
310 silly tarball no local data for parse-json@https://registry.npmjs.org/parse-json/-/parse-json-5.2.0.tgz. Extracting by manifest.
311 silly tarball no local data for parent-module@https://registry.npmjs.org/parent-module/-/parent-module-1.0.1.tgz. Extracting by manifest.
312 silly tarball no local data for p-try@https://registry.npmjs.org/p-try/-/p-try-2.2.0.tgz. Extracting by manifest.
313 silly tarball no local data for p-map@https://registry.npmjs.org/p-map/-/p-map-4.0.0.tgz. Extracting by manifest.
314 silly tarball no local data for parse-png@https://registry.npmjs.org/parse-png/-/parse-png-2.1.0.tgz. Extracting by manifest.
315 silly tarball no local data for p-locate@https://registry.npmjs.org/p-locate/-/p-locate-5.0.0.tgz. Extracting by manifest.
316 silly tarball no local data for p-limit@https://registry.npmjs.org/p-limit/-/p-limit-3.1.0.tgz. Extracting by manifest.
317 silly tarball no local data for p-finally@https://registry.npmjs.org/p-finally/-/p-finally-1.0.0.tgz. Extracting by manifest.
318 silly tarball no local data for osenv@https://registry.npmjs.org/osenv/-/osenv-0.1.5.tgz. Extracting by manifest.
319 silly tarball no local data for own-keys@https://registry.npmjs.org/own-keys/-/own-keys-1.0.1.tgz. Extracting by manifest.
320 silly tarball no local data for os-tmpdir@https://registry.npmjs.org/os-tmpdir/-/os-tmpdir-1.0.2.tgz. Extracting by manifest.
321 silly tarball no local data for os-homedir@https://registry.npmjs.org/os-homedir/-/os-homedir-1.0.2.tgz. Extracting by manifest.
322 silly tarball no local data for ora@https://registry.npmjs.org/ora/-/ora-3.4.0.tgz. Extracting by manifest.
323 silly tarball no local data for open@https://registry.npmjs.org/open/-/open-8.4.2.tgz. Extracting by manifest.
324 silly tarball no local data for onetime@https://registry.npmjs.org/onetime/-/onetime-5.1.2.tgz. Extracting by manifest.
325 silly tarball no local data for once@https://registry.npmjs.org/once/-/once-1.4.0.tgz. Extracting by manifest.
326 silly tarball no local data for optionator@https://registry.npmjs.org/optionator/-/optionator-0.9.4.tgz. Extracting by manifest.
327 silly tarball no local data for on-finished@https://registry.npmjs.org/on-finished/-/on-finished-2.3.0.tgz. Extracting by manifest.
328 silly tarball no local data for on-headers@https://registry.npmjs.org/on-headers/-/on-headers-1.1.0.tgz. Extracting by manifest.
329 silly tarball no local data for object.groupby@https://registry.npmjs.org/object.groupby/-/object.groupby-1.0.3.tgz. Extracting by manifest.
330 silly tarball no local data for object.fromentries@https://registry.npmjs.org/object.fromentries/-/object.fromentries-2.0.8.tgz. Extracting by manifest.
331 silly tarball no local data for object.entries@https://registry.npmjs.org/object.entries/-/object.entries-1.1.9.tgz. Extracting by manifest.
332 silly tarball no local data for object.assign@https://registry.npmjs.org/object.assign/-/object.assign-4.1.7.tgz. Extracting by manifest.
333 silly tarball no local data for object-keys@https://registry.npmjs.org/object-keys/-/object-keys-1.1.1.tgz. Extracting by manifest.
334 silly tarball no local data for object-is@https://registry.npmjs.org/object-is/-/object-is-1.1.6.tgz. Extracting by manifest.
335 silly tarball no local data for object-inspect@https://registry.npmjs.org/object-inspect/-/object-inspect-1.13.4.tgz. Extracting by manifest.
336 silly tarball no local data for object.values@https://registry.npmjs.org/object.values/-/object.values-1.2.1.tgz. Extracting by manifest.
337 silly tarball no local data for object-assign@https://registry.npmjs.org/object-assign/-/object-assign-4.1.1.tgz. Extracting by manifest.
338 silly tarball no local data for ob1@https://registry.npmjs.org/ob1/-/ob1-0.80.12.tgz. Extracting by manifest.
339 silly tarball no local data for nullthrows@https://registry.npmjs.org/nullthrows/-/nullthrows-1.1.1.tgz. Extracting by manifest.
340 silly tarball no local data for npm-package-arg@https://registry.npmjs.org/npm-package-arg/-/npm-package-arg-7.0.0.tgz. Extracting by manifest.
341 silly tarball no local data for nwsapi@https://registry.npmjs.org/nwsapi/-/nwsapi-2.2.23.tgz. Extracting by manifest.
342 silly tarball no local data for npm-run-path@https://registry.npmjs.org/npm-run-path/-/npm-run-path-2.0.2.tgz. Extracting by manifest.
343 silly tarball no local data for normalize-path@https://registry.npmjs.org/normalize-path/-/normalize-path-3.0.0.tgz. Extracting by manifest.
344 silly tarball no local data for node-releases@https://registry.npmjs.org/node-releases/-/node-releases-2.0.37.tgz. Extracting by manifest.
345 silly tarball no local data for node-int64@https://registry.npmjs.org/node-int64/-/node-int64-0.4.0.tgz. Extracting by manifest.
346 silly tarball no local data for node-forge@https://registry.npmjs.org/node-forge/-/node-forge-1.4.0.tgz. Extracting by manifest.
347 silly tarball no local data for node-fetch@https://registry.npmjs.org/node-fetch/-/node-fetch-2.7.0.tgz. Extracting by manifest.
348 silly tarball no local data for node-exports-info@https://registry.npmjs.org/node-exports-info/-/node-exports-info-1.6.0.tgz. Extracting by manifest.
349 silly tarball no local data for node-stream-zip@https://registry.npmjs.org/node-stream-zip/-/node-stream-zip-1.15.0.tgz. Extracting by manifest.
350 silly tarball no local data for node-abort-controller@https://registry.npmjs.org/node-abort-controller/-/node-abort-controller-3.1.1.tgz. Extracting by manifest.
351 silly tarball no local data for regexpp@https://registry.npmjs.org/regexpp/-/regexpp-3.2.0.tgz. Extracting by manifest.
352 silly tarball no local data for nocache@https://registry.npmjs.org/nocache/-/nocache-3.0.4.tgz. Extracting by manifest.
353 silly tarball no local data for node-dir@https://registry.npmjs.org/node-dir/-/node-dir-0.1.17.tgz. Extracting by manifest.
354 silly tarball no local data for nested-error-stacks@https://registry.npmjs.org/nested-error-stacks/-/nested-error-stacks-2.0.1.tgz. Extracting by manifest.
355 silly tarball no local data for negotiator@https://registry.npmjs.org/negotiator/-/negotiator-0.6.3.tgz. Extracting by manifest.
356 silly tarball no local data for natural-compare@https://registry.npmjs.org/natural-compare/-/natural-compare-1.4.0.tgz. Extracting by manifest.
357 silly tarball no local data for nanoid@https://registry.npmjs.org/nanoid/-/nanoid-3.3.11.tgz. Extracting by manifest.
358 silly tarball no local data for nice-try@https://registry.npmjs.org/nice-try/-/nice-try-1.0.5.tgz. Extracting by manifest.
359 silly tarball no local data for neo-async@https://registry.npmjs.org/neo-async/-/neo-async-2.6.2.tgz. Extracting by manifest.
360 silly tarball no local data for ms@https://registry.npmjs.org/ms/-/ms-2.1.3.tgz. Extracting by manifest.
361 silly tarball no local data for mz@https://registry.npmjs.org/mz/-/mz-2.7.0.tgz. Extracting by manifest.
362 silly tarball no local data for minizlib@https://registry.npmjs.org/minizlib/-/minizlib-2.1.2.tgz. Extracting by manifest.
363 silly tarball no local data for minipass-flush@https://registry.npmjs.org/minipass-flush/-/minipass-flush-1.0.7.tgz. Extracting by manifest.
364 silly tarball no local data for minipass-pipeline@https://registry.npmjs.org/minipass-pipeline/-/minipass-pipeline-1.2.4.tgz. Extracting by manifest.
365 silly tarball no local data for minipass-collect@https://registry.npmjs.org/minipass-collect/-/minipass-collect-1.0.2.tgz. Extracting by manifest.
366 silly tarball no local data for mkdirp@https://registry.npmjs.org/mkdirp/-/mkdirp-1.0.4.tgz. Extracting by manifest.
367 silly tarball no local data for minipass@https://registry.npmjs.org/minipass/-/minipass-3.3.6.tgz. Extracting by manifest.
368 silly tarball no local data for minimatch@https://registry.npmjs.org/minimatch/-/minimatch-3.1.5.tgz. Extracting by manifest.
369 silly tarball no local data for mime-types@https://registry.npmjs.org/mime-types/-/mime-types-2.1.35.tgz. Extracting by manifest.
370 silly tarball no local data for mimic-fn@https://registry.npmjs.org/mimic-fn/-/mimic-fn-2.1.0.tgz. Extracting by manifest.
371 silly tarball no local data for min-indent@https://registry.npmjs.org/min-indent/-/min-indent-1.0.1.tgz. Extracting by manifest.
372 silly tarball no local data for minimist@https://registry.npmjs.org/minimist/-/minimist-1.2.8.tgz. Extracting by manifest.
373 silly tarball no local data for mime-db@https://registry.npmjs.org/mime-db/-/mime-db-1.52.0.tgz. Extracting by manifest.
374 silly tarball no local data for mime@https://registry.npmjs.org/mime/-/mime-2.6.0.tgz. Extracting by manifest.
375 silly tarball no local data for metro-transform-worker@https://registry.npmjs.org/metro-transform-worker/-/metro-transform-worker-0.80.12.tgz. Extracting by manifest.
376 silly tarball no local data for metro-symbolicate@https://registry.npmjs.org/metro-symbolicate/-/metro-symbolicate-0.80.12.tgz. Extracting by manifest.
377 silly tarball no local data for metro-transform-plugins@https://registry.npmjs.org/metro-transform-plugins/-/metro-transform-plugins-0.80.12.tgz. Extracting by manifest.
378 silly tarball no local data for micromatch@https://registry.npmjs.org/micromatch/-/micromatch-4.0.8.tgz. Extracting by manifest.
379 silly tarball no local data for metro-runtime@https://registry.npmjs.org/metro-runtime/-/metro-runtime-0.80.12.tgz. Extracting by manifest.
380 silly tarball no local data for metro-resolver@https://registry.npmjs.org/metro-resolver/-/metro-resolver-0.80.12.tgz. Extracting by manifest.
381 silly tarball no local data for metro-source-map@https://registry.npmjs.org/metro-source-map/-/metro-source-map-0.80.12.tgz. Extracting by manifest.
382 silly tarball no local data for metro-config@https://registry.npmjs.org/metro-config/-/metro-config-0.80.12.tgz. Extracting by manifest.
383 silly tarball no local data for metro-core@https://registry.npmjs.org/metro-core/-/metro-core-0.80.12.tgz. Extracting by manifest.
384 silly tarball no local data for metro-file-map@https://registry.npmjs.org/metro-file-map/-/metro-file-map-0.80.12.tgz. Extracting by manifest.
385 silly tarball no local data for metro-minify-terser@https://registry.npmjs.org/metro-minify-terser/-/metro-minify-terser-0.80.12.tgz. Extracting by manifest.
386 silly tarball no local data for metro-cache-key@https://registry.npmjs.org/metro-cache-key/-/metro-cache-key-0.80.12.tgz. Extracting by manifest.
387 silly tarball no local data for metro-cache@https://registry.npmjs.org/metro-cache/-/metro-cache-0.80.12.tgz. Extracting by manifest.
388 silly tarball no local data for metro-babel-transformer@https://registry.npmjs.org/metro-babel-transformer/-/metro-babel-transformer-0.80.12.tgz. Extracting by manifest.
389 silly tarball no local data for merge2@https://registry.npmjs.org/merge2/-/merge2-1.4.1.tgz. Extracting by manifest.
390 silly tarball no local data for merge-stream@https://registry.npmjs.org/merge-stream/-/merge-stream-2.0.0.tgz. Extracting by manifest.
391 silly tarball no local data for metro@https://registry.npmjs.org/metro/-/metro-0.80.12.tgz. Extracting by manifest.
392 silly tarball no local data for merge-options@https://registry.npmjs.org/merge-options/-/merge-options-3.0.4.tgz. Extracting by manifest.
393 silly tarball no local data for memoize-one@https://registry.npmjs.org/memoize-one/-/memoize-one-5.2.1.tgz. Extracting by manifest.
394 silly tarball no local data for memory-cache@https://registry.npmjs.org/memory-cache/-/memory-cache-0.2.0.tgz. Extracting by manifest.
395 silly tarball no local data for md5-file@https://registry.npmjs.org/md5-file/-/md5-file-3.2.3.tgz. Extracting by manifest.
396 silly tarball no local data for md5@https://registry.npmjs.org/md5/-/md5-2.3.0.tgz. Extracting by manifest.
397 silly tarball no local data for math-intrinsics@https://registry.npmjs.org/math-intrinsics/-/math-intrinsics-1.1.0.tgz. Extracting by manifest.
398 silly tarball no local data for md5hex@https://registry.npmjs.org/md5hex/-/md5hex-1.0.0.tgz. Extracting by manifest.
399 silly tarball no local data for makeerror@https://registry.npmjs.org/makeerror/-/makeerror-1.0.12.tgz. Extracting by manifest.
400 silly tarball no local data for marky@https://registry.npmjs.org/marky/-/marky-1.3.0.tgz. Extracting by manifest.
401 silly tarball no local data for make-error@https://registry.npmjs.org/make-error/-/make-error-1.3.6.tgz. Extracting by manifest.
402 silly tarball no local data for make-dir@https://registry.npmjs.org/make-dir/-/make-dir-4.0.0.tgz. Extracting by manifest.
403 silly tarball no local data for lru-cache@https://registry.npmjs.org/lru-cache/-/lru-cache-5.1.1.tgz. Extracting by manifest.
404 silly tarball no local data for log-symbols@https://registry.npmjs.org/log-symbols/-/log-symbols-2.2.0.tgz. Extracting by manifest.
405 silly tarball no local data for loose-envify@https://registry.npmjs.org/loose-envify/-/loose-envify-1.4.0.tgz. Extracting by manifest.
406 silly tarball no local data for lodash.throttle@https://registry.npmjs.org/lodash.throttle/-/lodash.throttle-4.1.1.tgz. Extracting by manifest.
407 silly tarball no local data for logkitty@https://registry.npmjs.org/logkitty/-/logkitty-0.7.1.tgz. Extracting by manifest.
408 silly tarball no local data for lodash.merge@https://registry.npmjs.org/lodash.merge/-/lodash.merge-4.6.2.tgz. Extracting by manifest.
409 silly tarball no local data for lodash.memoize@https://registry.npmjs.org/lodash.memoize/-/lodash.memoize-4.1.2.tgz. Extracting by manifest.
410 silly tarball no local data for lodash@https://registry.npmjs.org/lodash/-/lodash-4.18.1.tgz. Extracting by manifest.
411 silly tarball no local data for lodash.debounce@https://registry.npmjs.org/lodash.debounce/-/lodash.debounce-4.0.8.tgz. Extracting by manifest.
412 silly tarball no local data for locate-path@https://registry.npmjs.org/locate-path/-/locate-path-6.0.0.tgz. Extracting by manifest.
413 silly tarball no local data for lines-and-columns@https://registry.npmjs.org/lines-and-columns/-/lines-and-columns-1.2.4.tgz. Extracting by manifest.
414 silly tarball no local data for lightningcss-win32-x64-msvc@https://registry.npmjs.org/lightningcss-win32-x64-msvc/-/lightningcss-win32-x64-msvc-1.19.0.tgz. Extracting by manifest.
415 silly tarball no local data for lightningcss@https://registry.npmjs.org/lightningcss/-/lightningcss-1.19.0.tgz. Extracting by manifest.
416 silly tarball no local data for lighthouse-logger@https://registry.npmjs.org/lighthouse-logger/-/lighthouse-logger-1.4.2.tgz. Extracting by manifest.
417 silly tarball no local data for leven@https://registry.npmjs.org/leven/-/leven-3.1.0.tgz. Extracting by manifest.
418 silly tarball no local data for kleur@https://registry.npmjs.org/kleur/-/kleur-3.0.3.tgz. Extracting by manifest.
419 silly tarball no local data for levn@https://registry.npmjs.org/levn/-/levn-0.4.1.tgz. Extracting by manifest.
420 silly tarball no local data for jsx-ast-utils@https://registry.npmjs.org/jsx-ast-utils/-/jsx-ast-utils-3.3.5.tgz. Extracting by manifest.
421 silly tarball no local data for kind-of@https://registry.npmjs.org/kind-of/-/kind-of-6.0.3.tgz. Extracting by manifest.
422 silly tarball no local data for keyv@https://registry.npmjs.org/keyv/-/keyv-4.5.4.tgz. Extracting by manifest.
423 silly tarball no local data for jsonfile@https://registry.npmjs.org/jsonfile/-/jsonfile-4.0.0.tgz. Extracting by manifest.
424 silly tarball no local data for json5@https://registry.npmjs.org/json5/-/json5-2.2.3.tgz. Extracting by manifest.
425 silly tarball no local data for json-schema-traverse@https://registry.npmjs.org/json-schema-traverse/-/json-schema-traverse-1.0.0.tgz. Extracting by manifest.
426 silly tarball no local data for json-stable-stringify-without-jsonify@https://registry.npmjs.org/json-stable-stringify-without-jsonify/-/json-stable-stringify-without-jsonify-1.0.1.tgz. Extracting by manifest.
427 silly tarball no local data for json-buffer@https://registry.npmjs.org/json-buffer/-/json-buffer-3.0.1.tgz. Extracting by manifest.
428 silly tarball no local data for json-schema-deref-sync@https://registry.npmjs.org/json-schema-deref-sync/-/json-schema-deref-sync-0.13.0.tgz. Extracting by manifest.
429 silly tarball no local data for jsesc@https://registry.npmjs.org/jsesc/-/jsesc-3.1.0.tgz. Extracting by manifest.
430 silly tarball no local data for json-parse-even-better-errors@https://registry.npmjs.org/json-parse-even-better-errors/-/json-parse-even-better-errors-2.3.1.tgz. Extracting by manifest.
431 silly tarball no local data for json-parse-better-errors@https://registry.npmjs.org/json-parse-better-errors/-/json-parse-better-errors-1.0.2.tgz. Extracting by manifest.
432 silly tarball no local data for jsdom@https://registry.npmjs.org/jsdom/-/jsdom-20.0.3.tgz. Extracting by manifest.
433 silly tarball no local data for jsc-safe-url@https://registry.npmjs.org/jsc-safe-url/-/jsc-safe-url-0.2.4.tgz. Extracting by manifest.
434 silly tarball no local data for jsc-android@https://registry.npmjs.org/jsc-android/-/jsc-android-250231.0.0.tgz. Extracting by manifest.
435 silly tarball no local data for jscodeshift@https://registry.npmjs.org/jscodeshift/-/jscodeshift-0.14.0.tgz. Extracting by manifest.
436 silly tarball no local data for join-component@https://registry.npmjs.org/join-component/-/join-component-1.1.0.tgz. Extracting by manifest.
437 silly tarball no local data for js-tokens@https://registry.npmjs.org/js-tokens/-/js-tokens-4.0.0.tgz. Extracting by manifest.
438 silly tarball no local data for js-yaml@https://registry.npmjs.org/js-yaml/-/js-yaml-3.14.2.tgz. Extracting by manifest.
439 silly tarball no local data for jimp-compact@https://registry.npmjs.org/jimp-compact/-/jimp-compact-0.16.1.tgz. Extracting by manifest.
440 silly tarball no local data for jest-watcher@https://registry.npmjs.org/jest-watcher/-/jest-watcher-29.7.0.tgz. Extracting by manifest.
441 silly tarball no local data for joi@https://registry.npmjs.org/joi/-/joi-17.13.3.tgz. Extracting by manifest.
442 silly tarball no local data for jest-worker@https://registry.npmjs.org/jest-worker/-/jest-worker-29.7.0.tgz. Extracting by manifest.
443 silly tarball no local data for jest-watch-typeahead@https://registry.npmjs.org/jest-watch-typeahead/-/jest-watch-typeahead-2.2.1.tgz. Extracting by manifest.
444 silly tarball no local data for jest-validate@https://registry.npmjs.org/jest-validate/-/jest-validate-29.7.0.tgz. Extracting by manifest.
445 silly tarball no local data for jest-snapshot-prettier@https://registry.npmjs.org/prettier/-/prettier-2.8.8.tgz. Extracting by manifest.
446 silly tarball no local data for jest-watch-select-projects@https://registry.npmjs.org/jest-watch-select-projects/-/jest-watch-select-projects-2.0.0.tgz. Extracting by manifest.
447 silly tarball no local data for jest-snapshot@https://registry.npmjs.org/jest-snapshot/-/jest-snapshot-29.7.0.tgz. Extracting by manifest.
448 silly tarball no local data for jest-util@https://registry.npmjs.org/jest-util/-/jest-util-29.7.0.tgz. Extracting by manifest.
449 silly tarball no local data for jest-runtime@https://registry.npmjs.org/jest-runtime/-/jest-runtime-29.7.0.tgz. Extracting by manifest.
450 silly tarball no local data for jest-runner@https://registry.npmjs.org/jest-runner/-/jest-runner-29.7.0.tgz. Extracting by manifest.
451 silly tarball no local data for jest-resolve-dependencies@https://registry.npmjs.org/jest-resolve-dependencies/-/jest-resolve-dependencies-29.7.0.tgz. Extracting by manifest.
452 silly tarball no local data for jest-regex-util@https://registry.npmjs.org/jest-regex-util/-/jest-regex-util-29.6.3.tgz. Extracting by manifest.
453 silly tarball no local data for jest-resolve@https://registry.npmjs.org/jest-resolve/-/jest-resolve-29.7.0.tgz. Extracting by manifest.
454 silly tarball no local data for jest-mock@https://registry.npmjs.org/jest-mock/-/jest-mock-29.7.0.tgz. Extracting by manifest.
455 silly tarball no local data for jest-message-util@https://registry.npmjs.org/jest-message-util/-/jest-message-util-29.7.0.tgz. Extracting by manifest.
456 silly tarball no local data for jest-pnp-resolver@https://registry.npmjs.org/jest-pnp-resolver/-/jest-pnp-resolver-1.2.3.tgz. Extracting by manifest.
457 silly tarball no local data for jest-matcher-utils@https://registry.npmjs.org/jest-matcher-utils/-/jest-matcher-utils-29.7.0.tgz. Extracting by manifest.
458 silly tarball no local data for jest-leak-detector@https://registry.npmjs.org/jest-leak-detector/-/jest-leak-detector-29.7.0.tgz. Extracting by manifest.
459 silly tarball no local data for jest-haste-map@https://registry.npmjs.org/jest-haste-map/-/jest-haste-map-29.7.0.tgz. Extracting by manifest.
460 silly tarball no local data for jest-environment-jsdom@https://registry.npmjs.org/jest-environment-jsdom/-/jest-environment-jsdom-29.7.0.tgz. Extracting by manifest.
461 silly tarball no local data for jest-docblock@https://registry.npmjs.org/jest-docblock/-/jest-docblock-29.7.0.tgz. Extracting by manifest.
462 silly tarball no local data for jest-environment-node@https://registry.npmjs.org/jest-environment-node/-/jest-environment-node-29.7.0.tgz. Extracting by manifest.
463 silly tarball no local data for jest-get-type@https://registry.npmjs.org/jest-get-type/-/jest-get-type-29.6.3.tgz. Extracting by manifest.
464 silly tarball no local data for jest-each@https://registry.npmjs.org/jest-each/-/jest-each-29.7.0.tgz. Extracting by manifest.
465 silly tarball no local data for jest-diff@https://registry.npmjs.org/jest-diff/-/jest-diff-29.7.0.tgz. Extracting by manifest.
466 silly tarball no local data for jest-circus@https://registry.npmjs.org/jest-circus/-/jest-circus-29.7.0.tgz. Extracting by manifest.
467 silly tarball no local data for jest-changed-files@https://registry.npmjs.org/jest-changed-files/-/jest-changed-files-29.7.0.tgz. Extracting by manifest.
468 silly tarball no local data for jest-config@https://registry.npmjs.org/jest-config/-/jest-config-29.7.0.tgz. Extracting by manifest.
469 silly tarball no local data for jest-cli@https://registry.npmjs.org/jest-cli/-/jest-cli-29.7.0.tgz. Extracting by manifest.
470 silly tarball no local data for jest@https://registry.npmjs.org/jest/-/jest-29.7.0.tgz. Extracting by manifest.
471 silly tarball no local data for iterator.prototype@https://registry.npmjs.org/iterator.prototype/-/iterator.prototype-1.1.5.tgz. Extracting by manifest.
472 silly tarball no local data for istanbul-lib-report@https://registry.npmjs.org/istanbul-lib-report/-/istanbul-lib-report-3.0.1.tgz. Extracting by manifest.
473 silly tarball no local data for istanbul-lib-instrument@https://registry.npmjs.org/istanbul-lib-instrument/-/istanbul-lib-instrument-6.0.3.tgz. Extracting by manifest.
474 silly tarball no local data for istanbul-reports@https://registry.npmjs.org/istanbul-reports/-/istanbul-reports-3.2.0.tgz. Extracting by manifest.
475 silly tarball no local data for istanbul-lib-source-maps@https://registry.npmjs.org/istanbul-lib-source-maps/-/istanbul-lib-source-maps-4.0.1.tgz. Extracting by manifest.
476 silly tarball no local data for isobject@https://registry.npmjs.org/isobject/-/isobject-3.0.1.tgz. Extracting by manifest.
477 silly tarball no local data for is-wsl@https://registry.npmjs.org/is-wsl/-/is-wsl-2.2.0.tgz. Extracting by manifest.
478 silly tarball no local data for isexe@https://registry.npmjs.org/isexe/-/isexe-2.0.0.tgz. Extracting by manifest.
479 silly tarball no local data for istanbul-lib-coverage@https://registry.npmjs.org/istanbul-lib-coverage/-/istanbul-lib-coverage-3.2.2.tgz. Extracting by manifest.
480 silly tarball no local data for isarray@https://registry.npmjs.org/isarray/-/isarray-2.0.5.tgz. Extracting by manifest.
481 silly tarball no local data for is-weakset@https://registry.npmjs.org/is-weakset/-/is-weakset-2.0.4.tgz. Extracting by manifest.
482 silly tarball no local data for is-valid-path@https://registry.npmjs.org/is-valid-path/-/is-valid-path-0.1.1.tgz. Extracting by manifest.
483 silly tarball no local data for is-weakref@https://registry.npmjs.org/is-weakref/-/is-weakref-1.1.1.tgz. Extracting by manifest.
484 silly tarball no local data for is-unicode-supported@https://registry.npmjs.org/is-unicode-supported/-/is-unicode-supported-0.1.0.tgz. Extracting by manifest.
485 silly tarball no local data for is-weakmap@https://registry.npmjs.org/is-weakmap/-/is-weakmap-2.0.2.tgz. Extracting by manifest.
486 silly tarball no local data for is-typed-array@https://registry.npmjs.org/is-typed-array/-/is-typed-array-1.1.15.tgz. Extracting by manifest.
487 silly tarball no local data for is-stream@https://registry.npmjs.org/is-stream/-/is-stream-1.1.0.tgz. Extracting by manifest.
488 silly tarball no local data for is-symbol@https://registry.npmjs.org/is-symbol/-/is-symbol-1.1.1.tgz. Extracting by manifest.
489 silly tarball no local data for is-shared-array-buffer@https://registry.npmjs.org/is-shared-array-buffer/-/is-shared-array-buffer-1.0.4.tgz. Extracting by manifest.
490 silly tarball no local data for is-string@https://registry.npmjs.org/is-string/-/is-string-1.1.1.tgz. Extracting by manifest.
491 silly tarball no local data for is-set@https://registry.npmjs.org/is-set/-/is-set-2.0.3.tgz. Extracting by manifest.
492 silly tarball no local data for is-potential-custom-element-name@https://registry.npmjs.org/is-potential-custom-element-name/-/is-potential-custom-element-name-1.0.1.tgz. Extracting by manifest.
493 silly tarball no local data for is-plain-obj@https://registry.npmjs.org/is-plain-obj/-/is-plain-obj-2.1.0.tgz. Extracting by manifest.
494 silly tarball no local data for is-regex@https://registry.npmjs.org/is-regex/-/is-regex-1.2.1.tgz. Extracting by manifest.
495 silly tarball no local data for is-plain-object@https://registry.npmjs.org/is-plain-object/-/is-plain-object-2.0.4.tgz. Extracting by manifest.
496 silly tarball no local data for is-path-inside@https://registry.npmjs.org/is-path-inside/-/is-path-inside-3.0.3.tgz. Extracting by manifest.
497 silly tarball no local data for is-path-cwd@https://registry.npmjs.org/is-path-cwd/-/is-path-cwd-2.2.0.tgz. Extracting by manifest.
498 silly tarball no local data for is-number-object@https://registry.npmjs.org/is-number-object/-/is-number-object-1.1.1.tgz. Extracting by manifest.
499 silly tarball no local data for is-negative-zero@https://registry.npmjs.org/is-negative-zero/-/is-negative-zero-2.0.3.tgz. Extracting by manifest.
500 silly tarball no local data for is-number@https://registry.npmjs.org/is-number/-/is-number-7.0.0.tgz. Extracting by manifest.
501 silly tarball no local data for is-nan@https://registry.npmjs.org/is-nan/-/is-nan-1.3.2.tgz. Extracting by manifest.
502 silly tarball no local data for is-invalid-path@https://registry.npmjs.org/is-invalid-path/-/is-invalid-path-0.1.0.tgz. Extracting by manifest.
503 silly tarball no local data for is-map@https://registry.npmjs.org/is-map/-/is-map-2.0.3.tgz. Extracting by manifest.
504 silly tarball no local data for is-glob@https://registry.npmjs.org/is-glob/-/is-glob-4.0.3.tgz. Extracting by manifest.
505 silly tarball no local data for is-interactive@https://registry.npmjs.org/is-interactive/-/is-interactive-1.0.0.tgz. Extracting by manifest.
506 silly tarball no local data for is-generator-function@https://registry.npmjs.org/is-generator-function/-/is-generator-function-1.1.2.tgz. Extracting by manifest.
507 silly tarball no local data for is-fullwidth-code-point@https://registry.npmjs.org/is-fullwidth-code-point/-/is-fullwidth-code-point-2.0.0.tgz. Extracting by manifest.
508 silly tarball no local data for is-finalizationregistry@https://registry.npmjs.org/is-finalizationregistry/-/is-finalizationregistry-1.1.1.tgz. Extracting by manifest.
509 silly tarball no local data for is-generator-fn@https://registry.npmjs.org/is-generator-fn/-/is-generator-fn-2.1.0.tgz. Extracting by manifest.
510 silly tarball no local data for is-extglob@https://registry.npmjs.org/is-extglob/-/is-extglob-2.1.1.tgz. Extracting by manifest.
511 silly tarball no local data for is-directory@https://registry.npmjs.org/is-directory/-/is-directory-0.3.1.tgz. Extracting by manifest.
512 silly tarball no local data for is-docker@https://registry.npmjs.org/is-docker/-/is-docker-2.2.1.tgz. Extracting by manifest.
513 silly tarball no local data for is-data-view@https://registry.npmjs.org/is-data-view/-/is-data-view-1.0.2.tgz. Extracting by manifest.
514 silly tarball no local data for is-callable@https://registry.npmjs.org/is-callable/-/is-callable-1.2.7.tgz. Extracting by manifest.
515 silly tarball no local data for is-date-object@https://registry.npmjs.org/is-date-object/-/is-date-object-1.1.0.tgz. Extracting by manifest.
516 silly tarball no local data for is-core-module@https://registry.npmjs.org/is-core-module/-/is-core-module-2.16.1.tgz. Extracting by manifest.
517 silly tarball no local data for is-boolean-object@https://registry.npmjs.org/is-boolean-object/-/is-boolean-object-1.2.2.tgz. Extracting by manifest.
518 silly tarball no local data for is-binary-path@https://registry.npmjs.org/is-binary-path/-/is-binary-path-2.1.0.tgz. Extracting by manifest.
519 silly tarball no local data for is-bigint@https://registry.npmjs.org/is-bigint/-/is-bigint-1.1.0.tgz. Extracting by manifest.
520 silly tarball no local data for is-async-function@https://registry.npmjs.org/is-async-function/-/is-async-function-2.1.1.tgz. Extracting by manifest.
521 silly tarball no local data for is-arguments@https://registry.npmjs.org/is-arguments/-/is-arguments-1.2.0.tgz. Extracting by manifest.
522 silly tarball no local data for is-buffer@https://registry.npmjs.org/is-buffer/-/is-buffer-1.1.6.tgz. Extracting by manifest.
523 silly tarball no local data for is-array-buffer@https://registry.npmjs.org/is-array-buffer/-/is-array-buffer-3.0.5.tgz. Extracting by manifest.
524 silly tarball no local data for is-arrayish@https://registry.npmjs.org/is-arrayish/-/is-arrayish-0.2.1.tgz. Extracting by manifest.
525 silly tarball no local data for ipaddr.js@https://registry.npmjs.org/ipaddr.js/-/ipaddr.js-1.9.1.tgz. Extracting by manifest.
526 silly tarball no local data for ip-regex@https://registry.npmjs.org/ip-regex/-/ip-regex-2.1.0.tgz. Extracting by manifest.
527 silly tarball no local data for internal-slot@https://registry.npmjs.org/internal-slot/-/internal-slot-1.1.0.tgz. Extracting by manifest.
528 silly tarball no local data for invariant@https://registry.npmjs.org/invariant/-/invariant-2.2.4.tgz. Extracting by manifest.
529 silly tarball no local data for ini@https://registry.npmjs.org/ini/-/ini-1.3.8.tgz. Extracting by manifest.
530 silly tarball no local data for inherits@https://registry.npmjs.org/inherits/-/inherits-2.0.4.tgz. Extracting by manifest.
531 silly tarball no local data for infer-owner@https://registry.npmjs.org/infer-owner/-/infer-owner-1.0.4.tgz. Extracting by manifest.
532 silly tarball no local data for internal-ip@https://registry.npmjs.org/internal-ip/-/internal-ip-4.3.0.tgz. Extracting by manifest.
533 silly tarball no local data for imurmurhash@https://registry.npmjs.org/imurmurhash/-/imurmurhash-0.1.4.tgz. Extracting by manifest.
534 silly tarball no local data for indent-string@https://registry.npmjs.org/indent-string/-/indent-string-4.0.0.tgz. Extracting by manifest.
535 silly tarball no local data for inflight@https://registry.npmjs.org/inflight/-/inflight-1.0.6.tgz. Extracting by manifest.
536 silly tarball no local data for import-fresh@https://registry.npmjs.org/import-fresh/-/import-fresh-3.3.1.tgz. Extracting by manifest.
537 silly tarball no local data for import-local@https://registry.npmjs.org/import-local/-/import-local-3.2.0.tgz. Extracting by manifest.
538 silly tarball no local data for image-size@https://registry.npmjs.org/image-size/-/image-size-1.2.1.tgz. Extracting by manifest.
539 silly tarball no local data for i18next@https://registry.npmjs.org/i18next/-/i18next-23.16.8.tgz. Extracting by manifest.
540 silly tarball no local data for ignore@https://registry.npmjs.org/ignore/-/ignore-5.3.2.tgz. Extracting by manifest.
541 silly tarball no local data for ieee754@https://registry.npmjs.org/ieee754/-/ieee754-1.2.1.tgz. Extracting by manifest.
542 silly tarball no local data for iconv-lite@https://registry.npmjs.org/iconv-lite/-/iconv-lite-0.6.3.tgz. Extracting by manifest.
543 silly tarball no local data for i18next-http-backend@https://registry.npmjs.org/i18next-http-backend/-/i18next-http-backend-2.7.3.tgz. Extracting by manifest.
544 silly tarball no local data for https-proxy-agent@https://registry.npmjs.org/https-proxy-agent/-/https-proxy-agent-5.0.1.tgz. Extracting by manifest.
545 silly tarball no local data for human-signals@https://registry.npmjs.org/human-signals/-/human-signals-2.1.0.tgz. Extracting by manifest.
546 silly tarball no local data for http-errors@https://registry.npmjs.org/http-errors/-/http-errors-2.0.0.tgz. Extracting by manifest.
547 silly tarball no local data for http-proxy-agent@https://registry.npmjs.org/http-proxy-agent/-/http-proxy-agent-5.0.0.tgz. Extracting by manifest.
548 silly tarball no local data for html-parse-stringify@https://registry.npmjs.org/html-parse-stringify/-/html-parse-stringify-3.0.1.tgz. Extracting by manifest.
549 silly tarball no local data for html-encoding-sniffer@https://registry.npmjs.org/html-encoding-sniffer/-/html-encoding-sniffer-3.0.0.tgz. Extracting by manifest.
550 silly tarball no local data for html-escaper@https://registry.npmjs.org/html-escaper/-/html-escaper-2.0.2.tgz. Extracting by manifest.
551 silly tarball no local data for hoist-non-react-statics@https://registry.npmjs.org/hoist-non-react-statics/-/hoist-non-react-statics-3.3.2.tgz. Extracting by manifest.
552 silly tarball no local data for hosted-git-info@https://registry.npmjs.org/hosted-git-info/-/hosted-git-info-3.0.8.tgz. Extracting by manifest.
553 silly tarball no local data for hermes-profile-transformer@https://registry.npmjs.org/hermes-profile-transformer/-/hermes-profile-transformer-0.0.6.tgz. Extracting by manifest.
554 silly tarball no local data for hermes-parser@https://registry.npmjs.org/hermes-parser/-/hermes-parser-0.33.3.tgz. Extracting by manifest.
555 silly tarball no local data for has-symbols@https://registry.npmjs.org/has-symbols/-/has-symbols-1.1.0.tgz. Extracting by manifest.
556 silly tarball no local data for hasown@https://registry.npmjs.org/hasown/-/hasown-2.0.2.tgz. Extracting by manifest.
557 silly tarball no local data for hermes-estree@https://registry.npmjs.org/hermes-estree/-/hermes-estree-0.33.3.tgz. Extracting by manifest.
558 silly tarball no local data for has-proto@https://registry.npmjs.org/has-proto/-/has-proto-1.2.0.tgz. Extracting by manifest.
559 silly tarball no local data for has-property-descriptors@https://registry.npmjs.org/has-property-descriptors/-/has-property-descriptors-1.0.2.tgz. Extracting by manifest.
560 silly tarball no local data for has-tostringtag@https://registry.npmjs.org/has-tostringtag/-/has-tostringtag-1.0.2.tgz. Extracting by manifest.
561 silly tarball no local data for has-flag@https://registry.npmjs.org/has-flag/-/has-flag-3.0.0.tgz. Extracting by manifest.
562 silly tarball no local data for graphql-tag@https://registry.npmjs.org/graphql-tag/-/graphql-tag-2.12.6.tgz. Extracting by manifest.
563 silly tarball no local data for has-bigints@https://registry.npmjs.org/has-bigints/-/has-bigints-1.1.0.tgz. Extracting by manifest.
564 silly tarball no local data for gopd@https://registry.npmjs.org/gopd/-/gopd-1.2.0.tgz. Extracting by manifest.
565 silly tarball no local data for graceful-fs@https://registry.npmjs.org/graceful-fs/-/graceful-fs-4.2.11.tgz. Extracting by manifest.
566 silly tarball no local data for graphql@https://registry.npmjs.org/graphql/-/graphql-15.8.0.tgz. Extracting by manifest.
567 silly tarball no local data for globby@https://registry.npmjs.org/globby/-/globby-11.1.0.tgz. Extracting by manifest.
568 silly tarball no local data for globrex@https://registry.npmjs.org/globrex/-/globrex-0.1.2.tgz. Extracting by manifest.
569 silly tarball no local data for globals@https://registry.npmjs.org/globals/-/globals-16.5.0.tgz. Extracting by manifest.
570 silly tarball no local data for glob-parent@https://registry.npmjs.org/glob-parent/-/glob-parent-5.1.2.tgz. Extracting by manifest.
571 silly tarball no local data for glob@https://registry.npmjs.org/glob/-/glob-7.2.3.tgz. Extracting by manifest.
572 silly tarball no local data for globalthis@https://registry.npmjs.org/globalthis/-/globalthis-1.0.4.tgz. Extracting by manifest.
573 silly tarball no local data for get-symbol-description@https://registry.npmjs.org/get-symbol-description/-/get-symbol-description-1.1.0.tgz. Extracting by manifest.
574 silly tarball no local data for get-tsconfig@https://registry.npmjs.org/get-tsconfig/-/get-tsconfig-4.13.7.tgz. Extracting by manifest.
575 silly tarball no local data for getenv@https://registry.npmjs.org/getenv/-/getenv-1.0.0.tgz. Extracting by manifest.
576 silly tarball no local data for get-stream@https://registry.npmjs.org/get-stream/-/get-stream-4.1.0.tgz. Extracting by manifest.
577 silly tarball no local data for get-proto@https://registry.npmjs.org/get-proto/-/get-proto-1.0.1.tgz. Extracting by manifest.
578 silly tarball no local data for get-package-type@https://registry.npmjs.org/get-package-type/-/get-package-type-0.1.0.tgz. Extracting by manifest.
579 silly tarball no local data for gensync@https://registry.npmjs.org/gensync/-/gensync-1.0.0-beta.2.tgz. Extracting by manifest.
580 silly tarball no local data for get-intrinsic@https://registry.npmjs.org/get-intrinsic/-/get-intrinsic-1.3.0.tgz. Extracting by manifest.
581 silly tarball no local data for get-caller-file@https://registry.npmjs.org/get-caller-file/-/get-caller-file-2.0.5.tgz. Extracting by manifest.
582 silly tarball no local data for functions-have-names@https://registry.npmjs.org/functions-have-names/-/functions-have-names-1.2.3.tgz. Extracting by manifest.
583 silly tarball no local data for generator-function@https://registry.npmjs.org/generator-function/-/generator-function-2.0.1.tgz. Extracting by manifest.
584 silly tarball no local data for function.prototype.name@https://registry.npmjs.org/function.prototype.name/-/function.prototype.name-1.1.8.tgz. Extracting by manifest.
585 silly tarball no local data for function-bind@https://registry.npmjs.org/function-bind/-/function-bind-1.1.2.tgz. Extracting by manifest.
586 silly tarball no local data for fs.realpath@https://registry.npmjs.org/fs.realpath/-/fs.realpath-1.0.0.tgz. Extracting by manifest.
587 silly tarball no local data for fs-readdir-recursive@https://registry.npmjs.org/fs-readdir-recursive/-/fs-readdir-recursive-1.1.0.tgz. Extracting by manifest.
588 silly tarball no local data for fresh@https://registry.npmjs.org/fresh/-/fresh-0.5.2.tgz. Extracting by manifest.
589 silly tarball no local data for fs-extra@https://registry.npmjs.org/fs-extra/-/fs-extra-8.1.0.tgz. Extracting by manifest.
590 silly tarball no local data for fs-minipass@https://registry.npmjs.org/fs-minipass/-/fs-minipass-2.1.0.tgz. Extracting by manifest.
591 silly tarball no local data for freeport-async@https://registry.npmjs.org/freeport-async/-/freeport-async-2.0.0.tgz. Extracting by manifest.
592 silly tarball no local data for for-each@https://registry.npmjs.org/for-each/-/for-each-0.3.5.tgz. Extracting by manifest.
593 silly tarball no local data for follow-redirects@https://registry.npmjs.org/follow-redirects/-/follow-redirects-1.15.11.tgz. Extracting by manifest.
594 silly tarball no local data for form-data@https://registry.npmjs.org/form-data/-/form-data-4.0.5.tgz. Extracting by manifest.
595 silly tarball no local data for fontfaceobserver@https://registry.npmjs.org/fontfaceobserver/-/fontfaceobserver-2.3.0.tgz. Extracting by manifest.
596 silly tarball no local data for flow-parser@https://registry.npmjs.org/flow-parser/-/flow-parser-0.206.0.tgz. Extracting by manifest.
597 silly tarball no local data for flow-enums-runtime@https://registry.npmjs.org/flow-enums-runtime/-/flow-enums-runtime-0.0.6.tgz. Extracting by manifest.
598 silly tarball no local data for find-yarn-workspace-root@https://registry.npmjs.org/find-yarn-workspace-root/-/find-yarn-workspace-root-2.0.0.tgz. Extracting by manifest.
599 silly tarball no local data for flatted@https://registry.npmjs.org/flatted/-/flatted-3.4.2.tgz. Extracting by manifest.
600 silly tarball no local data for find-cache-dir@https://registry.npmjs.org/find-cache-dir/-/find-cache-dir-2.1.0.tgz. Extracting by manifest.
601 silly tarball no local data for find-up@https://registry.npmjs.org/find-up/-/find-up-5.0.0.tgz. Extracting by manifest.
602 silly tarball no local data for finalhandler@https://registry.npmjs.org/finalhandler/-/finalhandler-1.1.2.tgz. Extracting by manifest.
603 silly tarball no local data for filter-obj@https://registry.npmjs.org/filter-obj/-/filter-obj-1.1.0.tgz. Extracting by manifest.
604 silly tarball no local data for flat-cache@https://registry.npmjs.org/flat-cache/-/flat-cache-4.0.1.tgz. Extracting by manifest.
605 silly tarball no local data for fill-range@https://registry.npmjs.org/fill-range/-/fill-range-7.1.1.tgz. Extracting by manifest.
606 silly tarball no local data for fetch-retry@https://registry.npmjs.org/fetch-retry/-/fetch-retry-4.1.1.tgz. Extracting by manifest.
607 silly tarball no local data for file-entry-cache@https://registry.npmjs.org/file-entry-cache/-/file-entry-cache-8.0.0.tgz. Extracting by manifest.
608 silly tarball no local data for fbjs-css-vars@https://registry.npmjs.org/fbjs-css-vars/-/fbjs-css-vars-1.0.2.tgz. Extracting by manifest.
609 silly tarball no local data for fbjs@https://registry.npmjs.org/fbjs/-/fbjs-3.0.5.tgz. Extracting by manifest.
610 silly tarball no local data for fdir@https://registry.npmjs.org/fdir/-/fdir-6.5.0.tgz. Extracting by manifest.
611 silly tarball no local data for fbemitter@https://registry.npmjs.org/fbemitter/-/fbemitter-3.0.0.tgz. Extracting by manifest.
612 silly tarball no local data for fastq@https://registry.npmjs.org/fastq/-/fastq-1.20.1.tgz. Extracting by manifest.
613 silly tarball no local data for fb-watchman@https://registry.npmjs.org/fb-watchman/-/fb-watchman-2.0.2.tgz. Extracting by manifest.
614 silly tarball no local data for fast-xml-parser@https://registry.npmjs.org/fast-xml-parser/-/fast-xml-parser-4.5.6.tgz. Extracting by manifest.
615 silly tarball no local data for fast-diff@https://registry.npmjs.org/fast-diff/-/fast-diff-1.3.0.tgz. Extracting by manifest.
616 silly tarball no local data for fast-levenshtein@https://registry.npmjs.org/fast-levenshtein/-/fast-levenshtein-2.0.6.tgz. Extracting by manifest.
617 silly tarball no local data for fast-glob@https://registry.npmjs.org/fast-glob/-/fast-glob-3.3.3.tgz. Extracting by manifest.
618 silly tarball no local data for exponential-backoff@https://registry.npmjs.org/exponential-backoff/-/exponential-backoff-3.1.3.tgz. Extracting by manifest.
619 silly tarball no local data for fast-json-stable-stringify@https://registry.npmjs.org/fast-json-stable-stringify/-/fast-json-stable-stringify-2.1.0.tgz. Extracting by manifest.
620 silly tarball no local data for fast-deep-equal@https://registry.npmjs.org/fast-deep-equal/-/fast-deep-equal-3.1.3.tgz. Extracting by manifest.
621 silly tarball no local data for expo-speech-recognition@https://registry.npmjs.org/expo-speech-recognition/-/expo-speech-recognition-3.1.2.tgz. Extracting by manifest.
622 silly tarball no local data for expo-updates-interface@https://registry.npmjs.org/expo-updates-interface/-/expo-updates-interface-0.15.3.tgz. Extracting by manifest.
623 silly tarball no local data for expo-modules-core@https://registry.npmjs.org/expo-modules-core/-/expo-modules-core-1.11.14.tgz. Extracting by manifest.
624 silly tarball no local data for expo-speech@https://registry.npmjs.org/expo-speech/-/expo-speech-11.7.0.tgz. Extracting by manifest.
625 silly tarball no local data for expo-modules-autolinking@https://registry.npmjs.org/expo-modules-autolinking/-/expo-modules-autolinking-1.10.3.tgz. Extracting by manifest.
626 silly tarball no local data for expo-module-scripts@https://registry.npmjs.org/expo-module-scripts/-/expo-module-scripts-55.0.2.tgz. Extracting by manifest.
627 silly tarball no local data for expo-notifications@https://registry.npmjs.org/expo-notifications/-/expo-notifications-0.27.8.tgz. Extracting by manifest.
628 silly tarball no local data for expo-keep-awake@https://registry.npmjs.org/expo-keep-awake/-/expo-keep-awake-12.8.2.tgz. Extracting by manifest.
629 silly tarball no local data for expo-localization@https://registry.npmjs.org/expo-localization/-/expo-localization-14.8.4.tgz. Extracting by manifest.
630 silly tarball no local data for expo-manifests@https://registry.npmjs.org/expo-manifests/-/expo-manifests-0.13.2.tgz. Extracting by manifest.
631 silly tarball no local data for expo-image-picker@https://registry.npmjs.org/expo-image-picker/-/expo-image-picker-14.7.1.tgz. Extracting by manifest.
632 silly tarball no local data for expo-json-utils@https://registry.npmjs.org/expo-json-utils/-/expo-json-utils-0.12.3.tgz. Extracting by manifest.
633 silly tarball no local data for expo-file-system@https://registry.npmjs.org/expo-file-system/-/expo-file-system-16.0.9.tgz. Extracting by manifest.
634 silly tarball no local data for expo-font@https://registry.npmjs.org/expo-font/-/expo-font-11.10.3.tgz. Extracting by manifest.
635 silly tarball no local data for expo-dev-menu-interface@https://registry.npmjs.org/expo-dev-menu-interface/-/expo-dev-menu-interface-1.7.2.tgz. Extracting by manifest.
636 silly tarball no local data for expo-image-loader@https://registry.npmjs.org/expo-image-loader/-/expo-image-loader-4.6.0.tgz. Extracting by manifest.
637 silly tarball no local data for expo-dev-client@https://registry.npmjs.org/expo-dev-client/-/expo-dev-client-3.3.12.tgz. Extracting by manifest.
638 silly tarball no local data for expo-dev-menu@https://registry.npmjs.org/expo-dev-menu/-/expo-dev-menu-4.5.8.tgz. Extracting by manifest.
639 silly tarball no local data for expo-dev-launcher@https://registry.npmjs.org/expo-dev-launcher/-/expo-dev-launcher-3.6.10.tgz. Extracting by manifest.
640 silly tarball no local data for expo-constants@https://registry.npmjs.org/expo-constants/-/expo-constants-15.4.6.tgz. Extracting by manifest.
641 silly tarball no local data for expo-application@https://registry.npmjs.org/expo-application/-/expo-application-5.8.4.tgz. Extracting by manifest.
642 silly tarball no local data for expo-asset@https://registry.npmjs.org/expo-asset/-/expo-asset-9.0.2.tgz. Extracting by manifest.
643 silly tarball no local data for expo@https://registry.npmjs.org/expo/-/expo-50.0.21.tgz. Extracting by manifest.
644 silly tarball no local data for exit@https://registry.npmjs.org/exit/-/exit-0.1.2.tgz. Extracting by manifest.
645 silly tarball no local data for expect@https://registry.npmjs.org/expect/-/expect-29.7.0.tgz. Extracting by manifest.
646 silly tarball no local data for execa@https://registry.npmjs.org/execa/-/execa-1.0.0.tgz. Extracting by manifest.
647 silly tarball no local data for etag@https://registry.npmjs.org/etag/-/etag-1.8.1.tgz. Extracting by manifest.
648 silly tarball no local data for event-target-shim@https://registry.npmjs.org/event-target-shim/-/event-target-shim-5.0.1.tgz. Extracting by manifest.
649 silly tarball no local data for esutils@https://registry.npmjs.org/esutils/-/esutils-2.0.3.tgz. Extracting by manifest.
650 silly tarball no local data for esrecurse@https://registry.npmjs.org/esrecurse/-/esrecurse-4.3.0.tgz. Extracting by manifest.
651 silly tarball no local data for estraverse@https://registry.npmjs.org/estraverse/-/estraverse-5.3.0.tgz. Extracting by manifest.
652 silly tarball no local data for esquery@https://registry.npmjs.org/esquery/-/esquery-1.7.0.tgz. Extracting by manifest.
653 silly tarball no local data for espree@https://registry.npmjs.org/espree/-/espree-10.4.0.tgz. Extracting by manifest.
654 silly tarball no local data for esprima@https://registry.npmjs.org/esprima/-/esprima-4.0.1.tgz. Extracting by manifest.
655 silly tarball no local data for eslint-utils@https://registry.npmjs.org/eslint-utils/-/eslint-utils-2.1.0.tgz. Extracting by manifest.
656 silly tarball no local data for eslint-scope@https://registry.npmjs.org/eslint-scope/-/eslint-scope-8.4.0.tgz. Extracting by manifest.
657 silly tarball no local data for eslint-visitor-keys@https://registry.npmjs.org/eslint-visitor-keys/-/eslint-visitor-keys-5.0.1.tgz. Extracting by manifest.
658 silly tarball no local data for eslint-plugin-react@https://registry.npmjs.org/eslint-plugin-react/-/eslint-plugin-react-7.37.5.tgz. Extracting by manifest.
659 silly tarball no local data for eslint-plugin-prettier@https://registry.npmjs.org/eslint-plugin-prettier/-/eslint-plugin-prettier-5.5.5.tgz. Extracting by manifest.
660 silly tarball no local data for eslint-plugin-react-hooks@https://registry.npmjs.org/eslint-plugin-react-hooks/-/eslint-plugin-react-hooks-5.2.0.tgz. Extracting by manifest.
661 silly tarball no local data for eslint-plugin-node@https://registry.npmjs.org/eslint-plugin-node/-/eslint-plugin-node-11.1.0.tgz. Extracting by manifest.
662 silly tarball no local data for eslint-plugin-import@https://registry.npmjs.org/eslint-plugin-import/-/eslint-plugin-import-2.32.0.tgz. Extracting by manifest.
663 silly tarball no local data for eslint-plugin-n@https://registry.npmjs.org/eslint-plugin-n/-/eslint-plugin-n-17.24.0.tgz. Extracting by manifest.
664 silly tarball no local data for eslint-plugin-es-x@https://registry.npmjs.org/eslint-plugin-es-x/-/eslint-plugin-es-x-7.8.0.tgz. Extracting by manifest.
665 silly tarball no local data for eslint-module-utils@https://registry.npmjs.org/eslint-module-utils/-/eslint-module-utils-2.12.1.tgz. Extracting by manifest.
666 silly tarball no local data for eslint-import-resolver-node@https://registry.npmjs.org/eslint-import-resolver-node/-/eslint-import-resolver-node-0.3.10.tgz. Extracting by manifest.
667 silly tarball no local data for eslint-plugin-es@https://registry.npmjs.org/eslint-plugin-es/-/eslint-plugin-es-3.0.1.tgz. Extracting by manifest.
668 silly tarball no local data for eslint-config-prettier@https://registry.npmjs.org/eslint-config-prettier/-/eslint-config-prettier-9.1.2.tgz. Extracting by manifest.
669 silly tarball no local data for eslint-config-universe@https://registry.npmjs.org/eslint-config-universe/-/eslint-config-universe-15.0.3.tgz. Extracting by manifest.
670 silly tarball no local data for eslint@https://registry.npmjs.org/eslint/-/eslint-9.39.4.tgz. Extracting by manifest.
671 silly tarball no local data for eslint-compat-utils@https://registry.npmjs.org/eslint-compat-utils/-/eslint-compat-utils-0.5.1.tgz. Extracting by manifest.
672 silly tarball no local data for escodegen@https://registry.npmjs.org/escodegen/-/escodegen-2.1.0.tgz. Extracting by manifest.
673 silly tarball no local data for escape-html@https://registry.npmjs.org/escape-html/-/escape-html-1.0.3.tgz. Extracting by manifest.
674 silly tarball no local data for escape-string-regexp@https://registry.npmjs.org/escape-string-regexp/-/escape-string-regexp-4.0.0.tgz. Extracting by manifest.
675 silly tarball no local data for escalade@https://registry.npmjs.org/escalade/-/escalade-3.2.0.tgz. Extracting by manifest.
676 silly tarball no local data for es-to-primitive@https://registry.npmjs.org/es-to-primitive/-/es-to-primitive-1.3.0.tgz. Extracting by manifest.
677 silly tarball no local data for es-shim-unscopables@https://registry.npmjs.org/es-shim-unscopables/-/es-shim-unscopables-1.1.0.tgz. Extracting by manifest.
678 silly tarball no local data for es-iterator-helpers@https://registry.npmjs.org/es-iterator-helpers/-/es-iterator-helpers-1.3.1.tgz. Extracting by manifest.
679 silly tarball no local data for es-errors@https://registry.npmjs.org/es-errors/-/es-errors-1.3.0.tgz. Extracting by manifest.
680 silly tarball no local data for es-set-tostringtag@https://registry.npmjs.org/es-set-tostringtag/-/es-set-tostringtag-2.1.0.tgz. Extracting by manifest.
681 silly tarball no local data for es-object-atoms@https://registry.npmjs.org/es-object-atoms/-/es-object-atoms-1.1.1.tgz. Extracting by manifest.
682 silly tarball no local data for es-abstract@https://registry.npmjs.org/es-abstract/-/es-abstract-1.24.2.tgz. Extracting by manifest.
683 silly tarball no local data for es-define-property@https://registry.npmjs.org/es-define-property/-/es-define-property-1.0.1.tgz. Extracting by manifest.
684 silly tarball no local data for error-ex@https://registry.npmjs.org/error-ex/-/error-ex-1.3.4.tgz. Extracting by manifest.
685 silly tarball no local data for error-stack-parser@https://registry.npmjs.org/error-stack-parser/-/error-stack-parser-2.1.4.tgz. Extracting by manifest.
686 silly tarball no local data for errorhandler@https://registry.npmjs.org/errorhandler/-/errorhandler-1.5.2.tgz. Extracting by manifest.
687 silly tarball no local data for envinfo@https://registry.npmjs.org/envinfo/-/envinfo-7.21.0.tgz. Extracting by manifest.
688 silly tarball no local data for env-editor@https://registry.npmjs.org/env-editor/-/env-editor-0.4.2.tgz. Extracting by manifest.
689 silly tarball no local data for entities@https://registry.npmjs.org/entities/-/entities-6.0.1.tgz. Extracting by manifest.
690 silly tarball no local data for enhanced-resolve@https://registry.npmjs.org/enhanced-resolve/-/enhanced-resolve-5.20.1.tgz. Extracting by manifest.
691 silly tarball no local data for end-of-stream@https://registry.npmjs.org/end-of-stream/-/end-of-stream-1.4.5.tgz. Extracting by manifest.
692 silly tarball no local data for encodeurl@https://registry.npmjs.org/encodeurl/-/encodeurl-1.0.2.tgz. Extracting by manifest.
693 silly tarball no local data for emoji-regex@https://registry.npmjs.org/emoji-regex/-/emoji-regex-8.0.0.tgz. Extracting by manifest.
694 silly tarball no local data for ee-first@https://registry.npmjs.org/ee-first/-/ee-first-1.1.1.tgz. Extracting by manifest.
695 silly tarball no local data for emittery@https://registry.npmjs.org/emittery/-/emittery-0.13.1.tgz. Extracting by manifest.
696 silly tarball no local data for electron-to-chromium@https://registry.npmjs.org/electron-to-chromium/-/electron-to-chromium-1.5.333.tgz. Extracting by manifest.
697 silly tarball no local data for dunder-proto@https://registry.npmjs.org/dunder-proto/-/dunder-proto-1.0.1.tgz. Extracting by manifest.
698 silly tarball no local data for dotenv@https://registry.npmjs.org/dotenv/-/dotenv-16.4.7.tgz. Extracting by manifest.
699 silly tarball no local data for dotenv-expand@https://registry.npmjs.org/dotenv-expand/-/dotenv-expand-11.0.7.tgz. Extracting by manifest.
700 silly tarball no local data for domexception@https://registry.npmjs.org/domexception/-/domexception-4.0.0.tgz. Extracting by manifest.
701 silly tarball no local data for doctrine@https://registry.npmjs.org/doctrine/-/doctrine-2.1.0.tgz. Extracting by manifest.
702 silly tarball no local data for detect-libc@https://registry.npmjs.org/detect-libc/-/detect-libc-1.0.3.tgz. Extracting by manifest.
703 silly tarball no local data for diff-sequences@https://registry.npmjs.org/diff-sequences/-/diff-sequences-29.6.3.tgz. Extracting by manifest.
704 silly tarball no local data for dir-glob@https://registry.npmjs.org/dir-glob/-/dir-glob-3.0.1.tgz. Extracting by manifest.
705 silly tarball no local data for detect-newline@https://registry.npmjs.org/detect-newline/-/detect-newline-3.1.0.tgz. Extracting by manifest.
706 silly tarball no local data for destroy@https://registry.npmjs.org/destroy/-/destroy-1.2.0.tgz. Extracting by manifest.
707 silly tarball no local data for depd@https://registry.npmjs.org/depd/-/depd-2.0.0.tgz. Extracting by manifest.
708 silly tarball no local data for deprecated-react-native-prop-types@https://registry.npmjs.org/deprecated-react-native-prop-types/-/deprecated-react-native-prop-types-5.0.0.tgz. Extracting by manifest.
709 silly tarball no local data for delayed-stream@https://registry.npmjs.org/delayed-stream/-/delayed-stream-1.0.0.tgz. Extracting by manifest.
710 silly tarball no local data for denodeify@https://registry.npmjs.org/denodeify/-/denodeify-1.2.1.tgz. Extracting by manifest.
711 silly tarball no local data for del@https://registry.npmjs.org/del/-/del-6.1.1.tgz. Extracting by manifest.
712 silly tarball no local data for define-properties@https://registry.npmjs.org/define-properties/-/define-properties-1.2.1.tgz. Extracting by manifest.
713 silly tarball no local data for define-data-property@https://registry.npmjs.org/define-data-property/-/define-data-property-1.1.4.tgz. Extracting by manifest.
714 silly tarball no local data for define-lazy-prop@https://registry.npmjs.org/define-lazy-prop/-/define-lazy-prop-2.0.0.tgz. Extracting by manifest.
715 silly tarball no local data for default-gateway@https://registry.npmjs.org/default-gateway/-/default-gateway-4.2.0.tgz. Extracting by manifest.
716 silly tarball no local data for defaults@https://registry.npmjs.org/defaults/-/defaults-1.0.4.tgz. Extracting by manifest.
717 silly tarball no local data for deepmerge@https://registry.npmjs.org/deepmerge/-/deepmerge-4.3.1.tgz. Extracting by manifest.
718 silly tarball no local data for deep-is@https://registry.npmjs.org/deep-is/-/deep-is-0.1.4.tgz. Extracting by manifest.
719 silly tarball no local data for decode-uri-component@https://registry.npmjs.org/decode-uri-component/-/decode-uri-component-0.2.2.tgz. Extracting by manifest.
720 silly tarball no local data for deep-extend@https://registry.npmjs.org/deep-extend/-/deep-extend-0.6.0.tgz. Extracting by manifest.
721 silly tarball no local data for dedent@https://registry.npmjs.org/dedent/-/dedent-1.7.2.tgz. Extracting by manifest.
722 silly tarball no local data for decimal.js@https://registry.npmjs.org/decimal.js/-/decimal.js-10.6.0.tgz. Extracting by manifest.
723 silly tarball no local data for decamelize@https://registry.npmjs.org/decamelize/-/decamelize-1.2.0.tgz. Extracting by manifest.
724 silly tarball no local data for debug@https://registry.npmjs.org/debug/-/debug-4.4.3.tgz. Extracting by manifest.
725 silly tarball no local data for dayjs@https://registry.npmjs.org/dayjs/-/dayjs-1.11.20.tgz. Extracting by manifest.
726 silly tarball no local data for data-view-byte-offset@https://registry.npmjs.org/data-view-byte-offset/-/data-view-byte-offset-1.0.1.tgz. Extracting by manifest.
727 silly tarball no local data for data-view-buffer@https://registry.npmjs.org/data-view-buffer/-/data-view-buffer-1.0.2.tgz. Extracting by manifest.
728 silly tarball no local data for data-urls@https://registry.npmjs.org/data-urls/-/data-urls-3.0.2.tgz. Extracting by manifest.
729 silly tarball no local data for dag-map@https://registry.npmjs.org/dag-map/-/dag-map-1.0.2.tgz. Extracting by manifest.
730 silly tarball no local data for csstype@https://registry.npmjs.org/csstype/-/csstype-3.2.3.tgz. Extracting by manifest.
731 silly tarball no local data for data-view-byte-length@https://registry.npmjs.org/data-view-byte-length/-/data-view-byte-length-1.0.2.tgz. Extracting by manifest.
732 silly tarball no local data for cssstyle@https://registry.npmjs.org/cssstyle/-/cssstyle-2.3.0.tgz. Extracting by manifest.
733 silly tarball no local data for cssom@https://registry.npmjs.org/cssom/-/cssom-0.5.0.tgz. Extracting by manifest.
734 silly tarball no local data for crypto-random-string@https://registry.npmjs.org/crypto-random-string/-/crypto-random-string-1.0.0.tgz. Extracting by manifest.
735 silly tarball no local data for crypt@https://registry.npmjs.org/crypt/-/crypt-0.0.2.tgz. Extracting by manifest.
736 silly tarball no local data for cross-spawn@https://registry.npmjs.org/cross-spawn/-/cross-spawn-6.0.6.tgz. Extracting by manifest.
737 silly tarball no local data for cross-fetch@https://registry.npmjs.org/cross-fetch/-/cross-fetch-3.2.0.tgz. Extracting by manifest.
738 silly tarball no local data for create-jest@https://registry.npmjs.org/create-jest/-/create-jest-29.7.0.tgz. Extracting by manifest.
739 silly tarball no local data for core-util-is@https://registry.npmjs.org/core-util-is/-/core-util-is-1.0.3.tgz. Extracting by manifest.
740 silly tarball no local data for cosmiconfig@https://registry.npmjs.org/cosmiconfig/-/cosmiconfig-5.2.1.tgz. Extracting by manifest.
741 silly tarball no local data for core-js-compat@https://registry.npmjs.org/core-js-compat/-/core-js-compat-3.49.0.tgz. Extracting by manifest.
742 silly tarball no local data for convert-source-map@https://registry.npmjs.org/convert-source-map/-/convert-source-map-2.0.0.tgz. Extracting by manifest.
743 silly tarball no local data for connect@https://registry.npmjs.org/connect/-/connect-3.7.0.tgz. Extracting by manifest.
744 silly tarball no local data for concat-map@https://registry.npmjs.org/concat-map/-/concat-map-0.0.1.tgz. Extracting by manifest.
745 silly tarball no local data for compression@https://registry.npmjs.org/compression/-/compression-1.8.1.tgz. Extracting by manifest.
746 silly tarball no local data for compressible@https://registry.npmjs.org/compressible/-/compressible-2.0.18.tgz. Extracting by manifest.
747 silly tarball no local data for component-type@https://registry.npmjs.org/component-type/-/component-type-1.2.2.tgz. Extracting by manifest.
748 silly tarball no local data for commondir@https://registry.npmjs.org/commondir/-/commondir-1.0.1.tgz. Extracting by manifest.
749 silly tarball no local data for command-exists@https://registry.npmjs.org/command-exists/-/command-exists-1.2.9.tgz. Extracting by manifest.
750 silly tarball no local data for combined-stream@https://registry.npmjs.org/combined-stream/-/combined-stream-1.0.8.tgz. Extracting by manifest.
751 silly tarball no local data for commander@https://registry.npmjs.org/commander/-/commander-7.2.0.tgz. Extracting by manifest.
752 silly tarball no local data for colorette@https://registry.npmjs.org/colorette/-/colorette-1.4.0.tgz. Extracting by manifest.
753 silly tarball no local data for color-name@https://registry.npmjs.org/color-name/-/color-name-1.1.4.tgz. Extracting by manifest.
754 silly tarball no local data for color-convert@https://registry.npmjs.org/color-convert/-/color-convert-2.0.1.tgz. Extracting by manifest.
755 silly tarball no local data for color-string@https://registry.npmjs.org/color-string/-/color-string-1.9.1.tgz. Extracting by manifest.
756 silly tarball no local data for color@https://registry.npmjs.org/color/-/color-4.2.3.tgz. Extracting by manifest.
757 silly tarball no local data for collect-v8-coverage@https://registry.npmjs.org/collect-v8-coverage/-/collect-v8-coverage-1.0.3.tgz. Extracting by manifest.
758 silly tarball no local data for co@https://registry.npmjs.org/co/-/co-4.6.0.tgz. Extracting by manifest.
759 silly tarball no local data for clone-deep@https://registry.npmjs.org/clone-deep/-/clone-deep-4.0.1.tgz. Extracting by manifest.
760 silly tarball no local data for clone@https://registry.npmjs.org/clone/-/clone-2.1.2.tgz. Extracting by manifest.
761 silly tarball no local data for cliui@https://registry.npmjs.org/cliui/-/cliui-8.0.1.tgz. Extracting by manifest.
762 silly tarball no local data for cli-spinners@https://registry.npmjs.org/cli-spinners/-/cli-spinners-2.9.2.tgz. Extracting by manifest.
763 silly tarball no local data for cjs-module-lexer@https://registry.npmjs.org/cjs-module-lexer/-/cjs-module-lexer-1.4.3.tgz. Extracting by manifest.
764 silly tarball no local data for ci-info@https://registry.npmjs.org/ci-info/-/ci-info-3.9.0.tgz. Extracting by manifest.
765 silly tarball no local data for cli-cursor@https://registry.npmjs.org/cli-cursor/-/cli-cursor-2.1.0.tgz. Extracting by manifest.
766 silly tarball no local data for clean-stack@https://registry.npmjs.org/clean-stack/-/clean-stack-2.2.0.tgz. Extracting by manifest.
767 silly tarball no local data for chromium-edge-launcher@https://registry.npmjs.org/chromium-edge-launcher/-/chromium-edge-launcher-1.0.0.tgz. Extracting by manifest.
768 silly tarball no local data for chrome-launcher@https://registry.npmjs.org/chrome-launcher/-/chrome-launcher-0.15.2.tgz. Extracting by manifest.
769 silly tarball no local data for chownr@https://registry.npmjs.org/chownr/-/chownr-2.0.0.tgz. Extracting by manifest.
770 silly tarball no local data for chokidar@https://registry.npmjs.org/chokidar/-/chokidar-3.6.0.tgz. Extracting by manifest.
771 silly tarball no local data for charenc@https://registry.npmjs.org/charenc/-/charenc-0.0.2.tgz. Extracting by manifest.
772 silly tarball no local data for char-regex@https://registry.npmjs.org/char-regex/-/char-regex-1.0.2.tgz. Extracting by manifest.
773 silly tarball no local data for caniuse-lite@https://registry.npmjs.org/caniuse-lite/-/caniuse-lite-1.0.30001787.tgz. Extracting by manifest.
774 silly tarball no local data for camelcase@https://registry.npmjs.org/camelcase/-/camelcase-5.3.1.tgz. Extracting by manifest.
775 silly tarball no local data for chalk@https://registry.npmjs.org/chalk/-/chalk-4.1.2.tgz. Extracting by manifest.
776 silly tarball no local data for callsites@https://registry.npmjs.org/callsites/-/callsites-3.1.0.tgz. Extracting by manifest.
777 silly tarball no local data for caller-path@https://registry.npmjs.org/caller-path/-/caller-path-2.0.0.tgz. Extracting by manifest.
778 silly tarball no local data for call-bound@https://registry.npmjs.org/call-bound/-/call-bound-1.0.4.tgz. Extracting by manifest.
779 silly tarball no local data for call-bind-apply-helpers@https://registry.npmjs.org/call-bind-apply-helpers/-/call-bind-apply-helpers-1.0.2.tgz. Extracting by manifest.
780 silly tarball no local data for caller-callsite@https://registry.npmjs.org/caller-callsite/-/caller-callsite-2.0.0.tgz. Extracting by manifest.
781 silly tarball no local data for cacache@https://registry.npmjs.org/cacache/-/cacache-15.3.0.tgz. Extracting by manifest.
782 silly tarball no local data for call-bind@https://registry.npmjs.org/call-bind/-/call-bind-1.0.8.tgz. Extracting by manifest.
783 silly tarball no local data for builtins@https://registry.npmjs.org/builtins/-/builtins-1.0.3.tgz. Extracting by manifest.
784 silly tarball no local data for bytes@https://registry.npmjs.org/bytes/-/bytes-3.1.2.tgz. Extracting by manifest.
785 silly tarball no local data for buffer-from@https://registry.npmjs.org/buffer-from/-/buffer-from-1.1.2.tgz. Extracting by manifest.
786 silly tarball no local data for buffer-fill@https://registry.npmjs.org/buffer-fill/-/buffer-fill-1.0.0.tgz. Extracting by manifest.
787 silly tarball no local data for buffer-alloc@https://registry.npmjs.org/buffer-alloc/-/buffer-alloc-1.2.0.tgz. Extracting by manifest.
788 silly tarball no local data for buffer-alloc-unsafe@https://registry.npmjs.org/buffer-alloc-unsafe/-/buffer-alloc-unsafe-1.1.0.tgz. Extracting by manifest.
789 silly tarball no local data for buffer@https://registry.npmjs.org/buffer/-/buffer-5.7.1.tgz. Extracting by manifest.
790 silly tarball no local data for bser@https://registry.npmjs.org/bser/-/bser-2.1.1.tgz. Extracting by manifest.
791 silly tarball no local data for bs-logger@https://registry.npmjs.org/bs-logger/-/bs-logger-0.2.6.tgz. Extracting by manifest.
792 silly tarball no local data for browserslist@https://registry.npmjs.org/browserslist/-/browserslist-4.28.2.tgz. Extracting by manifest.
793 silly tarball no local data for braces@https://registry.npmjs.org/braces/-/braces-3.0.3.tgz. Extracting by manifest.
794 silly tarball no local data for brace-expansion@https://registry.npmjs.org/brace-expansion/-/brace-expansion-1.1.13.tgz. Extracting by manifest.
795 silly tarball no local data for bplist-parser@https://registry.npmjs.org/bplist-parser/-/bplist-parser-0.3.2.tgz. Extracting by manifest.
796 silly tarball no local data for blueimp-md5@https://registry.npmjs.org/blueimp-md5/-/blueimp-md5-2.19.0.tgz. Extracting by manifest.
797 silly tarball no local data for bplist-creator@https://registry.npmjs.org/bplist-creator/-/bplist-creator-0.1.0.tgz. Extracting by manifest.
798 silly tarball no local data for bl@https://registry.npmjs.org/bl/-/bl-4.1.0.tgz. Extracting by manifest.
799 silly tarball no local data for binary-extensions@https://registry.npmjs.org/binary-extensions/-/binary-extensions-2.3.0.tgz. Extracting by manifest.
800 silly tarball no local data for better-opn@https://registry.npmjs.org/better-opn/-/better-opn-3.0.2.tgz. Extracting by manifest.
801 silly tarball no local data for big-integer@https://registry.npmjs.org/big-integer/-/big-integer-1.6.52.tgz. Extracting by manifest.
802 silly tarball no local data for baseline-browser-mapping@https://registry.npmjs.org/baseline-browser-mapping/-/baseline-browser-mapping-2.10.16.tgz. Extracting by manifest.
803 silly tarball no local data for balanced-match@https://registry.npmjs.org/balanced-match/-/balanced-match-1.0.2.tgz. Extracting by manifest.
804 silly tarball no local data for badgin@https://registry.npmjs.org/badgin/-/badgin-1.2.3.tgz. Extracting by manifest.
805 silly tarball no local data for babel-preset-jest@https://registry.npmjs.org/babel-preset-jest/-/babel-preset-jest-29.6.3.tgz. Extracting by manifest.
806 silly tarball no local data for base64-js@https://registry.npmjs.org/base64-js/-/base64-js-1.5.1.tgz. Extracting by manifest.
807 silly tarball no local data for babel-preset-current-node-syntax@https://registry.npmjs.org/babel-preset-current-node-syntax/-/babel-preset-current-node-syntax-1.2.0.tgz. Extracting by manifest.
808 silly tarball no local data for babel-preset-fbjs@https://registry.npmjs.org/babel-preset-fbjs/-/babel-preset-fbjs-3.4.0.tgz. Extracting by manifest.
809 silly tarball no local data for babel-preset-expo@https://registry.npmjs.org/babel-preset-expo/-/babel-preset-expo-10.0.2.tgz. Extracting by manifest.
810 silly tarball no local data for babel-plugin-transform-flow-enums@https://registry.npmjs.org/babel-plugin-transform-flow-enums/-/babel-plugin-transform-flow-enums-0.0.2.tgz. Extracting by manifest.
811 silly tarball no local data for babel-plugin-syntax-trailing-function-commas@https://registry.npmjs.org/babel-plugin-syntax-trailing-function-commas/-/babel-plugin-syntax-trailing-function-commas-7.0.0-beta.0.tgz. Extracting by manifest.
812 silly tarball no local data for babel-plugin-react-compiler@https://registry.npmjs.org/babel-plugin-react-compiler/-/babel-plugin-react-compiler-1.0.0.tgz. Extracting by manifest.
813 silly tarball no local data for babel-plugin-syntax-hermes-parser@https://registry.npmjs.org/babel-plugin-syntax-hermes-parser/-/babel-plugin-syntax-hermes-parser-0.33.3.tgz. Extracting by manifest.
814 silly tarball no local data for babel-plugin-react-native-web@https://registry.npmjs.org/babel-plugin-react-native-web/-/babel-plugin-react-native-web-0.18.12.tgz. Extracting by manifest.
815 silly tarball no local data for babel-plugin-polyfill-corejs3@https://registry.npmjs.org/babel-plugin-polyfill-corejs3/-/babel-plugin-polyfill-corejs3-0.13.0.tgz. Extracting by manifest.
816 silly tarball no local data for babel-plugin-polyfill-regenerator@https://registry.npmjs.org/babel-plugin-polyfill-regenerator/-/babel-plugin-polyfill-regenerator-0.6.8.tgz. Extracting by manifest.
817 silly tarball no local data for babel-plugin-polyfill-corejs2@https://registry.npmjs.org/babel-plugin-polyfill-corejs2/-/babel-plugin-polyfill-corejs2-0.4.17.tgz. Extracting by manifest.
818 silly tarball no local data for babel-plugin-dynamic-import-node@https://registry.npmjs.org/babel-plugin-dynamic-import-node/-/babel-plugin-dynamic-import-node-2.3.3.tgz. Extracting by manifest.
819 silly tarball no local data for babel-plugin-jest-hoist@https://registry.npmjs.org/babel-plugin-jest-hoist/-/babel-plugin-jest-hoist-29.6.3.tgz. Extracting by manifest.
820 silly tarball no local data for babel-plugin-istanbul@https://registry.npmjs.org/babel-plugin-istanbul/-/babel-plugin-istanbul-6.1.1.tgz. Extracting by manifest.
821 silly tarball no local data for babel-core@https://registry.npmjs.org/babel-core/-/babel-core-7.0.0-bridge.0.tgz. Extracting by manifest.
822 silly tarball no local data for babel-jest@https://registry.npmjs.org/babel-jest/-/babel-jest-29.7.0.tgz. Extracting by manifest.
823 silly tarball no local data for available-typed-arrays@https://registry.npmjs.org/available-typed-arrays/-/available-typed-arrays-1.0.7.tgz. Extracting by manifest.
824 silly tarball no local data for at-least-node@https://registry.npmjs.org/at-least-node/-/at-least-node-1.0.0.tgz. Extracting by manifest.
825 silly tarball no local data for axios@https://registry.npmjs.org/axios/-/axios-1.14.0.tgz. Extracting by manifest.
826 silly tarball no local data for asynckit@https://registry.npmjs.org/asynckit/-/asynckit-0.4.0.tgz. Extracting by manifest.
827 silly tarball no local data for async-limiter@https://registry.npmjs.org/async-limiter/-/async-limiter-1.0.1.tgz. Extracting by manifest.
828 silly tarball no local data for async-function@https://registry.npmjs.org/async-function/-/async-function-1.0.0.tgz. Extracting by manifest.
829 silly tarball no local data for astral-regex@https://registry.npmjs.org/astral-regex/-/astral-regex-1.0.0.tgz. Extracting by manifest.
830 silly tarball no local data for arraybuffer.prototype.slice@https://registry.npmjs.org/arraybuffer.prototype.slice/-/arraybuffer.prototype.slice-1.0.4.tgz. Extracting by manifest.
831 silly tarball no local data for array.prototype.tosorted@https://registry.npmjs.org/array.prototype.tosorted/-/array.prototype.tosorted-1.1.4.tgz. Extracting by manifest.
832 silly tarball no local data for ast-types@https://registry.npmjs.org/ast-types/-/ast-types-0.15.2.tgz. Extracting by manifest.
833 silly tarball no local data for assert@https://registry.npmjs.org/assert/-/assert-2.1.0.tgz. Extracting by manifest.
834 silly tarball no local data for array.prototype.flatmap@https://registry.npmjs.org/array.prototype.flatmap/-/array.prototype.flatmap-1.3.3.tgz. Extracting by manifest.
835 silly tarball no local data for asap@https://registry.npmjs.org/asap/-/asap-2.0.6.tgz. Extracting by manifest.
836 silly tarball no local data for array.prototype.findlastindex@https://registry.npmjs.org/array.prototype.findlastindex/-/array.prototype.findlastindex-1.2.6.tgz. Extracting by manifest.
837 silly tarball no local data for array-union@https://registry.npmjs.org/array-union/-/array-union-2.1.0.tgz. Extracting by manifest.
838 silly tarball no local data for array.prototype.findlast@https://registry.npmjs.org/array.prototype.findlast/-/array.prototype.findlast-1.2.5.tgz. Extracting by manifest.
839 silly tarball no local data for array.prototype.flat@https://registry.npmjs.org/array.prototype.flat/-/array.prototype.flat-1.3.3.tgz. Extracting by manifest.
840 silly tarball no local data for argparse@https://registry.npmjs.org/argparse/-/argparse-1.0.10.tgz. Extracting by manifest.
841 silly tarball no local data for array-buffer-byte-length@https://registry.npmjs.org/array-buffer-byte-length/-/array-buffer-byte-length-1.0.2.tgz. Extracting by manifest.
842 silly tarball no local data for array-includes@https://registry.npmjs.org/array-includes/-/array-includes-3.1.9.tgz. Extracting by manifest.
843 silly tarball no local data for arg@https://registry.npmjs.org/arg/-/arg-5.0.2.tgz. Extracting by manifest.
844 silly tarball no local data for any-promise@https://registry.npmjs.org/any-promise/-/any-promise-1.3.0.tgz. Extracting by manifest.
845 silly tarball no local data for ansi-styles@https://registry.npmjs.org/ansi-styles/-/ansi-styles-4.3.0.tgz. Extracting by manifest.
846 silly tarball no local data for appdirsjs@https://registry.npmjs.org/appdirsjs/-/appdirsjs-1.2.7.tgz. Extracting by manifest.
847 silly tarball no local data for anymatch@https://registry.npmjs.org/anymatch/-/anymatch-3.1.3.tgz. Extracting by manifest.
848 silly tarball no local data for ansi-escapes@https://registry.npmjs.org/ansi-escapes/-/ansi-escapes-4.3.2.tgz. Extracting by manifest.
849 silly tarball no local data for ansi-regex@https://registry.npmjs.org/ansi-regex/-/ansi-regex-5.0.1.tgz. Extracting by manifest.
850 silly tarball no local data for anser@https://registry.npmjs.org/anser/-/anser-1.4.10.tgz. Extracting by manifest.
851 silly tarball no local data for ansi-fragments@https://registry.npmjs.org/ansi-fragments/-/ansi-fragments-0.2.1.tgz. Extracting by manifest.
852 silly tarball no local data for ajv@https://registry.npmjs.org/ajv/-/ajv-8.11.0.tgz. Extracting by manifest.
853 silly tarball no local data for aggregate-error@https://registry.npmjs.org/aggregate-error/-/aggregate-error-3.1.0.tgz. Extracting by manifest.
854 silly tarball no local data for acorn-walk@https://registry.npmjs.org/acorn-walk/-/acorn-walk-8.3.5.tgz. Extracting by manifest.
855 silly tarball no local data for acorn-jsx@https://registry.npmjs.org/acorn-jsx/-/acorn-jsx-5.3.2.tgz. Extracting by manifest.
856 silly tarball no local data for agent-base@https://registry.npmjs.org/agent-base/-/agent-base-6.0.2.tgz. Extracting by manifest.
857 silly tarball no local data for acorn@https://registry.npmjs.org/acorn/-/acorn-8.16.0.tgz. Extracting by manifest.
858 silly tarball no local data for acorn-globals@https://registry.npmjs.org/acorn-globals/-/acorn-globals-7.0.1.tgz. Extracting by manifest.
859 silly tarball no local data for abab@https://registry.npmjs.org/abab/-/abab-2.0.6.tgz. Extracting by manifest.
860 silly tarball no local data for accepts@https://registry.npmjs.org/accepts/-/accepts-1.3.8.tgz. Extracting by manifest.
861 silly tarball no local data for abort-controller@https://registry.npmjs.org/abort-controller/-/abort-controller-3.0.0.tgz. Extracting by manifest.
862 silly tarball no local data for @typescript-eslint/visitor-keys@https://registry.npmjs.org/@typescript-eslint/visitor-keys/-/visitor-keys-8.58.1.tgz. Extracting by manifest.
863 silly tarball no local data for @xmldom/xmldom@https://registry.npmjs.org/@xmldom/xmldom/-/xmldom-0.7.13.tgz. Extracting by manifest.
864 silly tarball no local data for @urql/core@https://registry.npmjs.org/@urql/core/-/core-2.3.6.tgz. Extracting by manifest.
865 silly tarball no local data for @urql/exchange-retry@https://registry.npmjs.org/@urql/exchange-retry/-/exchange-retry-0.3.0.tgz. Extracting by manifest.
866 silly tarball no local data for @typescript-eslint/types@https://registry.npmjs.org/@typescript-eslint/types/-/types-8.58.1.tgz. Extracting by manifest.
867 silly tarball no local data for @typescript-eslint/typescript-estree@https://registry.npmjs.org/@typescript-eslint/typescript-estree/-/typescript-estree-8.58.1.tgz. Extracting by manifest.
868 silly tarball no local data for @typescript-eslint/utils@https://registry.npmjs.org/@typescript-eslint/utils/-/utils-8.58.1.tgz. Extracting by manifest.
869 silly tarball no local data for @typescript-eslint/tsconfig-utils@https://registry.npmjs.org/@typescript-eslint/tsconfig-utils/-/tsconfig-utils-8.58.1.tgz. Extracting by manifest.
870 silly tarball no local data for @typescript-eslint/scope-manager@https://registry.npmjs.org/@typescript-eslint/scope-manager/-/scope-manager-8.58.1.tgz. Extracting by manifest.
871 silly tarball no local data for @typescript-eslint/type-utils@https://registry.npmjs.org/@typescript-eslint/type-utils/-/type-utils-8.58.1.tgz. Extracting by manifest.
872 silly tarball no local data for @typescript-eslint/project-service@https://registry.npmjs.org/@typescript-eslint/project-service/-/project-service-8.58.1.tgz. Extracting by manifest.
873 silly tarball no local data for @typescript-eslint/eslint-plugin@https://registry.npmjs.org/@typescript-eslint/eslint-plugin/-/eslint-plugin-8.58.1.tgz. Extracting by manifest.
874 silly tarball no local data for @typescript-eslint/parser@https://registry.npmjs.org/@typescript-eslint/parser/-/parser-8.58.1.tgz. Extracting by manifest.
875 silly tarball no local data for @types/yargs-parser@https://registry.npmjs.org/@types/yargs-parser/-/yargs-parser-21.0.3.tgz. Extracting by manifest.
876 silly tarball no local data for @types/yargs@https://registry.npmjs.org/@types/yargs/-/yargs-17.0.35.tgz. Extracting by manifest.
877 silly tarball no local data for @types/tough-cookie@https://registry.npmjs.org/@types/tough-cookie/-/tough-cookie-4.0.5.tgz. Extracting by manifest.
878 silly tarball no local data for @types/stack-utils@https://registry.npmjs.org/@types/stack-utils/-/stack-utils-2.0.3.tgz. Extracting by manifest.
879 silly tarball no local data for @types/prop-types@https://registry.npmjs.org/@types/prop-types/-/prop-types-15.7.15.tgz. Extracting by manifest.
880 silly tarball no local data for @types/node@https://registry.npmjs.org/@types/node/-/node-25.5.2.tgz. Extracting by manifest.
881 silly tarball no local data for @types/react@https://registry.npmjs.org/@types/react/-/react-18.2.79.tgz. Extracting by manifest.
882 silly tarball no local data for @types/json-schema@https://registry.npmjs.org/@types/json-schema/-/json-schema-7.0.15.tgz. Extracting by manifest.
883 silly tarball no local data for @types/json5@https://registry.npmjs.org/@types/json5/-/json5-0.0.29.tgz. Extracting by manifest.
884 silly tarball no local data for @types/jsdom@https://registry.npmjs.org/@types/jsdom/-/jsdom-20.0.1.tgz. Extracting by manifest.
885 silly tarball no local data for @types/jest@https://registry.npmjs.org/@types/jest/-/jest-29.5.14.tgz. Extracting by manifest.
886 silly tarball no local data for @types/hammerjs@https://registry.npmjs.org/@types/hammerjs/-/hammerjs-2.0.46.tgz. Extracting by manifest.
887 silly tarball no local data for @types/istanbul-reports@https://registry.npmjs.org/@types/istanbul-reports/-/istanbul-reports-3.0.4.tgz. Extracting by manifest.
888 silly tarball no local data for @types/istanbul-lib-report@https://registry.npmjs.org/@types/istanbul-lib-report/-/istanbul-lib-report-3.0.3.tgz. Extracting by manifest.
889 silly tarball no local data for @types/istanbul-lib-coverage@https://registry.npmjs.org/@types/istanbul-lib-coverage/-/istanbul-lib-coverage-2.0.6.tgz. Extracting by manifest.
890 silly tarball no local data for @types/estree@https://registry.npmjs.org/@types/estree/-/estree-1.0.8.tgz. Extracting by manifest.
891 silly tarball no local data for @types/babel__traverse@https://registry.npmjs.org/@types/babel__traverse/-/babel__traverse-7.28.0.tgz. Extracting by manifest.
892 silly tarball no local data for @types/graceful-fs@https://registry.npmjs.org/@types/graceful-fs/-/graceful-fs-4.1.9.tgz. Extracting by manifest.
893 silly tarball no local data for @types/babel__template@https://registry.npmjs.org/@types/babel__template/-/babel__template-7.4.4.tgz. Extracting by manifest.
894 silly tarball no local data for @types/babel__generator@https://registry.npmjs.org/@types/babel__generator/-/babel__generator-7.27.0.tgz. Extracting by manifest.
895 silly tarball no local data for @types/babel__core@https://registry.npmjs.org/@types/babel__core/-/babel__core-7.20.5.tgz. Extracting by manifest.
896 silly tarball no local data for @tootallnate/once@https://registry.npmjs.org/@tootallnate/once/-/once-2.0.0.tgz. Extracting by manifest.
897 silly tarball no local data for @tsconfig/node18@https://registry.npmjs.org/@tsconfig/node18/-/node18-18.2.6.tgz. Extracting by manifest.
898 silly tarball no local data for @sinonjs/commons@https://registry.npmjs.org/@sinonjs/commons/-/commons-3.0.1.tgz. Extracting by manifest.
899 silly tarball no local data for @sinonjs/fake-timers@https://registry.npmjs.org/@sinonjs/fake-timers/-/fake-timers-10.3.0.tgz. Extracting by manifest.
900 silly tarball no local data for @rtsao/scc@https://registry.npmjs.org/@rtsao/scc/-/scc-1.1.0.tgz. Extracting by manifest.
901 silly tarball no local data for @segment/loosely-validate-event@https://registry.npmjs.org/@segment/loosely-validate-event/-/loosely-validate-event-2.0.0.tgz. Extracting by manifest.
902 silly tarball no local data for @sinclair/typebox@https://registry.npmjs.org/@sinclair/typebox/-/typebox-0.27.10.tgz. Extracting by manifest.
903 silly tarball no local data for @sideway/pinpoint@https://registry.npmjs.org/@sideway/pinpoint/-/pinpoint-2.0.0.tgz. Extracting by manifest.
904 silly tarball no local data for @sideway/address@https://registry.npmjs.org/@sideway/address/-/address-4.1.5.tgz. Extracting by manifest.
905 silly tarball no local data for @react-navigation/routers@https://registry.npmjs.org/@react-navigation/routers/-/routers-6.1.9.tgz. Extracting by manifest.
906 silly tarball no local data for @sideway/formula@https://registry.npmjs.org/@sideway/formula/-/formula-3.0.1.tgz. Extracting by manifest.
907 silly tarball no local data for @react-navigation/stack@https://registry.npmjs.org/@react-navigation/stack/-/stack-6.4.1.tgz. Extracting by manifest.
908 silly tarball no local data for @react-navigation/native@https://registry.npmjs.org/@react-navigation/native/-/native-6.1.18.tgz. Extracting by manifest.
909 silly tarball no local data for @react-navigation/elements@https://registry.npmjs.org/@react-navigation/elements/-/elements-1.3.31.tgz. Extracting by manifest.
910 silly tarball no local data for @react-navigation/core@https://registry.npmjs.org/@react-navigation/core/-/core-6.4.17.tgz. Extracting by manifest.
911 silly tarball no local data for @react-native/normalize-color@https://registry.npmjs.org/@react-native/normalize-color/-/normalize-color-2.1.0.tgz. Extracting by manifest.
912 silly tarball no local data for @react-native/virtualized-lists@https://registry.npmjs.org/@react-native/virtualized-lists/-/virtualized-lists-0.73.4.tgz. Extracting by manifest.
913 silly tarball no local data for @react-native/metro-babel-transformer@https://registry.npmjs.org/@react-native/metro-babel-transformer/-/metro-babel-transformer-0.73.15.tgz. Extracting by manifest.
914 silly tarball no local data for @react-native/normalize-colors@https://registry.npmjs.org/@react-native/normalize-colors/-/normalize-colors-0.73.2.tgz. Extracting by manifest.
915 silly tarball no local data for @react-native/js-polyfills@https://registry.npmjs.org/@react-native/js-polyfills/-/js-polyfills-0.73.1.tgz. Extracting by manifest.
916 silly tarball no local data for @react-native/dev-middleware@https://registry.npmjs.org/@react-native/dev-middleware/-/dev-middleware-0.73.8.tgz. Extracting by manifest.
917 silly tarball no local data for @react-native/gradle-plugin@https://registry.npmjs.org/@react-native/gradle-plugin/-/gradle-plugin-0.73.4.tgz. Extracting by manifest.
918 silly tarball no local data for @react-native/debugger-frontend@https://registry.npmjs.org/@react-native/debugger-frontend/-/debugger-frontend-0.73.3.tgz. Extracting by manifest.
919 silly tarball no local data for @react-native/codegen@https://registry.npmjs.org/@react-native/codegen/-/codegen-0.85.0.tgz. Extracting by manifest.
920 silly tarball no local data for @react-native/community-cli-plugin@https://registry.npmjs.org/@react-native/community-cli-plugin/-/community-cli-plugin-0.73.17.tgz. Extracting by manifest.
921 silly tarball no local data for @react-native/babel-plugin-codegen@https://registry.npmjs.org/@react-native/babel-plugin-codegen/-/babel-plugin-codegen-0.85.0.tgz. Extracting by manifest.
922 silly tarball no local data for @react-native/babel-preset@https://registry.npmjs.org/@react-native/babel-preset/-/babel-preset-0.85.0.tgz. Extracting by manifest.
923 silly tarball no local data for @react-native/assets-registry@https://registry.npmjs.org/@react-native/assets-registry/-/assets-registry-0.73.1.tgz. Extracting by manifest.
924 silly tarball no local data for @react-native-community/cli-tools@https://registry.npmjs.org/@react-native-community/cli-tools/-/cli-tools-12.3.6.tgz. Extracting by manifest.
925 silly tarball no local data for @react-native-community/cli-types@https://registry.npmjs.org/@react-native-community/cli-types/-/cli-types-12.3.6.tgz. Extracting by manifest.
926 silly tarball no local data for @react-native-community/cli-server-api@https://registry.npmjs.org/@react-native-community/cli-server-api/-/cli-server-api-12.3.6.tgz. Extracting by manifest.
927 silly tarball no local data for @react-native-community/cli-plugin-metro@https://registry.npmjs.org/@react-native-community/cli-plugin-metro/-/cli-plugin-metro-12.3.6.tgz. Extracting by manifest.
928 silly tarball no local data for @react-native-community/cli-platform-ios@https://registry.npmjs.org/@react-native-community/cli-platform-ios/-/cli-platform-ios-12.3.6.tgz. Extracting by manifest.
929 silly tarball no local data for @react-native-community/cli-doctor@https://registry.npmjs.org/@react-native-community/cli-doctor/-/cli-doctor-12.3.6.tgz. Extracting by manifest.
930 silly tarball no local data for @react-native-community/cli-debugger-ui@https://registry.npmjs.org/@react-native-community/cli-debugger-ui/-/cli-debugger-ui-12.3.6.tgz. Extracting by manifest.
931 silly tarball no local data for @react-native-community/cli-hermes@https://registry.npmjs.org/@react-native-community/cli-hermes/-/cli-hermes-12.3.6.tgz. Extracting by manifest.
932 silly tarball no local data for @react-native-community/cli-platform-android@https://registry.npmjs.org/@react-native-community/cli-platform-android/-/cli-platform-android-12.3.6.tgz. Extracting by manifest.
933 silly tarball no local data for @react-native-community/cli-config@https://registry.npmjs.org/@react-native-community/cli-config/-/cli-config-12.3.6.tgz. Extracting by manifest.
934 silly tarball no local data for @react-native-community/cli@https://registry.npmjs.org/@react-native-community/cli/-/cli-12.3.6.tgz. Extracting by manifest.
935 silly tarball no local data for @npmcli/move-file@https://registry.npmjs.org/@npmcli/move-file/-/move-file-1.1.2.tgz. Extracting by manifest.
936 silly tarball no local data for @react-native-async-storage/async-storage@https://registry.npmjs.org/@react-native-async-storage/async-storage/-/async-storage-1.21.0.tgz. Extracting by manifest.
937 silly tarball no local data for @react-native-community/cli-clean@https://registry.npmjs.org/@react-native-community/cli-clean/-/cli-clean-12.3.6.tgz. Extracting by manifest.
938 silly tarball no local data for @npmcli/fs@https://registry.npmjs.org/@npmcli/fs/-/fs-1.1.1.tgz. Extracting by manifest.
939 silly tarball no local data for @pkgr/core@https://registry.npmjs.org/@pkgr/core/-/core-0.2.9.tgz. Extracting by manifest.
940 silly tarball no local data for @jridgewell/sourcemap-codec@https://registry.npmjs.org/@jridgewell/sourcemap-codec/-/sourcemap-codec-1.5.5.tgz. Extracting by manifest.
941 silly tarball no local data for @nicolo-ribaudo/chokidar-2@https://registry.npmjs.org/@nicolo-ribaudo/chokidar-2/-/chokidar-2-2.1.8-no-fsevents.3.tgz. Extracting by manifest.
942 silly tarball no local data for @jridgewell/trace-mapping@https://registry.npmjs.org/@jridgewell/trace-mapping/-/trace-mapping-0.3.31.tgz. Extracting by manifest.
943 silly tarball no local data for @jridgewell/source-map@https://registry.npmjs.org/@jridgewell/source-map/-/source-map-0.3.11.tgz. Extracting by manifest.
944 silly tarball no local data for @jridgewell/resolve-uri@https://registry.npmjs.org/@jridgewell/resolve-uri/-/resolve-uri-3.1.2.tgz. Extracting by manifest.
945 silly tarball no local data for @nodelib/fs.walk@https://registry.npmjs.org/@nodelib/fs.walk/-/fs.walk-1.2.8.tgz. Extracting by manifest.
946 silly tarball no local data for @jridgewell/remapping@https://registry.npmjs.org/@jridgewell/remapping/-/remapping-2.3.5.tgz. Extracting by manifest.
947 silly tarball no local data for @nodelib/fs.stat@https://registry.npmjs.org/@nodelib/fs.stat/-/fs.stat-2.0.5.tgz. Extracting by manifest.
948 silly tarball no local data for @jridgewell/gen-mapping@https://registry.npmjs.org/@jridgewell/gen-mapping/-/gen-mapping-0.3.13.tgz. Extracting by manifest.
949 silly tarball no local data for @jest/types@https://registry.npmjs.org/@jest/types/-/types-29.6.3.tgz. Extracting by manifest.
950 silly tarball no local data for @jest/transform@https://registry.npmjs.org/@jest/transform/-/transform-29.7.0.tgz. Extracting by manifest.
951 silly tarball no local data for @nodelib/fs.scandir@https://registry.npmjs.org/@nodelib/fs.scandir/-/fs.scandir-2.1.5.tgz. Extracting by manifest.
952 silly tarball no local data for @jest/source-map@https://registry.npmjs.org/@jest/source-map/-/source-map-29.6.3.tgz. Extracting by manifest.
953 silly tarball no local data for @jest/test-result@https://registry.npmjs.org/@jest/test-result/-/test-result-29.7.0.tgz. Extracting by manifest.
954 silly tarball no local data for @jest/schemas@https://registry.npmjs.org/@jest/schemas/-/schemas-29.6.3.tgz. Extracting by manifest.
955 silly tarball no local data for @jest/test-sequencer@https://registry.npmjs.org/@jest/test-sequencer/-/test-sequencer-29.7.0.tgz. Extracting by manifest.
956 silly tarball no local data for @jest/reporters@https://registry.npmjs.org/@jest/reporters/-/reporters-29.7.0.tgz. Extracting by manifest.
957 silly tarball no local data for @jest/get-type@https://registry.npmjs.org/@jest/get-type/-/get-type-30.1.0.tgz. Extracting by manifest.
958 silly tarball no local data for @jest/expect@https://registry.npmjs.org/@jest/expect/-/expect-29.7.0.tgz. Extracting by manifest.
959 silly tarball no local data for @jest/globals@https://registry.npmjs.org/@jest/globals/-/globals-29.7.0.tgz. Extracting by manifest.
960 silly tarball no local data for @jest/expect-utils@https://registry.npmjs.org/@jest/expect-utils/-/expect-utils-29.7.0.tgz. Extracting by manifest.
961 silly tarball no local data for @jest/environment@https://registry.npmjs.org/@jest/environment/-/environment-29.7.0.tgz. Extracting by manifest.
962 silly tarball no local data for @jest/diff-sequences@https://registry.npmjs.org/@jest/diff-sequences/-/diff-sequences-30.3.0.tgz. Extracting by manifest.
963 silly tarball no local data for @jest/fake-timers@https://registry.npmjs.org/@jest/fake-timers/-/fake-timers-29.7.0.tgz. Extracting by manifest.
964 silly tarball no local data for @jest/core@https://registry.npmjs.org/@jest/core/-/core-29.7.0.tgz. Extracting by manifest.
965 silly tarball no local data for @jest/create-cache-key-function@https://registry.npmjs.org/@jest/create-cache-key-function/-/create-cache-key-function-29.7.0.tgz. Extracting by manifest.
966 silly tarball no local data for @jest/console@https://registry.npmjs.org/@jest/console/-/console-29.7.0.tgz. Extracting by manifest.
967 silly tarball no local data for @istanbuljs/load-nyc-config@https://registry.npmjs.org/@istanbuljs/load-nyc-config/-/load-nyc-config-1.1.0.tgz. Extracting by manifest.
968 silly tarball no local data for @ide/backoff@https://registry.npmjs.org/@ide/backoff/-/backoff-1.0.0.tgz. Extracting by manifest.
969 silly tarball no local data for @isaacs/ttlcache@https://registry.npmjs.org/@isaacs/ttlcache/-/ttlcache-1.4.1.tgz. Extracting by manifest.
970 silly tarball no local data for @istanbuljs/schema@https://registry.npmjs.org/@istanbuljs/schema/-/schema-0.1.3.tgz. Extracting by manifest.
971 silly tarball no local data for @humanwhocodes/module-importer@https://registry.npmjs.org/@humanwhocodes/module-importer/-/module-importer-1.0.1.tgz. Extracting by manifest.
972 silly tarball no local data for @humanfs/node@https://registry.npmjs.org/@humanfs/node/-/node-0.16.7.tgz. Extracting by manifest.
973 silly tarball no local data for @humanwhocodes/retry@https://registry.npmjs.org/@humanwhocodes/retry/-/retry-0.4.3.tgz. Extracting by manifest.
974 silly tarball no local data for @humanfs/core@https://registry.npmjs.org/@humanfs/core/-/core-0.19.1.tgz. Extracting by manifest.
975 silly tarball no local data for @graphql-typed-document-node/core@https://registry.npmjs.org/@graphql-typed-document-node/core/-/core-3.2.0.tgz. Extracting by manifest.
976 silly tarball no local data for @hapi/topo@https://registry.npmjs.org/@hapi/topo/-/topo-5.1.0.tgz. Extracting by manifest.
977 silly tarball no local data for @gar/promisify@https://registry.npmjs.org/@gar/promisify/-/promisify-1.1.3.tgz. Extracting by manifest.
978 silly tarball no local data for @expo/vector-icons@https://registry.npmjs.org/@expo/vector-icons/-/vector-icons-14.1.0.tgz. Extracting by manifest.
979 silly tarball no local data for @hapi/hoek@https://registry.npmjs.org/@hapi/hoek/-/hoek-9.3.0.tgz. Extracting by manifest.
980 silly tarball no local data for @expo/xcpretty@https://registry.npmjs.org/@expo/xcpretty/-/xcpretty-4.4.1.tgz. Extracting by manifest.
981 silly tarball no local data for @expo/spawn-async@https://registry.npmjs.org/@expo/spawn-async/-/spawn-async-1.5.0.tgz. Extracting by manifest.
982 silly tarball no local data for @expo/sdk-runtime-versions@https://registry.npmjs.org/@expo/sdk-runtime-versions/-/sdk-runtime-versions-1.0.0.tgz. Extracting by manifest.
983 silly tarball no local data for @expo/sudo-prompt@https://registry.npmjs.org/@expo/sudo-prompt/-/sudo-prompt-9.3.2.tgz. Extracting by manifest.
984 silly tarball no local data for @expo/require-utils@https://registry.npmjs.org/@expo/require-utils/-/require-utils-55.0.3.tgz. Extracting by manifest.
985 silly tarball no local data for @expo/rudder-sdk-node@https://registry.npmjs.org/@expo/rudder-sdk-node/-/rudder-sdk-node-1.1.1.tgz. Extracting by manifest.
986 silly tarball no local data for @expo/package-manager@https://registry.npmjs.org/@expo/package-manager/-/package-manager-1.10.4.tgz. Extracting by manifest.
987 silly tarball no local data for @expo/osascript@https://registry.npmjs.org/@expo/osascript/-/osascript-2.4.2.tgz. Extracting by manifest.
988 silly tarball no local data for @expo/prebuild-config@https://registry.npmjs.org/@expo/prebuild-config/-/prebuild-config-6.8.1.tgz. Extracting by manifest.
989 silly tarball no local data for @expo/plist@https://registry.npmjs.org/@expo/plist/-/plist-0.1.3.tgz. Extracting by manifest.
990 silly tarball no local data for @expo/npm-proofread@https://registry.npmjs.org/@expo/npm-proofread/-/npm-proofread-1.0.1.tgz. Extracting by manifest.
991 silly tarball no local data for @expo/metro-config@https://registry.npmjs.org/@expo/metro-config/-/metro-config-0.17.8.tgz. Extracting by manifest.
992 silly tarball no local data for @expo/json-file@https://registry.npmjs.org/@expo/json-file/-/json-file-8.3.3.tgz. Extracting by manifest.
993 silly tarball no local data for @expo/fingerprint@https://registry.npmjs.org/@expo/fingerprint/-/fingerprint-0.6.1.tgz. Extracting by manifest.
994 silly tarball no local data for @expo/env@https://registry.npmjs.org/@expo/env/-/env-0.2.3.tgz. Extracting by manifest.
995 silly tarball no local data for @expo/image-utils@https://registry.npmjs.org/@expo/image-utils/-/image-utils-0.4.2.tgz. Extracting by manifest.
996 silly tarball no local data for @expo/devcert@https://registry.npmjs.org/@expo/devcert/-/devcert-1.2.1.tgz. Extracting by manifest.
997 silly tarball no local data for @expo/config-types@https://registry.npmjs.org/@expo/config-types/-/config-types-50.0.1.tgz. Extracting by manifest.
998 silly tarball no local data for @expo/config-plugins@https://registry.npmjs.org/@expo/config-plugins/-/config-plugins-7.9.2.tgz. Extracting by manifest.
999 silly tarball no local data for @expo/config@https://registry.npmjs.org/@expo/config/-/config-8.5.6.tgz. Extracting by manifest.
1000 silly tarball no local data for @eslint/plugin-kit@https://registry.npmjs.org/@eslint/plugin-kit/-/plugin-kit-0.4.1.tgz. Extracting by manifest.
1001 silly tarball no local data for @eslint/js@https://registry.npmjs.org/@eslint/js/-/js-9.39.4.tgz. Extracting by manifest.
1002 silly tarball no local data for @eslint/object-schema@https://registry.npmjs.org/@eslint/object-schema/-/object-schema-2.1.7.tgz. Extracting by manifest.
1003 silly tarball no local data for @expo/code-signing-certificates@https://registry.npmjs.org/@expo/code-signing-certificates/-/code-signing-certificates-0.0.5.tgz. Extracting by manifest.
1004 silly tarball no local data for @eslint/core@https://registry.npmjs.org/@eslint/core/-/core-0.17.0.tgz. Extracting by manifest.
1005 silly tarball no local data for @expo/cli@https://registry.npmjs.org/@expo/cli/-/cli-0.17.13.tgz. Extracting by manifest.
1006 silly tarball no local data for @eslint/eslintrc@https://registry.npmjs.org/@eslint/eslintrc/-/eslintrc-3.3.5.tgz. Extracting by manifest.
1007 silly tarball no local data for @expo/bunyan@https://registry.npmjs.org/@expo/bunyan/-/bunyan-4.0.1.tgz. Extracting by manifest.
1008 silly tarball no local data for @eslint/config-array@https://registry.npmjs.org/@eslint/config-array/-/config-array-0.21.2.tgz. Extracting by manifest.
1009 silly tarball no local data for @eslint/config-helpers@https://registry.npmjs.org/@eslint/config-helpers/-/config-helpers-0.4.2.tgz. Extracting by manifest.
1010 silly tarball no local data for @bcoe/v8-coverage@https://registry.npmjs.org/@bcoe/v8-coverage/-/v8-coverage-0.2.3.tgz. Extracting by manifest.
1011 silly tarball no local data for @egjs/hammerjs@https://registry.npmjs.org/@egjs/hammerjs/-/hammerjs-2.0.17.tgz. Extracting by manifest.
1012 silly tarball no local data for @babel/types@https://registry.npmjs.org/@babel/types/-/types-7.29.0.tgz. Extracting by manifest.
1013 silly tarball no local data for @eslint-community/regexpp@https://registry.npmjs.org/@eslint-community/regexpp/-/regexpp-4.12.2.tgz. Extracting by manifest.
1014 silly tarball no local data for @babel/traverse@https://registry.npmjs.org/@babel/traverse/-/traverse-7.29.0.tgz. Extracting by manifest.
1015 silly tarball no local data for @babel/template@https://registry.npmjs.org/@babel/template/-/template-7.28.6.tgz. Extracting by manifest.
1016 silly tarball no local data for @eslint-community/eslint-utils@https://registry.npmjs.org/@eslint-community/eslint-utils/-/eslint-utils-4.9.1.tgz. Extracting by manifest.
1017 silly tarball no local data for @babel/runtime@https://registry.npmjs.org/@babel/runtime/-/runtime-7.29.2.tgz. Extracting by manifest.
1018 silly tarball no local data for @babel/register@https://registry.npmjs.org/@babel/register/-/register-7.28.6.tgz. Extracting by manifest.
1019 silly tarball no local data for @babel/preset-typescript@https://registry.npmjs.org/@babel/preset-typescript/-/preset-typescript-7.28.5.tgz. Extracting by manifest.
1020 silly tarball no local data for @babel/preset-modules@https://registry.npmjs.org/@babel/preset-modules/-/preset-modules-0.1.6-no-external-plugins.tgz. Extracting by manifest.
1021 silly tarball no local data for @babel/preset-react@https://registry.npmjs.org/@babel/preset-react/-/preset-react-7.28.5.tgz. Extracting by manifest.
1022 silly tarball no local data for @babel/preset-flow@https://registry.npmjs.org/@babel/preset-flow/-/preset-flow-7.27.1.tgz. Extracting by manifest.
1023 silly tarball no local data for @babel/plugin-transform-unicode-sets-regex@https://registry.npmjs.org/@babel/plugin-transform-unicode-sets-regex/-/plugin-transform-unicode-sets-regex-7.28.6.tgz. Extracting by manifest.
1024 silly tarball no local data for @babel/preset-env@https://registry.npmjs.org/@babel/preset-env/-/preset-env-7.29.2.tgz. Extracting by manifest.
1025 silly tarball no local data for @babel/plugin-transform-unicode-escapes@https://registry.npmjs.org/@babel/plugin-transform-unicode-escapes/-/plugin-transform-unicode-escapes-7.27.1.tgz. Extracting by manifest.
1026 silly tarball no local data for @babel/plugin-transform-unicode-property-regex@https://registry.npmjs.org/@babel/plugin-transform-unicode-property-regex/-/plugin-transform-unicode-property-regex-7.28.6.tgz. Extracting by manifest.
1027 silly tarball no local data for @babel/plugin-transform-unicode-regex@https://registry.npmjs.org/@babel/plugin-transform-unicode-regex/-/plugin-transform-unicode-regex-7.27.1.tgz. Extracting by manifest.
1028 silly tarball no local data for @babel/plugin-transform-typescript@https://registry.npmjs.org/@babel/plugin-transform-typescript/-/plugin-transform-typescript-7.28.6.tgz. Extracting by manifest.
1029 silly tarball no local data for @babel/plugin-transform-template-literals@https://registry.npmjs.org/@babel/plugin-transform-template-literals/-/plugin-transform-template-literals-7.27.1.tgz. Extracting by manifest.
1030 silly tarball no local data for @babel/plugin-transform-typeof-symbol@https://registry.npmjs.org/@babel/plugin-transform-typeof-symbol/-/plugin-transform-typeof-symbol-7.27.1.tgz. Extracting by manifest.
1031 silly tarball no local data for @babel/plugin-transform-sticky-regex@https://registry.npmjs.org/@babel/plugin-transform-sticky-regex/-/plugin-transform-sticky-regex-7.27.1.tgz. Extracting by manifest.
1032 silly tarball no local data for @babel/plugin-transform-shorthand-properties@https://registry.npmjs.org/@babel/plugin-transform-shorthand-properties/-/plugin-transform-shorthand-properties-7.27.1.tgz. Extracting by manifest.
1033 silly tarball no local data for @babel/plugin-transform-runtime@https://registry.npmjs.org/@babel/plugin-transform-runtime/-/plugin-transform-runtime-7.29.0.tgz. Extracting by manifest.
1034 silly tarball no local data for @babel/plugin-transform-regexp-modifiers@https://registry.npmjs.org/@babel/plugin-transform-regexp-modifiers/-/plugin-transform-regexp-modifiers-7.28.6.tgz. Extracting by manifest.
1035 silly tarball no local data for @babel/plugin-transform-reserved-words@https://registry.npmjs.org/@babel/plugin-transform-reserved-words/-/plugin-transform-reserved-words-7.27.1.tgz. Extracting by manifest.
1036 silly tarball no local data for @babel/plugin-transform-react-pure-annotations@https://registry.npmjs.org/@babel/plugin-transform-react-pure-annotations/-/plugin-transform-react-pure-annotations-7.27.1.tgz. Extracting by manifest.
1037 silly tarball no local data for @babel/plugin-transform-regenerator@https://registry.npmjs.org/@babel/plugin-transform-regenerator/-/plugin-transform-regenerator-7.29.0.tgz. Extracting by manifest.
1038 silly tarball no local data for @babel/plugin-transform-spread@https://registry.npmjs.org/@babel/plugin-transform-spread/-/plugin-transform-spread-7.28.6.tgz. Extracting by manifest.
1039 silly tarball no local data for @babel/plugin-transform-react-jsx-source@https://registry.npmjs.org/@babel/plugin-transform-react-jsx-source/-/plugin-transform-react-jsx-source-7.27.1.tgz. Extracting by manifest.
1040 silly tarball no local data for @babel/plugin-transform-react-jsx-self@https://registry.npmjs.org/@babel/plugin-transform-react-jsx-self/-/plugin-transform-react-jsx-self-7.27.1.tgz. Extracting by manifest.
1041 silly tarball no local data for @babel/plugin-transform-react-jsx-development@https://registry.npmjs.org/@babel/plugin-transform-react-jsx-development/-/plugin-transform-react-jsx-development-7.27.1.tgz. Extracting by manifest.
1042 silly tarball no local data for @babel/plugin-transform-react-jsx@https://registry.npmjs.org/@babel/plugin-transform-react-jsx/-/plugin-transform-react-jsx-7.28.6.tgz. Extracting by manifest.
1043 silly tarball no local data for @babel/plugin-transform-react-display-name@https://registry.npmjs.org/@babel/plugin-transform-react-display-name/-/plugin-transform-react-display-name-7.28.0.tgz. Extracting by manifest.
1044 silly tarball no local data for @babel/plugin-transform-private-property-in-object@https://registry.npmjs.org/@babel/plugin-transform-private-property-in-object/-/plugin-transform-private-property-in-object-7.28.6.tgz. Extracting by manifest.
1045 silly tarball no local data for @babel/plugin-transform-property-literals@https://registry.npmjs.org/@babel/plugin-transform-property-literals/-/plugin-transform-property-literals-7.27.1.tgz. Extracting by manifest.
1046 silly tarball no local data for @babel/plugin-transform-parameters@https://registry.npmjs.org/@babel/plugin-transform-parameters/-/plugin-transform-parameters-7.27.7.tgz. Extracting by manifest.
1047 silly tarball no local data for @babel/plugin-transform-private-methods@https://registry.npmjs.org/@babel/plugin-transform-private-methods/-/plugin-transform-private-methods-7.28.6.tgz. Extracting by manifest.
1048 silly tarball no local data for @babel/plugin-transform-optional-chaining@https://registry.npmjs.org/@babel/plugin-transform-optional-chaining/-/plugin-transform-optional-chaining-7.28.6.tgz. Extracting by manifest.
1049 silly tarball no local data for @babel/plugin-transform-object-super@https://registry.npmjs.org/@babel/plugin-transform-object-super/-/plugin-transform-object-super-7.27.1.tgz. Extracting by manifest.
1050 silly tarball no local data for @babel/plugin-transform-optional-catch-binding@https://registry.npmjs.org/@babel/plugin-transform-optional-catch-binding/-/plugin-transform-optional-catch-binding-7.28.6.tgz. Extracting by manifest.
1051 silly tarball no local data for @babel/plugin-transform-nullish-coalescing-operator@https://registry.npmjs.org/@babel/plugin-transform-nullish-coalescing-operator/-/plugin-transform-nullish-coalescing-operator-7.28.6.tgz. Extracting by manifest.
1052 silly tarball no local data for @babel/plugin-transform-numeric-separator@https://registry.npmjs.org/@babel/plugin-transform-numeric-separator/-/plugin-transform-numeric-separator-7.28.6.tgz. Extracting by manifest.
1053 silly tarball no local data for @babel/plugin-transform-object-rest-spread@https://registry.npmjs.org/@babel/plugin-transform-object-rest-spread/-/plugin-transform-object-rest-spread-7.28.6.tgz. Extracting by manifest.
1054 silly tarball no local data for @babel/plugin-transform-new-target@https://registry.npmjs.org/@babel/plugin-transform-new-target/-/plugin-transform-new-target-7.27.1.tgz. Extracting by manifest.
1055 silly tarball no local data for @babel/plugin-transform-named-capturing-groups-regex@https://registry.npmjs.org/@babel/plugin-transform-named-capturing-groups-regex/-/plugin-transform-named-capturing-groups-regex-7.29.0.tgz. Extracting by manifest.
1056 silly tarball no local data for @babel/plugin-transform-modules-umd@https://registry.npmjs.org/@babel/plugin-transform-modules-umd/-/plugin-transform-modules-umd-7.27.1.tgz. Extracting by manifest.
1057 silly tarball no local data for @babel/plugin-transform-modules-systemjs@https://registry.npmjs.org/@babel/plugin-transform-modules-systemjs/-/plugin-transform-modules-systemjs-7.29.0.tgz. Extracting by manifest.
1058 silly tarball no local data for @babel/plugin-transform-modules-amd@https://registry.npmjs.org/@babel/plugin-transform-modules-amd/-/plugin-transform-modules-amd-7.27.1.tgz. Extracting by manifest.
1059 silly tarball no local data for @babel/plugin-transform-modules-commonjs@https://registry.npmjs.org/@babel/plugin-transform-modules-commonjs/-/plugin-transform-modules-commonjs-7.28.6.tgz. Extracting by manifest.
1060 silly tarball no local data for @babel/plugin-transform-member-expression-literals@https://registry.npmjs.org/@babel/plugin-transform-member-expression-literals/-/plugin-transform-member-expression-literals-7.27.1.tgz. Extracting by manifest.
1061 silly tarball no local data for @babel/plugin-transform-logical-assignment-operators@https://registry.npmjs.org/@babel/plugin-transform-logical-assignment-operators/-/plugin-transform-logical-assignment-operators-7.28.6.tgz. Extracting by manifest.
1062 silly tarball no local data for @babel/plugin-transform-literals@https://registry.npmjs.org/@babel/plugin-transform-literals/-/plugin-transform-literals-7.27.1.tgz. Extracting by manifest.
1063 silly tarball no local data for @babel/plugin-transform-json-strings@https://registry.npmjs.org/@babel/plugin-transform-json-strings/-/plugin-transform-json-strings-7.28.6.tgz. Extracting by manifest.
1064 silly tarball no local data for @babel/plugin-transform-function-name@https://registry.npmjs.org/@babel/plugin-transform-function-name/-/plugin-transform-function-name-7.27.1.tgz. Extracting by manifest.
1065 silly tarball no local data for @babel/plugin-transform-for-of@https://registry.npmjs.org/@babel/plugin-transform-for-of/-/plugin-transform-for-of-7.27.1.tgz. Extracting by manifest.
1066 silly tarball no local data for @babel/plugin-transform-export-namespace-from@https://registry.npmjs.org/@babel/plugin-transform-export-namespace-from/-/plugin-transform-export-namespace-from-7.27.1.tgz. Extracting by manifest.
1067 silly tarball no local data for @babel/plugin-transform-flow-strip-types@https://registry.npmjs.org/@babel/plugin-transform-flow-strip-types/-/plugin-transform-flow-strip-types-7.27.1.tgz. Extracting by manifest.
1068 silly tarball no local data for @babel/plugin-transform-exponentiation-operator@https://registry.npmjs.org/@babel/plugin-transform-exponentiation-operator/-/plugin-transform-exponentiation-operator-7.28.6.tgz. Extracting by manifest.
1069 silly tarball no local data for @babel/plugin-transform-explicit-resource-management@https://registry.npmjs.org/@babel/plugin-transform-explicit-resource-management/-/plugin-transform-explicit-resource-management-7.28.6.tgz. Extracting by manifest.
1070 silly tarball no local data for @babel/plugin-transform-dynamic-import@https://registry.npmjs.org/@babel/plugin-transform-dynamic-import/-/plugin-transform-dynamic-import-7.27.1.tgz. Extracting by manifest.
1071 silly tarball no local data for @babel/plugin-transform-duplicate-named-capturing-groups-regex@https://registry.npmjs.org/@babel/plugin-transform-duplicate-named-capturing-groups-regex/-/plugin-transform-duplicate-named-capturing-groups-regex-7.29.0.tgz. Extracting by manifest.
1072 silly tarball no local data for @babel/plugin-transform-duplicate-keys@https://registry.npmjs.org/@babel/plugin-transform-duplicate-keys/-/plugin-transform-duplicate-keys-7.27.1.tgz. Extracting by manifest.
1073 silly tarball no local data for @babel/plugin-transform-dotall-regex@https://registry.npmjs.org/@babel/plugin-transform-dotall-regex/-/plugin-transform-dotall-regex-7.28.6.tgz. Extracting by manifest.
1074 silly tarball no local data for @babel/plugin-transform-destructuring@https://registry.npmjs.org/@babel/plugin-transform-destructuring/-/plugin-transform-destructuring-7.28.5.tgz. Extracting by manifest.
1075 silly tarball no local data for @babel/plugin-transform-computed-properties@https://registry.npmjs.org/@babel/plugin-transform-computed-properties/-/plugin-transform-computed-properties-7.28.6.tgz. Extracting by manifest.
1076 silly tarball no local data for @babel/plugin-transform-classes@https://registry.npmjs.org/@babel/plugin-transform-classes/-/plugin-transform-classes-7.28.6.tgz. Extracting by manifest.
1077 silly tarball no local data for @babel/plugin-transform-class-static-block@https://registry.npmjs.org/@babel/plugin-transform-class-static-block/-/plugin-transform-class-static-block-7.28.6.tgz. Extracting by manifest.
1078 silly tarball no local data for @babel/plugin-transform-class-properties@https://registry.npmjs.org/@babel/plugin-transform-class-properties/-/plugin-transform-class-properties-7.28.6.tgz. Extracting by manifest.
1079 silly tarball no local data for @babel/plugin-transform-block-scoped-functions@https://registry.npmjs.org/@babel/plugin-transform-block-scoped-functions/-/plugin-transform-block-scoped-functions-7.27.1.tgz. Extracting by manifest.
1080 silly tarball no local data for @babel/plugin-transform-async-to-generator@https://registry.npmjs.org/@babel/plugin-transform-async-to-generator/-/plugin-transform-async-to-generator-7.28.6.tgz. Extracting by manifest.
1081 silly tarball no local data for @babel/plugin-transform-block-scoping@https://registry.npmjs.org/@babel/plugin-transform-block-scoping/-/plugin-transform-block-scoping-7.28.6.tgz. Extracting by manifest.
1082 silly tarball no local data for @babel/plugin-transform-async-generator-functions@https://registry.npmjs.org/@babel/plugin-transform-async-generator-functions/-/plugin-transform-async-generator-functions-7.29.0.tgz. Extracting by manifest.
1083 silly tarball no local data for @babel/plugin-transform-arrow-functions@https://registry.npmjs.org/@babel/plugin-transform-arrow-functions/-/plugin-transform-arrow-functions-7.27.1.tgz. Extracting by manifest.
1084 silly tarball no local data for @babel/plugin-syntax-typescript@https://registry.npmjs.org/@babel/plugin-syntax-typescript/-/plugin-syntax-typescript-7.28.6.tgz. Extracting by manifest.
1085 silly tarball no local data for @babel/plugin-syntax-unicode-sets-regex@https://registry.npmjs.org/@babel/plugin-syntax-unicode-sets-regex/-/plugin-syntax-unicode-sets-regex-7.18.6.tgz. Extracting by manifest.
1086 silly tarball no local data for @babel/plugin-syntax-private-property-in-object@https://registry.npmjs.org/@babel/plugin-syntax-private-property-in-object/-/plugin-syntax-private-property-in-object-7.14.5.tgz. Extracting by manifest.
1087 silly tarball no local data for @babel/plugin-syntax-top-level-await@https://registry.npmjs.org/@babel/plugin-syntax-top-level-await/-/plugin-syntax-top-level-await-7.14.5.tgz. Extracting by manifest.
1088 silly tarball no local data for @babel/plugin-syntax-optional-chaining@https://registry.npmjs.org/@babel/plugin-syntax-optional-chaining/-/plugin-syntax-optional-chaining-7.8.3.tgz. Extracting by manifest.
1089 silly tarball no local data for @babel/plugin-syntax-optional-catch-binding@https://registry.npmjs.org/@babel/plugin-syntax-optional-catch-binding/-/plugin-syntax-optional-catch-binding-7.8.3.tgz. Extracting by manifest.
1090 silly tarball no local data for @babel/plugin-syntax-object-rest-spread@https://registry.npmjs.org/@babel/plugin-syntax-object-rest-spread/-/plugin-syntax-object-rest-spread-7.8.3.tgz. Extracting by manifest.
1091 silly tarball no local data for @babel/plugin-syntax-numeric-separator@https://registry.npmjs.org/@babel/plugin-syntax-numeric-separator/-/plugin-syntax-numeric-separator-7.10.4.tgz. Extracting by manifest.
1092 silly tarball no local data for @babel/plugin-syntax-logical-assignment-operators@https://registry.npmjs.org/@babel/plugin-syntax-logical-assignment-operators/-/plugin-syntax-logical-assignment-operators-7.10.4.tgz. Extracting by manifest.
1093 silly tarball no local data for @babel/plugin-syntax-jsx@https://registry.npmjs.org/@babel/plugin-syntax-jsx/-/plugin-syntax-jsx-7.28.6.tgz. Extracting by manifest.
1094 silly tarball no local data for @babel/plugin-syntax-nullish-coalescing-operator@https://registry.npmjs.org/@babel/plugin-syntax-nullish-coalescing-operator/-/plugin-syntax-nullish-coalescing-operator-7.8.3.tgz. Extracting by manifest.
1095 silly tarball no local data for @babel/plugin-syntax-import-meta@https://registry.npmjs.org/@babel/plugin-syntax-import-meta/-/plugin-syntax-import-meta-7.10.4.tgz. Extracting by manifest.
1096 silly tarball no local data for @babel/plugin-syntax-json-strings@https://registry.npmjs.org/@babel/plugin-syntax-json-strings/-/plugin-syntax-json-strings-7.8.3.tgz. Extracting by manifest.
1097 silly tarball no local data for @babel/plugin-syntax-import-attributes@https://registry.npmjs.org/@babel/plugin-syntax-import-attributes/-/plugin-syntax-import-attributes-7.28.6.tgz. Extracting by manifest.
1098 silly tarball no local data for @babel/plugin-syntax-flow@https://registry.npmjs.org/@babel/plugin-syntax-flow/-/plugin-syntax-flow-7.28.6.tgz. Extracting by manifest.
1099 silly tarball no local data for @babel/plugin-syntax-import-assertions@https://registry.npmjs.org/@babel/plugin-syntax-import-assertions/-/plugin-syntax-import-assertions-7.28.6.tgz. Extracting by manifest.
1100 silly tarball no local data for @babel/plugin-syntax-export-default-from@https://registry.npmjs.org/@babel/plugin-syntax-export-default-from/-/plugin-syntax-export-default-from-7.28.6.tgz. Extracting by manifest.
1101 silly tarball no local data for @babel/plugin-syntax-dynamic-import@https://registry.npmjs.org/@babel/plugin-syntax-dynamic-import/-/plugin-syntax-dynamic-import-7.8.3.tgz. Extracting by manifest.
1102 silly tarball no local data for @babel/plugin-syntax-decorators@https://registry.npmjs.org/@babel/plugin-syntax-decorators/-/plugin-syntax-decorators-7.28.6.tgz. Extracting by manifest.
1103 silly tarball no local data for @babel/plugin-syntax-class-static-block@https://registry.npmjs.org/@babel/plugin-syntax-class-static-block/-/plugin-syntax-class-static-block-7.14.5.tgz. Extracting by manifest.
1104 silly tarball no local data for @babel/plugin-syntax-class-properties@https://registry.npmjs.org/@babel/plugin-syntax-class-properties/-/plugin-syntax-class-properties-7.12.13.tgz. Extracting by manifest.
1105 silly tarball no local data for @babel/plugin-syntax-bigint@https://registry.npmjs.org/@babel/plugin-syntax-bigint/-/plugin-syntax-bigint-7.8.3.tgz. Extracting by manifest.
1106 silly tarball no local data for @babel/plugin-syntax-async-generators@https://registry.npmjs.org/@babel/plugin-syntax-async-generators/-/plugin-syntax-async-generators-7.8.4.tgz. Extracting by manifest.
1107 silly tarball no local data for @babel/plugin-proposal-private-property-in-object@https://registry.npmjs.org/@babel/plugin-proposal-private-property-in-object/-/plugin-proposal-private-property-in-object-7.21.0-placeholder-for-preset-env.2.tgz. Extracting by manifest.
1108 silly tarball no local data for @babel/plugin-proposal-optional-catch-binding@https://registry.npmjs.org/@babel/plugin-proposal-optional-catch-binding/-/plugin-proposal-optional-catch-binding-7.18.6.tgz. Extracting by manifest.
1109 silly tarball no local data for @babel/plugin-proposal-optional-chaining@https://registry.npmjs.org/@babel/plugin-proposal-optional-chaining/-/plugin-proposal-optional-chaining-7.21.0.tgz. Extracting by manifest.
1110 silly tarball no local data for @babel/plugin-proposal-numeric-separator@https://registry.npmjs.org/@babel/plugin-proposal-numeric-separator/-/plugin-proposal-numeric-separator-7.18.6.tgz. Extracting by manifest.
1111 silly tarball no local data for @babel/plugin-proposal-object-rest-spread@https://registry.npmjs.org/@babel/plugin-proposal-object-rest-spread/-/plugin-proposal-object-rest-spread-7.20.7.tgz. Extracting by manifest.
1112 silly tarball no local data for @babel/plugin-proposal-nullish-coalescing-operator@https://registry.npmjs.org/@babel/plugin-proposal-nullish-coalescing-operator/-/plugin-proposal-nullish-coalescing-operator-7.18.6.tgz. Extracting by manifest.
1113 silly tarball no local data for @babel/plugin-proposal-export-default-from@https://registry.npmjs.org/@babel/plugin-proposal-export-default-from/-/plugin-proposal-export-default-from-7.27.1.tgz. Extracting by manifest.
1114 silly tarball no local data for @babel/plugin-proposal-decorators@https://registry.npmjs.org/@babel/plugin-proposal-decorators/-/plugin-proposal-decorators-7.29.0.tgz. Extracting by manifest.
1115 silly tarball no local data for @babel/plugin-proposal-class-properties@https://registry.npmjs.org/@babel/plugin-proposal-class-properties/-/plugin-proposal-class-properties-7.18.6.tgz. Extracting by manifest.
1116 silly tarball no local data for @babel/plugin-proposal-async-generator-functions@https://registry.npmjs.org/@babel/plugin-proposal-async-generator-functions/-/plugin-proposal-async-generator-functions-7.20.7.tgz. Extracting by manifest.
1117 silly tarball no local data for @babel/plugin-bugfix-v8-static-class-fields-redefine-readonly@https://registry.npmjs.org/@babel/plugin-bugfix-v8-static-class-fields-redefine-readonly/-/plugin-bugfix-v8-static-class-fields-redefine-readonly-7.28.6.tgz. Extracting by manifest.
1118 silly tarball no local data for @babel/plugin-bugfix-v8-spread-parameters-in-optional-chaining@https://registry.npmjs.org/@babel/plugin-bugfix-v8-spread-parameters-in-optional-chaining/-/plugin-bugfix-v8-spread-parameters-in-optional-chaining-7.27.1.tgz. Extracting by manifest.
1119 silly tarball no local data for @babel/plugin-bugfix-safari-class-field-initializer-scope@https://registry.npmjs.org/@babel/plugin-bugfix-safari-class-field-initializer-scope/-/plugin-bugfix-safari-class-field-initializer-scope-7.27.1.tgz. Extracting by manifest.
1120 silly tarball no local data for @babel/plugin-bugfix-safari-id-destructuring-collision-in-function-expression@https://registry.npmjs.org/@babel/plugin-bugfix-safari-id-destructuring-collision-in-function-expression/-/plugin-bugfix-safari-id-destructuring-collision-in-function-expression-7.27.1.tgz. Extracting by manifest.
1121 silly tarball no local data for @babel/parser@https://registry.npmjs.org/@babel/parser/-/parser-7.29.2.tgz. Extracting by manifest.
1122 silly tarball no local data for @babel/plugin-bugfix-firefox-class-in-computed-class-key@https://registry.npmjs.org/@babel/plugin-bugfix-firefox-class-in-computed-class-key/-/plugin-bugfix-firefox-class-in-computed-class-key-7.28.5.tgz. Extracting by manifest.
1123 silly tarball no local data for @babel/highlight@https://registry.npmjs.org/@babel/highlight/-/highlight-7.25.9.tgz. Extracting by manifest.
1124 silly tarball no local data for @babel/helpers@https://registry.npmjs.org/@babel/helpers/-/helpers-7.29.2.tgz. Extracting by manifest.
1125 silly tarball no local data for @babel/helper-wrap-function@https://registry.npmjs.org/@babel/helper-wrap-function/-/helper-wrap-function-7.28.6.tgz. Extracting by manifest.
1126 silly tarball no local data for @babel/helper-validator-option@https://registry.npmjs.org/@babel/helper-validator-option/-/helper-validator-option-7.27.1.tgz. Extracting by manifest.
1127 silly tarball no local data for @babel/helper-validator-identifier@https://registry.npmjs.org/@babel/helper-validator-identifier/-/helper-validator-identifier-7.28.5.tgz. Extracting by manifest.
1128 silly tarball no local data for @babel/helper-string-parser@https://registry.npmjs.org/@babel/helper-string-parser/-/helper-string-parser-7.27.1.tgz. Extracting by manifest.
1129 silly tarball no local data for @babel/helper-skip-transparent-expression-wrappers@https://registry.npmjs.org/@babel/helper-skip-transparent-expression-wrappers/-/helper-skip-transparent-expression-wrappers-7.27.1.tgz. Extracting by manifest.
1130 silly tarball no local data for @babel/helper-remap-async-to-generator@https://registry.npmjs.org/@babel/helper-remap-async-to-generator/-/helper-remap-async-to-generator-7.27.1.tgz. Extracting by manifest.
1131 silly tarball no local data for @babel/helper-plugin-utils@https://registry.npmjs.org/@babel/helper-plugin-utils/-/helper-plugin-utils-7.28.6.tgz. Extracting by manifest.
1132 silly tarball no local data for @babel/helper-replace-supers@https://registry.npmjs.org/@babel/helper-replace-supers/-/helper-replace-supers-7.28.6.tgz. Extracting by manifest.
1133 silly tarball no local data for @babel/helper-optimise-call-expression@https://registry.npmjs.org/@babel/helper-optimise-call-expression/-/helper-optimise-call-expression-7.27.1.tgz. Extracting by manifest.
1134 silly tarball no local data for @babel/helper-module-transforms@https://registry.npmjs.org/@babel/helper-module-transforms/-/helper-module-transforms-7.28.6.tgz. Extracting by manifest.
1135 silly tarball no local data for @babel/helper-module-imports@https://registry.npmjs.org/@babel/helper-module-imports/-/helper-module-imports-7.28.6.tgz. Extracting by manifest.
1136 silly tarball no local data for @babel/helper-member-expression-to-functions@https://registry.npmjs.org/@babel/helper-member-expression-to-functions/-/helper-member-expression-to-functions-7.28.5.tgz. Extracting by manifest.
1137 silly tarball no local data for @babel/helper-globals@https://registry.npmjs.org/@babel/helper-globals/-/helper-globals-7.28.0.tgz. Extracting by manifest.
1138 silly tarball no local data for @babel/helper-environment-visitor@https://registry.npmjs.org/@babel/helper-environment-visitor/-/helper-environment-visitor-7.24.7.tgz. Extracting by manifest.
1139 silly tarball no local data for @babel/helper-define-polyfill-provider@https://registry.npmjs.org/@babel/helper-define-polyfill-provider/-/helper-define-polyfill-provider-0.6.8.tgz. Extracting by manifest.
1140 silly tarball no local data for @babel/helper-create-class-features-plugin@https://registry.npmjs.org/@babel/helper-create-class-features-plugin/-/helper-create-class-features-plugin-7.28.6.tgz. Extracting by manifest.
1141 silly tarball no local data for @babel/helper-compilation-targets@https://registry.npmjs.org/@babel/helper-compilation-targets/-/helper-compilation-targets-7.28.6.tgz. Extracting by manifest.
1142 silly tarball no local data for @babel/helper-annotate-as-pure@https://registry.npmjs.org/@babel/helper-annotate-as-pure/-/helper-annotate-as-pure-7.27.3.tgz. Extracting by manifest.
1143 silly tarball no local data for @babel/generator@https://registry.npmjs.org/@babel/generator/-/generator-7.29.1.tgz. Extracting by manifest.
1144 silly tarball no local data for @babel/core@https://registry.npmjs.org/@babel/core/-/core-7.29.0.tgz. Extracting by manifest.
1145 silly tarball no local data for @babel/helper-create-regexp-features-plugin@https://registry.npmjs.org/@babel/helper-create-regexp-features-plugin/-/helper-create-regexp-features-plugin-7.28.5.tgz. Extracting by manifest.
1146 silly tarball no local data for @babel/compat-data@https://registry.npmjs.org/@babel/compat-data/-/compat-data-7.29.0.tgz. Extracting by manifest.
1147 silly tarball no local data for @babel/code-frame@https://registry.npmjs.org/@babel/code-frame/-/code-frame-7.29.0.tgz. Extracting by manifest.
1148 silly tarball no local data for @babel/cli@https://registry.npmjs.org/@babel/cli/-/cli-7.28.6.tgz. Extracting by manifest.
1149 silly tarball no local data for crypto-random-string@https://registry.npmjs.org/crypto-random-string/-/crypto-random-string-2.0.0.tgz. Extracting by manifest.
1150 silly tarball no local data for picomatch@https://registry.npmjs.org/picomatch/-/picomatch-4.0.4.tgz. Extracting by manifest.
1151 silly tarball no local data for universalify@https://registry.npmjs.org/universalify/-/universalify-0.2.0.tgz. Extracting by manifest.
1152 silly tarball no local data for semver@https://registry.npmjs.org/semver/-/semver-7.7.4.tgz. Extracting by manifest.
1153 silly tarball no local data for json5@https://registry.npmjs.org/json5/-/json5-1.0.2.tgz. Extracting by manifest.
1154 silly tarball no local data for strip-bom@https://registry.npmjs.org/strip-bom/-/strip-bom-3.0.0.tgz. Extracting by manifest.
1155 silly tarball no local data for commander@https://registry.npmjs.org/commander/-/commander-2.20.3.tgz. Extracting by manifest.
1156 silly tarball no local data for has-flag@https://registry.npmjs.org/has-flag/-/has-flag-4.0.0.tgz. Extracting by manifest.
1157 silly tarball no local data for has-flag@https://registry.npmjs.org/has-flag/-/has-flag-4.0.0.tgz. Extracting by manifest.
1158 silly tarball no local data for safe-buffer@https://registry.npmjs.org/safe-buffer/-/safe-buffer-5.1.2.tgz. Extracting by manifest.
1159 silly tarball no local data for source-map@https://registry.npmjs.org/source-map/-/source-map-0.5.6.tgz. Extracting by manifest.
1160 silly tarball no local data for color-name@https://registry.npmjs.org/color-name/-/color-name-1.1.3.tgz. Extracting by manifest.
1161 silly tarball no local data for ansi-styles@https://registry.npmjs.org/ansi-styles/-/ansi-styles-3.2.1.tgz. Extracting by manifest.
1162 silly tarball no local data for color-convert@https://registry.npmjs.org/color-convert/-/color-convert-1.9.3.tgz. Extracting by manifest.
1163 silly tarball no local data for picomatch@https://registry.npmjs.org/picomatch/-/picomatch-2.3.2.tgz. Extracting by manifest.
1164 silly tarball no local data for mimic-fn@https://registry.npmjs.org/mimic-fn/-/mimic-fn-1.2.0.tgz. Extracting by manifest.
1165 silly tarball no local data for safe-buffer@https://registry.npmjs.org/safe-buffer/-/safe-buffer-5.1.2.tgz. Extracting by manifest.
1166 silly tarball no local data for onetime@https://registry.npmjs.org/onetime/-/onetime-2.0.1.tgz. Extracting by manifest.
1167 silly tarball no local data for isarray@https://registry.npmjs.org/isarray/-/isarray-1.0.0.tgz. Extracting by manifest.
1168 silly tarball no local data for ws@https://registry.npmjs.org/ws/-/ws-7.5.10.tgz. Extracting by manifest.
1169 silly tarball no local data for strip-json-comments@https://registry.npmjs.org/strip-json-comments/-/strip-json-comments-2.0.1.tgz. Extracting by manifest.
1170 silly tarball no local data for react-is@https://registry.npmjs.org/react-is/-/react-is-18.3.1.tgz. Extracting by manifest.
1171 silly tarball no local data for ansi-styles@https://registry.npmjs.org/ansi-styles/-/ansi-styles-5.2.0.tgz. Extracting by manifest.
1172 silly tarball no local data for @xmldom/xmldom@https://registry.npmjs.org/@xmldom/xmldom/-/xmldom-0.8.12.tgz. Extracting by manifest.
1173 silly tarball no local data for xmlbuilder@https://registry.npmjs.org/xmlbuilder/-/xmlbuilder-15.1.1.tgz. Extracting by manifest.
1174 silly tarball no local data for p-locate@https://registry.npmjs.org/p-locate/-/p-locate-4.1.0.tgz. Extracting by manifest.
1175 silly tarball no local data for minipass@https://registry.npmjs.org/minipass/-/minipass-7.1.3.tgz. Extracting by manifest.
1176 silly tarball no local data for p-limit@https://registry.npmjs.org/p-limit/-/p-limit-2.3.0.tgz. Extracting by manifest.
1177 silly tarball no local data for locate-path@https://registry.npmjs.org/locate-path/-/locate-path-5.0.0.tgz. Extracting by manifest.
1178 silly tarball no local data for find-up@https://registry.npmjs.org/find-up/-/find-up-4.1.0.tgz. Extracting by manifest.
1179 silly tarball no local data for lru-cache@https://registry.npmjs.org/lru-cache/-/lru-cache-11.3.3.tgz. Extracting by manifest.
1180 silly tarball no local data for supports-color@https://registry.npmjs.org/supports-color/-/supports-color-5.5.0.tgz. Extracting by manifest.
1181 silly tarball no local data for color-name@https://registry.npmjs.org/color-name/-/color-name-1.1.3.tgz. Extracting by manifest.
1182 silly tarball no local data for semver@https://registry.npmjs.org/semver/-/semver-5.7.2.tgz. Extracting by manifest.
1183 silly tarball no local data for escape-string-regexp@https://registry.npmjs.org/escape-string-regexp/-/escape-string-regexp-1.0.5.tgz. Extracting by manifest.
1184 silly tarball no local data for color-convert@https://registry.npmjs.org/color-convert/-/color-convert-1.9.3.tgz. Extracting by manifest.
1185 silly tarball no local data for strip-ansi@https://registry.npmjs.org/strip-ansi/-/strip-ansi-5.2.0.tgz. Extracting by manifest.
1186 silly tarball no local data for chalk@https://registry.npmjs.org/chalk/-/chalk-2.4.2.tgz. Extracting by manifest.
1187 silly tarball no local data for ansi-styles@https://registry.npmjs.org/ansi-styles/-/ansi-styles-3.2.1.tgz. Extracting by manifest.
1188 silly tarball no local data for picomatch@https://registry.npmjs.org/picomatch/-/picomatch-2.3.2.tgz. Extracting by manifest.
1189 silly tarball no local data for source-map@https://registry.npmjs.org/source-map/-/source-map-0.5.7.tgz. Extracting by manifest.
1190 silly tarball no local data for ansi-regex@https://registry.npmjs.org/ansi-regex/-/ansi-regex-4.1.1.tgz. Extracting by manifest.
1191 silly tarball no local data for yallist@https://registry.npmjs.org/yallist/-/yallist-4.0.0.tgz. Extracting by manifest.
1192 silly tarball no local data for source-map@https://registry.npmjs.org/source-map/-/source-map-0.5.7.tgz. Extracting by manifest.
1193 silly tarball no local data for yallist@https://registry.npmjs.org/yallist/-/yallist-4.0.0.tgz. Extracting by manifest.
1194 silly tarball no local data for hermes-estree@https://registry.npmjs.org/hermes-estree/-/hermes-estree-0.23.1.tgz. Extracting by manifest.
1195 silly tarball no local data for ms@https://registry.npmjs.org/ms/-/ms-2.0.0.tgz. Extracting by manifest.
1196 silly tarball no local data for hermes-parser@https://registry.npmjs.org/hermes-parser/-/hermes-parser-0.23.1.tgz. Extracting by manifest.
1197 silly tarball no local data for debug@https://registry.npmjs.org/debug/-/debug-2.6.9.tgz. Extracting by manifest.
1198 silly tarball no local data for ws@https://registry.npmjs.org/ws/-/ws-7.5.10.tgz. Extracting by manifest.
1199 silly tarball no local data for source-map@https://registry.npmjs.org/source-map/-/source-map-0.5.7.tgz. Extracting by manifest.
1200 silly tarball no local data for semver@https://registry.npmjs.org/semver/-/semver-7.7.4.tgz. Extracting by manifest.
1201 silly tarball no local data for hermes-parser@https://registry.npmjs.org/hermes-parser/-/hermes-parser-0.23.1.tgz. Extracting by manifest.
1202 silly tarball no local data for hermes-estree@https://registry.npmjs.org/hermes-estree/-/hermes-estree-0.23.1.tgz. Extracting by manifest.
1203 silly tarball no local data for yargs-parser@https://registry.npmjs.org/yargs-parser/-/yargs-parser-18.1.3.tgz. Extracting by manifest.
1204 silly tarball no local data for ms@https://registry.npmjs.org/ms/-/ms-2.0.0.tgz. Extracting by manifest.
1205 silly tarball no local data for ci-info@https://registry.npmjs.org/ci-info/-/ci-info-2.0.0.tgz. Extracting by manifest.
1206 silly tarball no local data for debug@https://registry.npmjs.org/debug/-/debug-2.6.9.tgz. Extracting by manifest.
1207 silly tarball no local data for y18n@https://registry.npmjs.org/y18n/-/y18n-4.0.3.tgz. Extracting by manifest.
1208 silly tarball no local data for wrap-ansi@https://registry.npmjs.org/wrap-ansi/-/wrap-ansi-6.2.0.tgz. Extracting by manifest.
1209 silly tarball no local data for yargs@https://registry.npmjs.org/yargs/-/yargs-15.4.1.tgz. Extracting by manifest.
1210 silly tarball no local data for p-locate@https://registry.npmjs.org/p-locate/-/p-locate-4.1.0.tgz. Extracting by manifest.
1211 silly tarball no local data for p-limit@https://registry.npmjs.org/p-limit/-/p-limit-2.3.0.tgz. Extracting by manifest.
1212 silly tarball no local data for cliui@https://registry.npmjs.org/cliui/-/cliui-6.0.0.tgz. Extracting by manifest.
1213 silly tarball no local data for find-up@https://registry.npmjs.org/find-up/-/find-up-4.1.0.tgz. Extracting by manifest.
1214 silly tarball no local data for locate-path@https://registry.npmjs.org/locate-path/-/locate-path-5.0.0.tgz. Extracting by manifest.
1215 silly tarball no local data for supports-color@https://registry.npmjs.org/supports-color/-/supports-color-5.5.0.tgz. Extracting by manifest.
1216 silly tarball no local data for chalk@https://registry.npmjs.org/chalk/-/chalk-2.4.2.tgz. Extracting by manifest.
1217 silly tarball no local data for color-name@https://registry.npmjs.org/color-name/-/color-name-1.1.3.tgz. Extracting by manifest.
1218 silly tarball no local data for escape-string-regexp@https://registry.npmjs.org/escape-string-regexp/-/escape-string-regexp-1.0.5.tgz. Extracting by manifest.
1219 silly tarball no local data for color-convert@https://registry.npmjs.org/color-convert/-/color-convert-1.9.3.tgz. Extracting by manifest.
1220 silly tarball no local data for ms@https://registry.npmjs.org/ms/-/ms-2.0.0.tgz. Extracting by manifest.
1221 silly tarball no local data for ansi-styles@https://registry.npmjs.org/ansi-styles/-/ansi-styles-3.2.1.tgz. Extracting by manifest.
1222 silly tarball no local data for debug@https://registry.npmjs.org/debug/-/debug-2.6.9.tgz. Extracting by manifest.
1223 silly tarball no local data for supports-color@https://registry.npmjs.org/supports-color/-/supports-color-8.1.1.tgz. Extracting by manifest.
1224 silly tarball no local data for md5@https://registry.npmjs.org/md5/-/md5-2.2.1.tgz. Extracting by manifest.
1225 silly tarball no local data for whatwg-url@https://registry.npmjs.org/whatwg-url/-/whatwg-url-11.0.0.tgz. Extracting by manifest.
1226 silly tarball no local data for tr46@https://registry.npmjs.org/tr46/-/tr46-3.0.0.tgz. Extracting by manifest.
1227 silly tarball no local data for has-flag@https://registry.npmjs.org/has-flag/-/has-flag-4.0.0.tgz. Extracting by manifest.
1228 silly tarball no local data for webidl-conversions@https://registry.npmjs.org/webidl-conversions/-/webidl-conversions-7.0.0.tgz. Extracting by manifest.
1229 silly tarball no local data for string-length@https://registry.npmjs.org/string-length/-/string-length-5.0.1.tgz. Extracting by manifest.
1230 silly tarball no local data for strip-ansi@https://registry.npmjs.org/strip-ansi/-/strip-ansi-7.2.0.tgz. Extracting by manifest.
1231 silly tarball no local data for char-regex@https://registry.npmjs.org/char-regex/-/char-regex-2.0.2.tgz. Extracting by manifest.
1232 silly tarball no local data for slash@https://registry.npmjs.org/slash/-/slash-5.1.0.tgz. Extracting by manifest.
1233 silly tarball no local data for camelcase@https://registry.npmjs.org/camelcase/-/camelcase-6.3.0.tgz. Extracting by manifest.
1234 silly tarball no local data for chalk@https://registry.npmjs.org/chalk/-/chalk-3.0.0.tgz. Extracting by manifest.
1235 silly tarball no local data for picomatch@https://registry.npmjs.org/picomatch/-/picomatch-2.3.2.tgz. Extracting by manifest.
1236 silly tarball no local data for which@https://registry.npmjs.org/which/-/which-2.0.2.tgz. Extracting by manifest.
1237 silly tarball no local data for semver@https://registry.npmjs.org/semver/-/semver-7.7.4.tgz. Extracting by manifest.
1238 silly tarball no local data for source-map-support@https://registry.npmjs.org/source-map-support/-/source-map-support-0.5.13.tgz. Extracting by manifest.
1239 silly tarball no local data for ansi-regex@https://registry.npmjs.org/ansi-regex/-/ansi-regex-6.2.2.tgz. Extracting by manifest.
1240 silly tarball no local data for shebang-regex@https://registry.npmjs.org/shebang-regex/-/shebang-regex-3.0.0.tgz. Extracting by manifest.
1241 silly tarball no local data for ansi-escapes@https://registry.npmjs.org/ansi-escapes/-/ansi-escapes-6.2.1.tgz. Extracting by manifest.
1242 silly tarball no local data for shebang-command@https://registry.npmjs.org/shebang-command/-/shebang-command-2.0.0.tgz. Extracting by manifest.
1243 silly tarball no local data for path-key@https://registry.npmjs.org/path-key/-/path-key-3.1.1.tgz. Extracting by manifest.
1244 silly tarball no local data for npm-run-path@https://registry.npmjs.org/npm-run-path/-/npm-run-path-4.0.1.tgz. Extracting by manifest.
1245 silly tarball no local data for semver@https://registry.npmjs.org/semver/-/semver-7.7.4.tgz. Extracting by manifest.
1246 silly tarball no local data for get-stream@https://registry.npmjs.org/get-stream/-/get-stream-6.0.1.tgz. Extracting by manifest.
1247 silly tarball no local data for is-extglob@https://registry.npmjs.org/is-extglob/-/is-extglob-1.0.0.tgz. Extracting by manifest.
1248 silly tarball no local data for is-glob@https://registry.npmjs.org/is-glob/-/is-glob-2.0.1.tgz. Extracting by manifest.
1249 silly tarball no local data for cross-spawn@https://registry.npmjs.org/cross-spawn/-/cross-spawn-7.0.6.tgz. Extracting by manifest.
1250 silly tarball no local data for execa@https://registry.npmjs.org/execa/-/execa-5.1.1.tgz. Extracting by manifest.
1251 silly tarball no local data for cross-fetch@https://registry.npmjs.org/cross-fetch/-/cross-fetch-4.0.0.tgz. Extracting by manifest.
1252 silly tarball no local data for resolve-from@https://registry.npmjs.org/resolve-from/-/resolve-from-4.0.0.tgz. Extracting by manifest.
1253 silly tarball no local data for is-stream@https://registry.npmjs.org/is-stream/-/is-stream-2.0.1.tgz. Extracting by manifest.
1254 silly tarball no local data for statuses@https://registry.npmjs.org/statuses/-/statuses-2.0.1.tgz. Extracting by manifest.
1255 silly tarball no local data for yallist@https://registry.npmjs.org/yallist/-/yallist-4.0.0.tgz. Extracting by manifest.
1256 silly tarball no local data for lru-cache@https://registry.npmjs.org/lru-cache/-/lru-cache-6.0.0.tgz. Extracting by manifest.
1257 silly tarball no local data for source-map@https://registry.npmjs.org/source-map/-/source-map-0.7.6.tgz. Extracting by manifest.
1258 silly tarball no local data for pkg-dir@https://registry.npmjs.org/pkg-dir/-/pkg-dir-3.0.0.tgz. Extracting by manifest.
1259 silly tarball no local data for semver@https://registry.npmjs.org/semver/-/semver-5.7.2.tgz. Extracting by manifest.
1260 silly tarball no local data for path-exists@https://registry.npmjs.org/path-exists/-/path-exists-3.0.0.tgz. Extracting by manifest.
1261 silly tarball no local data for make-dir@https://registry.npmjs.org/make-dir/-/make-dir-2.1.0.tgz. Extracting by manifest.
1262 silly tarball no local data for p-limit@https://registry.npmjs.org/p-limit/-/p-limit-2.3.0.tgz. Extracting by manifest.
1263 silly tarball no local data for locate-path@https://registry.npmjs.org/locate-path/-/locate-path-3.0.0.tgz. Extracting by manifest.
1264 silly tarball no local data for universalify@https://registry.npmjs.org/universalify/-/universalify-2.0.1.tgz. Extracting by manifest.
1265 silly tarball no local data for p-locate@https://registry.npmjs.org/p-locate/-/p-locate-3.0.0.tgz. Extracting by manifest.
1266 silly tarball no local data for find-up@https://registry.npmjs.org/find-up/-/find-up-3.0.0.tgz. Extracting by manifest.
1267 silly tarball no local data for jsonfile@https://registry.npmjs.org/jsonfile/-/jsonfile-6.2.0.tgz. Extracting by manifest.
1268 silly tarball no local data for fs-extra@https://registry.npmjs.org/fs-extra/-/fs-extra-9.1.0.tgz. Extracting by manifest.
1269 silly tarball no local data for ms@https://registry.npmjs.org/ms/-/ms-2.0.0.tgz. Extracting by manifest.
1270 silly tarball no local data for debug@https://registry.npmjs.org/debug/-/debug-2.6.9.tgz. Extracting by manifest.
1271 silly tarball no local data for universalify@https://registry.npmjs.org/universalify/-/universalify-2.0.1.tgz. Extracting by manifest.
1272 silly tarball no local data for jsonfile@https://registry.npmjs.org/jsonfile/-/jsonfile-6.2.0.tgz. Extracting by manifest.
1273 silly tarball no local data for xmlbuilder@https://registry.npmjs.org/xmlbuilder/-/xmlbuilder-15.1.1.tgz. Extracting by manifest.
1274 silly tarball no local data for fs-extra@https://registry.npmjs.org/fs-extra/-/fs-extra-9.1.0.tgz. Extracting by manifest.
1275 silly tarball no local data for react-is@https://registry.npmjs.org/react-is/-/react-is-19.2.4.tgz. Extracting by manifest.
1276 silly tarball no local data for which@https://registry.npmjs.org/which/-/which-2.0.2.tgz. Extracting by manifest.
1277 silly tarball no local data for shebang-regex@https://registry.npmjs.org/shebang-regex/-/shebang-regex-3.0.0.tgz. Extracting by manifest.
1278 silly tarball no local data for scheduler@https://registry.npmjs.org/scheduler/-/scheduler-0.27.0.tgz. Extracting by manifest.
1279 silly tarball no local data for semver@https://registry.npmjs.org/semver/-/semver-7.7.4.tgz. Extracting by manifest.
1280 silly tarball no local data for shebang-command@https://registry.npmjs.org/shebang-command/-/shebang-command-2.0.0.tgz. Extracting by manifest.
1281 silly tarball no local data for react-is@https://registry.npmjs.org/react-is/-/react-is-18.3.1.tgz. Extracting by manifest.
1282 silly tarball no local data for react@https://registry.npmjs.org/react/-/react-19.2.4.tgz. Extracting by manifest.
1283 silly tarball no local data for react-test-renderer@https://registry.npmjs.org/react-test-renderer/-/react-test-renderer-19.2.4.tgz. Extracting by manifest.
1284 silly tarball no local data for pretty-format@https://registry.npmjs.org/pretty-format/-/pretty-format-30.3.0.tgz. Extracting by manifest.
1285 silly tarball no local data for path-key@https://registry.npmjs.org/path-key/-/path-key-3.1.1.tgz. Extracting by manifest.
1286 silly tarball no local data for minipass@https://registry.npmjs.org/minipass/-/minipass-7.1.3.tgz. Extracting by manifest.
1287 silly tarball no local data for react-test-renderer@https://registry.npmjs.org/react-test-renderer/-/react-test-renderer-19.2.0.tgz. Extracting by manifest.
1288 silly tarball no local data for jest-matcher-utils@https://registry.npmjs.org/jest-matcher-utils/-/jest-matcher-utils-30.3.0.tgz. Extracting by manifest.
1289 silly tarball no local data for jest-expo@https://registry.npmjs.org/jest-expo/-/jest-expo-55.0.14.tgz. Extracting by manifest.
1290 silly tarball no local data for hermes-estree@https://registry.npmjs.org/hermes-estree/-/hermes-estree-0.32.0.tgz. Extracting by manifest.
1291 silly tarball no local data for react-is@https://registry.npmjs.org/react-is/-/react-is-19.2.4.tgz. Extracting by manifest.
1292 silly tarball no local data for hermes-parser@https://registry.npmjs.org/hermes-parser/-/hermes-parser-0.32.0.tgz. Extracting by manifest.
1293 silly tarball no local data for minimatch@https://registry.npmjs.org/minimatch/-/minimatch-10.2.5.tgz. Extracting by manifest.
1294 silly tarball no local data for jest-diff@https://registry.npmjs.org/jest-diff/-/jest-diff-30.3.0.tgz. Extracting by manifest.
1295 silly tarball no local data for glob@https://registry.npmjs.org/glob/-/glob-13.0.6.tgz. Extracting by manifest.
1296 silly tarball no local data for cross-spawn@https://registry.npmjs.org/cross-spawn/-/cross-spawn-7.0.6.tgz. Extracting by manifest.
1297 silly tarball no local data for getenv@https://registry.npmjs.org/getenv/-/getenv-2.0.0.tgz. Extracting by manifest.
1298 silly tarball no local data for balanced-match@https://registry.npmjs.org/balanced-match/-/balanced-match-4.0.4.tgz. Extracting by manifest.
1299 silly tarball no local data for commander@https://registry.npmjs.org/commander/-/commander-12.1.0.tgz. Extracting by manifest.
1300 silly tarball no local data for brace-expansion@https://registry.npmjs.org/brace-expansion/-/brace-expansion-5.0.5.tgz. Extracting by manifest.
1301 silly tarball no local data for babel-preset-expo@https://registry.npmjs.org/babel-preset-expo/-/babel-preset-expo-55.0.16.tgz. Extracting by manifest.
1302 silly tarball no local data for babel-plugin-syntax-hermes-parser@https://registry.npmjs.org/babel-plugin-syntax-hermes-parser/-/babel-plugin-syntax-hermes-parser-0.32.1.tgz. Extracting by manifest.
1303 silly tarball no local data for ansi-styles@https://registry.npmjs.org/ansi-styles/-/ansi-styles-5.2.0.tgz. Extracting by manifest.
1304 silly tarball no local data for glob@https://registry.npmjs.org/glob/-/glob-7.2.3.tgz. Extracting by manifest.
1305 silly tarball no local data for babel-plugin-react-native-web@https://registry.npmjs.org/babel-plugin-react-native-web/-/babel-plugin-react-native-web-0.21.2.tgz. Extracting by manifest.
1306 silly tarball no local data for hermes-parser@https://registry.npmjs.org/hermes-parser/-/hermes-parser-0.32.1.tgz. Extracting by manifest.
1307 silly tarball no local data for hermes-estree@https://registry.npmjs.org/hermes-estree/-/hermes-estree-0.32.1.tgz. Extracting by manifest.
1308 silly tarball no local data for @react-native/codegen@https://registry.npmjs.org/@react-native/codegen/-/codegen-0.83.4.tgz. Extracting by manifest.
1309 silly tarball no local data for @testing-library/react-native@https://registry.npmjs.org/@testing-library/react-native/-/react-native-13.3.3.tgz. Extracting by manifest.
1310 silly tarball no local data for @sinclair/typebox@https://registry.npmjs.org/@sinclair/typebox/-/typebox-0.34.49.tgz. Extracting by manifest.
1311 silly tarball no local data for babel-plugin-syntax-hermes-parser@https://registry.npmjs.org/babel-plugin-syntax-hermes-parser/-/babel-plugin-syntax-hermes-parser-0.32.0.tgz. Extracting by manifest.
1312 silly tarball no local data for @xmldom/xmldom@https://registry.npmjs.org/@xmldom/xmldom/-/xmldom-0.8.12.tgz. Extracting by manifest.
1313 silly tarball no local data for @react-native/babel-plugin-codegen@https://registry.npmjs.org/@react-native/babel-plugin-codegen/-/babel-plugin-codegen-0.83.4.tgz. Extracting by manifest.
1314 silly tarball no local data for @react-native/babel-preset@https://registry.npmjs.org/@react-native/babel-preset/-/babel-preset-0.83.4.tgz. Extracting by manifest.
1315 silly tarball no local data for @expo/json-file@https://registry.npmjs.org/@expo/json-file/-/json-file-10.0.13.tgz. Extracting by manifest.
1316 silly tarball no local data for @expo/spawn-async@https://registry.npmjs.org/@expo/spawn-async/-/spawn-async-1.7.2.tgz. Extracting by manifest.
1317 silly tarball no local data for @expo/config-types@https://registry.npmjs.org/@expo/config-types/-/config-types-55.0.5.tgz. Extracting by manifest.
1318 silly tarball no local data for @jest/schemas@https://registry.npmjs.org/@jest/schemas/-/schemas-30.0.5.tgz. Extracting by manifest.
1319 silly tarball no local data for @expo/config-plugins@https://registry.npmjs.org/@expo/config-plugins/-/config-plugins-55.0.8.tgz. Extracting by manifest.
1320 silly tarball no local data for @expo/config@https://registry.npmjs.org/@expo/config/-/config-55.0.13.tgz. Extracting by manifest.
1321 silly tarball no local data for eslint-visitor-keys@https://registry.npmjs.org/eslint-visitor-keys/-/eslint-visitor-keys-1.3.0.tgz. Extracting by manifest.
1322 silly tarball no local data for semver@https://registry.npmjs.org/semver/-/semver-7.7.4.tgz. Extracting by manifest.
1323 silly tarball no local data for @expo/plist@https://registry.npmjs.org/@expo/plist/-/plist-0.5.2.tgz. Extracting by manifest.
1324 silly tarball no local data for debug@https://registry.npmjs.org/debug/-/debug-3.2.7.tgz. Extracting by manifest.
1325 silly tarball no local data for eslint-visitor-keys@https://registry.npmjs.org/eslint-visitor-keys/-/eslint-visitor-keys-4.2.1.tgz. Extracting by manifest.
1326 silly tarball no local data for semver@https://registry.npmjs.org/semver/-/semver-7.7.4.tgz. Extracting by manifest.
1327 silly tarball no local data for semver@https://registry.npmjs.org/semver/-/semver-7.7.4.tgz. Extracting by manifest.
1328 silly tarball no local data for resolve@https://registry.npmjs.org/resolve/-/resolve-2.0.0-next.6.tgz. Extracting by manifest.
1329 silly tarball no local data for globals@https://registry.npmjs.org/globals/-/globals-15.15.0.tgz. Extracting by manifest.
1330 silly tarball no local data for debug@https://registry.npmjs.org/debug/-/debug-3.2.7.tgz. Extracting by manifest.
1331 silly tarball no local data for semver@https://registry.npmjs.org/semver/-/semver-7.7.4.tgz. Extracting by manifest.
1332 silly tarball no local data for which@https://registry.npmjs.org/which/-/which-2.0.2.tgz. Extracting by manifest.
1333 silly tarball no local data for shebang-regex@https://registry.npmjs.org/shebang-regex/-/shebang-regex-3.0.0.tgz. Extracting by manifest.
1334 silly tarball no local data for resolve@https://registry.npmjs.org/resolve/-/resolve-2.0.0-next.6.tgz. Extracting by manifest.
1335 silly tarball no local data for shebang-command@https://registry.npmjs.org/shebang-command/-/shebang-command-2.0.0.tgz. Extracting by manifest.
1336 silly tarball no local data for path-key@https://registry.npmjs.org/path-key/-/path-key-3.1.1.tgz. Extracting by manifest.
1337 silly tarball no local data for debug@https://registry.npmjs.org/debug/-/debug-3.2.7.tgz. Extracting by manifest.
1338 silly tarball no local data for json-schema-traverse@https://registry.npmjs.org/json-schema-traverse/-/json-schema-traverse-0.4.1.tgz. Extracting by manifest.
1339 silly tarball no local data for eslint-visitor-keys@https://registry.npmjs.org/eslint-visitor-keys/-/eslint-visitor-keys-4.2.1.tgz. Extracting by manifest.
1340 silly tarball no local data for clone@https://registry.npmjs.org/clone/-/clone-1.0.4.tgz. Extracting by manifest.
1341 silly tarball no local data for glob-parent@https://registry.npmjs.org/glob-parent/-/glob-parent-6.0.2.tgz. Extracting by manifest.
1342 silly tarball no local data for cssom@https://registry.npmjs.org/cssom/-/cssom-0.3.8.tgz. Extracting by manifest.
1343 silly tarball no local data for webidl-conversions@https://registry.npmjs.org/webidl-conversions/-/webidl-conversions-7.0.0.tgz. Extracting by manifest.
1344 silly tarball no local data for semver@https://registry.npmjs.org/semver/-/semver-5.7.2.tgz. Extracting by manifest.
1345 silly tarball no local data for cross-spawn@https://registry.npmjs.org/cross-spawn/-/cross-spawn-7.0.6.tgz. Extracting by manifest.
1346 silly tarball no local data for ajv@https://registry.npmjs.org/ajv/-/ajv-6.14.0.tgz. Extracting by manifest.
1347 silly tarball no local data for whatwg-url@https://registry.npmjs.org/whatwg-url/-/whatwg-url-11.0.0.tgz. Extracting by manifest.
1348 silly tarball no local data for tr46@https://registry.npmjs.org/tr46/-/tr46-3.0.0.tgz. Extracting by manifest.
1349 silly tarball no local data for resolve-from@https://registry.npmjs.org/resolve-from/-/resolve-from-3.0.0.tgz. Extracting by manifest.
1350 silly tarball no local data for webidl-conversions@https://registry.npmjs.org/webidl-conversions/-/webidl-conversions-7.0.0.tgz. Extracting by manifest.
1351 silly tarball no local data for parse-json@https://registry.npmjs.org/parse-json/-/parse-json-4.0.0.tgz. Extracting by manifest.
1352 silly tarball no local data for ms@https://registry.npmjs.org/ms/-/ms-2.0.0.tgz. Extracting by manifest.
1353 silly tarball no local data for debug@https://registry.npmjs.org/debug/-/debug-2.6.9.tgz. Extracting by manifest.
1354 silly tarball no local data for callsites@https://registry.npmjs.org/callsites/-/callsites-2.0.0.tgz. Extracting by manifest.
1355 silly tarball no local data for import-fresh@https://registry.npmjs.org/import-fresh/-/import-fresh-2.0.0.tgz. Extracting by manifest.
1356 silly tarball no local data for negotiator@https://registry.npmjs.org/negotiator/-/negotiator-0.6.4.tgz. Extracting by manifest.
1357 silly tarball no local data for readable-stream@https://registry.npmjs.org/readable-stream/-/readable-stream-3.6.2.tgz. Extracting by manifest.
1358 silly tarball no local data for react-refresh@https://registry.npmjs.org/react-refresh/-/react-refresh-0.14.0.tgz. Extracting by manifest.
1359 silly tarball no local data for yallist@https://registry.npmjs.org/yallist/-/yallist-4.0.0.tgz. Extracting by manifest.
1360 silly tarball no local data for lru-cache@https://registry.npmjs.org/lru-cache/-/lru-cache-6.0.0.tgz. Extracting by manifest.
1361 silly tarball no local data for debug@https://registry.npmjs.org/debug/-/debug-2.6.9.tgz. Extracting by manifest.
1362 silly tarball no local data for ms@https://registry.npmjs.org/ms/-/ms-2.0.0.tgz. Extracting by manifest.
1363 silly tarball no local data for picomatch@https://registry.npmjs.org/picomatch/-/picomatch-2.3.2.tgz. Extracting by manifest.
1364 silly tarball no local data for mkdirp@https://registry.npmjs.org/mkdirp/-/mkdirp-0.5.6.tgz. Extracting by manifest.
1365 silly tarball no local data for istanbul-lib-instrument@https://registry.npmjs.org/istanbul-lib-instrument/-/istanbul-lib-instrument-5.2.1.tgz. Extracting by manifest.
1366 silly tarball no local data for strip-ansi@https://registry.npmjs.org/strip-ansi/-/strip-ansi-5.2.0.tgz. Extracting by manifest.
1367 silly tarball no local data for @react-native/codegen@https://registry.npmjs.org/@react-native/codegen/-/codegen-0.73.3.tgz. Extracting by manifest.
1368 silly tarball no local data for @react-native/babel-plugin-codegen@https://registry.npmjs.org/@react-native/babel-plugin-codegen/-/babel-plugin-codegen-0.73.4.tgz. Extracting by manifest.
1369 silly tarball no local data for semver@https://registry.npmjs.org/semver/-/semver-7.7.4.tgz. Extracting by manifest.
1370 silly tarball no local data for ignore@https://registry.npmjs.org/ignore/-/ignore-7.0.5.tgz. Extracting by manifest.
1371 silly tarball no local data for mkdirp@https://registry.npmjs.org/mkdirp/-/mkdirp-0.5.6.tgz. Extracting by manifest.
1372 silly tarball no local data for minimatch@https://registry.npmjs.org/minimatch/-/minimatch-10.2.5.tgz. Extracting by manifest.
1373 silly tarball no local data for @react-native/babel-preset@https://registry.npmjs.org/@react-native/babel-preset/-/babel-preset-0.73.21.tgz. Extracting by manifest.
1374 silly tarball no local data for brace-expansion@https://registry.npmjs.org/brace-expansion/-/brace-expansion-5.0.5.tgz. Extracting by manifest.
1375 silly tarball no local data for balanced-match@https://registry.npmjs.org/balanced-match/-/balanced-match-4.0.4.tgz. Extracting by manifest.
1376 silly tarball no local data for hermes-estree@https://registry.npmjs.org/hermes-estree/-/hermes-estree-0.15.0.tgz. Extracting by manifest.
1377 silly tarball no local data for hermes-parser@https://registry.npmjs.org/hermes-parser/-/hermes-parser-0.15.0.tgz. Extracting by manifest.
1378 silly tarball no local data for ansi-regex@https://registry.npmjs.org/ansi-regex/-/ansi-regex-4.1.1.tgz. Extracting by manifest.
1379 silly tarball no local data for ws@https://registry.npmjs.org/ws/-/ws-6.2.3.tgz. Extracting by manifest.
1380 silly tarball no local data for @react-native/babel-preset@https://registry.npmjs.org/@react-native/babel-preset/-/babel-preset-0.73.21.tgz. Extracting by manifest.
1381 silly tarball no local data for @react-native/codegen@https://registry.npmjs.org/@react-native/codegen/-/codegen-0.73.3.tgz. Extracting by manifest.
1382 silly tarball no local data for which@https://registry.npmjs.org/which/-/which-2.0.2.tgz. Extracting by manifest.
1383 silly tarball no local data for @react-native/babel-plugin-codegen@https://registry.npmjs.org/@react-native/babel-plugin-codegen/-/babel-plugin-codegen-0.73.4.tgz. Extracting by manifest.
1384 silly tarball no local data for open@https://registry.npmjs.org/open/-/open-7.4.2.tgz. Extracting by manifest.
1385 silly tarball no local data for shebang-regex@https://registry.npmjs.org/shebang-regex/-/shebang-regex-3.0.0.tgz. Extracting by manifest.
1386 silly tarball no local data for ms@https://registry.npmjs.org/ms/-/ms-2.0.0.tgz. Extracting by manifest.
1387 silly tarball no local data for debug@https://registry.npmjs.org/debug/-/debug-2.6.9.tgz. Extracting by manifest.
1388 silly tarball no local data for path-key@https://registry.npmjs.org/path-key/-/path-key-3.1.1.tgz. Extracting by manifest.
1389 silly tarball no local data for shebang-command@https://registry.npmjs.org/shebang-command/-/shebang-command-2.0.0.tgz. Extracting by manifest.
1390 silly tarball no local data for npm-run-path@https://registry.npmjs.org/npm-run-path/-/npm-run-path-4.0.1.tgz. Extracting by manifest.
1391 silly tarball no local data for is-stream@https://registry.npmjs.org/is-stream/-/is-stream-2.0.1.tgz. Extracting by manifest.
1392 silly tarball no local data for semver@https://registry.npmjs.org/semver/-/semver-7.7.4.tgz. Extracting by manifest.
1393 silly tarball no local data for restore-cursor@https://registry.npmjs.org/restore-cursor/-/restore-cursor-3.1.0.tgz. Extracting by manifest.
1394 silly tarball no local data for get-stream@https://registry.npmjs.org/get-stream/-/get-stream-6.0.1.tgz. Extracting by manifest.
1395 silly tarball no local data for execa@https://registry.npmjs.org/execa/-/execa-5.1.1.tgz. Extracting by manifest.
1396 silly tarball no local data for ora@https://registry.npmjs.org/ora/-/ora-5.4.1.tgz. Extracting by manifest.
1397 silly tarball no local data for cross-spawn@https://registry.npmjs.org/cross-spawn/-/cross-spawn-7.0.6.tgz. Extracting by manifest.
1398 silly tarball no local data for ws@https://registry.npmjs.org/ws/-/ws-7.5.10.tgz. Extracting by manifest.
1399 silly tarball no local data for open@https://registry.npmjs.org/open/-/open-6.4.0.tgz. Extracting by manifest.
1400 silly tarball no local data for is-wsl@https://registry.npmjs.org/is-wsl/-/is-wsl-1.1.0.tgz. Extracting by manifest.
1401 silly tarball no local data for log-symbols@https://registry.npmjs.org/log-symbols/-/log-symbols-4.1.0.tgz. Extracting by manifest.
1402 silly tarball no local data for @types/yargs@https://registry.npmjs.org/@types/yargs/-/yargs-15.0.20.tgz. Extracting by manifest.
1403 silly tarball no local data for cli-cursor@https://registry.npmjs.org/cli-cursor/-/cli-cursor-3.1.0.tgz. Extracting by manifest.
1404 silly tarball no local data for @jest/types@https://registry.npmjs.org/@jest/types/-/types-26.6.2.tgz. Extracting by manifest.
1405 silly tarball no local data for which@https://registry.npmjs.org/which/-/which-2.0.2.tgz. Extracting by manifest.
1406 silly tarball no local data for react-is@https://registry.npmjs.org/react-is/-/react-is-17.0.2.tgz. Extracting by manifest.
1407 silly tarball no local data for pretty-format@https://registry.npmjs.org/pretty-format/-/pretty-format-26.6.2.tgz. Extracting by manifest.
1408 silly tarball no local data for shebang-command@https://registry.npmjs.org/shebang-command/-/shebang-command-2.0.0.tgz. Extracting by manifest.
1409 silly tarball no local data for shebang-regex@https://registry.npmjs.org/shebang-regex/-/shebang-regex-3.0.0.tgz. Extracting by manifest.
1410 silly tarball no local data for restore-cursor@https://registry.npmjs.org/restore-cursor/-/restore-cursor-3.1.0.tgz. Extracting by manifest.
1411 silly tarball no local data for path-key@https://registry.npmjs.org/path-key/-/path-key-3.1.1.tgz. Extracting by manifest.
1412 silly tarball no local data for npm-run-path@https://registry.npmjs.org/npm-run-path/-/npm-run-path-4.0.1.tgz. Extracting by manifest.
1413 silly tarball no local data for ora@https://registry.npmjs.org/ora/-/ora-5.4.1.tgz. Extracting by manifest.
1414 silly tarball no local data for log-symbols@https://registry.npmjs.org/log-symbols/-/log-symbols-4.1.0.tgz. Extracting by manifest.
1415 silly tarball no local data for execa@https://registry.npmjs.org/execa/-/execa-5.1.1.tgz. Extracting by manifest.
1416 silly tarball no local data for is-stream@https://registry.npmjs.org/is-stream/-/is-stream-2.0.1.tgz. Extracting by manifest.
1417 silly tarball no local data for which@https://registry.npmjs.org/which/-/which-2.0.2.tgz. Extracting by manifest.
1418 silly tarball no local data for get-stream@https://registry.npmjs.org/get-stream/-/get-stream-6.0.1.tgz. Extracting by manifest.
1419 silly tarball no local data for shebang-regex@https://registry.npmjs.org/shebang-regex/-/shebang-regex-3.0.0.tgz. Extracting by manifest.
1420 silly tarball no local data for cli-cursor@https://registry.npmjs.org/cli-cursor/-/cli-cursor-3.1.0.tgz. Extracting by manifest.
1421 silly tarball no local data for cross-spawn@https://registry.npmjs.org/cross-spawn/-/cross-spawn-7.0.6.tgz. Extracting by manifest.
1422 silly tarball no local data for path-key@https://registry.npmjs.org/path-key/-/path-key-3.1.1.tgz. Extracting by manifest.
1423 silly tarball no local data for shebang-command@https://registry.npmjs.org/shebang-command/-/shebang-command-2.0.0.tgz. Extracting by manifest.
1424 silly tarball no local data for is-stream@https://registry.npmjs.org/is-stream/-/is-stream-2.0.1.tgz. Extracting by manifest.
1425 silly tarball no local data for npm-run-path@https://registry.npmjs.org/npm-run-path/-/npm-run-path-4.0.1.tgz. Extracting by manifest.
1426 silly tarball no local data for ansi-regex@https://registry.npmjs.org/ansi-regex/-/ansi-regex-4.1.1.tgz. Extracting by manifest.
1427 silly tarball no local data for which@https://registry.npmjs.org/which/-/which-2.0.2.tgz. Extracting by manifest.
1428 silly tarball no local data for get-stream@https://registry.npmjs.org/get-stream/-/get-stream-6.0.1.tgz. Extracting by manifest.
1429 silly tarball no local data for strip-ansi@https://registry.npmjs.org/strip-ansi/-/strip-ansi-5.2.0.tgz. Extracting by manifest.
1430 silly tarball no local data for cross-spawn@https://registry.npmjs.org/cross-spawn/-/cross-spawn-7.0.6.tgz. Extracting by manifest.
1431 silly tarball no local data for shebang-regex@https://registry.npmjs.org/shebang-regex/-/shebang-regex-3.0.0.tgz. Extracting by manifest.
1432 silly tarball no local data for restore-cursor@https://registry.npmjs.org/restore-cursor/-/restore-cursor-3.1.0.tgz. Extracting by manifest.
1433 silly tarball no local data for strip-ansi@https://registry.npmjs.org/strip-ansi/-/strip-ansi-6.0.1.tgz. Extracting by manifest.
1434 silly tarball no local data for shebang-command@https://registry.npmjs.org/shebang-command/-/shebang-command-2.0.0.tgz. Extracting by manifest.
1435 silly tarball no local data for path-key@https://registry.npmjs.org/path-key/-/path-key-3.1.1.tgz. Extracting by manifest.
1436 silly tarball no local data for semver@https://registry.npmjs.org/semver/-/semver-7.7.4.tgz. Extracting by manifest.
1437 silly tarball no local data for execa@https://registry.npmjs.org/execa/-/execa-5.1.1.tgz. Extracting by manifest.
1438 silly tarball no local data for npm-run-path@https://registry.npmjs.org/npm-run-path/-/npm-run-path-4.0.1.tgz. Extracting by manifest.
1439 silly tarball no local data for ora@https://registry.npmjs.org/ora/-/ora-5.4.1.tgz. Extracting by manifest.
1440 silly tarball no local data for log-symbols@https://registry.npmjs.org/log-symbols/-/log-symbols-4.1.0.tgz. Extracting by manifest.
1441 silly tarball no local data for get-stream@https://registry.npmjs.org/get-stream/-/get-stream-6.0.1.tgz. Extracting by manifest.
1442 silly tarball no local data for cross-spawn@https://registry.npmjs.org/cross-spawn/-/cross-spawn-7.0.6.tgz. Extracting by manifest.
1443 silly tarball no local data for execa@https://registry.npmjs.org/execa/-/execa-5.1.1.tgz. Extracting by manifest.
1444 silly tarball no local data for which@https://registry.npmjs.org/which/-/which-2.0.2.tgz. Extracting by manifest.
1445 silly tarball no local data for is-stream@https://registry.npmjs.org/is-stream/-/is-stream-2.0.1.tgz. Extracting by manifest.
1446 silly tarball no local data for cli-cursor@https://registry.npmjs.org/cli-cursor/-/cli-cursor-3.1.0.tgz. Extracting by manifest.
1447 silly tarball no local data for shebang-command@https://registry.npmjs.org/shebang-command/-/shebang-command-2.0.0.tgz. Extracting by manifest.
1448 silly tarball no local data for shebang-regex@https://registry.npmjs.org/shebang-regex/-/shebang-regex-3.0.0.tgz. Extracting by manifest.
1449 silly tarball no local data for path-key@https://registry.npmjs.org/path-key/-/path-key-3.1.1.tgz. Extracting by manifest.
1450 silly tarball no local data for is-stream@https://registry.npmjs.org/is-stream/-/is-stream-2.0.1.tgz. Extracting by manifest.
1451 silly tarball no local data for npm-run-path@https://registry.npmjs.org/npm-run-path/-/npm-run-path-4.0.1.tgz. Extracting by manifest.
1452 silly tarball no local data for get-stream@https://registry.npmjs.org/get-stream/-/get-stream-6.0.1.tgz. Extracting by manifest.
1453 silly tarball no local data for shebang-regex@https://registry.npmjs.org/shebang-regex/-/shebang-regex-3.0.0.tgz. Extracting by manifest.
1454 silly tarball no local data for execa@https://registry.npmjs.org/execa/-/execa-5.1.1.tgz. Extracting by manifest.
1455 silly tarball no local data for cross-spawn@https://registry.npmjs.org/cross-spawn/-/cross-spawn-7.0.6.tgz. Extracting by manifest.
1456 silly tarball no local data for which@https://registry.npmjs.org/which/-/which-2.0.2.tgz. Extracting by manifest.
1457 silly tarball no local data for shebang-command@https://registry.npmjs.org/shebang-command/-/shebang-command-2.0.0.tgz. Extracting by manifest.
1458 silly tarball no local data for p-locate@https://registry.npmjs.org/p-locate/-/p-locate-4.1.0.tgz. Extracting by manifest.
1459 silly tarball no local data for path-key@https://registry.npmjs.org/path-key/-/path-key-3.1.1.tgz. Extracting by manifest.
1460 silly tarball no local data for p-limit@https://registry.npmjs.org/p-limit/-/p-limit-2.3.0.tgz. Extracting by manifest.
1461 silly tarball no local data for semver@https://registry.npmjs.org/semver/-/semver-7.7.4.tgz. Extracting by manifest.
1462 silly tarball no local data for npm-run-path@https://registry.npmjs.org/npm-run-path/-/npm-run-path-4.0.1.tgz. Extracting by manifest.
1463 silly tarball no local data for get-stream@https://registry.npmjs.org/get-stream/-/get-stream-6.0.1.tgz. Extracting by manifest.
1464 silly tarball no local data for locate-path@https://registry.npmjs.org/locate-path/-/locate-path-5.0.0.tgz. Extracting by manifest.
1465 silly tarball no local data for semver@https://registry.npmjs.org/semver/-/semver-7.7.4.tgz. Extracting by manifest.
1466 silly tarball no local data for execa@https://registry.npmjs.org/execa/-/execa-5.1.1.tgz. Extracting by manifest.
1467 silly tarball no local data for is-stream@https://registry.npmjs.org/is-stream/-/is-stream-2.0.1.tgz. Extracting by manifest.
1468 silly tarball no local data for cross-spawn@https://registry.npmjs.org/cross-spawn/-/cross-spawn-7.0.6.tgz. Extracting by manifest.
1469 silly tarball no local data for write-file-atomic@https://registry.npmjs.org/write-file-atomic/-/write-file-atomic-4.0.2.tgz. Extracting by manifest.
1470 silly tarball no local data for commander@https://registry.npmjs.org/commander/-/commander-9.5.0.tgz. Extracting by manifest.
1471 silly tarball no local data for p-limit@https://registry.npmjs.org/p-limit/-/p-limit-2.3.0.tgz. Extracting by manifest.
1472 silly tarball no local data for find-up@https://registry.npmjs.org/find-up/-/find-up-4.1.0.tgz. Extracting by manifest.
1473 silly tarball no local data for p-locate@https://registry.npmjs.org/p-locate/-/p-locate-4.1.0.tgz. Extracting by manifest.
1474 silly tarball no local data for find-up@https://registry.npmjs.org/find-up/-/find-up-4.1.0.tgz. Extracting by manifest.
1475 silly tarball no local data for locate-path@https://registry.npmjs.org/locate-path/-/locate-path-5.0.0.tgz. Extracting by manifest.
1476 silly tarball no local data for js-yaml@https://registry.npmjs.org/js-yaml/-/js-yaml-4.1.1.tgz. Extracting by manifest.
1477 silly tarball no local data for argparse@https://registry.npmjs.org/argparse/-/argparse-2.0.1.tgz. Extracting by manifest.
1478 silly tarball no local data for yallist@https://registry.npmjs.org/yallist/-/yallist-4.0.0.tgz. Extracting by manifest.
1479 silly tarball no local data for semver@https://registry.npmjs.org/semver/-/semver-7.5.3.tgz. Extracting by manifest.
1480 silly tarball no local data for lru-cache@https://registry.npmjs.org/lru-cache/-/lru-cache-6.0.0.tgz. Extracting by manifest.
1481 silly tarball no local data for universalify@https://registry.npmjs.org/universalify/-/universalify-2.0.1.tgz. Extracting by manifest.
1482 silly tarball no local data for which@https://registry.npmjs.org/which/-/which-2.0.2.tgz. Extracting by manifest.
1483 silly tarball no local data for fs-extra@https://registry.npmjs.org/fs-extra/-/fs-extra-9.1.0.tgz. Extracting by manifest.
1484 silly tarball no local data for jsonfile@https://registry.npmjs.org/jsonfile/-/jsonfile-6.2.0.tgz. Extracting by manifest.
1485 silly tarball no local data for shebang-command@https://registry.npmjs.org/shebang-command/-/shebang-command-2.0.0.tgz. Extracting by manifest.
1486 silly tarball no local data for shebang-regex@https://registry.npmjs.org/shebang-regex/-/shebang-regex-3.0.0.tgz. Extracting by manifest.
1487 silly tarball no local data for path-key@https://registry.npmjs.org/path-key/-/path-key-3.1.1.tgz. Extracting by manifest.
1488 silly tarball no local data for validate-npm-package-name@https://registry.npmjs.org/validate-npm-package-name/-/validate-npm-package-name-5.0.1.tgz. Extracting by manifest.
1489 silly tarball no local data for npm-package-arg@https://registry.npmjs.org/npm-package-arg/-/npm-package-arg-11.0.3.tgz. Extracting by manifest.
1490 silly tarball no local data for semver@https://registry.npmjs.org/semver/-/semver-7.7.4.tgz. Extracting by manifest.
1491 silly tarball no local data for lru-cache@https://registry.npmjs.org/lru-cache/-/lru-cache-10.4.3.tgz. Extracting by manifest.
1492 silly tarball no local data for cross-spawn@https://registry.npmjs.org/cross-spawn/-/cross-spawn-7.0.6.tgz. Extracting by manifest.
1493 silly tarball no local data for hosted-git-info@https://registry.npmjs.org/hosted-git-info/-/hosted-git-info-7.0.2.tgz. Extracting by manifest.
1494 silly tarball no local data for which@https://registry.npmjs.org/which/-/which-2.0.2.tgz. Extracting by manifest.
1495 silly tarball no local data for shebang-regex@https://registry.npmjs.org/shebang-regex/-/shebang-regex-3.0.0.tgz. Extracting by manifest.
1496 silly tarball no local data for shebang-command@https://registry.npmjs.org/shebang-command/-/shebang-command-2.0.0.tgz. Extracting by manifest.
1497 silly tarball no local data for @expo/spawn-async@https://registry.npmjs.org/@expo/spawn-async/-/spawn-async-1.7.2.tgz. Extracting by manifest.
1498 silly tarball no local data for semver@https://registry.npmjs.org/semver/-/semver-5.7.2.tgz. Extracting by manifest.
1499 silly tarball no local data for cross-spawn@https://registry.npmjs.org/cross-spawn/-/cross-spawn-7.0.6.tgz. Extracting by manifest.
1500 silly tarball no local data for which@https://registry.npmjs.org/which/-/which-2.0.2.tgz. Extracting by manifest.
1501 silly tarball no local data for path-key@https://registry.npmjs.org/path-key/-/path-key-3.1.1.tgz. Extracting by manifest.
1502 silly tarball no local data for universalify@https://registry.npmjs.org/universalify/-/universalify-2.0.1.tgz. Extracting by manifest.
1503 silly tarball no local data for @expo/spawn-async@https://registry.npmjs.org/@expo/spawn-async/-/spawn-async-1.7.2.tgz. Extracting by manifest.
1504 silly tarball no local data for shebang-regex@https://registry.npmjs.org/shebang-regex/-/shebang-regex-3.0.0.tgz. Extracting by manifest.
1505 silly tarball no local data for path-key@https://registry.npmjs.org/path-key/-/path-key-3.1.1.tgz. Extracting by manifest.
1506 silly tarball no local data for @expo/json-file@https://registry.npmjs.org/@expo/json-file/-/json-file-10.0.13.tgz. Extracting by manifest.
1507 silly tarball no local data for fs-extra@https://registry.npmjs.org/fs-extra/-/fs-extra-9.1.0.tgz. Extracting by manifest.
1508 silly tarball no local data for jsonfile@https://registry.npmjs.org/jsonfile/-/jsonfile-6.2.0.tgz. Extracting by manifest.
1509 silly tarball no local data for shebang-command@https://registry.npmjs.org/shebang-command/-/shebang-command-2.0.0.tgz. Extracting by manifest.
1510 silly tarball no local data for @babel/code-frame@https://registry.npmjs.org/@babel/code-frame/-/code-frame-7.10.4.tgz. Extracting by manifest.
1511 silly tarball no local data for universalify@https://registry.npmjs.org/universalify/-/universalify-1.0.0.tgz. Extracting by manifest.
1512 silly tarball no local data for unique-string@https://registry.npmjs.org/unique-string/-/unique-string-1.0.0.tgz. Extracting by manifest.
1513 silly tarball no local data for @expo/spawn-async@https://registry.npmjs.org/@expo/spawn-async/-/spawn-async-1.7.2.tgz. Extracting by manifest.
1514 silly tarball no local data for type-fest@https://registry.npmjs.org/type-fest/-/type-fest-0.3.1.tgz. Extracting by manifest.
1515 silly tarball no local data for cross-spawn@https://registry.npmjs.org/cross-spawn/-/cross-spawn-7.0.6.tgz. Extracting by manifest.
1516 silly tarball no local data for semver@https://registry.npmjs.org/semver/-/semver-7.3.2.tgz. Extracting by manifest.
1517 silly tarball no local data for tempy@https://registry.npmjs.org/tempy/-/tempy-0.3.0.tgz. Extracting by manifest.
1518 silly tarball no local data for universalify@https://registry.npmjs.org/universalify/-/universalify-2.0.1.tgz. Extracting by manifest.
1519 silly tarball no local data for semver@https://registry.npmjs.org/semver/-/semver-7.7.4.tgz. Extracting by manifest.
1520 silly tarball no local data for temp-dir@https://registry.npmjs.org/temp-dir/-/temp-dir-1.0.0.tgz. Extracting by manifest.
1521 silly tarball no local data for debug@https://registry.npmjs.org/debug/-/debug-3.2.7.tgz. Extracting by manifest.
1522 silly tarball no local data for glob@https://registry.npmjs.org/glob/-/glob-7.1.6.tgz. Extracting by manifest.
1523 silly tarball no local data for jsonfile@https://registry.npmjs.org/jsonfile/-/jsonfile-6.2.0.tgz. Extracting by manifest.
1524 silly tarball no local data for yallist@https://registry.npmjs.org/yallist/-/yallist-4.0.0.tgz. Extracting by manifest.
1525 silly tarball no local data for @babel/code-frame@https://registry.npmjs.org/@babel/code-frame/-/code-frame-7.10.4.tgz. Extracting by manifest.
1526 silly tarball no local data for fs-extra@https://registry.npmjs.org/fs-extra/-/fs-extra-9.0.0.tgz. Extracting by manifest.
1527 silly tarball no local data for glob@https://registry.npmjs.org/glob/-/glob-7.1.6.tgz. Extracting by manifest.
1528 silly tarball no local data for semver@https://registry.npmjs.org/semver/-/semver-7.5.3.tgz. Extracting by manifest.
1529 silly tarball no local data for lru-cache@https://registry.npmjs.org/lru-cache/-/lru-cache-6.0.0.tgz. Extracting by manifest.
1530 silly tarball no local data for js-yaml@https://registry.npmjs.org/js-yaml/-/js-yaml-4.1.1.tgz. Extracting by manifest.
1531 silly tarball no local data for json-schema-traverse@https://registry.npmjs.org/json-schema-traverse/-/json-schema-traverse-0.4.1.tgz. Extracting by manifest.
1532 silly tarball no local data for form-data@https://registry.npmjs.org/form-data/-/form-data-3.0.4.tgz. Extracting by manifest.
1533 silly tarball no local data for eslint-visitor-keys@https://registry.npmjs.org/eslint-visitor-keys/-/eslint-visitor-keys-3.4.3.tgz. Extracting by manifest.
1534 silly tarball no local data for semver@https://registry.npmjs.org/semver/-/semver-7.7.4.tgz. Extracting by manifest.
1535 silly tarball no local data for argparse@https://registry.npmjs.org/argparse/-/argparse-2.0.1.tgz. Extracting by manifest.
1536 silly tarball no local data for babel-plugin-polyfill-corejs3@https://registry.npmjs.org/babel-plugin-polyfill-corejs3/-/babel-plugin-polyfill-corejs3-0.14.2.tgz. Extracting by manifest.
1537 silly tarball no local data for globals@https://registry.npmjs.org/globals/-/globals-14.0.0.tgz. Extracting by manifest.
1538 silly tarball no local data for supports-color@https://registry.npmjs.org/supports-color/-/supports-color-5.5.0.tgz. Extracting by manifest.
1539 silly tarball no local data for make-dir@https://registry.npmjs.org/make-dir/-/make-dir-2.1.0.tgz. Extracting by manifest.
1540 silly tarball no local data for ajv@https://registry.npmjs.org/ajv/-/ajv-6.14.0.tgz. Extracting by manifest.
1541 silly tarball no local data for escape-string-regexp@https://registry.npmjs.org/escape-string-regexp/-/escape-string-regexp-1.0.5.tgz. Extracting by manifest.
1542 silly tarball no local data for slash@https://registry.npmjs.org/slash/-/slash-2.0.0.tgz. Extracting by manifest.
1543 silly tarball no local data for semver@https://registry.npmjs.org/semver/-/semver-5.7.2.tgz. Extracting by manifest.
1544 silly tarball no local data for color-name@https://registry.npmjs.org/color-name/-/color-name-1.1.3.tgz. Extracting by manifest.
1545 silly tarball no local data for semver@https://registry.npmjs.org/semver/-/semver-5.7.2.tgz. Extracting by manifest.
1546 silly tarball no local data for commander@https://registry.npmjs.org/commander/-/commander-6.2.1.tgz. Extracting by manifest.
1547 silly tarball no local data for chalk@https://registry.npmjs.org/chalk/-/chalk-2.4.2.tgz. Extracting by manifest.
1548 silly tarball no local data for color-convert@https://registry.npmjs.org/color-convert/-/color-convert-1.9.3.tgz. Extracting by manifest.
1549 silly tarball no local data for make-dir@https://registry.npmjs.org/make-dir/-/make-dir-2.1.0.tgz. Extracting by manifest.
1550 silly tarball no local data for ansi-styles@https://registry.npmjs.org/ansi-styles/-/ansi-styles-3.2.1.tgz. Extracting by manifest.
1551 verbose audit error FetchError: request to https://registry.npmjs.org/-/npm/v1/security/audits/quick failed, reason: 
1551 verbose audit error     at ClientRequest.<anonymous> (C:\Program Files\nodejs\node_modules\npm\node_modules\minipass-fetch\lib\index.js:130:14)
1551 verbose audit error     at ClientRequest.emit (node:events:524:28)
1551 verbose audit error     at emitErrorEvent (node:_http_client:101:11)
1551 verbose audit error     at _destroy (node:_http_client:884:9)
1551 verbose audit error     at onSocketNT (node:_http_client:904:5)
1551 verbose audit error     at process.processTicksAndRejections (node:internal/process/task_queues:83:21) {
1551 verbose audit error   code: 'EACCES',
1551 verbose audit error   errno: 'EACCES',
1551 verbose audit error   type: 'system'
1551 verbose audit error }
1552 silly audit error undefined
1553 silly audit report null
1554 http fetch GET https://registry.npmjs.org/yocto-queue attempt 1 failed with ETIMEDOUT
1555 http fetch GET https://registry.npmjs.org/yargs attempt 1 failed with ETIMEDOUT
1556 http fetch GET https://registry.npmjs.org/yargs-parser attempt 1 failed with ETIMEDOUT
1557 http fetch GET https://registry.npmjs.org/yallist attempt 1 failed with ETIMEDOUT
1558 http fetch GET https://registry.npmjs.org/xmlbuilder attempt 1 failed with ETIMEDOUT
1559 http fetch GET https://registry.npmjs.org/y18n attempt 1 failed with ETIMEDOUT
1560 http fetch GET https://registry.npmjs.org/xml2js attempt 1 failed with ETIMEDOUT
1561 http fetch GET https://registry.npmjs.org/xcode attempt 1 failed with ETIMEDOUT
1562 http fetch GET https://registry.npmjs.org/ws attempt 1 failed with ETIMEDOUT
1563 http fetch GET https://registry.npmjs.org/write-file-atomic attempt 1 failed with ETIMEDOUT
1564 http fetch GET https://registry.npmjs.org/wrappy attempt 1 failed with ETIMEDOUT
1565 http fetch GET https://registry.npmjs.org/wrap-ansi attempt 1 failed with ETIMEDOUT
1566 http fetch GET https://registry.npmjs.org/wonka attempt 1 failed with ETIMEDOUT
1567 http fetch GET https://registry.npmjs.org/which-typed-array attempt 1 failed with ETIMEDOUT
1568 http fetch GET https://registry.npmjs.org/yocto-queue attempt 2 failed with EACCES
1569 http fetch GET https://registry.npmjs.org/yargs attempt 2 failed with EACCES
1570 http fetch GET https://registry.npmjs.org/yargs-parser attempt 2 failed with EACCES
1571 http fetch GET https://registry.npmjs.org/yallist attempt 2 failed with EACCES
1572 http fetch GET https://registry.npmjs.org/xmlbuilder attempt 2 failed with EACCES
1573 http fetch GET https://registry.npmjs.org/y18n attempt 2 failed with EACCES
1574 http fetch GET https://registry.npmjs.org/xml2js attempt 2 failed with EACCES
1575 http fetch GET https://registry.npmjs.org/xcode attempt 2 failed with EACCES
1576 http fetch GET https://registry.npmjs.org/ws attempt 2 failed with EACCES
1577 http fetch GET https://registry.npmjs.org/write-file-atomic attempt 2 failed with EACCES
1578 http fetch GET https://registry.npmjs.org/wrappy attempt 2 failed with EACCES
1579 http fetch GET https://registry.npmjs.org/wrap-ansi attempt 2 failed with EACCES
1580 http fetch GET https://registry.npmjs.org/wonka attempt 2 failed with EACCES
1581 http fetch GET https://registry.npmjs.org/which-typed-array attempt 2 failed with EACCES
1582 http fetch GET https://registry.npmjs.org/npm attempt 3 failed with EACCES
1583 http fetch GET https://registry.npmjs.org/yocto-queue attempt 3 failed with EACCES
1584 http fetch GET https://registry.npmjs.org/yargs attempt 3 failed with EACCES
1585 http fetch GET https://registry.npmjs.org/yargs-parser attempt 3 failed with EACCES
1586 http fetch GET https://registry.npmjs.org/yallist attempt 3 failed with EACCES
1587 http fetch GET https://registry.npmjs.org/xmlbuilder attempt 3 failed with EACCES
1588 http fetch GET https://registry.npmjs.org/y18n attempt 3 failed with EACCES
1589 http fetch GET https://registry.npmjs.org/xml2js attempt 3 failed with EACCES
1590 http fetch GET https://registry.npmjs.org/xcode attempt 3 failed with EACCES
1591 http fetch GET https://registry.npmjs.org/ws attempt 3 failed with EACCES
1592 http fetch GET https://registry.npmjs.org/write-file-atomic attempt 3 failed with EACCES
1593 http fetch GET https://registry.npmjs.org/wrappy attempt 3 failed with EACCES
1594 http fetch GET https://registry.npmjs.org/wrap-ansi attempt 3 failed with EACCES
1595 http fetch GET https://registry.npmjs.org/wonka attempt 3 failed with EACCES
1596 http fetch GET https://registry.npmjs.org/which-typed-array attempt 3 failed with EACCES
1597 verbose cwd F:\Research\Research-ElderMeds\ElderMeds\frontend
1598 verbose os Windows_NT 10.0.26100
1599 verbose node v20.19.5
1600 verbose npm  v10.8.2
1601 error Exit handler never called!
1602 error This is an error with npm itself. Please report this error at:
1603 error   <https://github.com/npm/cli/issues>
1604 verbose exit 0
1605 info ok
1606 error A complete log of this run can be found in: F:\Research\Research-ElderMeds\ElderMeds\frontend\.npm-cache\_logs\2026-07-02T04_22_38_095Z-debug-0.log
